timestamp,client_id,department,request_count,avg_latency_ms,data_transferred_mb,error_count,error_rate_percent,sla_compliance_percent,cost_usd,cache_hit_rate_percent,connection_count,is_peak_hour,hour_of_day,day_of_week
2024-01-01 00:00:00,web-app-prod,E-commerce,990,39.0862594246817,2.4169921875,1,0.19701449376260538,100,0.0006247643487027916,91.68654603606412,148,False,0,0
2024-01-01 00:00:00,mobile-app-prod,Mobile,635,27.03600429909254,1.1162109375,0,0.13126521141480088,100,0.000520767718419581,91.43145267239353,129,False,0,0
2024-01-01 00:00:00,batch-processing,Data Engineering,277,38.81065440288061,13.525390625,0,0.09111972312227266,100,0.00031064638637560955,85.20671610218461,103,False,0,0
2024-01-01 00:00:00,analytics-platform,Analytics,239,24.86894834735076,2.333984375,0,0.085338995359979,100,0.00039506011391890196,97.10191925115251,145,False,0,0
2024-01-01 00:00:00,api-service,Platform,424,19.310668590716986,2.0703125,0,0.18258877700244003,100,0.0008143643095547379,87.56049350441164,70,False,0,0
2024-01-01 00:00:00,data-pipeline,Data Engineering,279,11.405322133199823,27.24609375,0,0.10368885238423846,100,0.0004071252175613126,95.22621264499975,111,False,0,0
2024-01-01 01:00:00,web-app-prod,E-commerce,740,32.21852936294446,1.806640625,1,0.1815102033514525,100,0.0009186255426067415,88.82076678833978,173,False,1,0
2024-01-01 01:00:00,mobile-app-prod,Mobile,682,33.22769051172547,1.1988281250000001,1,0.14907289725130157,100,0.00034170210605981093,89.09238864696617,173,False,1,0
2024-01-01 01:00:00,batch-processing,Data Engineering,266,16.142145915451238,12.98828125,0,0.15846600884787632,100,0.0004029892648950128,91.24670445630771,146,False,1,0
2024-01-01 01:00:00,analytics-platform,Analytics,207,13.157523427801927,2.021484375,0,0.14161992232576345,100,0.0001110072343015644,93.841988380651,178,False,1,0
2024-01-01 01:00:00,api-service,Platform,379,19.674871496468484,1.8505859375,0,0.18052553064774013,100,0.00029508292851207805,90.46321891973369,78,False,1,0
2024-01-01 01:00:00,data-pipeline,Data Engineering,268,34.9234864445028,26.171875,0,0.18161175094435658,100,0.0003045336666503563,94.61617477047889,178,False,1,0
2024-01-01 02:00:00,web-app-prod,E-commerce,720,32.48138682236768,1.7578125,1,0.17567949363263546,100,0.0010332868906576195,92.34111044088444,91,False,2,0
2024-01-01 02:00:00,mobile-app-prod,Mobile,874,30.608639545565097,1.536328125,0,0.07989560101251926,100,0.0016026481784452973,96.11809653307257,15,False,2,0
2024-01-01 02:00:00,batch-processing,Data Engineering,1277,30.643918455351844,62.353515625,2,0.1857025104507927,100,0.001150038410265644,97.7227475566866,191,False,2,0
2024-01-01 02:00:00,analytics-platform,Analytics,173,12.802986354489857,1.689453125,0,0.16910526089761904,100,0.00022512800126213363,91.84221282580253,17,False,2,0
2024-01-01 02:00:00,api-service,Platform,407,21.45240861174573,1.9873046875,0,0.18874067408031506,100,0.00028900625408253335,89.16996224331331,79,False,2,0
2024-01-01 02:00:00,data-pipeline,Data Engineering,347,25.730019964583363,33.88671875,0,0.13279910968850447,100,0.0005312615576125776,91.72674485348823,182,False,2,0
2024-01-01 03:00:00,web-app-prod,E-commerce,700,16.186645023034945,1.708984375,0,0.06120073764833679,100,0.0004875183439824729,85.96490853312955,107,False,3,0
2024-01-01 03:00:00,mobile-app-prod,Mobile,828,19.758125505958365,1.45546875,0,0.09737461779027559,100,0.0007975123594941653,93.30144106687833,191,False,3,0
2024-01-01 03:00:00,batch-processing,Data Engineering,1536,26.975962999442714,75.0,1,0.1105852514738621,100,0.0025685587860908715,94.17269024169967,78,False,3,0
2024-01-01 03:00:00,analytics-platform,Analytics,210,22.94320014667369,2.05078125,0,0.059728644706592705,100,0.00017377075728944668,93.07808837775528,39,False,3,0
2024-01-01 03:00:00,api-service,Platform,429,18.877936660724295,2.0947265625,0,0.14563024400044713,100,0.0002446846233662216,97.19040777043453,160,False,3,0
2024-01-01 03:00:00,data-pipeline,Data Engineering,271,34.54547327012382,26.46484375,0,0.11189855679269418,100,0.0002685334303523687,87.57876845931334,35,False,3,0
2024-01-01 04:00:00,web-app-prod,E-commerce,522,30.20627542503582,1.2744140625,0,0.11703415360319507,100,0.0006425269998551914,92.12675272161682,34,False,4,0
2024-01-01 04:00:00,mobile-app-prod,Mobile,661,30.706647762976694,1.1619140625,1,0.16406212092084624,100,0.0010802615649780636,89.87041431405247,153,False,4,0
2024-01-01 04:00:00,batch-processing,Data Engineering,1205,31.34514833271667,58.837890625,1,0.16106431731307957,100,0.0013558076020860435,97.83190045425312,195,False,4,0
2024-01-01 04:00:00,analytics-platform,Analytics,178,11.460147904891599,1.73828125,0,0.0797253604271908,100,0.00016570636065834979,87.72112514761476,16,False,4,0
2024-01-01 04:00:00,api-service,Platform,462,19.049203498785936,2.255859375,0,0.18210592561552752,100,0.0008193001358774974,91.66895938225014,167,False,4,0
2024-01-01 04:00:00,data-pipeline,Data Engineering,349,19.652342119845912,34.08203125,0,0.05528844359619348,100,0.00044213986274333226,85.54249094993718,151,False,4,0
2024-01-01 05:00:00,web-app-prod,E-commerce,425,25.08564240288805,1.03759765625,0,0.10355298496646453,100,0.00025997920077007686,87.0333262011547,179,False,5,0
2024-01-01 05:00:00,mobile-app-prod,Mobile,839,37.57281487201884,1.4748046875,1,0.12071123577690691,100,0.0007633184502387302,89.72654754054939,54,False,5,0
2024-01-01 05:00:00,batch-processing,Data Engineering,233,11.975128110557678,11.376953125,0,0.18745640198785346,100,0.0003318127593311788,97.06552914027586,10,False,5,0
2024-01-01 05:00:00,analytics-platform,Analytics,165,37.35306794205873,1.611328125,0,0.17454286807682234,100,9.491941644846456e-05,92.29191208765698,120,False,5,0
2024-01-01 05:00:00,api-service,Platform,335,34.29493815618059,1.6357421875,0,0.07240597218754502,100,0.00019193150227433432,91.90005782754479,143,False,5,0
2024-01-01 05:00:00,data-pipeline,Data Engineering,247,12.08528021615258,24.12109375,0,0.10886086495202033,100,0.00043869101914944256,97.22401077929699,31,False,5,0
2024-01-01 06:00:00,web-app-prod,E-commerce,482,10.505849351827447,1.1767578125,0,0.16726961005402724,100,0.0008632475724235554,88.70750648914965,130,False,6,0
2024-01-01 06:00:00,mobile-app-prod,Mobile,594,32.39000740421557,1.044140625,0,0.08429535829235046,100,0.0010530114397907613,96.9703671626389,25,False,6,0
2024-01-01 06:00:00,batch-processing,Data Engineering,297,30.66304150677581,14.501953125,0,0.1461818346594234,100,0.00026618425799727766,95.38123760412192,70,False,6,0
2024-01-01 06:00:00,analytics-platform,Analytics,181,16.890012369495526,1.767578125,0,0.19577354717369785,100,0.00012523636587740547,94.93298962611726,166,False,6,0
2024-01-01 06:00:00,api-service,Platform,380,32.85756785066258,1.85546875,0,0.0874907531384425,100,0.0003094547392787852,93.41310457714542,170,False,6,0
2024-01-01 06:00:00,data-pipeline,Data Engineering,296,39.7129875499471,28.90625,0,0.07486232529081255,100,0.0003639791804626934,95.3641410776117,135,False,6,0
2024-01-01 07:00:00,web-app-prod,E-commerce,490,26.803731841582216,1.1962890625,0,0.1432674848280397,100,0.0006783323591271492,92.71135307091855,189,False,7,0
2024-01-01 07:00:00,mobile-app-prod,Mobile,682,28.97170024938744,1.1988281250000001,1,0.15598096852962434,100,0.0013294157558453239,89.18622143348611,76,False,7,0
2024-01-01 07:00:00,batch-processing,Data Engineering,207,26.228681306190563,10.107421875,0,0.15789173341300866,100,0.00019223126768189692,88.60052700122662,121,False,7,0
2024-01-01 07:00:00,analytics-platform,Analytics,171,25.852274946428665,1.669921875,0,0.19976006263539986,100,0.00023678216569492832,85.7121652860062,66,False,7,0
2024-01-01 07:00:00,api-service,Platform,387,23.10227561973444,1.8896484375,0,0.1108632924921818,100,0.0006922195907717516,93.989162263146,58,False,7,0
2024-01-01 07:00:00,data-pipeline,Data Engineering,240,33.12622427035576,23.4375,0,0.14252000509640275,100,0.0004251613489682765,87.07184917234969,184,False,7,0
2024-01-01 08:00:00,web-app-prod,E-commerce,438,25.14518124294272,1.0693359375,0,0.1799189950769033,100,0.0004642706269555555,94.40752250898197,193,False,8,0
2024-01-01 08:00:00,mobile-app-prod,Mobile,672,26.006062769553754,1.1812500000000001,1,0.15944571865098456,100,0.0012966431871005003,92.54722323844115,147,False,8,0
2024-01-01 08:00:00,batch-processing,Data Engineering,204,23.477262994540226,9.9609375,0,0.1934248075550985,100,0.0003361373481496313,91.60515003179022,113,False,8,0
2024-01-01 08:00:00,analytics-platform,Analytics,214,16.569641985401773,2.08984375,0,0.10947549649562012,100,0.00013984010246328034,93.88286518306735,190,False,8,0
2024-01-01 08:00:00,api-service,Platform,402,29.86343783592128,1.962890625,0,0.1265730758174832,100,0.00020922399569872117,88.93920154846238,75,False,8,0
2024-01-01 08:00:00,data-pipeline,Data Engineering,323,36.00877939110029,31.54296875,0,0.07536577531315121,100,0.00044639096551558487,92.641892209448,64,False,8,0
2024-01-01 09:00:00,web-app-prod,E-commerce,2441,26.941763787567016,5.95947265625,19,0.8094711789845502,100,0.0016925732849822218,88.6276215388557,101,True,9,0
2024-01-01 09:00:00,mobile-app-prod,Mobile,3186,23.852689963905195,5.600390625,6,0.20515855234129327,100,0.0016146173343803158,88.05611916700775,91,True,9,0
2024-01-01 09:00:00,batch-processing,Data Engineering,233,27.084068585626333,11.376953125,1,0.8504935714613964,100,0.00026978958820689133,91.90629922668496,116,True,9,0
2024-01-01 09:00:00,analytics-platform,Analytics,658,22.514278405376547,6.42578125,3,0.48611416576831373,100,0.001233332014963976,92.54952041006685,78,True,9,0
2024-01-01 09:00:00,api-service,Platform,2140,27.240498333948793,10.44921875,16,0.7549696584881238,100,0.0019017472411118309,90.8806877795056,132,True,9,0
2024-01-01 09:00:00,data-pipeline,Data Engineering,353,21.15836672388945,34.47265625,0,0.14849282421488458,100,0.0002159370863265718,88.78536544547582,114,True,9,0
2024-01-01 10:00:00,web-app-prod,E-commerce,1957,31.859183317908013,4.77783203125,7,0.3674822265621765,100,0.002051169038451879,92.05172978525923,126,True,10,0
2024-01-01 10:00:00,mobile-app-prod,Mobile,2065,27.693016344578226,3.6298828125,2,0.13966525674286495,100,0.0019055311663986184,92.99943369358634,87,True,10,0
2024-01-01 10:00:00,batch-processing,Data Engineering,277,36.79506219449889,13.525390625,2,0.9028579912224204,100,0.00043408040286850146,97.20359527545563,140,True,10,0
2024-01-01 10:00:00,analytics-platform,Analytics,776,13.648308991880818,7.578125,2,0.3539100973945638,100,0.0007970465859690258,91.1913287244307,143,True,10,0
2024-01-01 10:00:00,api-service,Platform,1735,37.78620376479226,8.4716796875,8,0.5009315104472603,100,0.0020816625414732345,91.64696170258257,166,True,10,0
2024-01-01 10:00:00,data-pipeline,Data Engineering,323,18.47410342242889,31.54296875,2,0.7806570874597204,100,0.0006321620479867951,91.13546571210516,65,True,10,0
2024-01-01 11:00:00,web-app-prod,E-commerce,2877,20.547957432631918,7.02392578125,4,0.14813998243487259,100,0.004467047631867835,95.53230880782175,130,True,11,0
2024-01-01 11:00:00,mobile-app-prod,Mobile,2051,38.99194123861227,3.6052734375,9,0.4603735977105396,100,0.0017431845076344619,94.35336682446436,87,True,11,0
2024-01-01 11:00:00,batch-processing,Data Engineering,258,27.61609748537826,12.59765625,1,0.46169881779083616,100,0.00033953855662423256,90.0293900833322,64,True,11,0
2024-01-01 11:00:00,analytics-platform,Analytics,811,14.998819436162414,7.919921875,2,0.247191628696618,100,0.0014679449904908663,90.08121713471965,45,True,11,0
2024-01-01 11:00:00,api-service,Platform,1916,23.194410354733684,9.35546875,10,0.5440838261015647,100,0.002341490875556652,88.72658031881298,79,True,11,0
2024-01-01 11:00:00,data-pipeline,Data Engineering,317,23.178247286669134,30.95703125,0,0.23889989352518445,100,0.00031088088121149514,88.72131718551407,167,True,11,0
2024-01-01 12:00:00,web-app-prod,E-commerce,2556,34.93109783220295,6.240234375,4,0.15971901436400193,100,0.0024449433358915257,88.11183281024704,63,True,12,0
2024-01-01 12:00:00,mobile-app-prod,Mobile,1919,36.05977528992021,3.3732421875000003,10,0.5300780055912488,100,0.002967109375055994,96.61168132751722,18,True,12,0
2024-01-01 12:00:00,batch-processing,Data Engineering,235,38.66289424348859,11.474609375,2,0.9745689068859407,100,0.0004080319708961836,95.42957884529807,64,True,12,0
2024-01-01 12:00:00,analytics-platform,Analytics,907,12.184822273566802,8.857421875,1,0.2148562268285948,100,0.0013015665325676383,91.51272060355178,195,True,12,0
2024-01-01 12:00:00,api-service,Platform,2362,33.3254630497209,11.533203125,22,0.9318309514226457,100,0.001599931759521994,91.93913369359237,36,True,12,0
2024-01-01 12:00:00,data-pipeline,Data Engineering,262,17.58482715603151,25.5859375,2,0.8100086816988251,100,0.00027074287890481056,90.54501406337101,185,True,12,0
2024-01-01 13:00:00,web-app-prod,E-commerce,3090,36.53925071910657,7.5439453125,4,0.16022488657762357,100,0.004731850412621478,94.33118983192149,127,True,13,0
2024-01-01 13:00:00,mobile-app-prod,Mobile,2416,29.315725272139765,4.246875,22,0.9482408404021058,100,0.002366451575813692,95.14152982164637,21,True,13,0
2024-01-01 13:00:00,batch-processing,Data Engineering,221,12.9477485808438,10.791015625,0,0.12666197694743495,100,0.0004328980879582889,86.63535669484149,96,True,13,0
2024-01-01 13:00:00,analytics-platform,Analytics,757,15.935545919811196,7.392578125,2,0.36125616690815116,100,0.00039166619108863183,86.4091789573024,17,True,13,0
2024-01-01 13:00:00,api-service,Platform,1900,21.89772527119755,9.27734375,17,0.9252692580496779,100,0.0033016801373353813,85.76104556844443,58,True,13,0
2024-01-01 13:00:00,data-pipeline,Data Engineering,356,14.425393950336618,34.765625,1,0.4061030233918887,100,0.00031099666293298353,92.80632918066893,84,True,13,0
2024-01-01 14:00:00,web-app-prod,E-commerce,3508,36.227207952825374,8.564453125,7,0.2220192073599774,100,0.006180235798362022,88.50521129905361,40,True,14,0
2024-01-01 14:00:00,mobile-app-prod,Mobile,1912,39.61876101385664,3.3609375,3,0.20745315669418465,100,0.0033773406215499976,93.30981608178455,170,True,14,0
2024-01-01 14:00:00,batch-processing,Data Engineering,234,15.390359798701931,11.42578125,2,0.9156708549157976,100,0.00039883226700497147,89.25359313054317,35,True,14,0
2024-01-01 14:00:00,analytics-platform,Analytics,912,29.236899818830977,8.90625,4,0.5443088642264391,100,0.0005557354805188775,90.13203887542832,66,True,14,0
2024-01-01 14:00:00,api-service,Platform,2071,27.767422493766542,10.1123046875,14,0.6976376900002815,100,0.0013601686947202014,86.62159628181487,70,True,14,0
2024-01-01 14:00:00,data-pipeline,Data Engineering,357,32.065660706013745,34.86328125,2,0.5946936501935224,100,0.00046673788046307886,87.88740674019547,38,True,14,0
2024-01-01 15:00:00,web-app-prod,E-commerce,4894,36.51730252219715,11.9482421875,7,0.14416832951682423,100,0.00557596955897185,91.09951771424902,198,True,15,0
2024-01-01 15:00:00,mobile-app-prod,Mobile,2165,16.736708861708006,3.8056640625,8,0.41420317113694016,100,0.002086390729523559,86.18890482718828,117,True,15,0
2024-01-01 15:00:00,batch-processing,Data Engineering,242,17.708791613499287,11.81640625,2,0.9627960287673036,100,0.0004460671668670576,93.17465866284591,110,True,15,0
2024-01-01 15:00:00,analytics-platform,Analytics,699,12.100747137809321,6.826171875,5,0.7367366891053022,100,0.0003653111518433624,96.66095164060927,200,True,15,0
2024-01-01 15:00:00,api-service,Platform,1871,24.283899154981142,9.1357421875,3,0.1911475304343051,100,0.0034894251140612856,93.46766458477182,126,True,15,0
2024-01-01 15:00:00,data-pipeline,Data Engineering,285,13.219529860260685,27.83203125,1,0.6608165529831402,100,0.00037101851518650997,85.27964383350466,169,True,15,0
2024-01-01 16:00:00,web-app-prod,E-commerce,4047,20.05790053720935,9.88037109375,16,0.41355393400633944,100,0.006533468032490887,93.51139691552744,68,True,16,0
2024-01-01 16:00:00,mobile-app-prod,Mobile,2438,36.11928370660458,4.2855468750000005,10,0.4333694995086506,100,0.004525613428800984,86.32298607225785,68,True,16,0
2024-01-01 16:00:00,batch-processing,Data Engineering,236,13.867605949174994,11.5234375,1,0.6055956718917694,100,0.00036298607400393626,97.90686038746183,56,True,16,0
2024-01-01 16:00:00,analytics-platform,Analytics,948,33.246605745559066,9.2578125,3,0.3414422938136038,100,0.0015519359799367294,90.0955629635426,82,True,16,0
2024-01-01 16:00:00,api-service,Platform,2198,14.315497980002721,10.732421875,12,0.575311440076713,100,0.004104366525210319,89.17070681874667,16,True,16,0
2024-01-01 16:00:00,data-pipeline,Data Engineering,338,31.777595396158027,33.0078125,2,0.7731623612071606,100,0.0004600682127971481,94.4041142371183,135,True,16,0
2024-01-01 17:00:00,web-app-prod,E-commerce,4799,20.99276787105939,11.71630859375,35,0.7404826185615263,100,0.009584834515580566,95.5163352397926,46,True,17,0
2024-01-01 17:00:00,mobile-app-prod,Mobile,2762,33.08286375775634,4.855078125,9,0.3527954359942098,100,0.0038128261164242826,86.65563597061788,26,True,17,0
2024-01-01 17:00:00,batch-processing,Data Engineering,211,16.857346184855412,10.302734375,1,0.8451214875359113,100,0.0002647421494855333,95.19376798736502,180,True,17,0
2024-01-01 17:00:00,analytics-platform,Analytics,791,32.48360347049935,7.724609375,1,0.23013566098003033,100,0.0006566924866418386,87.99111393611692,23,True,17,0
2024-01-01 17:00:00,api-service,Platform,1879,10.85476724859917,9.1748046875,9,0.5066967649129276,100,0.0024203474291390604,95.66425688161667,43,True,17,0
2024-01-01 17:00:00,data-pipeline,Data Engineering,310,27.655090611187983,30.2734375,2,0.9021734825008815,100,0.0002188481428321858,97.77585257783537,160,True,17,0
2024-01-01 18:00:00,web-app-prod,E-commerce,6670,29.19062578520857,16.2841796875,28,0.43028774148974275,100,0.012696781358458462,94.28038362499156,83,True,18,0
2024-01-01 18:00:00,mobile-app-prod,Mobile,2688,21.5698426973094,4.7250000000000005,12,0.45439733785616937,100,0.004114106251926115,91.67013920460018,127,True,18,0
2024-01-01 18:00:00,batch-processing,Data Engineering,260,15.409109177739655,12.6953125,0,0.17487089542236664,100,0.00032884574557262987,89.21216462318971,149,True,18,0
2024-01-01 18:00:00,analytics-platform,Analytics,938,15.164168049176265,9.16015625,5,0.5897610992948445,100,0.0014122431484540454,94.67113959887791,11,True,18,0
2024-01-01 18:00:00,api-service,Platform,2235,29.79633444278986,10.9130859375,20,0.9361985117908586,100,0.0018860547620995964,87.22895636953294,150,True,18,0
2024-01-01 18:00:00,data-pipeline,Data Engineering,288,12.926397416445903,28.125,1,0.4754702056795062,100,0.0001546824035523664,92.5477166007272,90,True,18,0
2024-01-01 19:00:00,web-app-prod,E-commerce,1307,30.2606361621232,3.19091796875,1,0.13905294235295948,100,0.0018307362137277591,90.21455945887509,40,False,19,0
2024-01-01 19:00:00,mobile-app-prod,Mobile,645,11.860456966453285,1.1337890625,0,0.09154396990106883,100,0.001239551172471411,87.17397622580084,24,False,19,0
2024-01-01 19:00:00,batch-processing,Data Engineering,205,14.262109785725944,10.009765625,0,0.16440662319374277,100,0.00014778897878665176,88.50193095957256,185,False,19,0
2024-01-01 19:00:00,analytics-platform,Analytics,199,31.988747036360117,1.943359375,0,0.16325445077110629,100,0.00020271539231849061,93.26673781468324,63,False,19,0
2024-01-01 19:00:00,api-service,Platform,441,25.006513239426553,2.1533203125,0,0.10727932559136938,100,0.00063222484733807,93.25801842315111,123,False,19,0
2024-01-01 19:00:00,data-pipeline,Data Engineering,349,32.85206766559084,34.08203125,0,0.15449862472430964,100,0.0003372548510168823,91.83845484550528,151,False,19,0
2024-01-01 20:00:00,web-app-prod,E-commerce,1171,26.235524589975263,2.85888671875,1,0.16681785881869587,100,0.0016011460381737742,97.31864318253385,130,False,20,0
2024-01-01 20:00:00,mobile-app-prod,Mobile,595,15.740358902072145,1.0458984375,0,0.09935710976781112,100,0.0005576009223279988,94.44894611226123,143,False,20,0
2024-01-01 20:00:00,batch-processing,Data Engineering,265,16.16110794097861,12.939453125,0,0.12890414591666122,100,0.00013869720876320894,86.75790581144994,14,False,20,0
2024-01-01 20:00:00,analytics-platform,Analytics,181,32.765626867708335,1.767578125,0,0.18011893630923242,100,0.00022527073602742482,88.93196741604011,150,False,20,0
2024-01-01 20:00:00,api-service,Platform,336,33.485224708273535,1.640625,0,0.09650729956309716,100,0.0003236995864556723,93.72792964346493,45,False,20,0
2024-01-01 20:00:00,data-pipeline,Data Engineering,338,27.415188003813977,33.0078125,0,0.11331963263587524,100,0.0004983407285656734,91.62958066178551,16,False,20,0
2024-01-01 21:00:00,web-app-prod,E-commerce,1272,27.35355402252299,3.10546875,1,0.1319424844914253,100,0.001047116125447305,97.61593564725611,171,False,21,0
2024-01-01 21:00:00,mobile-app-prod,Mobile,660,34.97214743369803,1.16015625,1,0.15554394539742725,100,0.001030320427062508,93.83477518741937,23,False,21,0
2024-01-01 21:00:00,batch-processing,Data Engineering,265,22.51234973299556,12.939453125,0,0.14075042397596307,100,0.0003682479207504709,86.83463674574445,119,False,21,0
2024-01-01 21:00:00,analytics-platform,Analytics,181,18.734869017369263,1.767578125,0,0.06396247000035103,100,0.0003296584664280393,90.65713429175726,62,False,21,0
2024-01-01 21:00:00,api-service,Platform,420,11.573954673103078,2.05078125,0,0.11172476434163044,100,0.0002433024848315146,87.28511698549892,159,False,21,0
2024-01-01 21:00:00,data-pipeline,Data Engineering,243,20.76261036850319,23.73046875,0,0.13354155044631885,100,0.00030242909898200245,87.51005974101672,169,False,21,0
2024-01-01 22:00:00,web-app-prod,E-commerce,1359,26.11140344417514,3.31787109375,2,0.19696897185129042,100,0.0008051989256204648,96.96574544146036,140,False,22,0
2024-01-01 22:00:00,mobile-app-prod,Mobile,686,39.65581269630799,1.205859375,0,0.12190249303879867,100,0.0005757789761834525,94.72726063016482,159,False,22,0
2024-01-01 22:00:00,batch-processing,Data Engineering,207,38.203278991577605,10.107421875,0,0.11523909042256848,100,0.00010408944749090518,97.25053717113373,79,False,22,0
2024-01-01 22:00:00,analytics-platform,Analytics,170,20.013773007864636,1.66015625,0,0.1419962721084194,100,0.0003308817925092051,96.52178839433553,110,False,22,0
2024-01-01 22:00:00,api-service,Platform,478,14.74130452342958,2.333984375,0,0.19041083392366298,100,0.0005612781653769078,87.41651884809697,142,False,22,0
2024-01-01 22:00:00,data-pipeline,Data Engineering,334,24.57431260848653,32.6171875,0,0.13634436274554818,100,0.00022865205301368457,96.33217540386178,188,False,22,0
2024-01-01 23:00:00,web-app-prod,E-commerce,1221,18.38420939909028,2.98095703125,1,0.1538501546257566,100,0.0013014041302782118,93.3506860398092,157,False,23,0
2024-01-01 23:00:00,mobile-app-prod,Mobile,829,12.983079773759822,1.4572265625,0,0.06799590073442648,100,0.001120248553656564,97.25092918207919,61,False,23,0
2024-01-01 23:00:00,batch-processing,Data Engineering,279,39.16131666034119,13.623046875,0,0.14929346806144675,100,0.00028795483059053893,96.86186884008313,142,False,23,0
2024-01-01 23:00:00,analytics-platform,Analytics,196,19.543824685348834,1.9140625,0,0.1424059997127403,100,0.0002951066627184792,95.04429015696947,65,False,23,0
2024-01-01 23:00:00,api-service,Platform,453,36.31957480244372,2.2119140625,0,0.05586722651848131,100,0.0008457285820421725,97.10836370153784,55,False,23,0
2024-01-01 23:00:00,data-pipeline,Data Engineering,276,29.52089457491052,26.953125,0,0.08760005446380979,100,0.0004976600597869349,93.2257997231566,33,False,23,0
2024-01-02 00:00:00,web-app-prod,E-commerce,806,11.503483225096451,1.9677734375,0,0.09791823408337129,100,0.0015692314426339958,91.0323679605342,195,False,0,1
2024-01-02 00:00:00,mobile-app-prod,Mobile,798,16.23126481675972,1.402734375,0,0.11463090670810276,100,0.0010988107899582212,91.35397406670104,116,False,0,1
2024-01-02 00:00:00,batch-processing,Data Engineering,218,16.6467331638019,10.64453125,0,0.18205425274664633,100,0.0002568408746412862,95.176771711944,56,False,0,1
2024-01-02 00:00:00,analytics-platform,Analytics,187,25.91754009507533,1.826171875,0,0.10944788972176386,100,0.0003420531469302175,86.61912004447575,28,False,0,1
2024-01-02 00:00:00,api-service,Platform,429,21.62244862322545,2.0947265625,0,0.09481370372347366,100,0.00036547343448362746,85.19812743555084,186,False,0,1
2024-01-02 00:00:00,data-pipeline,Data Engineering,316,30.460770180425744,30.859375,0,0.18407802173172197,100,0.00041090142013090275,93.5634331656063,138,False,0,1
2024-01-02 01:00:00,web-app-prod,E-commerce,872,36.51948428423469,2.12890625,1,0.19234676240579965,100,0.0012722282275438488,87.87804824769026,137,False,1,1
2024-01-02 01:00:00,mobile-app-prod,Mobile,726,25.274743932872056,1.276171875,0,0.0726919010103865,100,0.0005235532818217801,91.05988657062427,62,False,1,1
2024-01-02 01:00:00,batch-processing,Data Engineering,291,24.972665989945263,14.208984375,0,0.06054126895264392,100,0.00016171075267626818,93.80058585203602,112,False,1,1
2024-01-02 01:00:00,analytics-platform,Analytics,184,24.81970098990915,1.796875,0,0.13365018219967725,100,0.000262934220124566,97.12985511549864,144,False,1,1
2024-01-02 01:00:00,api-service,Platform,424,25.63915211006208,2.0703125,0,0.1236435336115264,100,0.0003277506598484799,88.00600338636696,165,False,1,1
2024-01-02 01:00:00,data-pipeline,Data Engineering,269,17.772934558108883,26.26953125,0,0.10096514672448326,100,0.00019020413663471805,95.82438694688267,35,False,1,1
2024-01-02 02:00:00,web-app-prod,E-commerce,719,27.863966211595468,1.75537109375,0,0.08086049198376621,100,0.001408716463658485,94.20446698192477,21,False,2,1
2024-01-02 02:00:00,mobile-app-prod,Mobile,678,24.01873995280077,1.191796875,0,0.14289101933702253,100,0.0012447949151414173,89.69888651505279,114,False,2,1
2024-01-02 02:00:00,batch-processing,Data Engineering,1622,15.396794380132931,79.19921875,2,0.1423144628328253,100,0.0016093147013754839,88.7765961555279,119,False,2,1
2024-01-02 02:00:00,analytics-platform,Analytics,212,26.810887301480758,2.0703125,0,0.05625944665915732,100,0.00026483566193567223,96.10651901179037,51,False,2,1
2024-01-02 02:00:00,api-service,Platform,433,31.14230658317216,2.1142578125,0,0.11024214295117757,100,0.00045742964966120604,90.79831416336158,170,False,2,1
2024-01-02 02:00:00,data-pipeline,Data Engineering,248,28.720596668015695,24.21875,0,0.17063166996896723,100,0.0004141389149661437,94.13543905370926,167,False,2,1
2024-01-02 03:00:00,web-app-prod,E-commerce,588,19.454906845694467,1.435546875,1,0.1959750141712142,100,0.0007569363648253523,86.14410984776647,189,False,3,1
2024-01-02 03:00:00,mobile-app-prod,Mobile,758,26.45808817020198,1.332421875,1,0.14261039523286906,100,0.0005526737843289773,92.44023910304676,121,False,3,1
2024-01-02 03:00:00,batch-processing,Data Engineering,1268,34.72008224541817,61.9140625,2,0.15948491706250575,100,0.0010397181770587397,97.142913932785,89,False,3,1
2024-01-02 03:00:00,analytics-platform,Analytics,214,25.105638321284644,2.08984375,0,0.0637410830827376,100,0.0001762330301084751,96.0708647121927,78,False,3,1
2024-01-02 03:00:00,api-service,Platform,387,35.2700979683915,1.8896484375,0,0.10519985259178134,100,0.0003000819197519483,91.26469206252261,122,False,3,1
2024-01-02 03:00:00,data-pipeline,Data Engineering,267,22.944269262497702,26.07421875,0,0.16253539146748072,100,0.0004544353703798143,86.7330196893568,93,False,3,1
2024-01-02 04:00:00,web-app-prod,E-commerce,676,35.819694697242404,1.650390625,0,0.0954107217040329,100,0.001125872256448118,95.75241484777771,64,False,4,1
2024-01-02 04:00:00,mobile-app-prod,Mobile,891,10.406606178420914,1.5662109375,1,0.19763551184547928,100,0.0006178916523613562,87.03225031218821,26,False,4,1
2024-01-02 04:00:00,batch-processing,Data Engineering,1739,21.668753278777956,84.912109375,3,0.1848200113664721,100,0.0028360888971363067,87.3610577093388,193,False,4,1
2024-01-02 04:00:00,analytics-platform,Analytics,202,14.04794682821326,1.97265625,0,0.1360156839732598,100,0.00021449374524614527,90.63471835774058,147,False,4,1
2024-01-02 04:00:00,api-service,Platform,403,13.46360652307405,1.9677734375,0,0.17738814875608183,100,0.0005843152006472051,94.44862217008577,192,False,4,1
2024-01-02 04:00:00,data-pipeline,Data Engineering,316,30.580584044672726,30.859375,0,0.05706035920152267,100,0.0004683773034660984,97.85459844153371,135,False,4,1
2024-01-02 05:00:00,web-app-prod,E-commerce,481,18.437872232568516,1.17431640625,0,0.15412624150254933,100,0.00042135150707736766,94.93837732514729,159,False,5,1
2024-01-02 05:00:00,mobile-app-prod,Mobile,822,35.37805563787143,1.4449218750000001,1,0.1496951492639893,100,0.0007786387067127714,89.81000008989385,25,False,5,1
2024-01-02 05:00:00,batch-processing,Data Engineering,268,38.491464008630494,13.0859375,0,0.17108713751436092,100,0.0003012711234329067,91.44366904333326,162,False,5,1
2024-01-02 05:00:00,analytics-platform,Analytics,209,18.37486441559445,2.041015625,0,0.08664823358533531,100,0.00023168123980005323,97.60785415937518,140,False,5,1
2024-01-02 05:00:00,api-service,Platform,437,18.899049953594854,2.1337890625,0,0.16755146357260065,100,0.0002918470144545715,86.78722830078826,46,False,5,1
2024-01-02 05:00:00,data-pipeline,Data Engineering,260,35.30684296348828,25.390625,0,0.15563425282861915,100,0.0002637693613224888,93.95683780174085,70,False,5,1
2024-01-02 06:00:00,web-app-prod,E-commerce,370,28.84028836588056,0.9033203125,0,0.15830720816866775,100,0.0004893362109438524,91.92064905868706,11,False,6,1
2024-01-02 06:00:00,mobile-app-prod,Mobile,777,29.364536081396775,1.3658203125000001,1,0.18756105381986907,100,0.0004175259477346396,89.04663277018126,55,False,6,1
2024-01-02 06:00:00,batch-processing,Data Engineering,278,26.594793414348494,13.57421875,0,0.05023558843471056,100,0.0002520289336678419,95.61337329685242,140,False,6,1
2024-01-02 06:00:00,analytics-platform,Analytics,194,29.434073583139156,1.89453125,0,0.09029914775268394,100,0.0002733476955648431,92.80364536855087,69,False,6,1
2024-01-02 06:00:00,api-service,Platform,425,12.134245524945856,2.0751953125,0,0.19809119193991326,100,0.00024905357035032085,89.50705441460885,23,False,6,1
2024-01-02 06:00:00,data-pipeline,Data Engineering,348,23.67711945775934,33.984375,0,0.15259238016906088,100,0.0006591070873465481,86.50014079089607,31,False,6,1
2024-01-02 07:00:00,web-app-prod,E-commerce,407,10.731786034185935,0.99365234375,0,0.09638757933255926,100,0.00028225369618832964,87.4146572197888,155,False,7,1
2024-01-02 07:00:00,mobile-app-prod,Mobile,588,26.07240557095835,1.03359375,0,0.159512411432556,100,0.0008151786216157159,86.89757256589246,193,False,7,1
2024-01-02 07:00:00,batch-processing,Data Engineering,288,16.37242290501436,14.0625,0,0.11296531847442046,100,0.00045698234235579154,96.13604537252519,178,False,7,1
2024-01-02 07:00:00,analytics-platform,Analytics,192,13.67371450043786,1.875,0,0.0846990648438375,100,0.00032492451165633935,86.71341899485293,90,False,7,1
2024-01-02 07:00:00,api-service,Platform,352,31.96708097227153,1.71875,0,0.12236385660504495,100,0.0006627993099019484,87.0996347790296,189,False,7,1
2024-01-02 07:00:00,data-pipeline,Data Engineering,311,16.15315371716852,30.37109375,0,0.06951543002758168,100,0.0005516044498179766,87.60906829289277,121,False,7,1
2024-01-02 08:00:00,web-app-prod,E-commerce,477,13.029367623678908,1.16455078125,0,0.09757386355212609,100,0.0006440229841324579,93.71101696345391,86,False,8,1
2024-01-02 08:00:00,mobile-app-prod,Mobile,668,26.479283621199517,1.17421875,1,0.193863094568704,100,0.001097282888853178,87.51328569264403,45,False,8,1
2024-01-02 08:00:00,batch-processing,Data Engineering,280,38.51611386846952,13.671875,0,0.19016538713387032,100,0.00014182191330102702,95.75175668816888,168,False,8,1
2024-01-02 08:00:00,analytics-platform,Analytics,172,33.580904309729384,1.6796875,0,0.08845012082038173,100,0.00015805027373285257,96.6564529014683,73,False,8,1
2024-01-02 08:00:00,api-service,Platform,464,16.12221686430663,2.265625,0,0.0599922360258896,100,0.0006022932458966731,91.44570917633912,98,False,8,1
2024-01-02 08:00:00,data-pipeline,Data Engineering,359,26.13576112916838,35.05859375,0,0.08926316610551313,100,0.0005658662173012171,85.39847229484776,106,False,8,1
2024-01-02 09:00:00,web-app-prod,E-commerce,2469,16.960558421649672,6.02783203125,24,0.9762310973344777,100,0.0025649141852008414,90.49338203642588,35,True,9,1
2024-01-02 09:00:00,mobile-app-prod,Mobile,2634,15.660619169692314,4.630078125,20,0.7714486030162705,100,0.004584101891448228,89.44095305417282,161,True,9,1
2024-01-02 09:00:00,batch-processing,Data Engineering,252,10.926601816821492,12.3046875,0,0.31636159414767306,100,0.0002846993385917876,91.70052382232122,135,True,9,1
2024-01-02 09:00:00,analytics-platform,Analytics,886,21.072149143309296,8.65234375,5,0.674401390748557,100,0.0010868769880794,94.50212752106864,150,True,9,1
2024-01-02 09:00:00,api-service,Platform,1673,15.999502149355074,8.1689453125,7,0.43443491324023414,100,0.0017188227570476254,97.63417860312586,192,True,9,1
2024-01-02 09:00:00,data-pipeline,Data Engineering,342,19.685644456525033,33.3984375,2,0.63308325427136,100,0.0006478884506119737,91.98632918221759,22,True,9,1
2024-01-02 10:00:00,web-app-prod,E-commerce,2561,14.82402362805559,6.25244140625,22,0.8596630987905464,100,0.0024965911503788203,96.43880353503367,20,True,10,1
2024-01-02 10:00:00,mobile-app-prod,Mobile,2932,27.2739214260715,5.15390625,21,0.7290030430213739,100,0.0024944712124360968,96.60427021357026,45,True,10,1
2024-01-02 10:00:00,batch-processing,Data Engineering,289,15.08781734135226,14.111328125,0,0.18854466410886375,100,0.0005016729968379922,95.6756860296651,43,True,10,1
2024-01-02 10:00:00,analytics-platform,Analytics,677,13.67893660256533,6.611328125,6,0.910143090372605,100,0.00034551135388262444,85.96002071760003,139,True,10,1
2024-01-02 10:00:00,api-service,Platform,2133,31.36550174588953,10.4150390625,14,0.6611026923394556,100,0.0013083526018925677,94.50127538573096,65,True,10,1
2024-01-02 10:00:00,data-pipeline,Data Engineering,320,38.28397000541423,31.25,0,0.15966158581214399,100,0.00016931902153682516,86.35205752761046,69,True,10,1
2024-01-02 11:00:00,web-app-prod,E-commerce,2996,39.19778434996314,7.314453125,14,0.46765124983668105,100,0.0017068410484549136,85.78125834702077,155,True,11,1
2024-01-02 11:00:00,mobile-app-prod,Mobile,2184,39.931542812679126,3.8390625000000003,18,0.8491176361071846,100,0.001647409471028914,97.98616137607137,91,True,11,1
2024-01-02 11:00:00,batch-processing,Data Engineering,257,28.561385345115436,12.548828125,0,0.29357972497046586,100,0.00037887005356400003,97.34019846218395,45,True,11,1
2024-01-02 11:00:00,analytics-platform,Analytics,786,15.680201446098053,7.67578125,2,0.36536038713620284,100,0.0014416193221940582,92.38691881606331,10,True,11,1
2024-01-02 11:00:00,api-service,Platform,2135,21.376678895778188,10.4248046875,18,0.866243853803422,100,0.0025116588718537714,90.83003246751984,140,True,11,1
2024-01-02 11:00:00,data-pipeline,Data Engineering,283,34.83954538101489,27.63671875,2,0.8844129033808528,100,0.00020559277820939918,91.82346375621141,120,True,11,1
2024-01-02 12:00:00,web-app-prod,E-commerce,2920,39.24853640914911,7.12890625,28,0.9729038126772439,100,0.005428517735632832,85.74524508960226,200,True,12,1
2024-01-02 12:00:00,mobile-app-prod,Mobile,2321,35.86014394719906,4.0798828125,11,0.5163798397700603,100,0.004152098171051001,89.90928981796151,63,True,12,1
2024-01-02 12:00:00,batch-processing,Data Engineering,234,24.432402232563923,11.42578125,2,0.903601739460325,100,0.00038635677170751384,94.93765732221682,186,True,12,1
2024-01-02 12:00:00,analytics-platform,Analytics,873,21.24903392666664,8.525390625,7,0.8522348080680124,100,0.0008334981889431294,91.23903237240569,153,True,12,1
2024-01-02 12:00:00,api-service,Platform,1657,22.349262747175814,8.0908203125,13,0.8359662955142171,100,0.0013617176293929082,89.31824965660523,139,True,12,1
2024-01-02 12:00:00,data-pipeline,Data Engineering,316,36.04015478907763,30.859375,1,0.3479963854287827,100,0.000627175320132423,92.82841959508819,103,True,12,1
2024-01-02 13:00:00,web-app-prod,E-commerce,3407,22.524061073637217,8.31787109375,6,0.20248457293455152,100,0.003323285702194369,95.30899001267595,174,True,13,1
2024-01-02 13:00:00,mobile-app-prod,Mobile,2113,29.885904899504734,3.7142578125,17,0.8051594001020526,100,0.003485665905441991,88.0739876813448,130,True,13,1
2024-01-02 13:00:00,batch-processing,Data Engineering,231,26.570710147182844,11.279296875,2,0.8813770660090197,100,0.00025707572954288314,86.45839388938232,118,True,13,1
2024-01-02 13:00:00,analytics-platform,Analytics,840,38.34517755671957,8.203125,4,0.4961925652034955,100,0.0008668563629247759,89.64434290746618,175,True,13,1
2024-01-02 13:00:00,api-service,Platform,1915,16.246203266038755,9.3505859375,5,0.2888173559901054,100,0.002102873143333066,94.97580843218985,96,True,13,1
2024-01-02 13:00:00,data-pipeline,Data Engineering,298,13.579053934509435,29.1015625,1,0.33715240961343057,100,0.0005567580754738601,91.47654504031291,29,True,13,1
2024-01-02 14:00:00,web-app-prod,E-commerce,3443,22.002986184454233,8.40576171875,12,0.3736980778007654,100,0.0026610233265516588,85.89626898193319,170,True,14,1
2024-01-02 14:00:00,mobile-app-prod,Mobile,2316,37.32146693316001,4.07109375,6,0.29854742248160937,100,0.0029307406204465195,89.79232345634885,141,True,14,1
2024-01-02 14:00:00,batch-processing,Data Engineering,272,11.191209551872292,13.28125,1,0.7031181627429919,100,0.00028224579155499763,88.81958623330407,123,True,14,1
2024-01-02 14:00:00,analytics-platform,Analytics,648,17.134025412814797,6.328125,2,0.3495537604085054,100,0.001143869164583433,94.67074022958522,175,True,14,1
2024-01-02 14:00:00,api-service,Platform,2011,30.099506672415615,9.8193359375,15,0.7917254940608958,100,0.0020534473559154277,91.40160885618009,86,True,14,1
2024-01-02 14:00:00,data-pipeline,Data Engineering,307,18.41515769769777,29.98046875,1,0.46542449170850236,100,0.00035926092370765694,90.93641249878928,75,True,14,1
2024-01-02 15:00:00,web-app-prod,E-commerce,4414,36.82302488441587,10.7763671875,15,0.3514174906318974,100,0.007028900911936564,86.83510953558935,76,True,15,1
2024-01-02 15:00:00,mobile-app-prod,Mobile,2222,10.157858192914635,3.905859375,17,0.7938493881928469,100,0.003036216552301081,95.92984312545957,180,True,15,1
2024-01-02 15:00:00,batch-processing,Data Engineering,252,13.374482681525297,12.3046875,0,0.14201547238583334,100,0.00016273755481892492,95.79779623056078,11,True,15,1
2024-01-02 15:00:00,analytics-platform,Analytics,898,23.37692269908664,8.76953125,3,0.41555302418936607,100,0.0011203360903603557,97.39588803045034,30,True,15,1
2024-01-02 15:00:00,api-service,Platform,2376,23.46519235924616,11.6015625,17,0.7385447577058991,100,0.002856547668025069,94.55910774161116,184,True,15,1
2024-01-02 15:00:00,data-pipeline,Data Engineering,261,33.244060068799364,25.48828125,2,0.8186249386046917,100,0.00019006043060930088,92.4785910427242,190,True,15,1
2024-01-02 16:00:00,web-app-prod,E-commerce,4745,15.609613729679738,11.58447265625,13,0.28512511665956713,100,0.004663434643301516,91.84345634429636,80,True,16,1
2024-01-02 16:00:00,mobile-app-prod,Mobile,2606,35.642544132515916,4.580859375,5,0.20098905044150972,100,0.00479896972050662,94.01930234970064,188,True,16,1
2024-01-02 16:00:00,batch-processing,Data Engineering,227,30.334782827103567,11.083984375,2,0.9934180770796351,100,0.00023016541135954994,86.925329415237,199,True,16,1
2024-01-02 16:00:00,analytics-platform,Analytics,785,39.09492602519211,7.666015625,6,0.7957926062287294,100,0.0010484234419133967,92.97337855150127,187,True,16,1
2024-01-02 16:00:00,api-service,Platform,1949,34.41930400323739,9.5166015625,11,0.6070465347130318,100,0.001429229056303027,93.15115761250031,90,True,16,1
2024-01-02 16:00:00,data-pipeline,Data Engineering,246,32.201792240937905,24.0234375,1,0.7460693741273192,100,0.0004848290741736739,89.59089254891018,31,True,16,1
2024-01-02 17:00:00,web-app-prod,E-commerce,5472,24.622115812618738,13.359375,28,0.5126859841615289,100,0.008693214699529083,87.48151621788112,170,True,17,1
2024-01-02 17:00:00,mobile-app-prod,Mobile,1986,32.14143207805667,3.491015625,11,0.5774272276537095,100,0.0029538147265475573,87.16354936882851,71,True,17,1
2024-01-02 17:00:00,batch-processing,Data Engineering,273,22.269517785205156,13.330078125,1,0.7134815640469409,100,0.0003940482873142564,96.98351667902405,100,True,17,1
2024-01-02 17:00:00,analytics-platform,Analytics,671,24.983407677428673,6.552734375,4,0.7381821277860218,100,0.0010875071051016103,86.94318471069134,166,True,17,1
2024-01-02 17:00:00,api-service,Platform,2356,23.35850175018622,11.50390625,20,0.8622764255761491,100,0.0041216587176460245,94.22399417190121,166,True,17,1
2024-01-02 17:00:00,data-pipeline,Data Engineering,272,13.063696112098553,26.5625,0,0.15741973529178502,100,0.00027868453746375017,86.29950834404607,54,True,17,1
2024-01-02 18:00:00,web-app-prod,E-commerce,6168,14.996848109136405,15.05859375,8,0.1335833604613308,100,0.005180686523443525,87.60934895211025,158,True,18,1
2024-01-02 18:00:00,mobile-app-prod,Mobile,2050,38.327879457630786,3.603515625,5,0.2857347632578184,100,0.0018409088331944976,86.4133926217053,104,True,18,1
2024-01-02 18:00:00,batch-processing,Data Engineering,269,17.723239643278276,13.134765625,1,0.684763835133357,100,0.00047822782979261815,97.70289233029033,52,True,18,1
2024-01-02 18:00:00,analytics-platform,Analytics,738,21.573142417861874,7.20703125,4,0.6535069685914215,100,0.001036787869085016,96.03088081674888,67,True,18,1
2024-01-02 18:00:00,api-service,Platform,1763,10.498161213481316,8.6083984375,8,0.4717983070130227,100,0.002279975782567329,94.89887960641435,163,True,18,1
2024-01-02 18:00:00,data-pipeline,Data Engineering,250,35.9885668229641,24.4140625,2,0.8096267322051119,100,0.0002689857258752059,90.09808608868907,79,True,18,1
2024-01-02 19:00:00,web-app-prod,E-commerce,1253,30.777915471325976,3.05908203125,2,0.16326988308194523,100,0.0009095225988571148,94.13397753308541,165,False,19,1
2024-01-02 19:00:00,mobile-app-prod,Mobile,494,10.85890557996309,0.868359375,0,0.08407906876869412,100,0.0007672809085273869,95.08380972332236,95,False,19,1
2024-01-02 19:00:00,batch-processing,Data Engineering,235,27.752242907523925,11.474609375,0,0.09555800318289036,100,0.00035879400550861885,86.43654736358948,170,False,19,1
2024-01-02 19:00:00,analytics-platform,Analytics,211,18.18549259769017,2.060546875,0,0.08458508152765812,100,0.00011690266491726308,91.98961971064358,82,False,19,1
2024-01-02 19:00:00,api-service,Platform,321,10.753629090396027,1.5673828125,0,0.18445240257618783,100,0.0004459743520159556,88.71688130236852,91,False,19,1
2024-01-02 19:00:00,data-pipeline,Data Engineering,243,25.37749655791706,23.73046875,0,0.12228284048261204,100,0.000281366380047968,88.56547923928373,80,False,19,1
2024-01-02 20:00:00,web-app-prod,E-commerce,1333,36.85660054302892,3.25439453125,1,0.12592360797762858,100,0.002438809864127597,97.97293297309253,142,False,20,1
2024-01-02 20:00:00,mobile-app-prod,Mobile,571,10.268898610233935,1.0037109375,1,0.1836816149589955,100,0.0004261759019242862,88.07358313304593,194,False,20,1
2024-01-02 20:00:00,batch-processing,Data Engineering,271,12.238497370920047,13.232421875,0,0.1096500217005617,100,0.00031096880663638384,96.9933228907881,123,False,20,1
2024-01-02 20:00:00,analytics-platform,Analytics,183,21.88724624719768,1.787109375,0,0.05158467163671214,100,0.00030320303606879985,95.44361900752573,146,False,20,1
2024-01-02 20:00:00,api-service,Platform,475,31.756752045278425,2.3193359375,0,0.1336251124511521,100,0.0006833523432396213,97.8413865849756,66,False,20,1
2024-01-02 20:00:00,data-pipeline,Data Engineering,322,11.832444351410418,31.4453125,0,0.18801594586489395,100,0.0006263315050066523,95.13686383481148,200,False,20,1
2024-01-02 21:00:00,web-app-prod,E-commerce,1136,24.604320232660516,2.7734375,1,0.09104558428633218,100,0.0018612201015975396,92.64468418697786,17,False,21,1
2024-01-02 21:00:00,mobile-app-prod,Mobile,653,16.076475855047875,1.1478515625,0,0.05112347604710733,100,0.0012086794047853717,97.96451224305757,70,False,21,1
2024-01-02 21:00:00,batch-processing,Data Engineering,244,10.939761804628333,11.9140625,0,0.12556339669728545,100,0.0004468794701281758,86.72398342460937,115,False,21,1
2024-01-02 21:00:00,analytics-platform,Analytics,192,33.39810558893376,1.875,0,0.09838031435442018,100,0.0003432404102058668,90.93216334822124,181,False,21,1
2024-01-02 21:00:00,api-service,Platform,446,14.442045161513153,2.177734375,0,0.14056111604964688,100,0.0005821708559966872,87.75311939143727,40,False,21,1
2024-01-02 21:00:00,data-pipeline,Data Engineering,249,29.684033110012216,24.31640625,0,0.17664726329227345,100,0.00015981638850770137,85.55179194035664,152,False,21,1
2024-01-02 22:00:00,web-app-prod,E-commerce,1188,32.97276751980985,2.900390625,1,0.14093952920498662,100,0.0010228481641103148,94.14622482457037,108,False,22,1
2024-01-02 22:00:00,mobile-app-prod,Mobile,700,14.957279822873009,1.23046875,1,0.18184799189702222,100,0.0007649515621945606,96.89215827714006,181,False,22,1
2024-01-02 22:00:00,batch-processing,Data Engineering,219,23.01367393404756,10.693359375,0,0.14224553962039077,100,0.000353218063911294,90.12739077255192,22,False,22,1
2024-01-02 22:00:00,analytics-platform,Analytics,173,12.451061195165103,1.689453125,0,0.1488305577190226,100,0.0002651453758597774,90.6852759348715,45,False,22,1
2024-01-02 22:00:00,api-service,Platform,415,34.69595837643925,2.0263671875,0,0.06750308293973158,100,0.0003837972144406847,86.95849672761238,190,False,22,1
2024-01-02 22:00:00,data-pipeline,Data Engineering,283,26.80900330186227,27.63671875,0,0.1369633145235325,100,0.00018817960182821992,88.62773562995814,108,False,22,1
2024-01-02 23:00:00,web-app-prod,E-commerce,914,16.474571751150705,2.2314453125,0,0.10581831380955306,100,0.0009738508963597742,89.4398800412863,195,False,23,1
2024-01-02 23:00:00,mobile-app-prod,Mobile,793,17.681271645006152,1.3939453125,1,0.19558735838283706,100,0.0007310513582699479,97.06634463422914,180,False,23,1
2024-01-02 23:00:00,batch-processing,Data Engineering,224,29.16334597258432,10.9375,0,0.09754382539840668,100,0.00023437340109093592,97.43379283902424,155,False,23,1
2024-01-02 23:00:00,analytics-platform,Analytics,183,18.653753224485918,1.787109375,0,0.08986686824314762,100,0.00013423322573875485,88.99467097132504,150,False,23,1
2024-01-02 23:00:00,api-service,Platform,333,22.794508647093178,1.6259765625,0,0.11880243528942913,100,0.0004846014216800108,87.56316146583686,54,False,23,1
2024-01-02 23:00:00,data-pipeline,Data Engineering,242,25.415290782319254,23.6328125,0,0.10369250204149122,100,0.00015251821119840363,97.40350944166656,126,False,23,1
2024-01-03 00:00:00,web-app-prod,E-commerce,932,32.80027599278364,2.275390625,1,0.11467403012197686,100,0.0017702079711491622,95.39320653792309,55,False,0,2
2024-01-03 00:00:00,mobile-app-prod,Mobile,797,39.42226518202824,1.4009765625000001,0,0.06756415761192375,100,0.0012527024488559611,91.70506785282674,146,False,0,2
2024-01-03 00:00:00,batch-processing,Data Engineering,291,38.64820765308646,14.208984375,0,0.16419144504581262,100,0.00026980730944132364,86.10719210493802,17,False,0,2
2024-01-03 00:00:00,analytics-platform,Analytics,219,16.555436003890264,2.138671875,0,0.16686840653112994,100,0.0003084991312619546,86.73429110936473,56,False,0,2
2024-01-03 00:00:00,api-service,Platform,428,26.644237001917237,2.08984375,0,0.07086384414832037,100,0.0002493042036254547,94.6201936224257,192,False,0,2
2024-01-03 00:00:00,data-pipeline,Data Engineering,305,35.80848314439086,29.78515625,0,0.08688123996215738,100,0.0005743946484518081,91.871179203525,148,False,0,2
2024-01-03 01:00:00,web-app-prod,E-commerce,1073,36.38470228419554,2.61962890625,0,0.06680044379793093,100,0.0010889509893679235,92.71223086932383,110,False,1,2
2024-01-03 01:00:00,mobile-app-prod,Mobile,704,12.89141024621932,1.2375,0,0.13065312204218932,100,0.0009099135942618922,90.63077444633419,120,False,1,2
2024-01-03 01:00:00,batch-processing,Data Engineering,263,24.34025079241041,12.841796875,0,0.10223207663758102,100,0.000379229314562717,86.22617407791988,36,False,1,2
2024-01-03 01:00:00,analytics-platform,Analytics,228,22.40076820033916,2.2265625,0,0.16880320346749877,100,0.000244860822835952,97.88726219716455,169,False,1,2
2024-01-03 01:00:00,api-service,Platform,419,12.69194545629507,2.0458984375,0,0.14511072682508466,100,0.0006323573017926594,89.35549711760962,75,False,1,2
2024-01-03 01:00:00,data-pipeline,Data Engineering,356,38.01035181637674,34.765625,0,0.1393684641639176,100,0.0006726433807647732,86.77029734706294,146,False,1,2
2024-01-03 02:00:00,web-app-prod,E-commerce,740,27.414954332979107,1.806640625,1,0.13862875936793917,100,0.0009562227882713335,88.6654264403911,144,False,2,2
2024-01-03 02:00:00,mobile-app-prod,Mobile,863,23.46167942981318,1.5169921875,0,0.06613086767868019,100,0.0011561900308196971,94.95613475987444,29,False,2,2
2024-01-03 02:00:00,batch-processing,Data Engineering,1525,24.656871257294362,74.462890625,1,0.0920488191638392,100,0.0017024758154522174,87.19035894597087,163,False,2,2
2024-01-03 02:00:00,analytics-platform,Analytics,210,17.86180246358829,2.05078125,0,0.12537997842605023,100,0.0002739466090706611,88.95207183060846,141,False,2,2
2024-01-03 02:00:00,api-service,Platform,454,32.840436340082434,2.216796875,0,0.155082489679903,100,0.0007681346539815595,92.06185296941024,22,False,2,2
2024-01-03 02:00:00,data-pipeline,Data Engineering,313,39.518591590013145,30.56640625,0,0.09990861202564508,100,0.0004505878328050131,91.65566214946476,135,False,2,2
2024-01-03 03:00:00,web-app-prod,E-commerce,747,22.66920252195812,1.82373046875,1,0.18053644355075746,100,0.0006468218672325786,97.68543036098079,149,False,3,2
2024-01-03 03:00:00,mobile-app-prod,Mobile,849,16.207106512968124,1.4923828125,1,0.1720786405689911,100,0.0006828806652478666,93.17186440903207,117,False,3,2
2024-01-03 03:00:00,batch-processing,Data Engineering,1640,22.855352699202218,80.078125,1,0.08487338756727372,100,0.0010466450369098184,92.63497053766757,37,False,3,2
2024-01-03 03:00:00,analytics-platform,Analytics,170,35.083140672317974,1.66015625,0,0.08328285233022066,100,0.00017643322022331778,86.30362339100589,86,False,3,2
2024-01-03 03:00:00,api-service,Platform,405,26.07464147896593,1.9775390625,0,0.16143376933847925,100,0.0005764930304716371,93.68622552722485,19,False,3,2
2024-01-03 03:00:00,data-pipeline,Data Engineering,266,39.713723481394865,25.9765625,0,0.17231403088237104,100,0.0001628126504451157,96.11087975351953,30,False,3,2
2024-01-03 04:00:00,web-app-prod,E-commerce,586,17.825539006950756,1.4306640625,0,0.09165637154086341,100,0.0003165801016680118,93.31297785372858,127,False,4,2
2024-01-03 04:00:00,mobile-app-prod,Mobile,644,23.703791488270163,1.13203125,1,0.1607440332737256,100,0.0011404424841402112,87.28997219758935,82,False,4,2
2024-01-03 04:00:00,batch-processing,Data Engineering,1669,19.463163643662252,81.494140625,2,0.1661035869606154,100,0.001686998398085166,95.74007811429482,122,False,4,2
2024-01-03 04:00:00,analytics-platform,Analytics,214,10.544521372353673,2.08984375,0,0.11454377281655238,100,0.00027810672850318467,97.7824770256788,73,False,4,2
2024-01-03 04:00:00,api-service,Platform,379,10.462778270063733,1.8505859375,0,0.09933463714999159,100,0.0004538341003646335,91.40706810088615,199,False,4,2
2024-01-03 04:00:00,data-pipeline,Data Engineering,284,39.21148741684475,27.734375,0,0.09482048536298442,100,0.0005100158352270065,89.97141104214025,18,False,4,2
2024-01-03 05:00:00,web-app-prod,E-commerce,498,22.6671839213599,1.2158203125,0,0.14363963596274754,100,0.0002781160563747618,85.75744888813034,30,False,5,2
2024-01-03 05:00:00,mobile-app-prod,Mobile,728,12.18126067991442,1.2796875,0,0.09182707913224739,100,0.0009003257490341692,94.56364425688771,60,False,5,2
2024-01-03 05:00:00,batch-processing,Data Engineering,242,14.717142118456326,11.81640625,0,0.1437048445536783,100,0.00027355873051560794,94.97816064166882,188,False,5,2
2024-01-03 05:00:00,analytics-platform,Analytics,174,31.99581656740028,1.69921875,0,0.11722983089743763,100,9.923714431387683e-05,94.15082564638381,50,False,5,2
2024-01-03 05:00:00,api-service,Platform,437,24.577792492878935,2.1337890625,0,0.09079292624452853,100,0.00027955202242403254,86.61999701746522,103,False,5,2
2024-01-03 05:00:00,data-pipeline,Data Engineering,299,33.872577590279334,29.19921875,0,0.16862118725819705,100,0.00036643656680140706,94.91735392334724,86,False,5,2
2024-01-03 06:00:00,web-app-prod,E-commerce,399,31.216283906995283,0.97412109375,0,0.059757376564762654,100,0.00023964779091848663,97.61673892178233,158,False,6,2
2024-01-03 06:00:00,mobile-app-prod,Mobile,758,20.04808738218988,1.332421875,0,0.12125462842086762,100,0.0005438332070934815,90.93016512270357,75,False,6,2
2024-01-03 06:00:00,batch-processing,Data Engineering,241,18.84124250271794,11.767578125,0,0.051792471160383415,100,0.00042670935206694775,97.68672362375528,188,False,6,2
2024-01-03 06:00:00,analytics-platform,Analytics,192,35.40653933349543,1.875,0,0.07839036469757182,100,0.00013512171126472516,90.98754533256893,25,False,6,2
2024-01-03 06:00:00,api-service,Platform,357,29.304236842752953,1.7431640625,0,0.1502112625266332,100,0.0005321302260998873,96.6057956501724,11,False,6,2
2024-01-03 06:00:00,data-pipeline,Data Engineering,289,24.763225059270862,28.22265625,0,0.10646202405018264,100,0.0005568081075432889,94.4178481139991,165,False,6,2
2024-01-03 07:00:00,web-app-prod,E-commerce,341,20.03732580171486,0.83251953125,0,0.17548207617760078,100,0.0002898190618245541,85.58150973321915,161,False,7,2
2024-01-03 07:00:00,mobile-app-prod,Mobile,771,26.314654099224736,1.3552734375,1,0.16038140733818,100,0.00046918385867229405,87.82429742101642,200,False,7,2
2024-01-03 07:00:00,batch-processing,Data Engineering,210,30.14916679916655,10.25390625,0,0.05510626011409781,100,0.0003018346052424389,85.0870796604624,175,False,7,2
2024-01-03 07:00:00,analytics-platform,Analytics,227,39.51206485469509,2.216796875,0,0.08135754548141325,100,0.00029898849015852903,85.86295258677295,102,False,7,2
2024-01-03 07:00:00,api-service,Platform,427,39.55981983895445,2.0849609375,0,0.07212294337635236,100,0.0004010459411128242,89.7208593021237,168,False,7,2
2024-01-03 07:00:00,data-pipeline,Data Engineering,283,29.141170137789317,27.63671875,0,0.19556918662767248,100,0.0005318063183164169,90.4354045862645,160,False,7,2
2024-01-03 08:00:00,web-app-prod,E-commerce,358,16.62290927799969,0.8740234375,0,0.18815638373423427,100,0.0006952461166080047,88.7871701317752,73,False,8,2
2024-01-03 08:00:00,mobile-app-prod,Mobile,681,22.066343271004733,1.1970703125,0,0.06928144270937325,100,0.001267791554453375,91.41237509819327,30,False,8,2
2024-01-03 08:00:00,batch-processing,Data Engineering,251,16.462774079026776,12.255859375,0,0.19135463500904626,100,0.000150199819836723,92.81507850272835,82,False,8,2
2024-01-03 08:00:00,analytics-platform,Analytics,217,26.026869012998088,2.119140625,0,0.19904429193313566,100,0.00020555704140752266,86.53347538417083,25,False,8,2
2024-01-03 08:00:00,api-service,Platform,417,11.27636899641717,2.0361328125,0,0.14499915352909204,100,0.0008036809169209573,87.97114101570293,42,False,8,2
2024-01-03 08:00:00,data-pipeline,Data Engineering,355,11.084847407807162,34.66796875,0,0.09561888356641908,100,0.0002851752283378048,87.08786017447,44,False,8,2
2024-01-03 09:00:00,web-app-prod,E-commerce,2025,31.211239020016333,4.94384765625,9,0.4464012142905481,100,0.0023391054554684817,94.00218673197303,195,True,9,2
2024-01-03 09:00:00,mobile-app-prod,Mobile,3137,16.369514214518276,5.5142578125,19,0.6220405389648266,100,0.004295162269463366,88.36194039035533,170,True,9,2
2024-01-03 09:00:00,batch-processing,Data Engineering,230,37.732177776218094,11.23046875,2,0.9340502052684125,100,0.0003064129814466159,96.8023033248387,70,True,9,2
2024-01-03 09:00:00,analytics-platform,Analytics,875,19.157417513218284,8.544921875,8,0.9231176449675794,100,0.0010275034879809917,93.4688126013073,91,True,9,2
2024-01-03 09:00:00,api-service,Platform,1843,30.786409276931888,8.9990234375,6,0.34043371798545363,100,0.0016543987290944203,94.42726504686644,20,True,9,2
2024-01-03 09:00:00,data-pipeline,Data Engineering,296,32.26038878703046,28.90625,0,0.24017150711943522,100,0.00016836098552541664,95.22618330172546,86,True,9,2
2024-01-03 10:00:00,web-app-prod,E-commerce,2035,20.84045605267028,4.96826171875,6,0.34013672094112324,100,0.002353749110264469,92.40400023519581,199,True,10,2
2024-01-03 10:00:00,mobile-app-prod,Mobile,2933,39.866815169442404,5.1556640625000005,10,0.34851906554548046,100,0.0056934755650725555,90.80966178931524,37,True,10,2
2024-01-03 10:00:00,batch-processing,Data Engineering,229,21.762114057468548,11.181640625,1,0.8443148483798867,100,0.0003950910584124701,96.3233663610623,173,True,10,2
2024-01-03 10:00:00,analytics-platform,Analytics,826,11.477794816238209,8.06640625,5,0.7150333217444343,100,0.0009607511494149194,86.05932272033415,157,True,10,2
2024-01-03 10:00:00,api-service,Platform,1636,35.41169220233092,7.98828125,7,0.4827669412760726,100,0.0026161145642369407,91.56070364876516,140,True,10,2
2024-01-03 10:00:00,data-pipeline,Data Engineering,244,10.523971027675742,23.828125,0,0.3443620638249364,100,0.00034277917590211154,96.6627244776705,160,True,10,2
2024-01-03 11:00:00,web-app-prod,E-commerce,2798,35.49081027131309,6.8310546875,5,0.20756053550319079,100,0.0018932316848407028,85.01099862564418,12,True,11,2
2024-01-03 11:00:00,mobile-app-prod,Mobile,2488,25.486180185556513,4.3734375000000005,2,0.11368384752701619,100,0.0015282378043310423,92.33991995627692,115,True,11,2
2024-01-03 11:00:00,batch-processing,Data Engineering,289,36.495879905259386,14.111328125,2,0.8283917086920547,100,0.0005619922898566379,88.99242431983257,145,True,11,2
2024-01-03 11:00:00,analytics-platform,Analytics,931,34.79606037094587,9.091796875,3,0.33656875374163764,100,0.0012445795011896232,94.70037137499264,10,True,11,2
2024-01-03 11:00:00,api-service,Platform,1823,13.668960110654519,8.9013671875,5,0.27648673076195407,100,0.0026584954886462713,87.14383289799943,114,True,11,2
2024-01-03 11:00:00,data-pipeline,Data Engineering,241,25.07591575000756,23.53515625,1,0.6573216126046665,100,0.00013112879963967538,92.16175198122193,16,True,11,2
2024-01-03 12:00:00,web-app-prod,E-commerce,3298,28.286810161455737,8.0517578125,30,0.914042709086043,100,0.00480263841503138,89.39900442905676,195,True,12,2
2024-01-03 12:00:00,mobile-app-prod,Mobile,2056,37.8587134413109,3.6140625,12,0.5875457511339964,100,0.004045656131152746,85.95279707395252,49,True,12,2
2024-01-03 12:00:00,batch-processing,Data Engineering,207,27.110420131797714,10.107421875,1,0.5823989496682426,100,0.00018875161999951678,92.31708942450466,168,True,12,2
2024-01-03 12:00:00,analytics-platform,Analytics,902,28.15498446387806,8.80859375,3,0.3675644827583829,100,0.0013578100026762176,95.19857301335018,133,True,12,2
2024-01-03 12:00:00,api-service,Platform,2031,39.51891275970736,9.9169921875,14,0.7254186134729991,100,0.003127306205928342,96.0765560958635,104,True,12,2
2024-01-03 12:00:00,data-pipeline,Data Engineering,248,30.16459295354595,24.21875,2,0.9685593292192207,100,0.00015977823114387077,96.89298512262889,119,True,12,2
2024-01-03 13:00:00,web-app-prod,E-commerce,2906,12.329918312653046,7.0947265625,11,0.3822042457260736,100,0.003869274989490489,88.2097826429953,62,True,13,2
2024-01-03 13:00:00,mobile-app-prod,Mobile,1888,35.4765637258389,3.31875,7,0.3777656404585349,100,0.002469270445811202,94.83447060589909,134,True,13,2
2024-01-03 13:00:00,batch-processing,Data Engineering,222,32.63547982141587,10.83984375,1,0.6590052182065386,100,0.00038718488524654463,96.08607743618826,25,True,13,2
2024-01-03 13:00:00,analytics-platform,Analytics,711,18.988508580564385,6.943359375,0,0.12551283583262007,100,0.0013504448673853082,94.99133978361056,62,True,13,2
2024-01-03 13:00:00,api-service,Platform,1940,18.728573578612135,9.47265625,9,0.5102012163258688,100,0.0031358417434508,90.81085971279317,50,True,13,2
2024-01-03 13:00:00,data-pipeline,Data Engineering,332,25.392481415903596,32.421875,3,0.9273036616061044,100,0.00039658199288929185,95.24442330455406,98,True,13,2
2024-01-03 14:00:00,web-app-prod,E-commerce,4008,33.71782958185187,9.78515625,32,0.8166521769465428,100,0.00571334626301284,85.69719027748349,18,True,14,2
2024-01-03 14:00:00,mobile-app-prod,Mobile,2329,15.470200433836721,4.0939453125,2,0.10055520505555098,100,0.0022523574254190567,94.46657936112022,188,True,14,2
2024-01-03 14:00:00,batch-processing,Data Engineering,237,10.850632881756708,11.572265625,1,0.43013600086918896,100,0.00020155650594026584,86.83553908850324,76,True,14,2
2024-01-03 14:00:00,analytics-platform,Analytics,931,16.012594613512817,9.091796875,8,0.8867211229033518,100,0.0014518129184045022,95.81762834746662,177,True,14,2
2024-01-03 14:00:00,api-service,Platform,1841,34.58583624194335,8.9892578125,7,0.42771699691915266,100,0.0022445994788541945,85.62520219034664,55,True,14,2
2024-01-03 14:00:00,data-pipeline,Data Engineering,314,35.138768578977015,30.6640625,2,0.7203901661052344,100,0.00044237358749005885,85.93809131073056,66,True,14,2
2024-01-03 15:00:00,web-app-prod,E-commerce,3851,13.101841929362198,9.40185546875,11,0.30775680415728324,100,0.00503929563107122,88.80511247390818,90,True,15,2
2024-01-03 15:00:00,mobile-app-prod,Mobile,2191,34.582082797997415,3.8513671875,11,0.5223382354726217,100,0.001704296794061057,86.65121833067114,195,True,15,2
2024-01-03 15:00:00,batch-processing,Data Engineering,252,39.54410405590043,12.3046875,0,0.3310355213461213,100,0.00014027234958286002,93.03515937896026,20,True,15,2
2024-01-03 15:00:00,analytics-platform,Analytics,893,33.543501802869244,8.720703125,0,0.10247831947660171,100,0.0015212985180185006,96.48830715229371,20,True,15,2
2024-01-03 15:00:00,api-service,Platform,2097,36.999179324809994,10.2392578125,10,0.5024323059904675,100,0.0014878639575631103,89.89207883354126,152,True,15,2
2024-01-03 15:00:00,data-pipeline,Data Engineering,251,13.168195369600518,24.51171875,0,0.1646436391414551,100,0.00013282517846765853,95.00871113346682,196,True,15,2
2024-01-03 16:00:00,web-app-prod,E-commerce,4458,20.68406445826335,10.8837890625,29,0.6633949824649197,100,0.007575174116411083,86.73508106076562,113,True,16,2
2024-01-03 16:00:00,mobile-app-prod,Mobile,2073,27.783621991455014,3.6439453125,12,0.6111989408980519,100,0.003304841299064072,92.03164318281264,161,True,16,2
2024-01-03 16:00:00,batch-processing,Data Engineering,242,16.099529577352207,11.81640625,0,0.304534239774651,100,0.00026306189616622297,97.41103565486598,74,True,16,2
2024-01-03 16:00:00,analytics-platform,Analytics,749,11.194040074679064,7.314453125,1,0.23511156960181068,100,0.0008253266132927944,88.87873212867784,186,True,16,2
2024-01-03 16:00:00,api-service,Platform,1828,30.429093530238298,8.92578125,8,0.4621616123621084,100,0.0015219284946807405,96.77520463460324,184,True,16,2
2024-01-03 16:00:00,data-pipeline,Data Engineering,263,29.93293138379253,25.68359375,0,0.1658408797192824,100,0.0003123758139252356,90.75093288277736,37,True,16,2
2024-01-03 17:00:00,web-app-prod,E-commerce,4777,32.431738265847855,11.66259765625,22,0.4606458402547193,100,0.003213917952430675,96.9346224556222,187,True,17,2
2024-01-03 17:00:00,mobile-app-prod,Mobile,2522,37.140580190619644,4.433203125,11,0.4751125662101786,100,0.004118999185161845,89.74283535198406,167,True,17,2
2024-01-03 17:00:00,batch-processing,Data Engineering,269,16.60101111072656,13.134765625,1,0.7432078012889574,100,0.00041653753469182253,92.91378822691902,11,True,17,2
2024-01-03 17:00:00,analytics-platform,Analytics,917,13.261072950461875,8.955078125,2,0.22581923979818913,100,0.0012382139843961414,90.42975761808633,130,True,17,2
2024-01-03 17:00:00,api-service,Platform,1755,39.841146430920915,8.5693359375,15,0.885620200809746,100,0.0018022721496816548,89.83798117494413,71,True,17,2
2024-01-03 17:00:00,data-pipeline,Data Engineering,271,21.586524033061668,26.46484375,1,0.6968518101113191,100,0.00021423776721208354,93.56236305720383,63,True,17,2
2024-01-03 18:00:00,web-app-prod,E-commerce,6150,37.117974289865245,15.0146484375,48,0.7904957195270814,100,0.003567918548580018,87.3312678806902,163,True,18,2
2024-01-03 18:00:00,mobile-app-prod,Mobile,2459,10.984642985617391,4.3224609375,23,0.9713684573195429,100,0.004414455960313244,94.83899852973005,12,True,18,2
2024-01-03 18:00:00,batch-processing,Data Engineering,205,19.182867136436336,10.009765625,0,0.2551821737029093,100,0.0001457282195160244,85.69783767838966,89,True,18,2
2024-01-03 18:00:00,analytics-platform,Analytics,885,38.442716704975226,8.642578125,6,0.6944008078887017,100,0.0014397446214962795,86.42509765803906,116,True,18,2
2024-01-03 18:00:00,api-service,Platform,2355,19.16914741757215,11.4990234375,17,0.7452990988465266,100,0.003917287439145236,86.02325640182708,140,True,18,2
2024-01-03 18:00:00,data-pipeline,Data Engineering,249,34.6644182732513,24.31640625,1,0.4749470950932944,100,0.0004557550779568924,87.03706196989583,77,True,18,2
2024-01-03 19:00:00,web-app-prod,E-commerce,1090,33.63373545732428,2.6611328125,1,0.159114025701314,100,0.0017651835015914776,86.86920443593107,114,False,19,2
2024-01-03 19:00:00,mobile-app-prod,Mobile,486,16.732783162901143,0.8542968750000001,0,0.12631583314671516,100,0.0007996102557420072,94.0370529380327,150,False,19,2
2024-01-03 19:00:00,batch-processing,Data Engineering,252,33.39599660090863,12.3046875,0,0.10098124695916118,100,0.00024399802893555446,96.69548317791362,177,False,19,2
2024-01-03 19:00:00,analytics-platform,Analytics,233,29.087585648519948,2.275390625,0,0.05086017425097476,100,0.0004465191195400256,85.2155373469766,77,False,19,2
2024-01-03 19:00:00,api-service,Platform,419,30.307936259275742,2.0458984375,0,0.06046300924197392,100,0.0004314384614902426,86.63852930176981,153,False,19,2
2024-01-03 19:00:00,data-pipeline,Data Engineering,287,35.33501602636389,28.02734375,0,0.14150323562339773,100,0.0004019098469365735,88.04599263232764,111,False,19,2
2024-01-03 20:00:00,web-app-prod,E-commerce,1081,21.449812465142355,2.63916015625,0,0.08723275212462248,100,0.0017949132327042137,86.044099362869,59,False,20,2
2024-01-03 20:00:00,mobile-app-prod,Mobile,678,32.45242337528185,1.191796875,0,0.0718353478179889,100,0.0011142328418306314,86.40993828590413,113,False,20,2
2024-01-03 20:00:00,batch-processing,Data Engineering,238,32.07502807569108,11.62109375,0,0.08563756303409999,100,0.00021303716033286345,93.48341405023639,178,False,20,2
2024-01-03 20:00:00,analytics-platform,Analytics,206,31.292503934643076,2.01171875,0,0.11197049473991322,100,0.00039574986341577305,96.78563960028299,17,False,20,2
2024-01-03 20:00:00,api-service,Platform,420,21.532835207569406,2.05078125,0,0.14106221193992285,100,0.00022248871136240232,95.30373081417324,46,False,20,2
2024-01-03 20:00:00,data-pipeline,Data Engineering,310,24.726578839783457,30.2734375,0,0.1721557533681129,100,0.00022706414098449843,87.79001569360211,38,False,20,2
2024-01-03 21:00:00,web-app-prod,E-commerce,1347,20.50267962051872,3.28857421875,2,0.15343105999520026,100,0.002362315140938439,85.42263100467811,121,False,21,2
2024-01-03 21:00:00,mobile-app-prod,Mobile,664,17.852964166712187,1.1671875,0,0.09531586040922436,100,0.0012339129213258834,90.49864967678246,118,False,21,2
2024-01-03 21:00:00,batch-processing,Data Engineering,282,10.21397144014448,13.76953125,0,0.07169526155256316,100,0.0005226550020587167,91.99270222377093,172,False,21,2
2024-01-03 21:00:00,analytics-platform,Analytics,202,29.959414292157078,1.97265625,0,0.1111309209593715,100,0.00023965769133750246,89.84065509275547,172,False,21,2
2024-01-03 21:00:00,api-service,Platform,429,16.36775623727389,2.0947265625,0,0.09455199623112098,100,0.0006123204165404637,90.05746046453967,21,False,21,2
2024-01-03 21:00:00,data-pipeline,Data Engineering,333,25.202032891830537,32.51953125,0,0.15530270750722036,100,0.0003081457149541227,97.5068985440175,141,False,21,2
2024-01-03 22:00:00,web-app-prod,E-commerce,1165,15.877734517609245,2.84423828125,1,0.1398244766622936,100,0.0016614982863016156,85.16803089922128,86,False,22,2
2024-01-03 22:00:00,mobile-app-prod,Mobile,625,35.968531847610194,1.0986328125,0,0.12853998046447015,100,0.0012045940211048494,87.52480554359178,45,False,22,2
2024-01-03 22:00:00,batch-processing,Data Engineering,277,18.858568630452773,13.525390625,0,0.07603286550137277,100,0.00032518973659542835,87.19840268296612,119,False,22,2
2024-01-03 22:00:00,analytics-platform,Analytics,170,26.398145086498364,1.66015625,0,0.18885838180177883,100,0.00032711328900096815,94.93514018895054,161,False,22,2
2024-01-03 22:00:00,api-service,Platform,387,17.807775623561355,1.8896484375,0,0.1517353436850158,100,0.000679112136357484,86.8365389786539,180,False,22,2
2024-01-03 22:00:00,data-pipeline,Data Engineering,319,22.86188351027276,31.15234375,0,0.1385303315577663,100,0.00017728250827203816,90.43435532762895,70,False,22,2
2024-01-03 23:00:00,web-app-prod,E-commerce,1039,26.803942733451777,2.53662109375,1,0.12798939910236015,100,0.0019853625195021237,95.86432107648369,167,False,23,2
2024-01-03 23:00:00,mobile-app-prod,Mobile,732,38.94394178164124,1.2867187500000001,1,0.19630180103802236,100,0.0006447046641236203,90.05050432228165,177,False,23,2
2024-01-03 23:00:00,batch-processing,Data Engineering,262,32.09862298588172,12.79296875,0,0.1391694710916396,100,0.0002261939495972853,93.78997209894818,168,False,23,2
2024-01-03 23:00:00,analytics-platform,Analytics,238,15.408891980867619,2.32421875,0,0.1640249459432469,100,0.00015792022158071542,88.0983469863455,194,False,23,2
2024-01-03 23:00:00,api-service,Platform,438,12.304036700089814,2.138671875,0,0.16321074796624574,100,0.0005868008539774549,96.13138237079818,101,False,23,2
2024-01-03 23:00:00,data-pipeline,Data Engineering,332,16.3553533816461,32.421875,0,0.13500199674278796,100,0.0003851773377388939,90.82436927762313,60,False,23,2
2024-01-04 00:00:00,web-app-prod,E-commerce,892,25.64467307287888,2.177734375,0,0.10036327385423481,100,0.0010142907113630593,90.16469381744574,195,False,0,3
2024-01-04 00:00:00,mobile-app-prod,Mobile,669,33.77512559675608,1.1759765625,0,0.060636856252662526,100,0.0003827124008952271,92.16558394856456,99,False,0,3
2024-01-04 00:00:00,batch-processing,Data Engineering,284,11.746444549767771,13.8671875,0,0.11329858843670397,100,0.00043026951732564304,86.01400169724198,10,False,0,3
2024-01-04 00:00:00,analytics-platform,Analytics,191,36.908467752895,1.865234375,0,0.194937747006413,100,0.0003251646081365265,85.05458616250206,186,False,0,3
2024-01-04 00:00:00,api-service,Platform,418,36.23272230619527,2.041015625,0,0.15112534240020628,100,0.0003866344148519758,97.58963773166793,53,False,0,3
2024-01-04 00:00:00,data-pipeline,Data Engineering,302,19.30119132136402,29.4921875,0,0.06022556624959535,100,0.00024189718307706686,85.84208371640563,56,False,0,3
2024-01-04 01:00:00,web-app-prod,E-commerce,731,32.167647671778965,1.78466796875,0,0.07586892993335982,100,0.0004047567394400228,94.83845304622542,126,False,1,3
2024-01-04 01:00:00,mobile-app-prod,Mobile,714,36.62790111785407,1.255078125,0,0.10722841867478816,100,0.001176369226158704,91.99886017376018,95,False,1,3
2024-01-04 01:00:00,batch-processing,Data Engineering,271,23.614861958172483,13.232421875,0,0.05389057879274567,100,0.0001576684691012458,88.770968233099,101,False,1,3
2024-01-04 01:00:00,analytics-platform,Analytics,185,28.846155619082865,1.806640625,0,0.1375356779514452,100,0.0002452917694551316,93.10005595648235,180,False,1,3
2024-01-04 01:00:00,api-service,Platform,345,18.35492581490917,1.6845703125,0,0.12875951404091152,100,0.0005494921616581946,90.63561460414171,113,False,1,3
2024-01-04 01:00:00,data-pipeline,Data Engineering,341,24.11917931515086,33.30078125,0,0.17691492565103198,100,0.0005583490182602063,86.37908197752085,79,False,1,3
2024-01-04 02:00:00,web-app-prod,E-commerce,811,23.798513158045168,1.97998046875,0,0.0503703743426179,100,0.0008165304202094478,96.81834091273097,117,False,2,3
2024-01-04 02:00:00,mobile-app-prod,Mobile,778,34.61454414934762,1.367578125,0,0.10881593346650392,100,0.001457355686400876,87.8629838748663,182,False,2,3
2024-01-04 02:00:00,batch-processing,Data Engineering,1658,31.267755863054663,80.95703125,0,0.0597092193374838,100,0.0019318182638217024,86.50901750336291,125,False,2,3
2024-01-04 02:00:00,analytics-platform,Analytics,210,11.715454835768224,2.05078125,0,0.08171196025204434,100,0.0004061998125454206,97.28076603790515,108,False,2,3
2024-01-04 02:00:00,api-service,Platform,408,13.143108616637514,1.9921875,0,0.07845061810150651,100,0.00032900758605089,91.60827368784852,153,False,2,3
2024-01-04 02:00:00,data-pipeline,Data Engineering,275,14.993783587501298,26.85546875,0,0.12549925907634815,100,0.0002924726814177125,87.0842880753254,143,False,2,3
2024-01-04 03:00:00,web-app-prod,E-commerce,717,15.355437314779278,1.75048828125,0,0.05357512322338925,100,0.0006822853978261693,85.59697608835215,22,False,3,3
2024-01-04 03:00:00,mobile-app-prod,Mobile,731,19.03821791018447,1.2849609375,0,0.13261719234958488,100,0.0006811112318495049,92.85895020738214,45,False,3,3
2024-01-04 03:00:00,batch-processing,Data Engineering,1781,26.612701763376197,86.962890625,3,0.18445422707219672,100,0.0023657604191447777,87.21795404294892,200,False,3,3
2024-01-04 03:00:00,analytics-platform,Analytics,200,35.69421483938122,1.953125,0,0.051030643150818844,100,0.0003105776338272526,91.60097860228267,115,False,3,3
2024-01-04 03:00:00,api-service,Platform,478,21.907177115687954,2.333984375,0,0.16840502623631437,100,0.0004505965164518652,88.95806013322213,80,False,3,3
2024-01-04 03:00:00,data-pipeline,Data Engineering,339,38.19127040496242,33.10546875,0,0.15602891397291202,100,0.00041839935595421116,95.399381883872,71,False,3,3
2024-01-04 04:00:00,web-app-prod,E-commerce,639,29.93557384437728,1.56005859375,0,0.14422286074977925,100,0.0012180933374681658,87.53105519406688,24,False,4,3
2024-01-04 04:00:00,mobile-app-prod,Mobile,771,38.59491648759035,1.3552734375,1,0.18029279229277234,100,0.0007398539761736424,86.78263994933948,130,False,4,3
2024-01-04 04:00:00,batch-processing,Data Engineering,1305,11.433240781704583,63.720703125,1,0.083045806934965,100,0.001385437932827644,91.1234061084513,118,False,4,3
2024-01-04 04:00:00,analytics-platform,Analytics,178,15.20141296298788,1.73828125,0,0.09823934891311831,100,0.0001429325612979958,87.97139114374693,65,False,4,3
2024-01-04 04:00:00,api-service,Platform,362,11.838423453425838,1.767578125,0,0.1391303408851192,100,0.0006258329889852932,93.61948980960763,62,False,4,3
2024-01-04 04:00:00,data-pipeline,Data Engineering,257,13.983524709260383,25.09765625,0,0.06212398598544743,100,0.0004055367984744644,95.20240220920353,142,False,4,3
2024-01-04 05:00:00,web-app-prod,E-commerce,549,22.08308487908974,1.34033203125,0,0.14791164773673873,100,0.0005869472502799329,91.30138022436911,11,False,5,3
2024-01-04 05:00:00,mobile-app-prod,Mobile,781,39.18462836937813,1.3728515625,0,0.061636635322675645,100,0.001076340976983164,90.1453862543536,164,False,5,3
2024-01-04 05:00:00,batch-processing,Data Engineering,266,19.568109354326733,12.98828125,0,0.1300379767544279,100,0.0005112635572740061,95.45710675150731,104,False,5,3
2024-01-04 05:00:00,analytics-platform,Analytics,232,15.699687499681286,2.265625,0,0.08758201226419839,100,0.00039480424860086544,97.29835866615072,86,False,5,3
2024-01-04 05:00:00,api-service,Platform,432,31.124840162927995,2.109375,0,0.1946698719181403,100,0.00021651291342119302,86.20251593619551,78,False,5,3
2024-01-04 05:00:00,data-pipeline,Data Engineering,295,17.23270695469441,28.80859375,0,0.08809818955284802,100,0.00045768560390548567,89.90949335297498,52,False,5,3
2024-01-04 06:00:00,web-app-prod,E-commerce,487,11.811075116648817,1.18896484375,0,0.17197269523493375,100,0.0008547507950901741,89.44695381123024,108,False,6,3
2024-01-04 06:00:00,mobile-app-prod,Mobile,815,14.737767690593703,1.4326171875,1,0.18336719550454839,100,0.0010972652735146606,97.33548278339491,132,False,6,3
2024-01-04 06:00:00,batch-processing,Data Engineering,287,17.399714757415957,14.013671875,0,0.10842519602504469,100,0.0005243552846372007,92.21654892106618,134,False,6,3
2024-01-04 06:00:00,analytics-platform,Analytics,174,36.46977855435082,1.69921875,0,0.19517316492764933,100,0.0002204522526266387,97.94773018403009,155,False,6,3
2024-01-04 06:00:00,api-service,Platform,352,22.07729559092311,1.71875,0,0.11478734885497746,100,0.0006340390590381105,86.128133905894,104,False,6,3
2024-01-04 06:00:00,data-pipeline,Data Engineering,340,22.835171166762436,33.203125,0,0.17467264880396222,100,0.0003686418654773081,95.89909781854756,59,False,6,3
2024-01-04 07:00:00,web-app-prod,E-commerce,382,17.486372233287703,0.9326171875,0,0.18349826025965077,100,0.000459774410333502,89.08658810524595,66,False,7,3
2024-01-04 07:00:00,mobile-app-prod,Mobile,572,32.54667591538856,1.0054687500000001,0,0.14730568482802664,100,0.0008585321514858592,92.83208643415861,119,False,7,3
2024-01-04 07:00:00,batch-processing,Data Engineering,257,20.756980504099147,12.548828125,0,0.13668448773131708,100,0.0004977970034503978,91.0543164826268,142,False,7,3
2024-01-04 07:00:00,analytics-platform,Analytics,174,30.417283754032173,1.69921875,0,0.18971112094636522,100,0.00020739033540869111,87.69924882365241,162,False,7,3
2024-01-04 07:00:00,api-service,Platform,352,31.49183353849606,1.71875,0,0.06727856773590993,100,0.0005377540350750791,87.51968941790463,102,False,7,3
2024-01-04 07:00:00,data-pipeline,Data Engineering,359,29.896988993665914,35.05859375,0,0.10180634244743816,100,0.0006097961274802665,87.8532928718418,194,False,7,3
2024-01-04 08:00:00,web-app-prod,E-commerce,368,23.74270459468368,0.8984375,0,0.06985624171098086,100,0.0003703403620910628,87.48536303400246,127,False,8,3
2024-01-04 08:00:00,mobile-app-prod,Mobile,643,32.74786407226968,1.1302734375,1,0.1959803659392861,100,0.0007165214216233093,93.14386715064117,196,False,8,3
2024-01-04 08:00:00,batch-processing,Data Engineering,283,10.375462544167519,13.818359375,0,0.10228527651581584,100,0.00033201987206942776,88.83644824216107,163,False,8,3
2024-01-04 08:00:00,analytics-platform,Analytics,221,21.326253442074467,2.158203125,0,0.09648970068472887,100,0.00032807938962877206,93.71389954967105,47,False,8,3
2024-01-04 08:00:00,api-service,Platform,337,28.421991623355805,1.6455078125,0,0.05932958074054396,100,0.0002340543963132878,87.44053208399276,67,False,8,3
2024-01-04 08:00:00,data-pipeline,Data Engineering,317,19.569778849047395,30.95703125,0,0.17548220776284165,100,0.0003135574202892291,94.7707040477059,104,False,8,3
2024-01-04 09:00:00,web-app-prod,E-commerce,1833,26.978143384927073,4.47509765625,13,0.7332394453223873,100,0.0018635105978945016,86.00710779798622,191,True,9,3
2024-01-04 09:00:00,mobile-app-prod,Mobile,2687,18.065138122625015,4.7232421875,23,0.8836876004513213,100,0.004924690928300344,88.69772726209388,35,True,9,3
2024-01-04 09:00:00,batch-processing,Data Engineering,269,18.161239854254227,13.134765625,2,0.9841539481083041,100,0.0002903454092467265,93.48183700183279,83,True,9,3
2024-01-04 09:00:00,analytics-platform,Analytics,869,14.80728753789937,8.486328125,2,0.30418606926420894,100,0.0014831415355812585,97.67171235595256,79,True,9,3
2024-01-04 09:00:00,api-service,Platform,2316,18.937400590400387,11.30859375,18,0.804139410630503,100,0.0029022622121979464,89.723806085375,72,True,9,3
2024-01-04 09:00:00,data-pipeline,Data Engineering,286,39.765856327448944,27.9296875,2,0.9760743303491224,100,0.0005040088366775361,85.64316656263435,151,True,9,3
2024-01-04 10:00:00,web-app-prod,E-commerce,2545,34.69713112798871,6.21337890625,4,0.18933129100447843,100,0.003572510500390052,85.97368738174654,127,True,10,3
2024-01-04 10:00:00,mobile-app-prod,Mobile,2736,39.21957576565155,4.809375,21,0.7714227645619418,100,0.005410429762493428,85.95924281391781,146,True,10,3
2024-01-04 10:00:00,batch-processing,Data Engineering,248,24.199137996892585,12.109375,1,0.5131033883050404,100,0.0004935762649791993,90.24746409619638,77,True,10,3
2024-01-04 10:00:00,analytics-platform,Analytics,679,12.401678444615975,6.630859375,3,0.5387145672241329,100,0.001316444758765328,91.02056035737549,132,True,10,3
2024-01-04 10:00:00,api-service,Platform,2195,18.943241517161773,10.7177734375,18,0.8346836126270678,100,0.0011186693754753666,85.03972485508044,93,True,10,3
2024-01-04 10:00:00,data-pipeline,Data Engineering,319,34.33862760852472,31.15234375,1,0.31663958108035506,100,0.00024067204494217215,92.78289450762675,163,True,10,3
2024-01-04 11:00:00,web-app-prod,E-commerce,2143,37.13236748324963,5.23193359375,3,0.18571809593760638,100,0.0014901279694075561,96.53578842278368,109,True,11,3
2024-01-04 11:00:00,mobile-app-prod,Mobile,2193,22.81529738029088,3.8548828125,9,0.44882588074858076,100,0.001392129535044893,89.49643695986703,87,True,11,3
2024-01-04 11:00:00,batch-processing,Data Engineering,201,24.3634945423495,9.814453125,0,0.13762797928905404,100,0.0003531442485469827,87.29788668110093,110,True,11,3
2024-01-04 11:00:00,analytics-platform,Analytics,650,29.14220139940483,6.34765625,2,0.4228009836901118,100,0.0009152261001877606,93.42190512488601,101,True,11,3
2024-01-04 11:00:00,api-service,Platform,2356,34.85318373934638,11.50390625,16,0.7038389097396052,100,0.002778922441793887,91.12177847298159,36,True,11,3
2024-01-04 11:00:00,data-pipeline,Data Engineering,340,37.07897305674254,33.203125,0,0.178125318897544,100,0.0002636833327117285,88.9937598361222,33,True,11,3
2024-01-04 12:00:00,web-app-prod,E-commerce,2435,10.389288585969762,5.94482421875,17,0.72799166175818,100,0.0018146280204020958,92.81048740350353,186,True,12,3
2024-01-04 12:00:00,mobile-app-prod,Mobile,2327,35.13947969681857,4.0904296875,9,0.41917139342885185,100,0.00269185727222973,94.98386575327086,36,True,12,3
2024-01-04 12:00:00,batch-processing,Data Engineering,206,14.936452932502167,10.05859375,0,0.47327042418522275,100,0.00010925398014358914,92.09984290249379,84,True,12,3
2024-01-04 12:00:00,analytics-platform,Analytics,645,32.06527122811595,6.298828125,1,0.22867946058088232,100,0.0010071830505048057,89.97573655397963,132,True,12,3
2024-01-04 12:00:00,api-service,Platform,1834,19.388794786759437,8.955078125,15,0.819829357268375,100,0.0034561631297445,88.3187110829053,185,True,12,3
2024-01-04 12:00:00,data-pipeline,Data Engineering,265,31.168901584575572,25.87890625,1,0.6777680681842227,100,0.0003269728653352016,89.97970926306154,155,True,12,3
2024-01-04 13:00:00,web-app-prod,E-commerce,2838,27.205885513319455,6.9287109375,19,0.6853107734698187,100,0.003042639709277849,85.25258600530353,28,True,13,3
2024-01-04 13:00:00,mobile-app-prod,Mobile,2110,17.626050071569303,3.708984375,3,0.17829456840814717,100,0.0034344664597303247,90.72891182629579,155,True,13,3
2024-01-04 13:00:00,batch-processing,Data Engineering,260,29.944661597479435,12.6953125,1,0.4231285097258065,100,0.00042319130075474084,95.15505806398758,126,True,13,3
2024-01-04 13:00:00,analytics-platform,Analytics,909,11.370836216922692,8.876953125,1,0.11757159084345047,100,0.0008842936393142704,87.54882522656715,55,True,13,3
2024-01-04 13:00:00,api-service,Platform,1711,10.335046947558784,8.3544921875,9,0.5513227193529747,100,0.0025411119020494837,96.73619632536594,26,True,13,3
2024-01-04 13:00:00,data-pipeline,Data Engineering,272,15.26138681483369,26.5625,2,0.7752645305996904,100,0.0004898322299668178,96.977237630432,66,True,13,3
2024-01-04 14:00:00,web-app-prod,E-commerce,3540,27.564938897054468,8.642578125,6,0.18739626791514308,100,0.005417065058834577,94.01960603370215,147,True,14,3
2024-01-04 14:00:00,mobile-app-prod,Mobile,1803,38.131432203905725,3.1693359375,5,0.28623896804459287,100,0.001541657482543268,89.14948929685285,38,True,14,3
2024-01-04 14:00:00,batch-processing,Data Engineering,230,22.795962947908887,11.23046875,0,0.12926069337716453,100,0.0004472884390417586,90.24874469552515,113,True,14,3
2024-01-04 14:00:00,analytics-platform,Analytics,920,35.160792183173186,8.984375,4,0.5220797095809997,100,0.0017363975134970617,91.054149329381,159,True,14,3
2024-01-04 14:00:00,api-service,Platform,2121,15.515296273907516,10.3564453125,9,0.44192661284975004,100,0.003007179507240839,86.97025676914622,82,True,14,3
2024-01-04 14:00:00,data-pipeline,Data Engineering,287,26.1615304377911,28.02734375,1,0.64947686086731,100,0.00014664427727070767,86.12181804996081,158,True,14,3
2024-01-04 15:00:00,web-app-prod,E-commerce,4122,14.327694983124566,10.0634765625,23,0.5792624805328711,100,0.005880147220455299,90.49470518460392,138,True,15,3
2024-01-04 15:00:00,mobile-app-prod,Mobile,1711,12.739013603088996,3.0076171875,2,0.16727352483360136,100,0.001046750406052204,94.22373558820875,30,True,15,3
2024-01-04 15:00:00,batch-processing,Data Engineering,203,20.94200883721696,9.912109375,1,0.719437942745097,100,0.000282812206754141,95.51927043497645,137,True,15,3
2024-01-04 15:00:00,analytics-platform,Analytics,670,21.597368718191444,6.54296875,5,0.8291647860789657,100,0.0011780874327664687,91.83465036055915,196,True,15,3
2024-01-04 15:00:00,api-service,Platform,1633,19.475926382653576,7.9736328125,12,0.7766200413057616,100,0.0025424677453560135,95.40496452607562,145,True,15,3
2024-01-04 15:00:00,data-pipeline,Data Engineering,347,31.231702612601566,33.88671875,1,0.4652975817758355,100,0.0002377683303769518,94.10100639149664,144,True,15,3
2024-01-04 16:00:00,web-app-prod,E-commerce,5320,16.459735496200523,12.98828125,11,0.22171664193453125,100,0.00782955003571176,92.27641701045687,82,True,16,3
2024-01-04 16:00:00,mobile-app-prod,Mobile,2496,16.371271285195736,4.3875,5,0.2199471775082771,100,0.0028156963690143997,95.98313738566367,85,True,16,3
2024-01-04 16:00:00,batch-processing,Data Engineering,218,18.6253387953429,10.64453125,0,0.14021099879863852,100,0.00012361743394516593,90.53853130578098,188,True,16,3
2024-01-04 16:00:00,analytics-platform,Analytics,858,39.531992405453366,8.37890625,5,0.6059159025475668,100,0.0005513663060924531,92.12708015834122,18,True,16,3
2024-01-04 16:00:00,api-service,Platform,1957,10.723231452622707,9.5556640625,9,0.5003309778801734,100,0.0021233614297105348,91.01855770236709,64,True,16,3
2024-01-04 16:00:00,data-pipeline,Data Engineering,355,34.437955833012104,34.66796875,0,0.1521712993096947,100,0.0004224264097159335,92.75594574305981,181,True,16,3
2024-01-04 17:00:00,web-app-prod,E-commerce,5832,10.604600761383388,14.23828125,33,0.5679139970400737,100,0.004649130094333147,89.27820504819718,82,True,17,3
2024-01-04 17:00:00,mobile-app-prod,Mobile,2711,10.143288483292881,4.7654296875,24,0.8939114753864958,100,0.004420470505713315,88.02360163829023,192,True,17,3
2024-01-04 17:00:00,batch-processing,Data Engineering,231,35.53496842478537,11.279296875,1,0.7696598642240023,100,0.00020127549577292854,91.21823329129481,175,True,17,3
2024-01-04 17:00:00,analytics-platform,Analytics,941,19.355662549538614,9.189453125,2,0.2233705881649741,100,0.0013789466874333182,92.98742252794746,178,True,17,3
2024-01-04 17:00:00,api-service,Platform,2275,32.62128841055954,11.1083984375,17,0.7612931292368962,100,0.0031214377379200115,93.57958762422638,39,True,17,3
2024-01-04 17:00:00,data-pipeline,Data Engineering,299,18.077974851786728,29.19921875,1,0.6057816216475783,100,0.0004837129962772252,86.53254192392474,143,True,17,3
2024-01-04 18:00:00,web-app-prod,E-commerce,6156,18.66163194333964,15.029296875,28,0.46470039366816346,100,0.004318228673519064,97.9259713297588,108,True,18,3
2024-01-04 18:00:00,mobile-app-prod,Mobile,2878,11.11303940087184,5.0589843750000005,16,0.586003770694933,100,0.0040893111803283685,87.0826502359009,150,True,18,3
2024-01-04 18:00:00,batch-processing,Data Engineering,225,38.7626332095701,10.986328125,2,0.9037975468187669,100,0.00040339025203784,97.52893881419959,148,True,18,3
2024-01-04 18:00:00,analytics-platform,Analytics,670,28.7409814032834,6.54296875,2,0.43299926275791906,100,0.0007803718217473943,94.26812158932002,119,True,18,3
2024-01-04 18:00:00,api-service,Platform,1844,20.977446254707267,9.00390625,4,0.24116908903388637,100,0.0022427962656317623,92.68380126922935,23,True,18,3
2024-01-04 18:00:00,data-pipeline,Data Engineering,326,26.376740110666372,31.8359375,1,0.38305632302297643,100,0.00031493558727957975,92.51718293921252,169,True,18,3
2024-01-04 19:00:00,web-app-prod,E-commerce,1176,26.14080929168223,2.87109375,1,0.1213611142994786,100,0.0010467830024520192,91.63760468195943,86,False,19,3
2024-01-04 19:00:00,mobile-app-prod,Mobile,477,15.161588695801331,0.8384765625,0,0.17270689219425647,100,0.0006252985203952685,87.91253629658397,58,False,19,3
2024-01-04 19:00:00,batch-processing,Data Engineering,239,28.768722330823863,11.669921875,0,0.18526036048080197,100,0.0003031763839911664,94.83878803051398,154,False,19,3
2024-01-04 19:00:00,analytics-platform,Analytics,175,13.553295241258569,1.708984375,0,0.19041838725041743,100,0.00031992187219471167,85.91223349025239,31,False,19,3
2024-01-04 19:00:00,api-service,Platform,328,23.404754899520917,1.6015625,0,0.13179653684743708,100,0.0005624555484097296,94.36724521156118,177,False,19,3
2024-01-04 19:00:00,data-pipeline,Data Engineering,279,33.47891503015487,27.24609375,0,0.0879243863341483,100,0.00044935707732389186,86.25741208067898,60,False,19,3
2024-01-04 20:00:00,web-app-prod,E-commerce,1135,18.882920828857657,2.77099609375,1,0.13412833332579968,100,0.0007473858961114207,95.76068297311011,179,False,20,3
2024-01-04 20:00:00,mobile-app-prod,Mobile,502,17.533814158162098,0.882421875,0,0.10664822300721101,100,0.0005597169123431334,94.41180296880665,174,False,20,3
2024-01-04 20:00:00,batch-processing,Data Engineering,210,29.38551528021135,10.25390625,0,0.15045508962146348,100,0.00020943154972807938,93.17903743696986,34,False,20,3
2024-01-04 20:00:00,analytics-platform,Analytics,179,18.948024622644425,1.748046875,0,0.12944160859615778,100,0.0003137262974117373,92.2879507510877,107,False,20,3
2024-01-04 20:00:00,api-service,Platform,457,26.369996130119475,2.2314453125,0,0.06708661899293325,100,0.0005597827714551434,86.33137203059175,54,False,20,3
2024-01-04 20:00:00,data-pipeline,Data Engineering,331,16.378510653145334,32.32421875,0,0.19644050644537092,100,0.0003526633556718424,88.87773498475642,84,False,20,3
2024-01-04 21:00:00,web-app-prod,E-commerce,1024,36.820911797407284,2.5,1,0.1683756993483208,100,0.0010416516788435317,88.60691858662513,116,False,21,3
2024-01-04 21:00:00,mobile-app-prod,Mobile,606,23.63799642235507,1.065234375,1,0.18798764158341927,100,0.0006174563874759137,88.11685422123644,175,False,21,3
2024-01-04 21:00:00,batch-processing,Data Engineering,216,13.674490067653355,10.546875,0,0.13310377319513955,100,0.00031558176467090656,95.2742315045718,62,False,21,3
2024-01-04 21:00:00,analytics-platform,Analytics,176,28.912243889424225,1.71875,0,0.08119835014840547,100,9.688126202840028e-05,97.40740636628006,155,False,21,3
2024-01-04 21:00:00,api-service,Platform,370,36.85217614971264,1.806640625,0,0.18180704922225685,100,0.00028702785831956524,87.99815080918444,82,False,21,3
2024-01-04 21:00:00,data-pipeline,Data Engineering,262,39.936279320983985,25.5859375,0,0.08348554904667599,100,0.0001637427424230263,88.43359132376114,30,False,21,3
2024-01-04 22:00:00,web-app-prod,E-commerce,956,36.618717487160495,2.333984375,0,0.06302258006115005,100,0.0004996074649575008,97.04703317846806,152,False,22,3
2024-01-04 22:00:00,mobile-app-prod,Mobile,751,25.58147762830179,1.3201171875,0,0.08551448866913332,100,0.0012031163125000024,88.8317829569216,23,False,22,3
2024-01-04 22:00:00,batch-processing,Data Engineering,289,18.76218217065148,14.111328125,0,0.15350082239085222,100,0.0002787158093963985,96.47024172620121,108,False,22,3
2024-01-04 22:00:00,analytics-platform,Analytics,185,31.110334610954837,1.806640625,0,0.14520910881559496,100,0.00023311274807630294,87.7026080168802,180,False,22,3
2024-01-04 22:00:00,api-service,Platform,400,32.517433126323795,1.953125,0,0.12122734774995286,100,0.0003533436073733008,86.78653399987309,20,False,22,3
2024-01-04 22:00:00,data-pipeline,Data Engineering,319,14.337508743377084,31.15234375,0,0.06520112354082933,100,0.0002701403666423194,91.00530326844155,156,False,22,3
2024-01-04 23:00:00,web-app-prod,E-commerce,1047,10.799026545152241,2.55615234375,0,0.06859139538359378,100,0.0019204429154626116,85.47930176871807,17,False,23,3
2024-01-04 23:00:00,mobile-app-prod,Mobile,756,25.859599907283297,1.32890625,0,0.11651417034282438,100,0.0012284660588150582,92.24519739898778,88,False,23,3
2024-01-04 23:00:00,batch-processing,Data Engineering,206,39.1059609602617,10.05859375,0,0.1096109824375785,100,0.0002647528430979565,94.93279335633214,71,False,23,3
2024-01-04 23:00:00,analytics-platform,Analytics,187,13.375398779803266,1.826171875,0,0.11921548968450535,100,9.979910129123542e-05,88.93075793608409,121,False,23,3
2024-01-04 23:00:00,api-service,Platform,361,34.537280890722144,1.7626953125,0,0.1752748695163971,100,0.00040599277384688933,97.78505761640031,74,False,23,3
2024-01-04 23:00:00,data-pipeline,Data Engineering,287,32.63895570028511,28.02734375,0,0.06464256912972095,100,0.0004546931023421891,87.51838728062268,161,False,23,3
2024-01-05 00:00:00,web-app-prod,E-commerce,929,32.455577507766805,2.26806640625,1,0.16320072544804617,100,0.0007554657581632096,85.099086400736,28,False,0,4
2024-01-05 00:00:00,mobile-app-prod,Mobile,903,11.477140480017486,1.5873046875,0,0.07177451003883342,100,0.0012956007594043355,94.37187249354307,67,False,0,4
2024-01-05 00:00:00,batch-processing,Data Engineering,225,36.51650927009388,10.986328125,0,0.12180916626527896,100,0.00018273990415719973,86.05858177994851,72,False,0,4
2024-01-05 00:00:00,analytics-platform,Analytics,232,34.10398232288848,2.265625,0,0.1904345329573692,100,0.0004079739111411128,92.97296471069194,164,False,0,4
2024-01-05 00:00:00,api-service,Platform,401,11.25582948193879,1.9580078125,0,0.10350666500718933,100,0.0006834116711748383,87.73456603138014,35,False,0,4
2024-01-05 00:00:00,data-pipeline,Data Engineering,290,19.641769396061342,28.3203125,0,0.17909761756644713,100,0.00024790227184071654,93.9385459869306,67,False,0,4
2024-01-05 01:00:00,web-app-prod,E-commerce,998,21.06234558032854,2.4365234375,1,0.122665403435981,100,0.0016125541497493546,97.2377501703396,165,False,1,4
2024-01-05 01:00:00,mobile-app-prod,Mobile,776,35.276929602840696,1.3640625,1,0.15607416981151767,100,0.0007449127787986502,97.79158656820857,125,False,1,4
2024-01-05 01:00:00,batch-processing,Data Engineering,263,15.199332799944722,12.841796875,0,0.055988271225844356,100,0.0003401546585085582,87.50211216437003,87,False,1,4
2024-01-05 01:00:00,analytics-platform,Analytics,165,32.36091663666233,1.611328125,0,0.12210308095051545,100,0.00021464798591545726,92.23148417584923,155,False,1,4
2024-01-05 01:00:00,api-service,Platform,323,10.863504031382986,1.5771484375,0,0.09373884095537922,100,0.0002465794715244151,92.78232093809466,79,False,1,4
2024-01-05 01:00:00,data-pipeline,Data Engineering,269,30.647681050425355,26.26953125,0,0.07836315740892426,100,0.0002140378683297472,90.57695924723657,39,False,1,4
2024-01-05 02:00:00,web-app-prod,E-commerce,738,26.30484999291321,1.8017578125,0,0.05759846314397293,100,0.0005666984216521354,96.16213601366381,52,False,2,4
2024-01-05 02:00:00,mobile-app-prod,Mobile,689,35.72076009662085,1.2111328125,0,0.061440626085065536,100,0.0009656729474455362,89.58279382515961,82,False,2,4
2024-01-05 02:00:00,batch-processing,Data Engineering,1670,13.900940132934965,81.54296875,3,0.19112990656927703,100,0.002049515582645717,95.04628873374271,163,False,2,4
2024-01-05 02:00:00,analytics-platform,Analytics,193,31.513437587902338,1.884765625,0,0.12489873216052633,100,0.00026400326686811594,95.70231811028692,43,False,2,4
2024-01-05 02:00:00,api-service,Platform,422,38.504558282135406,2.060546875,0,0.15713614752553523,100,0.0007088894464748196,86.26021001613134,137,False,2,4
2024-01-05 02:00:00,data-pipeline,Data Engineering,272,30.749318921338507,26.5625,0,0.11177135547325903,100,0.00025410184374422137,85.22288977322336,181,False,2,4
2024-01-05 03:00:00,web-app-prod,E-commerce,589,15.572287623771492,1.43798828125,0,0.1463664208560793,100,0.0004908440627382721,95.1884927288524,125,False,3,4
2024-01-05 03:00:00,mobile-app-prod,Mobile,698,33.6696891533988,1.226953125,1,0.19527563233491377,100,0.000685760967860646,96.79682886054076,41,False,3,4
2024-01-05 03:00:00,batch-processing,Data Engineering,1619,24.03495791915445,79.052734375,0,0.054612675670124566,100,0.0009153317363028325,97.34192573256647,126,False,3,4
2024-01-05 03:00:00,analytics-platform,Analytics,236,37.80930065605875,2.3046875,0,0.14831467495744763,100,0.00030661340293016695,95.96149031951626,80,False,3,4
2024-01-05 03:00:00,api-service,Platform,325,18.7152388697985,1.5869140625,0,0.1924048694615956,100,0.0003670221559414218,94.98658400701848,193,False,3,4
2024-01-05 03:00:00,data-pipeline,Data Engineering,329,32.235202864233216,32.12890625,0,0.19352915338203333,100,0.0004942615625154206,96.99314002057046,14,False,3,4
2024-01-05 04:00:00,web-app-prod,E-commerce,595,23.13150825238343,1.45263671875,0,0.09061497896249361,100,0.0007199382047120098,85.72712643726608,185,False,4,4
2024-01-05 04:00:00,mobile-app-prod,Mobile,892,34.41583342863331,1.5679687500000001,0,0.0935307322226956,100,0.0013806407231323372,90.71084327280629,135,False,4,4
2024-01-05 04:00:00,batch-processing,Data Engineering,1503,26.941092176354427,73.388671875,1,0.11830614020959324,100,0.002028784292589937,93.6020728314389,184,False,4,4
2024-01-05 04:00:00,analytics-platform,Analytics,205,36.563661870129735,2.001953125,0,0.11486500568019191,100,0.00040743524825679174,96.06021990752814,131,False,4,4
2024-01-05 04:00:00,api-service,Platform,341,20.1440714937792,1.6650390625,0,0.06780974760262819,100,0.00060738541873929,85.09871825677914,15,False,4,4
2024-01-05 04:00:00,data-pipeline,Data Engineering,246,29.135181641889986,24.0234375,0,0.1660496109402823,100,0.00022725683647108316,97.41287749166064,71,False,4,4
2024-01-05 05:00:00,web-app-prod,E-commerce,434,33.73328486239302,1.0595703125,0,0.09288418521213766,100,0.0004633335192099305,94.09140921894434,99,False,5,4
2024-01-05 05:00:00,mobile-app-prod,Mobile,738,38.07345887572215,1.297265625,0,0.07928044236570889,100,0.0013785471074282327,97.35067204285839,43,False,5,4
2024-01-05 05:00:00,batch-processing,Data Engineering,202,23.759011151542538,9.86328125,0,0.12385215666399015,100,0.00014876120265433832,85.66861187180315,149,False,5,4
2024-01-05 05:00:00,analytics-platform,Analytics,172,22.64849917099304,1.6796875,0,0.1057326230481943,100,0.00028312889116800257,95.94665921885945,193,False,5,4
2024-01-05 05:00:00,api-service,Platform,419,38.22779036690959,2.0458984375,0,0.09379138482798771,100,0.0008060318396348105,85.99408971894009,135,False,5,4
2024-01-05 05:00:00,data-pipeline,Data Engineering,271,25.713570534799125,26.46484375,0,0.0628880882847333,100,0.0004108204343264261,91.32128685191668,41,False,5,4
2024-01-05 06:00:00,web-app-prod,E-commerce,495,31.291598928526152,1.20849609375,0,0.11128050195428024,100,0.0005767148143724261,87.9469333454489,12,False,6,4
2024-01-05 06:00:00,mobile-app-prod,Mobile,642,23.6867633074259,1.1285156250000001,0,0.15111892366461932,100,0.0012644533655167003,92.6820746601727,46,False,6,4
2024-01-05 06:00:00,batch-processing,Data Engineering,244,13.305493380085359,11.9140625,0,0.16111207861129345,100,0.0002389342707461775,88.98497419386453,64,False,6,4
2024-01-05 06:00:00,analytics-platform,Analytics,182,23.30438601858592,1.77734375,0,0.09087257642794344,100,0.00021400175180564114,95.06891341646747,169,False,6,4
2024-01-05 06:00:00,api-service,Platform,405,30.475754089132145,1.9775390625,0,0.1197143577361098,100,0.0004191325785690389,90.61213734677291,60,False,6,4
2024-01-05 06:00:00,data-pipeline,Data Engineering,269,28.335452924768436,26.26953125,0,0.07758220012670301,100,0.00048384338105258437,94.49891787976925,11,False,6,4
2024-01-05 07:00:00,web-app-prod,E-commerce,427,18.574443946565466,1.04248046875,0,0.0680713130480181,100,0.0007245499777786177,88.4852630331984,104,False,7,4
2024-01-05 07:00:00,mobile-app-prod,Mobile,762,17.870743326408114,1.3394531250000001,0,0.12375205671489296,100,0.0010567152391426939,94.19341195862299,63,False,7,4
2024-01-05 07:00:00,batch-processing,Data Engineering,224,17.71030310314425,10.9375,0,0.058385932515474234,100,0.0003450805468260853,87.74305595731207,95,False,7,4
2024-01-05 07:00:00,analytics-platform,Analytics,236,23.916028995125984,2.3046875,0,0.1291324676161502,100,0.00014742544619949355,95.25079109797309,156,False,7,4
2024-01-05 07:00:00,api-service,Platform,359,27.201869863481125,1.7529296875,0,0.19168578528743144,100,0.0006305164081337346,88.17601163030871,69,False,7,4
2024-01-05 07:00:00,data-pipeline,Data Engineering,346,27.724725681949234,33.7890625,0,0.18736215638341464,100,0.00041752217800008524,85.41494644357327,137,False,7,4
2024-01-05 08:00:00,web-app-prod,E-commerce,442,13.215181236495194,1.0791015625,0,0.06114073734506957,100,0.0006602947029930658,93.81811296685036,163,False,8,4
2024-01-05 08:00:00,mobile-app-prod,Mobile,612,14.864938725364619,1.0757812500000001,0,0.06491530577767035,100,0.0011628264288876028,91.24142835438458,88,False,8,4
2024-01-05 08:00:00,batch-processing,Data Engineering,260,16.05556922065955,12.6953125,0,0.16922258989173136,100,0.00042003175423288916,88.9375706659413,59,False,8,4
2024-01-05 08:00:00,analytics-platform,Analytics,205,17.532591390503384,2.001953125,0,0.136578191165446,100,0.00023261500402369938,89.52156808010659,32,False,8,4
2024-01-05 08:00:00,api-service,Platform,325,23.854913957532666,1.5869140625,0,0.0747129749246416,100,0.00035553498961205296,85.73163475804193,127,False,8,4
2024-01-05 08:00:00,data-pipeline,Data Engineering,254,29.89239588076166,24.8046875,0,0.06302010913077992,100,0.00048542128973813896,85.78428836562537,12,False,8,4
2024-01-05 09:00:00,web-app-prod,E-commerce,2442,35.83277248811151,5.9619140625,18,0.7509247429731963,100,0.00396681240562015,92.66904415343689,190,True,9,4
2024-01-05 09:00:00,mobile-app-prod,Mobile,3102,11.761959872103153,5.452734375,22,0.7106794531900746,100,0.003220136207801219,86.41644390208555,193,True,9,4
2024-01-05 09:00:00,batch-processing,Data Engineering,209,15.747948274106776,10.205078125,1,0.6678182119456761,100,0.0002626472227745884,94.8428546427654,156,True,9,4
2024-01-05 09:00:00,analytics-platform,Analytics,812,35.80214568345201,7.9296875,6,0.8054043706212387,100,0.0005916990070679526,94.90966832091647,139,True,9,4
2024-01-05 09:00:00,api-service,Platform,1816,34.63976861095374,8.8671875,5,0.3001640471710905,100,0.002814071747449432,91.66949986688925,167,True,9,4
2024-01-05 09:00:00,data-pipeline,Data Engineering,273,39.6036120672899,26.66015625,0,0.25984048321333936,100,0.0002460588808766382,85.09227519295929,95,True,9,4
2024-01-05 10:00:00,web-app-prod,E-commerce,2000,14.995456726351744,4.8828125,19,0.9606235511663563,100,0.002150205074217065,93.97415468493922,184,True,10,4
2024-01-05 10:00:00,mobile-app-prod,Mobile,2995,15.824451200153002,5.2646484375,20,0.6723164982764248,100,0.004739391571125215,91.74543208730007,57,True,10,4
2024-01-05 10:00:00,batch-processing,Data Engineering,238,32.86301070787771,11.62109375,2,0.9236999183520809,100,0.0001363025357226074,94.87180500827237,75,True,10,4
2024-01-05 10:00:00,analytics-platform,Analytics,786,11.109353245189936,7.67578125,3,0.48507611909150783,100,0.001410203048291509,94.3060212456746,42,True,10,4
2024-01-05 10:00:00,api-service,Platform,1783,18.169344144540094,8.7060546875,13,0.7782282048223467,100,0.0030835608020182,85.29749236249758,187,True,10,4
2024-01-05 10:00:00,data-pipeline,Data Engineering,269,39.85669851359877,26.26953125,1,0.6308470333427445,100,0.0004330676023288945,96.1836748509503,64,True,10,4
2024-01-05 11:00:00,web-app-prod,E-commerce,2506,31.590637661777386,6.1181640625,15,0.6168772017190022,100,0.0045704144306670195,93.69020164266534,168,True,11,4
2024-01-05 11:00:00,mobile-app-prod,Mobile,2654,26.85845762606163,4.665234375,13,0.5166110680263388,100,0.0021514628986726305,88.43791751484233,149,True,11,4
2024-01-05 11:00:00,batch-processing,Data Engineering,293,32.998785679817516,14.306640625,0,0.2716111113294727,100,0.0004821912872187427,96.10859197405398,31,True,11,4
2024-01-05 11:00:00,analytics-platform,Analytics,799,33.54935313373776,7.802734375,7,0.9944851496780337,100,0.001012098452284602,93.81473614662957,19,True,11,4
2024-01-05 11:00:00,api-service,Platform,2398,23.743923296201885,11.708984375,23,0.9833823981983778,100,0.0027338452808892124,90.07975761515819,45,True,11,4
2024-01-05 11:00:00,data-pipeline,Data Engineering,303,24.716521981133923,29.58984375,0,0.14271197951463244,100,0.0005014024254003868,85.4617285170225,125,True,11,4
2024-01-05 12:00:00,web-app-prod,E-commerce,3317,13.242809384506984,8.09814453125,5,0.16452428162177296,100,0.003685433248349634,96.02123616228124,106,True,12,4
2024-01-05 12:00:00,mobile-app-prod,Mobile,2256,39.54537087832764,3.965625,2,0.13136292273964542,100,0.0029073961399462846,86.40250667341957,90,True,12,4
2024-01-05 12:00:00,batch-processing,Data Engineering,243,15.873468422504548,11.865234375,0,0.36288057291451464,100,0.00016788948269826727,89.14888788221037,25,True,12,4
2024-01-05 12:00:00,analytics-platform,Analytics,655,26.00879676746565,6.396484375,2,0.31607608135671367,100,0.0006010920846123739,94.08432274692973,194,True,12,4
2024-01-05 12:00:00,api-service,Platform,2152,33.86752324347775,10.5078125,4,0.2055026551477379,100,0.0025846055876744996,92.55065408287172,40,True,12,4
2024-01-05 12:00:00,data-pipeline,Data Engineering,316,26.48943286504039,30.859375,1,0.581862049899661,100,0.0001689898209716037,93.50910537861617,121,True,12,4
2024-01-05 13:00:00,web-app-prod,E-commerce,3408,19.094981519961117,8.3203125,6,0.20073906294693936,100,0.003795329206549065,96.45090418430125,18,True,13,4
2024-01-05 13:00:00,mobile-app-prod,Mobile,2551,13.947304176151771,4.4841796875,19,0.7716004625894621,100,0.003522063248859014,97.21119543065824,152,True,13,4
2024-01-05 13:00:00,batch-processing,Data Engineering,298,14.676658579800446,14.55078125,2,0.9561087137292322,100,0.0003156010049037399,89.47127896568487,87,True,13,4
2024-01-05 13:00:00,analytics-platform,Analytics,717,21.80489547104195,7.001953125,2,0.4132941004970476,100,0.0013181121409141833,93.34268706739266,51,True,13,4
2024-01-05 13:00:00,api-service,Platform,2231,26.852926808056996,10.8935546875,15,0.6769471014503557,100,0.0021092393682283408,95.43136290663023,26,True,13,4
2024-01-05 13:00:00,data-pipeline,Data Engineering,251,29.4824745938352,24.51171875,1,0.7515008344050081,100,0.0001829071768501365,93.82419285704299,48,True,13,4
2024-01-05 14:00:00,web-app-prod,E-commerce,4571,39.263234980771855,11.15966796875,36,0.7943468796437613,100,0.006747574856667977,96.30517386112018,21,True,14,4
2024-01-05 14:00:00,mobile-app-prod,Mobile,2286,12.222131586799875,4.018359375,11,0.511009618209238,100,0.004288883006409452,89.43858583476687,125,True,14,4
2024-01-05 14:00:00,batch-processing,Data Engineering,222,34.907302453302876,10.83984375,1,0.5349239011378061,100,0.00017514884415979897,90.48342380811705,37,True,14,4
2024-01-05 14:00:00,analytics-platform,Analytics,934,37.75982847085076,9.12109375,1,0.16866338748914425,100,0.0017765958094989956,97.16933267530382,49,True,14,4
2024-01-05 14:00:00,api-service,Platform,2133,29.51342817637135,10.4150390625,9,0.44246022969309584,100,0.001963263311583488,93.8930336352933,113,True,14,4
2024-01-05 14:00:00,data-pipeline,Data Engineering,348,39.8963412923972,33.984375,2,0.8227431201715075,100,0.0005051374405113328,92.49296183164617,76,True,14,4
2024-01-05 15:00:00,web-app-prod,E-commerce,4995,31.154499424580354,12.19482421875,35,0.714935307085148,100,0.00675713002525489,97.89815223061622,178,True,15,4
2024-01-05 15:00:00,mobile-app-prod,Mobile,1987,31.80477977134987,3.4927734375,18,0.9430241365843216,100,0.0031383714303456958,97.78044303068798,16,True,15,4
2024-01-05 15:00:00,batch-processing,Data Engineering,202,15.685998518166564,9.86328125,0,0.23810596197850545,100,0.0003152620818939289,90.68337571170662,17,True,15,4
2024-01-05 15:00:00,analytics-platform,Analytics,883,29.83762396800359,8.623046875,2,0.2864264327590381,100,0.0015052332373486968,87.19293557882453,158,True,15,4
2024-01-05 15:00:00,api-service,Platform,2267,28.176852418493628,11.0693359375,2,0.11140899827908489,100,0.0044815085362706186,91.07144225226295,149,True,15,4
2024-01-05 15:00:00,data-pipeline,Data Engineering,324,18.46172868149502,31.640625,1,0.5516116234435022,100,0.00027511619426998833,85.68597994545424,191,True,15,4
2024-01-05 16:00:00,web-app-prod,E-commerce,5016,30.79025154557279,12.24609375,43,0.8649899572653108,100,0.006548944256477553,90.17914564692978,144,True,16,4
2024-01-05 16:00:00,mobile-app-prod,Mobile,2091,13.073863168212467,3.6755859375,12,0.6148547270280207,100,0.0015061998928466967,97.39180960100515,18,True,16,4
2024-01-05 16:00:00,batch-processing,Data Engineering,252,20.544960191164396,12.3046875,1,0.5150433184816099,100,0.00047031772861670196,89.04490049499772,141,True,16,4
2024-01-05 16:00:00,analytics-platform,Analytics,839,38.62314122423405,8.193359375,3,0.4138340514686347,100,0.0004935513091571321,86.1742870477601,64,True,16,4
2024-01-05 16:00:00,api-service,Platform,1898,35.919277366277186,9.267578125,16,0.8685385194524365,100,0.002858577963162321,85.56553593713505,130,True,16,4
2024-01-05 16:00:00,data-pipeline,Data Engineering,303,18.699267072598182,29.58984375,2,0.6742514196947801,100,0.0003840918756785627,87.25432814281204,166,True,16,4
2024-01-05 17:00:00,web-app-prod,E-commerce,5571,38.777466592976324,13.60107421875,45,0.8168864464635538,100,0.009597974567123633,85.00172250220469,124,True,17,4
2024-01-05 17:00:00,mobile-app-prod,Mobile,2567,37.05260069051437,4.5123046875,18,0.7094358866799068,100,0.0029937954072237556,85.04468558672023,112,True,17,4
2024-01-05 17:00:00,batch-processing,Data Engineering,256,13.979023496552681,12.5,1,0.6997308742495577,100,0.0003565095689896235,92.67214813147605,50,True,17,4
2024-01-05 17:00:00,analytics-platform,Analytics,930,37.205667362055124,9.08203125,7,0.8288314079145577,100,0.0009559884995653112,97.16477244702872,68,True,17,4
2024-01-05 17:00:00,api-service,Platform,2205,17.663298412206252,10.7666015625,21,0.988362722230023,100,0.0018355705593345953,93.22065047745498,109,True,17,4
2024-01-05 17:00:00,data-pipeline,Data Engineering,314,11.961237264351746,30.6640625,1,0.3841080551332955,100,0.0001704081410344768,92.89214483472091,47,True,17,4
2024-01-05 18:00:00,web-app-prod,E-commerce,5798,24.700479119070025,14.1552734375,36,0.6234178874374127,100,0.010721625256586563,91.95273742375062,60,True,18,4
2024-01-05 18:00:00,mobile-app-prod,Mobile,2643,29.793852597480168,4.6458984375000005,20,0.7826349144411588,100,0.0014335927535372784,91.02890738635679,139,True,18,4
2024-01-05 18:00:00,batch-processing,Data Engineering,248,33.90516423058338,12.109375,2,0.8136139007396928,100,0.00040023129315700385,88.85935934631696,197,True,18,4
2024-01-05 18:00:00,analytics-platform,Analytics,884,17.647099894142276,8.6328125,1,0.17420731194998407,100,0.0005335432807952067,89.07279282888176,44,True,18,4
2024-01-05 18:00:00,api-service,Platform,2012,18.98626597408451,9.82421875,19,0.9630787785445336,100,0.0019248169289906825,89.53779653252612,134,True,18,4
2024-01-05 18:00:00,data-pipeline,Data Engineering,281,25.07460989057636,27.44140625,1,0.5123923558235408,100,0.0002538292500902711,95.25537688440474,73,True,18,4
2024-01-05 19:00:00,web-app-prod,E-commerce,1228,15.025749467619791,2.998046875,1,0.15080792732258833,100,0.0007724990162025874,91.18369148697015,69,False,19,4
2024-01-05 19:00:00,mobile-app-prod,Mobile,505,28.938217773285718,0.8876953125,0,0.1626087467204105,100,0.0004131791709143157,86.97219674643898,51,False,19,4
2024-01-05 19:00:00,batch-processing,Data Engineering,235,13.140323589332073,11.474609375,0,0.07626590967084536,100,0.00031567285697866226,87.52271856280034,91,False,19,4
2024-01-05 19:00:00,analytics-platform,Analytics,213,11.630841474220201,2.080078125,0,0.1717978201499181,100,0.00011677820423027576,89.81034852896661,57,False,19,4
2024-01-05 19:00:00,api-service,Platform,421,11.124014223226363,2.0556640625,0,0.10338622311619394,100,0.0007123464121876603,92.42150881928973,11,False,19,4
2024-01-05 19:00:00,data-pipeline,Data Engineering,292,21.971616158952486,28.515625,0,0.12263097387323071,100,0.0002674797358489149,88.17269869417008,195,False,19,4
2024-01-05 20:00:00,web-app-prod,E-commerce,1120,20.393172388796167,2.734375,0,0.05420686447120117,100,0.0013647096531888192,87.65225022242143,65,False,20,4
2024-01-05 20:00:00,mobile-app-prod,Mobile,635,28.083767765441465,1.1162109375,1,0.1817787994249919,100,0.0006834822079705636,89.34089844728365,175,False,20,4
2024-01-05 20:00:00,batch-processing,Data Engineering,280,23.38309515655768,13.671875,0,0.17774728653363342,100,0.00047284306834920924,96.73369093045457,17,False,20,4
2024-01-05 20:00:00,analytics-platform,Analytics,173,12.234259383078715,1.689453125,0,0.13495178235058786,100,9.036472452984976e-05,90.76519309736298,68,False,20,4
2024-01-05 20:00:00,api-service,Platform,341,25.063271532310914,1.6650390625,0,0.16946500462024233,100,0.0003810322748499055,97.52677224251839,98,False,20,4
2024-01-05 20:00:00,data-pipeline,Data Engineering,252,34.73718704426359,24.609375,0,0.18395707472265269,100,0.00046557375554487124,93.69270938694257,74,False,20,4
2024-01-05 21:00:00,web-app-prod,E-commerce,1096,33.2199981278948,2.67578125,1,0.17551210198082814,100,0.001598230810956891,97.45884963892446,199,False,21,4
2024-01-05 21:00:00,mobile-app-prod,Mobile,614,12.626126645706758,1.079296875,0,0.10108587063753559,100,0.0011205898087512526,93.8878679421351,137,False,21,4
2024-01-05 21:00:00,batch-processing,Data Engineering,269,26.597688726267723,13.134765625,0,0.11585942551178952,100,0.00023156445588392644,92.61021289754899,73,False,21,4
2024-01-05 21:00:00,analytics-platform,Analytics,219,22.927013654439595,2.138671875,0,0.1884731637794563,100,0.00034710850348598164,85.79281890507609,151,False,21,4
2024-01-05 21:00:00,api-service,Platform,434,37.820436757474766,2.119140625,0,0.18846676457343361,100,0.000734772782100211,86.63056048870715,105,False,21,4
2024-01-05 21:00:00,data-pipeline,Data Engineering,269,23.949206380518863,26.26953125,0,0.06596869514168067,100,0.00029016199890449025,93.08809853393541,105,False,21,4
2024-01-05 22:00:00,web-app-prod,E-commerce,929,34.279911605897055,2.26806640625,1,0.11386311228198877,100,0.0008969954913885727,86.34763688220342,170,False,22,4
2024-01-05 22:00:00,mobile-app-prod,Mobile,675,31.016492121216025,1.1865234375,0,0.12785346995899793,100,0.0004895616113029705,93.90559855764046,15,False,22,4
2024-01-05 22:00:00,batch-processing,Data Engineering,276,28.589415785805215,13.4765625,0,0.061963502098837886,100,0.000290504403456676,86.2401682661156,65,False,22,4
2024-01-05 22:00:00,analytics-platform,Analytics,169,35.554844340658406,1.650390625,0,0.055712510503413734,100,9.053297257602402e-05,85.76023658707943,123,False,22,4
2024-01-05 22:00:00,api-service,Platform,344,13.046334891188494,1.6796875,0,0.08801023563378296,100,0.0005320999342844556,91.78698643623177,115,False,22,4
2024-01-05 22:00:00,data-pipeline,Data Engineering,336,35.51200784866997,32.8125,0,0.169214733231326,100,0.0006526357734886721,91.74047429572687,43,False,22,4
2024-01-05 23:00:00,web-app-prod,E-commerce,956,39.404631669550284,2.333984375,1,0.19743661124220985,100,0.0017556953136201852,90.6270178171509,130,False,23,4
2024-01-05 23:00:00,mobile-app-prod,Mobile,794,17.0750665822284,1.395703125,0,0.06973966623149026,100,0.0012143197681207696,94.79850670312415,25,False,23,4
2024-01-05 23:00:00,batch-processing,Data Engineering,290,35.015110000489315,14.16015625,0,0.13579606999656832,100,0.00021456919714415087,90.5019509366743,52,False,23,4
2024-01-05 23:00:00,analytics-platform,Analytics,202,23.2781706240797,1.97265625,0,0.16569794774972882,100,0.00020738462769400432,85.08820238891133,163,False,23,4
2024-01-05 23:00:00,api-service,Platform,328,25.531308573588227,1.6015625,0,0.1270962927684537,100,0.0002597993304233724,95.19005290514423,97,False,23,4
2024-01-05 23:00:00,data-pipeline,Data Engineering,331,37.51619027821392,32.32421875,0,0.11939850239674638,100,0.0006161567359418413,92.46365688015683,76,False,23,4
2024-01-06 00:00:00,web-app-prod,E-commerce,980,14.64225850904383,2.392578125,1,0.16425037799340203,100,0.0004935372607003851,89.85625776700525,180,False,0,5
2024-01-06 00:00:00,mobile-app-prod,Mobile,781,14.227335714469998,1.3728515625,1,0.15720334981002196,100,0.0004392621090102027,85.9175504383716,89,False,0,5
2024-01-06 00:00:00,batch-processing,Data Engineering,239,30.78381582590228,11.669921875,0,0.13621410017156332,100,0.0004336327578671024,90.55884557126629,151,False,0,5
2024-01-06 00:00:00,analytics-platform,Analytics,180,13.317342793281522,1.7578125,0,0.09412901979322104,100,0.00013236692918932363,88.19440634913029,151,False,0,5
2024-01-06 00:00:00,api-service,Platform,438,17.16510310253494,2.138671875,0,0.16515682064862067,100,0.0006230429579118364,91.7657619173968,44,False,0,5
2024-01-06 00:00:00,data-pipeline,Data Engineering,322,23.569005276833717,31.4453125,0,0.08370472271403322,100,0.00044841609012441383,87.28443891381833,89,False,0,5
2024-01-06 01:00:00,web-app-prod,E-commerce,1013,21.3934973406085,2.47314453125,1,0.17479237550669716,100,0.0008247850303909836,88.38169004089625,171,False,1,5
2024-01-06 01:00:00,mobile-app-prod,Mobile,646,37.310043329243996,1.135546875,0,0.06554477348909529,100,0.0003466053148121551,90.86329823190916,159,False,1,5
2024-01-06 01:00:00,batch-processing,Data Engineering,223,16.09723861485247,10.888671875,0,0.09912931213343673,100,0.0003511390215692902,96.25208924371121,195,False,1,5
2024-01-06 01:00:00,analytics-platform,Analytics,169,24.550686731703287,1.650390625,0,0.050179410256330256,100,0.00015639413174227152,90.2764732787401,113,False,1,5
2024-01-06 01:00:00,api-service,Platform,425,38.221763251094636,2.0751953125,0,0.16736727336667895,100,0.0006174308755717946,92.43686429629977,171,False,1,5
2024-01-06 01:00:00,data-pipeline,Data Engineering,313,16.030681578089084,30.56640625,0,0.18098495688935123,100,0.0004748648592628197,88.8823770606432,132,False,1,5
2024-01-06 02:00:00,web-app-prod,E-commerce,877,18.25557942168493,2.14111328125,0,0.08917383196948507,100,0.0013114797055723236,95.37068541103673,19,False,2,5
2024-01-06 02:00:00,mobile-app-prod,Mobile,695,28.115638982525144,1.2216796875,0,0.13850378661135102,100,0.0011048233642915407,90.50754490843053,152,False,2,5
2024-01-06 02:00:00,batch-processing,Data Engineering,1217,20.105073878184193,59.423828125,1,0.1086726684297489,100,0.0015193827431093047,91.74085135356664,160,False,2,5
2024-01-06 02:00:00,analytics-platform,Analytics,223,16.187206209073324,2.177734375,0,0.15889013240686584,100,0.00025389446332970105,95.07659294822373,144,False,2,5
2024-01-06 02:00:00,api-service,Platform,460,18.22266624307803,2.24609375,0,0.12613720937880668,100,0.0006330067543524451,94.38472605598965,47,False,2,5
2024-01-06 02:00:00,data-pipeline,Data Engineering,335,29.8897441795293,32.71484375,0,0.12411985562995864,100,0.0006161344802742645,90.68267216792641,102,False,2,5
2024-01-06 03:00:00,web-app-prod,E-commerce,783,21.2034391508139,1.91162109375,0,0.12078378262994839,100,0.00049973892389254,93.78052386229172,113,False,3,5
2024-01-06 03:00:00,mobile-app-prod,Mobile,643,22.586604448472784,1.1302734375,0,0.08583300253994719,100,0.0006523955484546373,91.36243668975801,43,False,3,5
2024-01-06 03:00:00,batch-processing,Data Engineering,1284,34.75335913221967,62.6953125,2,0.16400461783849135,100,0.001182690902234276,93.45640996795618,170,False,3,5
2024-01-06 03:00:00,analytics-platform,Analytics,179,10.099021772943388,1.748046875,0,0.17073690016200402,100,0.00012373411089828921,90.88462056502519,53,False,3,5
2024-01-06 03:00:00,api-service,Platform,330,11.140475895433491,1.611328125,0,0.17621181747381184,100,0.00044066000402911103,95.66408008633934,10,False,3,5
2024-01-06 03:00:00,data-pipeline,Data Engineering,357,31.64142597233693,34.86328125,0,0.14321511101744577,100,0.0006588959344719306,91.56358952053664,173,False,3,5
2024-01-06 04:00:00,web-app-prod,E-commerce,678,13.122499092491072,1.6552734375,0,0.13894807119683775,100,0.0012945190931223283,92.4774203108384,154,False,4,5
2024-01-06 04:00:00,mobile-app-prod,Mobile,719,14.152579044156692,1.2638671875,1,0.17139769285926285,100,0.001089362402528066,85.93567638355971,60,False,4,5
2024-01-06 04:00:00,batch-processing,Data Engineering,1673,27.603538211711253,81.689453125,2,0.12923999483174164,100,0.0023551305675066562,91.78334944437859,175,False,4,5
2024-01-06 04:00:00,analytics-platform,Analytics,174,20.231672977186925,1.69921875,0,0.0975281803050562,100,0.00026383183609654705,88.18347649631525,191,False,4,5
2024-01-06 04:00:00,api-service,Platform,368,14.725204238308532,1.796875,0,0.05056906528938226,100,0.0003421048527419303,92.75744134077436,172,False,4,5
2024-01-06 04:00:00,data-pipeline,Data Engineering,318,14.309624284300023,31.0546875,0,0.17773538338750086,100,0.0001675840107775491,95.4508052416632,10,False,4,5
2024-01-06 05:00:00,web-app-prod,E-commerce,559,21.42019320351408,1.36474609375,0,0.05223336548633364,100,0.0009462211692280123,87.26521912728138,79,False,5,5
2024-01-06 05:00:00,mobile-app-prod,Mobile,703,10.387971626868236,1.2357421875,1,0.148565499738475,100,0.0007059821555206516,95.70512594442503,28,False,5,5
2024-01-06 05:00:00,batch-processing,Data Engineering,259,21.917937886830043,12.646484375,0,0.14858554558436257,100,0.0003483260375582144,96.84209622964562,140,False,5,5
2024-01-06 05:00:00,analytics-platform,Analytics,227,33.20866338483369,2.216796875,0,0.17734684807388953,100,0.0002812061713466321,92.40804021855641,139,False,5,5
2024-01-06 05:00:00,api-service,Platform,395,26.367902047960786,1.9287109375,0,0.08817506574747394,100,0.0004953482115865249,95.42611418992517,140,False,5,5
2024-01-06 05:00:00,data-pipeline,Data Engineering,271,15.82655015869395,26.46484375,0,0.19044529490863718,100,0.00026599556609871905,90.32074344552974,77,False,5,5
2024-01-06 06:00:00,web-app-prod,E-commerce,505,21.687709438317395,1.23291015625,0,0.07500113107572547,100,0.0009187242850411767,85.47482689139686,37,False,6,5
2024-01-06 06:00:00,mobile-app-prod,Mobile,748,38.11703572740203,1.31484375,0,0.05963722597865091,100,0.001384930935838897,93.86753114074415,142,False,6,5
2024-01-06 06:00:00,batch-processing,Data Engineering,291,36.346607894817666,14.208984375,0,0.10152396929591152,100,0.0004409293580583468,95.18495997846259,117,False,6,5
2024-01-06 06:00:00,analytics-platform,Analytics,198,19.38405492050388,1.93359375,0,0.1960589550137409,100,0.00018260204791736774,92.86335391727022,48,False,6,5
2024-01-06 06:00:00,api-service,Platform,466,25.7693186247857,2.275390625,0,0.06582311728538996,100,0.00035898025286902813,96.93247748136237,112,False,6,5
2024-01-06 06:00:00,data-pipeline,Data Engineering,286,27.198855087710808,27.9296875,0,0.11759310433081473,100,0.0003987011086753723,92.0177079059768,91,False,6,5
2024-01-06 07:00:00,web-app-prod,E-commerce,405,18.48760543148252,0.98876953125,0,0.09590493721737016,100,0.0002244376934513697,86.93321408435605,102,False,7,5
2024-01-06 07:00:00,mobile-app-prod,Mobile,767,16.333416204817482,1.3482421875000001,1,0.13067596370898255,100,0.0008471025547110532,97.60093041338831,193,False,7,5
2024-01-06 07:00:00,batch-processing,Data Engineering,275,30.42172922780671,13.427734375,0,0.18122059074099284,100,0.0003784376239149614,97.15317306419654,184,False,7,5
2024-01-06 07:00:00,analytics-platform,Analytics,180,25.115347790650286,1.7578125,0,0.14756701339905925,100,0.00029818835878590616,93.96999841908507,142,False,7,5
2024-01-06 07:00:00,api-service,Platform,392,30.24104042274924,1.9140625,0,0.17339800727441276,100,0.0006201076050708746,90.00536374395222,117,False,7,5
2024-01-06 07:00:00,data-pipeline,Data Engineering,277,28.123000379010424,27.05078125,0,0.08730912125739321,100,0.00020554188218481254,87.10450464932046,16,False,7,5
2024-01-06 08:00:00,web-app-prod,E-commerce,376,14.397838616047796,0.91796875,0,0.15878859416383434,100,0.0005438135133772156,95.39508169100452,112,False,8,5
2024-01-06 08:00:00,mobile-app-prod,Mobile,503,14.878165392680996,0.8841796875,0,0.19501727703694197,100,0.0002855225628186377,97.73198314468837,21,False,8,5
2024-01-06 08:00:00,batch-processing,Data Engineering,202,20.80701988111642,9.86328125,0,0.08121800899738908,100,0.0002282870710934569,88.00605474885755,17,False,8,5
2024-01-06 08:00:00,analytics-platform,Analytics,219,36.61046089289744,2.138671875,0,0.10904412154036283,100,0.0002775664833930017,85.45050432120495,169,False,8,5
2024-01-06 08:00:00,api-service,Platform,366,33.632543026216794,1.787109375,0,0.09713876842318833,100,0.00020276293727015013,89.66242404421365,126,False,8,5
2024-01-06 08:00:00,data-pipeline,Data Engineering,343,15.844792136982022,33.49609375,0,0.09207827773868268,100,0.00048643775411256053,88.7032941778314,82,False,8,5
2024-01-06 09:00:00,web-app-prod,E-commerce,334,31.97973134557191,0.8154296875,0,0.12051531366861289,100,0.0002028751704193408,95.43342453697839,71,False,9,5
2024-01-06 09:00:00,mobile-app-prod,Mobile,555,31.678496381553558,0.9755859375,0,0.09419046495215218,100,0.00048491235776024644,95.64247023896587,151,False,9,5
2024-01-06 09:00:00,batch-processing,Data Engineering,290,33.393846576476975,14.16015625,0,0.13899103300464513,100,0.0005563656441347797,86.26267428093345,96,False,9,5
2024-01-06 09:00:00,analytics-platform,Analytics,236,26.876782354924106,2.3046875,0,0.11363568962450624,100,0.0004556680911881402,94.58331125228885,135,False,9,5
2024-01-06 09:00:00,api-service,Platform,389,33.40429932721689,1.8994140625,0,0.05805355398439742,100,0.0007380677818439587,94.08698535875949,145,False,9,5
2024-01-06 09:00:00,data-pipeline,Data Engineering,312,18.434678848486804,30.46875,0,0.17633966606197138,100,0.0003562101279315446,97.269996784516,61,False,9,5
2024-01-06 10:00:00,web-app-prod,E-commerce,523,22.790725471359792,1.27685546875,0,0.10221137947914417,100,0.0003916303875563319,89.05769739569732,141,False,10,5
2024-01-06 10:00:00,mobile-app-prod,Mobile,598,13.758293979553375,1.051171875,0,0.11924618907400218,100,0.0011161008492426947,86.82869219432867,79,False,10,5
2024-01-06 10:00:00,batch-processing,Data Engineering,226,30.751118825366948,11.03515625,0,0.11654625046566879,100,0.0004291484531352402,94.82389850424292,172,False,10,5
2024-01-06 10:00:00,analytics-platform,Analytics,224,28.630530824027712,2.1875,0,0.18324297068828438,100,0.00035309553094902324,88.11834727220518,90,False,10,5
2024-01-06 10:00:00,api-service,Platform,380,38.10057435781563,1.85546875,0,0.05053547680890885,100,0.000532881294408053,89.20031416949622,19,False,10,5
2024-01-06 10:00:00,data-pipeline,Data Engineering,296,15.387371592910576,28.90625,0,0.1271305567456085,100,0.0005476260757775581,87.91843606755471,170,False,10,5
2024-01-06 11:00:00,web-app-prod,E-commerce,574,33.13998401528514,1.4013671875,0,0.06802067921378548,100,0.00029949127445758625,96.99740887676757,37,False,11,5
2024-01-06 11:00:00,mobile-app-prod,Mobile,430,33.39140535114334,0.755859375,0,0.11061488008323231,100,0.00027528281238724424,91.61457353050714,139,False,11,5
2024-01-06 11:00:00,batch-processing,Data Engineering,256,11.293693820509915,12.5,0,0.13633752563303786,100,0.0005011854320007143,95.51297808393826,153,False,11,5
2024-01-06 11:00:00,analytics-platform,Analytics,214,22.83845655081429,2.08984375,0,0.07321700134552393,100,0.00030509002305052324,97.16392901371846,87,False,11,5
2024-01-06 11:00:00,api-service,Platform,380,16.335662462061734,1.85546875,0,0.1309789364873352,100,0.0004303076699860422,97.49882030620091,10,False,11,5
2024-01-06 11:00:00,data-pipeline,Data Engineering,357,26.592068158450235,34.86328125,0,0.06022036749694604,100,0.0006063122957075496,86.16498917982167,29,False,11,5
2024-01-06 12:00:00,web-app-prod,E-commerce,494,30.601158813845142,1.2060546875,0,0.13781367280267584,100,0.00044834029695635196,94.02717496049789,71,False,12,5
2024-01-06 12:00:00,mobile-app-prod,Mobile,473,36.5303827829687,0.8314453125,0,0.12950245584987008,100,0.0007084923128676981,90.19455521728463,38,False,12,5
2024-01-06 12:00:00,batch-processing,Data Engineering,212,29.466086603680786,10.3515625,0,0.07985863080282071,100,0.00040642043518926153,91.64472289476657,17,False,12,5
2024-01-06 12:00:00,analytics-platform,Analytics,174,16.23886208088546,1.69921875,0,0.10265915089592974,100,0.00015405798931466123,89.23939762754871,64,False,12,5
2024-01-06 12:00:00,api-service,Platform,333,31.134028118160668,1.6259765625,0,0.09255690238730435,100,0.0006606834119836687,93.4512881298633,89,False,12,5
2024-01-06 12:00:00,data-pipeline,Data Engineering,355,18.6815462902184,34.66796875,0,0.08756630930958754,100,0.0004884612959756732,86.49156348515771,38,False,12,5
2024-01-06 13:00:00,web-app-prod,E-commerce,752,14.742792446343563,1.8359375,0,0.0620280536107363,100,0.0010021775675950518,91.48552034858332,54,False,13,5
2024-01-06 13:00:00,mobile-app-prod,Mobile,455,32.56481511255551,0.7998046875,0,0.18478861540690528,100,0.0002497546166027428,85.60957940079378,40,False,13,5
2024-01-06 13:00:00,batch-processing,Data Engineering,290,12.511136399832441,14.16015625,0,0.1663866122573622,100,0.00042542354685111205,92.57204907315342,175,False,13,5
2024-01-06 13:00:00,analytics-platform,Analytics,198,16.693406280265886,1.93359375,0,0.16944629528134578,100,0.000101792467922343,89.64543316910695,90,False,13,5
2024-01-06 13:00:00,api-service,Platform,368,19.088832991172588,1.796875,0,0.08440685173514044,100,0.0003158784997714458,94.84262192092616,21,False,13,5
2024-01-06 13:00:00,data-pipeline,Data Engineering,353,17.67656438982364,34.47265625,0,0.18829308524980734,100,0.0006093244628221927,86.53203950663293,157,False,13,5
2024-01-06 14:00:00,web-app-prod,E-commerce,934,18.8653988674357,2.2802734375,0,0.08158727036372981,100,0.0016402048340842597,85.24997398170217,42,False,14,5
2024-01-06 14:00:00,mobile-app-prod,Mobile,397,23.722400300127592,0.6978515625,0,0.1668062587769518,100,0.0006497356204122635,91.21132551588194,41,False,14,5
2024-01-06 14:00:00,batch-processing,Data Engineering,271,19.451560367453972,13.232421875,0,0.13445059163836176,100,0.0002652618568064089,85.36116876572208,21,False,14,5
2024-01-06 14:00:00,analytics-platform,Analytics,167,20.059078222729582,1.630859375,0,0.08231076572763996,100,0.00026088052227319904,93.63897617691175,99,False,14,5
2024-01-06 14:00:00,api-service,Platform,406,34.51316445541633,1.982421875,0,0.176823718297365,100,0.0007617846328505037,90.07455747511375,13,False,14,5
2024-01-06 14:00:00,data-pipeline,Data Engineering,252,26.450656743741636,24.609375,0,0.1999278489568111,100,0.00047988918750173023,89.33314662938571,40,False,14,5
2024-01-06 15:00:00,web-app-prod,E-commerce,788,11.587458480188696,1.923828125,1,0.1564383361407001,100,0.0009871108339938777,94.82919514944118,96,False,15,5
2024-01-06 15:00:00,mobile-app-prod,Mobile,473,31.02421363623334,0.8314453125,0,0.08219240583916503,100,0.0004684694802224959,96.40783567695173,27,False,15,5
2024-01-06 15:00:00,batch-processing,Data Engineering,241,25.018247847079017,11.767578125,0,0.05256083138407886,100,0.00026956616069168224,95.44525932304032,154,False,15,5
2024-01-06 15:00:00,analytics-platform,Analytics,228,38.77460055771988,2.2265625,0,0.12127385078679755,100,0.0003863575864842925,93.38949832998028,43,False,15,5
2024-01-06 15:00:00,api-service,Platform,461,31.139939670364026,2.2509765625,0,0.13461197151048168,100,0.0008243245913610799,87.8396920520971,150,False,15,5
2024-01-06 15:00:00,data-pipeline,Data Engineering,286,15.822752834127538,27.9296875,0,0.05806238939403348,100,0.00035316514329236903,90.2555575326481,141,False,15,5
2024-01-06 16:00:00,web-app-prod,E-commerce,1065,26.961546108240753,2.60009765625,1,0.09474156950985504,100,0.000737811936522353,89.59397043675747,53,False,16,5
2024-01-06 16:00:00,mobile-app-prod,Mobile,443,13.69805822700957,0.7787109375,0,0.10245836449491469,100,0.0003897302967350612,96.33621543347368,164,False,16,5
2024-01-06 16:00:00,batch-processing,Data Engineering,293,24.70492134624027,14.306640625,0,0.12250038389523155,100,0.00019171864978606196,88.43241304538014,91,False,16,5
2024-01-06 16:00:00,analytics-platform,Analytics,192,23.600313077835967,1.875,0,0.12408524121113491,100,0.00022653762510364096,89.53833489268295,137,False,16,5
2024-01-06 16:00:00,api-service,Platform,462,19.818205804417016,2.255859375,0,0.0799212551563412,100,0.0005673390301539043,87.36385822742355,156,False,16,5
2024-01-06 16:00:00,data-pipeline,Data Engineering,334,17.392216375267058,32.6171875,0,0.12871159019565023,100,0.00034551170066094165,96.15754734518164,87,False,16,5
2024-01-06 17:00:00,web-app-prod,E-commerce,1201,37.25154174783914,2.93212890625,2,0.17058308596145055,100,0.0017298989943565436,87.08256649078481,169,False,17,5
2024-01-06 17:00:00,mobile-app-prod,Mobile,482,36.26655147812295,0.847265625,0,0.11590576490098888,100,0.0004687012195480378,97.92730859774788,60,False,17,5
2024-01-06 17:00:00,batch-processing,Data Engineering,290,13.14436097133164,14.16015625,0,0.190913234318041,100,0.0002668213250101589,96.47212038620057,111,False,17,5
2024-01-06 17:00:00,analytics-platform,Analytics,197,18.07527943276689,1.923828125,0,0.16616927398074324,100,0.000328563637892081,93.52195122353193,116,False,17,5
2024-01-06 17:00:00,api-service,Platform,378,32.74676686587386,1.845703125,0,0.15129936004270517,100,0.0006152572029997926,85.3313071150313,60,False,17,5
2024-01-06 17:00:00,data-pipeline,Data Engineering,321,19.16088137321509,31.34765625,0,0.11067216152906302,100,0.00046973130933368603,97.89676820190778,13,False,17,5
2024-01-06 18:00:00,web-app-prod,E-commerce,1225,12.58605706312899,2.99072265625,2,0.1882446373764362,100,0.0007156521924660858,91.69919997756622,144,False,18,5
2024-01-06 18:00:00,mobile-app-prod,Mobile,528,37.75634547940105,0.928125,0,0.13570761873934903,100,0.0006044041679683854,91.38113248754246,191,False,18,5
2024-01-06 18:00:00,batch-processing,Data Engineering,267,29.445507246175133,13.037109375,0,0.101297171047093,100,0.00044251435095258397,90.49323328230011,97,False,18,5
2024-01-06 18:00:00,analytics-platform,Analytics,230,22.122858917288326,2.24609375,0,0.12349928777276371,100,0.00018299258670725912,88.46392876780862,70,False,18,5
2024-01-06 18:00:00,api-service,Platform,468,24.970038052868702,2.28515625,0,0.1550709045966401,100,0.00029138998735113317,96.50804903938422,117,False,18,5
2024-01-06 18:00:00,data-pipeline,Data Engineering,249,31.91519886274246,24.31640625,0,0.06632941604939928,100,0.00014559135422112474,96.35651342959318,71,False,18,5
2024-01-06 19:00:00,web-app-prod,E-commerce,1205,14.647395123304374,2.94189453125,1,0.08724512175548667,100,0.0012963732094335163,89.12877813128074,87,False,19,5
2024-01-06 19:00:00,mobile-app-prod,Mobile,569,19.927787041564997,1.0001953125,0,0.16069158662213628,100,0.0010875001725891259,95.19546685042894,189,False,19,5
2024-01-06 19:00:00,batch-processing,Data Engineering,262,25.543599833111443,12.79296875,0,0.15682902975925503,100,0.0002169606128043226,97.56140982150697,127,False,19,5
2024-01-06 19:00:00,analytics-platform,Analytics,215,22.723593319447595,2.099609375,0,0.11468898961903003,100,0.0001492815149186459,85.96372535829232,32,False,19,5
2024-01-06 19:00:00,api-service,Platform,479,38.35698783200229,2.3388671875,0,0.1567159632018049,100,0.0008536643104588813,91.3580788512149,37,False,19,5
2024-01-06 19:00:00,data-pipeline,Data Engineering,284,11.33710910576317,27.734375,0,0.12196464272742724,100,0.00045777979569195233,94.2474502189709,128,False,19,5
2024-01-06 20:00:00,web-app-prod,E-commerce,1338,13.800514889341798,3.2666015625,2,0.1783295967670688,100,0.002062878867992354,95.50915602560211,56,False,20,5
2024-01-06 20:00:00,mobile-app-prod,Mobile,691,10.395405971933027,1.2146484375,0,0.0921426678818709,100,0.00045073687821390695,86.42146188707734,71,False,20,5
2024-01-06 20:00:00,batch-processing,Data Engineering,231,16.171324574495316,11.279296875,0,0.14414234630428746,100,0.0002562664063765752,86.54409219790303,111,False,20,5
2024-01-06 20:00:00,analytics-platform,Analytics,201,14.86460863590778,1.962890625,0,0.19663376722027043,100,0.0003156399599757849,90.05313329984827,135,False,20,5
2024-01-06 20:00:00,api-service,Platform,323,30.865947039936746,1.5771484375,0,0.08386445363429225,100,0.0006046603196648553,91.13862474720912,72,False,20,5
2024-01-06 20:00:00,data-pipeline,Data Engineering,271,38.45342382091914,26.46484375,0,0.17137732646399562,100,0.0002303467479644568,94.87139236769148,200,False,20,5
2024-01-06 21:00:00,web-app-prod,E-commerce,1231,23.920623696790948,3.00537109375,1,0.11218928220574068,100,0.0010944240519515456,96.12961164383886,178,False,21,5
2024-01-06 21:00:00,mobile-app-prod,Mobile,603,35.03181400466613,1.0599609375,0,0.10472293053501859,100,0.0010296806343978392,87.32054777824627,27,False,21,5
2024-01-06 21:00:00,batch-processing,Data Engineering,276,38.17563228934729,13.4765625,0,0.16715039237150203,100,0.00024868667809355057,92.04451405979212,71,False,21,5
2024-01-06 21:00:00,analytics-platform,Analytics,216,13.400696191686615,2.109375,0,0.18279615682281766,100,0.00014341481119373333,94.64680122743658,195,False,21,5
2024-01-06 21:00:00,api-service,Platform,468,10.001427766466911,2.28515625,0,0.17648813692660903,100,0.0009355193644834053,97.02693186711679,56,False,21,5
2024-01-06 21:00:00,data-pipeline,Data Engineering,299,19.27372566744914,29.19921875,0,0.10093166021879493,100,0.0002967072092438392,97.99804741578343,141,False,21,5
2024-01-06 22:00:00,web-app-prod,E-commerce,1059,32.20222395859573,2.58544921875,1,0.1007087383784486,100,0.0008847951358056665,89.67375797967381,49,False,22,5
2024-01-06 22:00:00,mobile-app-prod,Mobile,821,10.707062696800637,1.4431640625,0,0.1086989546126507,100,0.0010198838427036994,95.168738836198,57,False,22,5
2024-01-06 22:00:00,batch-processing,Data Engineering,245,32.590581931588076,11.962890625,0,0.06479731093680516,100,0.0003222097724338471,88.33001135522407,61,False,22,5
2024-01-06 22:00:00,analytics-platform,Analytics,238,33.651341871453205,2.32421875,0,0.09750516848759283,100,0.00034112646251585805,90.20381180190259,48,False,22,5
2024-01-06 22:00:00,api-service,Platform,467,17.614979307611645,2.2802734375,0,0.1576859848273856,100,0.00026117160114561135,90.29883615797765,134,False,22,5
2024-01-06 22:00:00,data-pipeline,Data Engineering,274,27.588018018763087,26.7578125,0,0.06663209019759324,100,0.0002990897924873738,86.91567681196084,39,False,22,5
2024-01-06 23:00:00,web-app-prod,E-commerce,1152,14.169340392449683,2.8125,0,0.05817196241620895,100,0.0022494474313228944,91.01841906022631,122,False,23,5
2024-01-06 23:00:00,mobile-app-prod,Mobile,608,29.544199975964666,1.06875,0,0.08711178151363624,100,0.00045898827297277754,87.41399474298214,41,False,23,5
2024-01-06 23:00:00,batch-processing,Data Engineering,212,22.25050034859283,10.3515625,0,0.12462452719067267,100,0.00021626100157479158,93.81479865052593,34,False,23,5
2024-01-06 23:00:00,analytics-platform,Analytics,236,22.64105980150162,2.3046875,0,0.19913368296423642,100,0.00016256573831001635,96.90964676894971,63,False,23,5
2024-01-06 23:00:00,api-service,Platform,341,31.25676342832447,1.6650390625,0,0.1470073293712689,100,0.0006551141476463779,93.41927053229041,200,False,23,5
2024-01-06 23:00:00,data-pipeline,Data Engineering,298,39.71221014658328,29.1015625,0,0.07814689539244012,100,0.000423355053782855,87.28016310106504,128,False,23,5
2024-01-07 00:00:00,web-app-prod,E-commerce,1058,10.987633315984596,2.5830078125,1,0.13747669968080392,100,0.0010170069671843033,95.75262402428339,172,False,0,6
2024-01-07 00:00:00,mobile-app-prod,Mobile,767,31.504037300873584,1.3482421875000001,0,0.0935104490648146,100,0.0004699551231059231,92.14116223508283,27,False,0,6
2024-01-07 00:00:00,batch-processing,Data Engineering,285,24.51092937867629,13.916015625,0,0.17878262738198542,100,0.0005171708322807437,89.88682789525406,141,False,0,6
2024-01-07 00:00:00,analytics-platform,Analytics,220,22.6686638716426,2.1484375,0,0.1445933857924342,100,0.00036219153765531707,87.52328625863255,86,False,0,6
2024-01-07 00:00:00,api-service,Platform,435,23.798132171345536,2.1240234375,0,0.10976060452790887,100,0.000746623198337936,96.015507750648,130,False,0,6
2024-01-07 00:00:00,data-pipeline,Data Engineering,290,32.18166326512928,28.3203125,0,0.18901088611002648,100,0.0005560377863282071,87.77686905645463,165,False,0,6
