timestamp,eviction_policy,cache_hit_rate_percent,cache_miss_rate_percent,eviction_rate_per_sec,memory_usage_percent,avg_access_time_ms,policy_switches,active_access_pattern,cost_per_hit_ms,total_cost_ms,cache_size_mb,items_cached,is_peak_hour
2024-01-01 00:00:00,ARC,93.36841128222616,6.631588717773839,0.8370160431277219,62.86205685992421,0.22921138280581665,0,zipfian,0.03359218627668555,33.59218627668555,1024,1334423,False
2024-01-01 00:00:00,LRU,89.4807950204325,10.519204979567508,0.8646585388439519,72.79019482106031,0.383595157564231,0,temporal_locality,0.03980446904040195,39.80446904040195,1024,870555,False
2024-01-01 00:00:00,LFU,83.86622595037697,16.133774049623028,0.6087156386401987,73.040828384024,0.4371443972157366,0,zipfian,0.028572259329367994,28.572259329367995,1024,1932789,False
2024-01-01 00:00:00,W-TinyLFU,93.46908700934374,6.530912990656268,0.14322165233868006,61.57475328970903,0.2885883831364163,0,temporal_locality,0.048649265719125805,48.64926571912581,1024,1749551,False
2024-01-01 00:00:00,Adaptive,94.31512365651716,5.684876343482836,0.2754441617430074,84.5944877093348,0.1697959892218345,3,zipfian,0.04300208171038734,43.00208171038734,1024,1684343,False
2024-01-01 00:30:00,ARC,93.06213855890124,6.937861441098758,0.14683263452868725,79.91726598684983,0.11337609273334498,0,scanning,0.016071472043151878,16.07147204315188,1024,1357208,False
2024-01-01 00:30:00,LRU,86.51436811825421,13.485631881745785,0.316121231891756,64.92186495216852,0.3330751202117941,0,temporal_locality,0.01615652928887525,16.156529288875248,1024,1250320,False
2024-01-01 00:30:00,LFU,85.59900457606523,14.40099542393477,0.136563826628856,79.5879526609866,0.23088254544788753,0,random,0.040440293858060375,40.44029385806037,1024,1011431,False
2024-01-01 00:30:00,W-TinyLFU,93.96396626241071,6.036033737589297,0.5795652303276979,67.4274786608284,0.4776902034835019,0,mixed,0.042872207160939195,42.8722071609392,1024,539502,False
2024-01-01 00:30:00,Adaptive,94.20798941187948,5.792010588120522,0.4275939758138553,79.51910528341917,0.2630354922434202,3,scanning,0.048446999974829666,48.446999974829666,1024,958396,False
2024-01-01 01:00:00,ARC,93.32269720479637,6.677302795203632,0.8302533554170773,80.43243836873323,0.19279514490386573,0,mixed,0.047722338015524245,47.722338015524244,1024,1917004,False
2024-01-01 01:00:00,LRU,86.87282637749408,13.127173622505929,0.23345572927365157,77.90117936744701,0.2857827692335424,0,temporal_locality,0.017544194384498557,17.544194384498557,1024,1272113,False
2024-01-01 01:00:00,LFU,85.94775247121686,14.052247528783147,0.7280504738160302,83.42852979979725,0.22914136342204472,0,random,0.017401122476638782,17.401122476638783,1024,1165944,False
2024-01-01 01:00:00,W-TinyLFU,95.80423114343401,4.195768856565996,0.9495497017718085,79.35656293860896,0.3457481503867037,0,mixed,0.023843797268677566,23.843797268677566,1024,1443522,False
2024-01-01 01:00:00,Adaptive,97.90858341259295,2.0914165874070467,0.2739045190631981,80.07599197077947,0.3702587209373972,0,scanning,0.02677042927664522,26.77042927664522,1024,1147966,False
2024-01-01 01:30:00,ARC,92.37098320294292,7.6290167970570755,0.3624813303823097,85.04238995455296,0.13130275179425982,0,scanning,0.027636104734794775,27.636104734794774,1024,643935,False
2024-01-01 01:30:00,LRU,86.33844824436441,13.661551755635582,0.9626313183030044,65.3774488437435,0.28727047614636647,0,temporal_locality,0.04030337375032257,40.30337375032257,1024,894631,False
2024-01-01 01:30:00,LFU,83.82271945582018,16.177280544179816,0.9478909438351488,70.85956650889088,0.28201737536463717,0,random,0.01590320574452294,15.90320574452294,1024,1019381,False
2024-01-01 01:30:00,W-TinyLFU,92.40433310927875,7.595666890721242,0.907636395180501,60.92180294951205,0.3979243236222899,0,random,0.024084538242579293,24.084538242579292,1024,1059774,False
2024-01-01 01:30:00,Adaptive,97.82322472782197,2.176775272178033,0.9876704430400868,72.79613989443695,0.23764412583910166,1,zipfian,0.02713714809131717,27.13714809131717,1024,613548,False
2024-01-01 02:00:00,ARC,91.2479814865975,8.752018513402504,0.11699532801743634,73.28807630157851,0.4127676839045512,0,temporal_locality,0.03194730285788477,31.947302857884768,1024,753445,False
2024-01-01 02:00:00,LRU,87.81935115237614,12.180648847623853,0.6260068684090969,91.4974070107086,0.26548110754559384,0,zipfian,0.03671674350290612,36.71674350290612,1024,1151516,False
2024-01-01 02:00:00,LFU,86.05253798582898,13.94746201417102,0.9979236585664397,74.00967265823016,0.2671440202679308,0,scanning,0.015398427010642304,15.398427010642305,1024,1220312,False
2024-01-01 02:00:00,W-TinyLFU,94.6900088291342,5.309991170865802,0.700463965625016,60.66855654439783,0.47476776300481627,0,temporal_locality,0.04198157215981583,41.981572159815826,1024,1127283,False
2024-01-01 02:00:00,Adaptive,96.00478011837755,3.995219881622447,0.8311542170114552,78.77108675587598,0.19884058070681127,2,scanning,0.04706840868576432,47.06840868576432,1024,1289742,False
2024-01-01 02:30:00,ARC,93.24950313204523,6.750496867954769,0.20741972104016107,92.72080730211175,0.4346810744511487,0,mixed,0.01473054221881399,14.73054221881399,1024,1824929,False
2024-01-01 02:30:00,LRU,87.66717988479033,12.332820115209664,0.9851768864386555,67.28390105104643,0.26076613712659125,0,zipfian,0.035234906637505385,35.23490663750538,1024,1555230,False
2024-01-01 02:30:00,LFU,83.40088353369369,16.59911646630632,0.4996956741652221,91.95258945377748,0.4671767737926371,0,zipfian,0.034885877945541,34.885877945541004,1024,1097653,False
2024-01-01 02:30:00,W-TinyLFU,93.11012144727687,6.889878552723127,0.32565282979334903,85.93577398844857,0.3960545078023493,0,random,0.01872582339089071,18.72582339089071,1024,927032,False
2024-01-01 02:30:00,Adaptive,97.83972972289433,2.160270277105669,0.7775132988212858,85.23582617950183,0.3621293854680466,1,zipfian,0.034419724301675135,34.41972430167513,1024,1606375,False
2024-01-01 03:00:00,ARC,90.78642282355447,9.21357717644552,0.37635907537110325,65.61307282488208,0.39675074593810655,0,temporal_locality,0.016439844462334777,16.439844462334776,1024,1151471,False
2024-01-01 03:00:00,LRU,88.68211288223196,11.317887117768032,0.69281953758554,93.12926554204375,0.3212354042133203,0,scanning,0.014387856870405606,14.387856870405606,1024,1996381,False
2024-01-01 03:00:00,LFU,85.36130356536592,14.638696434634092,0.8059663490028587,63.260344035223184,0.4681275875276937,0,zipfian,0.01640295084776193,16.40295084776193,1024,1864939,False
2024-01-01 03:00:00,W-TinyLFU,93.72236295289865,6.277637047101347,0.4363621501094467,70.77082826033302,0.36286743786226394,0,zipfian,0.01811674927121331,18.116749271213312,1024,895655,False
2024-01-01 03:00:00,Adaptive,97.59592603694598,2.404073963054021,0.6288072282417569,81.08331884811741,0.43521696327203896,0,scanning,0.04679465256474694,46.79465256474694,1024,1041890,False
2024-01-01 03:30:00,ARC,93.315994972919,6.684005027080997,0.31273239757167537,69.13586028136567,0.48663120775959745,0,scanning,0.04273439311640906,42.73439311640906,1024,1731094,False
2024-01-01 03:30:00,LRU,88.10723518316702,11.89276481683298,0.9974609042121669,64.62954240233955,0.48321176506393904,0,zipfian,0.014293265535301707,14.293265535301707,1024,1787057,False
2024-01-01 03:30:00,LFU,85.80999664588008,14.190003354119918,0.9180118742363429,61.38984681150416,0.44227336665435146,0,scanning,0.027017824348930464,27.017824348930464,1024,1366247,False
2024-01-01 03:30:00,W-TinyLFU,95.59465357474764,4.405346425252354,0.7854071885239491,84.73728002503049,0.3530421409174046,0,zipfian,0.04570222216702712,45.702222167027124,1024,527766,False
2024-01-01 03:30:00,Adaptive,97.88695642928273,2.1130435707172657,0.762136858758334,75.72489201061322,0.16965395591042298,1,zipfian,0.023796673847303065,23.796673847303065,1024,1079800,False
2024-01-01 04:00:00,ARC,91.63385648816896,8.366143511831037,0.4878804438195805,73.23585717440523,0.194308384415228,0,temporal_locality,0.014836830485880453,14.836830485880453,1024,1252444,False
2024-01-01 04:00:00,LRU,88.55044689712766,11.449553102872345,0.4059952510188034,76.58286588230632,0.21205057147458195,0,zipfian,0.03562409068514851,35.62409068514851,1024,1412328,False
2024-01-01 04:00:00,LFU,83.98547802539589,16.01452197460411,0.3750808166812353,86.35818536485863,0.21174572149288592,0,zipfian,0.046216048000580844,46.21604800058084,1024,1632511,False
2024-01-01 04:00:00,W-TinyLFU,92.8367273106802,7.1632726893197995,0.41896174283195564,93.05367184653836,0.41844749323768904,0,scanning,0.03490840211472107,34.90840211472107,1024,1882743,False
2024-01-01 04:00:00,Adaptive,96.5246933386841,3.475306661315891,0.8705812619592597,82.4420420134329,0.43359133211776535,1,zipfian,0.049871648876783956,49.87164887678396,1024,828827,False
2024-01-01 04:30:00,ARC,90.31379775419417,9.68620224580583,0.2873571006604203,81.76995428688639,0.37882311629631127,0,zipfian,0.022881637305392548,22.881637305392548,1024,1081086,False
2024-01-01 04:30:00,LRU,89.37359508182827,10.626404918171728,0.793456331945283,63.97088163242057,0.48639964531724766,0,mixed,0.029612908035337088,29.61290803533709,1024,1767177,False
2024-01-01 04:30:00,LFU,84.68784861255575,15.312151387444251,0.454473568263545,72.36128699095485,0.357583611525064,0,zipfian,0.045575322700611966,45.57532270061196,1024,1358732,False
2024-01-01 04:30:00,W-TinyLFU,93.15425451428092,6.845745485719079,0.7916883429978621,67.24067421492875,0.1739191144477577,0,mixed,0.02143111221312101,21.431112213121008,1024,735342,False
2024-01-01 04:30:00,Adaptive,97.00439281374103,2.995607186258964,0.27248444398644933,92.42529762469186,0.4202036883020671,2,zipfian,0.027365474537616147,27.365474537616148,1024,778971,False
2024-01-01 05:00:00,ARC,93.1449843206228,6.855015679377208,0.23671144050986392,78.19324424832749,0.42970097896675763,0,random,0.03274355768579994,32.743557685799935,1024,839513,False
2024-01-01 05:00:00,LRU,88.76933640590757,11.230663594092437,0.8000637982464274,72.35672482866893,0.37991717900044575,0,temporal_locality,0.02381396013052306,23.81396013052306,1024,770901,False
2024-01-01 05:00:00,LFU,85.22288443217995,14.777115567820054,0.678950451713663,71.5418275456677,0.14183657950457157,0,scanning,0.018102977111639978,18.102977111639976,1024,1321762,False
2024-01-01 05:00:00,W-TinyLFU,95.09853043543681,4.901469564563188,0.6685911137674364,94.65393637070605,0.1728734823167662,0,scanning,0.031142717585098158,31.142717585098158,1024,634665,False
2024-01-01 05:00:00,Adaptive,97.41583291776634,2.584167082233657,0.9974100671975036,72.40087257145036,0.32446656892451353,0,random,0.024556117098599232,24.55611709859923,1024,1220327,False
2024-01-01 05:30:00,ARC,93.04847171846458,6.951528281535413,0.9119304496768997,85.18095165207065,0.27922164423968077,0,mixed,0.02748321925314612,27.483219253146117,1024,1246537,False
2024-01-01 05:30:00,LRU,86.70870186403985,13.291298135960151,0.8207332181068187,80.6429198174081,0.16054442451296885,0,temporal_locality,0.035735875569932615,35.73587556993262,1024,1425412,False
2024-01-01 05:30:00,LFU,86.4725201704321,13.52747982956789,0.4974128189673347,88.63357711479048,0.41659371616811247,0,scanning,0.01880285188082094,18.80285188082094,1024,1714769,False
2024-01-01 05:30:00,W-TinyLFU,92.15395194052944,7.846048059470556,0.8383623029171132,75.589885298332,0.44620110070716135,0,mixed,0.04745205566019861,47.45205566019861,1024,1562920,False
2024-01-01 05:30:00,Adaptive,94.83717955467684,5.162820445323158,0.49910912864539736,82.24335336176387,0.132006076579656,1,mixed,0.019309383432032794,19.309383432032796,1024,1154418,False
2024-01-01 06:00:00,ARC,91.16537801382614,8.834621986173863,0.7663222148685878,64.52056445463701,0.2127460101364872,0,scanning,0.04477779579496259,44.77779579496259,1024,912960,False
2024-01-01 06:00:00,LRU,88.12068250141269,11.879317498587316,0.36464945794845793,91.78244922109184,0.25310438292209236,0,scanning,0.048457339244667726,48.45733924466773,1024,1419259,False
2024-01-01 06:00:00,LFU,86.16905034737111,13.830949652628888,0.1012682500440365,75.68793773762164,0.2615362387474912,0,zipfian,0.010055109119765069,10.055109119765069,1024,1420044,False
2024-01-01 06:00:00,W-TinyLFU,93.00753756706253,6.992462432937474,0.9325236743172464,82.05265507851416,0.30530435409592893,0,temporal_locality,0.03591808622418697,35.91808622418697,1024,936518,False
2024-01-01 06:00:00,Adaptive,97.463855704857,2.5361442951430058,0.6286605671112769,75.79193693828195,0.4014934653620583,1,scanning,0.04267954733988296,42.67954733988296,1024,713427,False
2024-01-01 06:30:00,ARC,92.53907094772684,7.4609290522731575,0.604664819336953,63.45108419540938,0.14911466195839168,0,zipfian,0.04051417238041143,40.51417238041143,1024,1557234,False
2024-01-01 06:30:00,LRU,89.51351962767085,10.486480372329154,0.7865845199822227,67.94587548293175,0.1397790920717822,0,scanning,0.039219400769703976,39.219400769703974,1024,1759874,False
2024-01-01 06:30:00,LFU,85.92726983122918,14.07273016877082,0.5387976719402757,92.44541152860751,0.48396390963849345,0,scanning,0.04710051733718119,47.10051733718119,1024,1370209,False
2024-01-01 06:30:00,W-TinyLFU,93.17413871366846,6.825861286331547,0.8048006821137861,76.54135206528369,0.43503331436940906,0,zipfian,0.03911046953160366,39.110469531603655,1024,1290029,False
2024-01-01 06:30:00,Adaptive,95.5797915834581,4.420208416541893,0.768301555608361,66.54965128385295,0.27155330840512515,3,mixed,0.026003606022747754,26.003606022747753,1024,724211,False
2024-01-01 07:00:00,ARC,93.26483888154283,6.735161118457167,0.8869964815739751,85.90092740290211,0.4597692290279204,0,zipfian,0.04468571503350063,44.68571503350063,1024,1636248,False
2024-01-01 07:00:00,LRU,87.01241021282286,12.987589787177145,0.6263586805421101,91.54643443502565,0.28694488175818994,0,zipfian,0.0388431229722503,38.8431229722503,1024,1456003,False
2024-01-01 07:00:00,LFU,85.30696484293352,14.69303515706648,0.32981149524288395,92.35314219247579,0.39321642250415334,0,temporal_locality,0.011292459728009758,11.292459728009758,1024,574119,False
2024-01-01 07:00:00,W-TinyLFU,95.7856626968236,4.214337303176407,0.31331114658508974,64.71216641830871,0.35754477442639065,0,scanning,0.021600864389681347,21.600864389681348,1024,1472350,False
2024-01-01 07:00:00,Adaptive,97.2438345373757,2.7561654626242937,0.2343863038576924,80.95217098229323,0.23746371499140728,0,random,0.03178560174872672,31.785601748726723,1024,799803,False
2024-01-01 07:30:00,ARC,93.26290901448436,6.737090985515637,0.27364476482633016,88.64862347196971,0.25291319098410003,0,random,0.03775032847549293,37.75032847549293,1024,1060399,False
2024-01-01 07:30:00,LRU,88.82234499216321,11.177655007836796,0.20998731473055826,79.44991424483213,0.339281283803599,0,mixed,0.01679607417574028,16.79607417574028,1024,994784,False
2024-01-01 07:30:00,LFU,85.36959950044876,14.630400499551243,0.9779696621953424,60.756835433758006,0.19401183513549897,0,random,0.031747607636349595,31.747607636349596,1024,1367038,False
2024-01-01 07:30:00,W-TinyLFU,93.22084244086717,6.779157559132831,0.17214577720946173,74.99613895704191,0.418660228966536,0,scanning,0.04527792849117479,45.27792849117479,1024,662705,False
2024-01-01 07:30:00,Adaptive,95.23479141389377,4.765208586106229,0.34739895003285765,72.31685892686787,0.32160138119708914,0,zipfian,0.031198398957267948,31.198398957267948,1024,1393769,False
2024-01-01 08:00:00,ARC,92.0829637005258,7.917036299474212,0.21529793314248852,86.67309877174786,0.4295972282368926,0,temporal_locality,0.025986405868686162,25.986405868686163,1024,671180,False
2024-01-01 08:00:00,LRU,86.97808381675435,13.021916183245652,0.7730382512038315,94.60900725595587,0.38660268755753224,0,temporal_locality,0.03462640568725565,34.62640568725565,1024,1591137,False
2024-01-01 08:00:00,LFU,84.5201365013351,15.479863498664892,0.4738189243644382,74.92475422609827,0.300983487672834,0,mixed,0.011958244382630054,11.958244382630054,1024,786369,False
2024-01-01 08:00:00,W-TinyLFU,95.51593710831902,4.484062891680973,0.6489125361651764,77.61724363963339,0.18359495983309648,0,random,0.04974963302760083,49.74963302760083,1024,1370754,False
2024-01-01 08:00:00,Adaptive,95.08748613540426,4.912513864595736,0.27721275958142005,84.83495765822425,0.2549216684955834,1,temporal_locality,0.04080754715194793,40.80754715194794,1024,686315,False
2024-01-01 08:30:00,ARC,90.76290528084506,9.237094719154937,0.2863651259153165,67.12045041968827,0.36361090480441993,0,zipfian,0.02254208164262568,22.542081642625682,1024,1953692,False
2024-01-01 08:30:00,LRU,87.86096175733769,12.139038242662304,0.9224084264757682,60.97089773810949,0.31588780543279277,0,temporal_locality,0.018215303419546983,18.215303419546984,1024,888577,False
2024-01-01 08:30:00,LFU,85.0220711090015,14.977928890998504,0.18347163596489383,61.80880715070947,0.19566391167764682,0,scanning,0.03749059709698148,37.49059709698148,1024,1776704,False
2024-01-01 08:30:00,W-TinyLFU,95.68094472016935,4.3190552798306525,0.4410672557557883,87.70530172190273,0.23822634331634213,0,scanning,0.03438116250963268,34.38116250963268,1024,943704,False
2024-01-01 08:30:00,Adaptive,96.44005827181626,3.5599417281837464,0.9308342830048667,89.0064080703692,0.18465791183638192,2,mixed,0.0367997090662498,36.7997090662498,1024,984309,False
2024-01-01 09:00:00,ARC,93.30141213050672,6.698587869493277,3.484985374073733,93.78734703197401,0.12697163150817428,0,temporal_locality,0.04349982072510164,43.49982072510164,1024,1375472,True
2024-01-01 09:00:00,LRU,89.28994446619323,10.710055533806761,3.161597742105368,73.52934854583442,0.18307043388698713,0,scanning,0.010479452225275382,10.479452225275383,1024,1343013,True
2024-01-01 09:00:00,LFU,83.58551584771273,16.41448415228728,4.850111826458457,89.00540892524481,0.19477256906510682,0,random,0.02056535195950889,20.56535195950889,1024,1553005,True
2024-01-01 09:00:00,W-TinyLFU,95.2484464465176,4.751553553482402,1.5325237045292641,60.327999669346035,0.16416779225953027,0,zipfian,0.04753194441968864,47.531944419688635,1024,1695467,True
2024-01-01 09:00:00,Adaptive,99.0,1.0000000000000009,2.5768770513426573,68.33185435433194,0.44248937387188836,2,zipfian,0.021466324174807868,21.46632417480787,1024,1634120,True
2024-01-01 09:30:00,ARC,90.68198706555455,9.318012934445452,1.9433854756895317,60.83835850310705,0.31198859173828064,0,scanning,0.012813071452895617,12.813071452895617,1024,1421346,True
2024-01-01 09:30:00,LRU,87.4574295500052,12.542570449994805,4.640113486021791,74.03986253700438,0.16182155417161406,0,scanning,0.04836524489689888,48.365244896898886,1024,862753,True
2024-01-01 09:30:00,LFU,86.10934891070539,13.890651089294604,1.0131074988353823,60.22302468177921,0.42846187809312786,0,zipfian,0.035793700275426256,35.793700275426254,1024,859967,True
2024-01-01 09:30:00,W-TinyLFU,95.65484679800103,4.345153201998975,3.527248232872287,69.96991239494524,0.34319484463984273,0,temporal_locality,0.017871569816141096,17.871569816141097,1024,1208675,True
2024-01-01 09:30:00,Adaptive,99.0,1.0000000000000009,0.684045819166838,89.32663952745187,0.17507992068678588,3,random,0.015098572769185914,15.098572769185914,1024,751693,True
2024-01-01 10:00:00,ARC,90.51748138353678,9.48251861646322,1.8291890185929092,64.05439841857232,0.1984618749699415,0,random,0.010329557491413203,10.329557491413203,1024,1272857,True
2024-01-01 10:00:00,LRU,88.91591013137685,11.08408986862316,0.6927526616300925,85.52824244983212,0.31638966026482973,0,zipfian,0.03595174437915951,35.95174437915951,1024,988145,True
2024-01-01 10:00:00,LFU,84.55273852397727,15.447261476022733,1.7642023674129759,68.14241346676005,0.4987573119139147,0,mixed,0.017922113409318086,17.922113409318086,1024,670835,True
2024-01-01 10:00:00,W-TinyLFU,95.02000887865593,4.979991121344074,2.981882134126311,84.04741153492716,0.3667242541602117,0,temporal_locality,0.02482359866180857,24.823598661808568,1024,1788389,True
2024-01-01 10:00:00,Adaptive,99.0,1.0000000000000009,2.921420314973594,87.8827312876351,0.47597760409021916,3,scanning,0.03965069790271111,39.650697902711116,1024,1950177,True
2024-01-01 10:30:00,ARC,92.81267156275831,7.187328437241691,1.7181977220608409,64.09683925972075,0.41840501182456846,0,scanning,0.020435229808870886,20.435229808870886,1024,775877,True
2024-01-01 10:30:00,LRU,87.23287203902872,12.76712796097128,3.349004520443311,87.61681839513062,0.2592505390132168,0,temporal_locality,0.03227178478830589,32.271784788305894,1024,1266800,True
2024-01-01 10:30:00,LFU,83.49267268417478,16.507327315825226,3.012199679073184,71.5934293608333,0.25771807109459866,0,zipfian,0.043115486229521056,43.11548622952105,1024,835502,True
2024-01-01 10:30:00,W-TinyLFU,95.48542637137359,4.514573628626406,1.168849830740455,68.23876532473439,0.4211422616476773,0,scanning,0.016877852629763854,16.877852629763854,1024,1760620,True
2024-01-01 10:30:00,Adaptive,99.0,1.0000000000000009,0.8980581131435823,73.02905535474265,0.4205850303457861,0,zipfian,0.018620890982675324,18.620890982675323,1024,700166,True
2024-01-01 11:00:00,ARC,90.91659227653545,9.083407723464543,3.5610091321768875,63.87715224502536,0.42120539564386295,0,mixed,0.03274901740865018,32.74901740865018,1024,1564528,True
2024-01-01 11:00:00,LRU,86.30470371814673,13.695296281853276,1.0209273646073243,71.41262524850248,0.4172538384884009,0,zipfian,0.014826176321585637,14.826176321585637,1024,527680,True
2024-01-01 11:00:00,LFU,84.07505715917142,15.924942840828571,4.783146768761037,88.35362917467378,0.3773123809378235,0,mixed,0.01033620856102568,10.33620856102568,1024,723337,True
2024-01-01 11:00:00,W-TinyLFU,93.98483363365322,6.015166366346769,1.161406378569648,89.96700408889737,0.22883920220172285,0,random,0.0315448238459934,31.5448238459934,1024,898711,True
2024-01-01 11:00:00,Adaptive,99.0,1.0000000000000009,4.265984004114013,67.06495479879902,0.18347935171583654,3,temporal_locality,0.03475331180212422,34.75331180212422,1024,560050,True
2024-01-01 11:30:00,ARC,92.81728897608409,7.18271102391591,4.638475575915381,94.75312754885442,0.409554222263783,0,mixed,0.034681702189436246,34.681702189436244,1024,1558639,True
2024-01-01 11:30:00,LRU,87.17298235524919,12.827017644750804,3.363527295487219,74.09094087666527,0.34805105799248615,0,mixed,0.019384425541491584,19.384425541491584,1024,1002546,True
2024-01-01 11:30:00,LFU,83.71596000846819,16.284039991531806,0.9649585595316643,66.99024827788567,0.39306107741177465,0,random,0.013617332762264081,13.61733276226408,1024,812138,True
2024-01-01 11:30:00,W-TinyLFU,95.11024444336039,4.889755556639608,3.1019467725451957,83.45147647679704,0.323877485363453,0,zipfian,0.03372758243156696,33.727582431566965,1024,1155113,True
2024-01-01 11:30:00,Adaptive,99.0,1.0000000000000009,4.6874602229225735,70.99029980816059,0.30300106549635514,0,mixed,0.03903295772623934,39.03295772623934,1024,917292,True
2024-01-01 12:00:00,ARC,91.98071322758837,8.019286772411627,2.9094875819492008,82.12429306472121,0.3097664206109541,0,zipfian,0.018559362089162854,18.559362089162853,1024,512259,True
2024-01-01 12:00:00,LRU,88.85805107266236,11.14194892733763,3.828530673792184,68.94562742963404,0.12004927524326053,0,random,0.0208788407052118,20.8788407052118,1024,1056182,True
2024-01-01 12:00:00,LFU,83.82799704616714,16.172002953832852,1.7625210864143745,60.19452347207983,0.24616323244838245,0,random,0.013823638088943407,13.823638088943408,1024,1067101,True
2024-01-01 12:00:00,W-TinyLFU,94.6598400969098,5.340159903090191,3.2255031222059753,70.89250462108825,0.11249833475320546,0,zipfian,0.034385055743532816,34.38505574353282,1024,1307567,True
2024-01-01 12:00:00,Adaptive,99.0,1.0000000000000009,4.165715878639588,94.67254091319373,0.4027703458791999,3,zipfian,0.028384426736591868,28.38442673659187,1024,1617973,True
2024-01-01 12:30:00,ARC,91.82071826595364,8.17928173404635,4.1596296923015785,70.23358703171318,0.4393056792911816,0,scanning,0.017591915796058503,17.591915796058505,1024,1250835,True
2024-01-01 12:30:00,LRU,89.42854791252712,10.571452087472878,1.9987245675889629,74.88431097068097,0.4514091105756316,0,zipfian,0.02390901346084095,23.90901346084095,1024,744980,True
2024-01-01 12:30:00,LFU,84.91552863383647,15.084471366163532,1.7228631785018733,70.80643335879897,0.4058638111298797,0,random,0.02991156123866688,29.91156123866688,1024,772884,True
2024-01-01 12:30:00,W-TinyLFU,94.62519276974918,5.374807230250822,4.349752202972925,62.27310161000492,0.4833915242894039,0,scanning,0.028878557129651608,28.878557129651607,1024,784826,True
2024-01-01 12:30:00,Adaptive,99.0,1.0000000000000009,4.127901125435928,88.63567752698111,0.31137291662820776,0,mixed,0.012420079444149464,12.420079444149465,1024,1661920,True
2024-01-01 13:00:00,ARC,91.46270188561046,8.537298114389547,1.1718692505432369,66.64843214312592,0.14192931264452474,0,scanning,0.04582932516838861,45.829325168388614,1024,1659324,True
2024-01-01 13:00:00,LRU,89.1657773147022,10.834222685297801,2.682247267766972,88.4302978566892,0.374626576533707,0,temporal_locality,0.041659177393766726,41.659177393766726,1024,1874490,True
2024-01-01 13:00:00,LFU,84.15527882537927,15.844721174620735,4.2352790277985495,92.65034100039995,0.3312724514248754,0,mixed,0.010781987765399764,10.781987765399764,1024,1270645,True
2024-01-01 13:00:00,W-TinyLFU,95.04761515352767,4.952384846472324,0.7271858197293823,61.810239042483005,0.21266312936179577,0,temporal_locality,0.02083868596384863,20.83868596384863,1024,666131,True
2024-01-01 13:00:00,Adaptive,99.0,1.0000000000000009,4.595174354744955,60.22023739999876,0.37492425817495534,0,temporal_locality,0.0111857894737784,11.1857894737784,1024,951508,True
2024-01-01 13:30:00,ARC,91.35544700034282,8.644552999657174,1.8859291504303322,86.0957107922158,0.25344717370354497,0,random,0.03515495508370222,35.15495508370222,1024,749357,True
2024-01-01 13:30:00,LRU,89.4600750290496,10.539924970950398,1.4407760342955664,66.39194505734918,0.2004675227356447,0,scanning,0.028229838287549908,28.229838287549907,1024,884265,True
2024-01-01 13:30:00,LFU,84.58402726525196,15.41597273474804,3.5698318190618035,73.3176273412534,0.2717544905889433,0,temporal_locality,0.0469197362240272,46.919736224027204,1024,1617197,True
2024-01-01 13:30:00,W-TinyLFU,93.14468715261775,6.855312847382244,3.2006017750022924,87.73800862388053,0.3281900516685397,0,mixed,0.01551377048031703,15.51377048031703,1024,615624,True
2024-01-01 13:30:00,Adaptive,99.0,1.0000000000000009,4.890938777358422,61.29850220230199,0.488287502702061,3,temporal_locality,0.017485752889872454,17.485752889872455,1024,1299251,True
2024-01-01 14:00:00,ARC,90.88915902926186,9.110840970738144,1.8908843371399784,74.12258023488661,0.32641530071915426,0,mixed,0.047011359259273335,47.011359259273334,1024,1889496,True
2024-01-01 14:00:00,LRU,87.96312073138661,12.036879268613387,1.8773736009902002,74.26872761627506,0.286207925453571,0,temporal_locality,0.023333117219209637,23.333117219209637,1024,662380,True
2024-01-01 14:00:00,LFU,84.08174404783131,15.918255952168693,0.9179895594090228,87.72166971119836,0.184863396068779,0,scanning,0.029480026129286595,29.480026129286596,1024,662540,True
2024-01-01 14:00:00,W-TinyLFU,93.3562907449293,6.643709255070707,1.4407081115500018,83.16784399335926,0.13588763581823637,0,scanning,0.02640229924720506,26.402299247205057,1024,1865082,True
2024-01-01 14:00:00,Adaptive,99.0,1.0000000000000009,3.640504826764805,93.78355257911385,0.49998531368678156,2,temporal_locality,0.03463463706938991,34.63463706938991,1024,1022599,True
2024-01-01 14:30:00,ARC,92.32542806382716,7.6745719361728355,0.6419475858951457,83.3783650331304,0.4258400978169846,0,random,0.030326611740859433,30.326611740859434,1024,1269364,True
2024-01-01 14:30:00,LRU,87.07012465592639,12.929875344073604,1.7828667893007222,86.34810626481885,0.3576283291733886,0,mixed,0.021294041004151283,21.294041004151282,1024,1863102,True
2024-01-01 14:30:00,LFU,86.66917327893857,13.330826721061428,3.1970362075196728,93.5797402856785,0.4484315952910187,0,zipfian,0.03650109745572103,36.50109745572102,1024,1154555,True
2024-01-01 14:30:00,W-TinyLFU,93.99369971684605,6.0063002831539425,4.869809909297416,74.85686875309234,0.47400371410829234,0,zipfian,0.04638836458908226,46.38836458908226,1024,687094,True
2024-01-01 14:30:00,Adaptive,99.0,1.0000000000000009,2.113990822660323,89.90088555450393,0.12115932130137384,0,temporal_locality,0.03914986457155067,39.149864571550665,1024,1523041,True
2024-01-01 15:00:00,ARC,90.80257060405418,9.197429395945822,4.567625089313553,66.18355102534716,0.465146956652416,0,zipfian,0.04827215860893627,48.27215860893627,1024,1548821,True
2024-01-01 15:00:00,LRU,87.96548387763308,12.034516122366924,4.8594249111765775,83.80586358819723,0.11658210158884832,0,scanning,0.030383133235881876,30.383133235881875,1024,998968,True
2024-01-01 15:00:00,LFU,84.97139108095433,15.028608919045661,1.7308302921229561,94.33180870149425,0.12176449943950263,0,scanning,0.02915641799973035,29.15641799973035,1024,1490617,True
2024-01-01 15:00:00,W-TinyLFU,92.13481472718497,7.865185272815022,3.1720836253954823,85.61517519002007,0.42737362967323655,0,mixed,0.048481334412043234,48.48133441204323,1024,1214069,True
2024-01-01 15:00:00,Adaptive,99.0,1.0000000000000009,1.0217849795138294,86.73138307265806,0.17442638591056886,0,temporal_locality,0.026534050147527632,26.534050147527633,1024,1674286,True
2024-01-01 15:30:00,ARC,93.2484445707845,6.751555429215495,3.2306812962733975,70.8890114945658,0.25594634934521504,0,zipfian,0.04724465105560324,47.24465105560324,1024,1231570,True
2024-01-01 15:30:00,LRU,86.4972754482678,13.502724551732204,3.859876555352169,82.42154432033486,0.3435237205152888,0,mixed,0.021184527581567802,21.184527581567803,1024,1155986,True
2024-01-01 15:30:00,LFU,85.28039420073333,14.719605799266677,1.8948006307842562,93.88009789375042,0.18036592138681057,0,random,0.023041729300426726,23.041729300426727,1024,1827686,True
2024-01-01 15:30:00,W-TinyLFU,92.36602630528355,7.633973694716445,3.214818844818257,66.87321592612636,0.37247506570403677,0,random,0.04361480708982412,43.61480708982412,1024,1578282,True
2024-01-01 15:30:00,Adaptive,99.0,1.0000000000000009,2.2097488152884033,71.63741131576528,0.1734765127799589,0,temporal_locality,0.03196631294305954,31.96631294305954,1024,968437,True
2024-01-01 16:00:00,ARC,92.19275808132747,7.807241918672525,4.881363438726524,86.05264365360767,0.4111014381615483,0,scanning,0.0421007705910328,42.1007705910328,1024,518554,True
2024-01-01 16:00:00,LRU,86.66642821185732,13.333571788142685,3.749462422016563,63.80755201752956,0.43167651378995875,0,mixed,0.011782832873693297,11.782832873693296,1024,1461295,True
2024-01-01 16:00:00,LFU,83.38366163013424,16.61633836986576,0.9633278545658774,89.57810941534564,0.49394573365195293,0,temporal_locality,0.016756366236423577,16.756366236423577,1024,688415,True
2024-01-01 16:00:00,W-TinyLFU,93.32301011285534,6.676989887144657,1.2801309853881069,92.02321001436093,0.3533719593684973,0,random,0.03828478769807,38.28478769807,1024,1245937,True
2024-01-01 16:00:00,Adaptive,99.0,1.0000000000000009,4.921200518482539,86.76897815010102,0.34004629483936855,0,random,0.047499168490131055,47.499168490131055,1024,1347983,True
2024-01-01 16:30:00,ARC,92.43003190599222,7.569968094007773,3.0314605370771472,84.56028732934911,0.34420525654308864,0,scanning,0.04826040277736703,48.260402777367034,1024,1040684,True
2024-01-01 16:30:00,LRU,86.53561686788947,13.464383132110525,2.6930714810079635,88.31704125060622,0.45250929610722446,0,random,0.041250791065237304,41.2507910652373,1024,1220687,True
2024-01-01 16:30:00,LFU,84.3113140032411,15.688685996758899,3.992618029381938,71.10122805568149,0.46316396614113986,0,scanning,0.02791063760634388,27.91063760634388,1024,1764227,True
2024-01-01 16:30:00,W-TinyLFU,93.96421787744671,6.035782122553279,0.7115355120717919,93.14184153952917,0.4212473612593771,0,temporal_locality,0.03463797512858515,34.637975128585154,1024,929020,True
2024-01-01 16:30:00,Adaptive,99.0,1.0000000000000009,2.2147963962823125,91.55279427228676,0.36929630392177637,2,scanning,0.02046366261527816,20.46366261527816,1024,1277142,True
2024-01-01 17:00:00,ARC,90.76339534533868,9.236604654661317,2.137616811268381,94.43590007646493,0.23524227163892247,0,zipfian,0.018792170982199992,18.79217098219999,1024,1758443,True
2024-01-01 17:00:00,LRU,89.63924767349037,10.360752326509626,1.4708336968042535,76.40941798360315,0.4856494373061476,0,scanning,0.03818001720977062,38.18001720977062,1024,827182,True
2024-01-01 17:00:00,LFU,84.96178652512121,15.03821347487878,1.27826322325879,68.9447453559421,0.4467057181258396,0,scanning,0.04397940065608076,43.97940065608076,1024,1710765,True
2024-01-01 17:00:00,W-TinyLFU,95.11695067152138,4.8830493284786165,3.457599127914496,89.29995438365725,0.4664673645712374,0,zipfian,0.04096225755074085,40.96225755074085,1024,1147536,True
2024-01-01 17:00:00,Adaptive,99.0,1.0000000000000009,2.0200169933357257,81.44609740953219,0.11711346146408746,2,temporal_locality,0.03336373110464622,33.36373110464622,1024,1964325,True
2024-01-01 17:30:00,ARC,91.25327892058716,8.746721079412833,3.9675313806905566,92.81819455460399,0.12498156287673111,0,random,0.03609621636913635,36.09621636913635,1024,1940193,True
2024-01-01 17:30:00,LRU,88.3632776623909,11.636722337609095,2.9993549731968296,79.78614507855934,0.49015164866348193,0,temporal_locality,0.03549822200688863,35.49822200688863,1024,1084069,True
2024-01-01 17:30:00,LFU,85.22835799665393,14.771642003346075,1.6403423043362764,84.87113515606671,0.25448308021496635,0,temporal_locality,0.018925906694566036,18.925906694566034,1024,1873741,True
2024-01-01 17:30:00,W-TinyLFU,93.46924320273583,6.530756797264181,1.6923088841612048,65.88337626883641,0.1170234678320191,0,zipfian,0.04388435512769202,43.88435512769202,1024,932163,True
2024-01-01 17:30:00,Adaptive,99.0,1.0000000000000009,2.1500200830434175,74.19237046842586,0.31954180957732736,1,temporal_locality,0.019629681051302295,19.629681051302295,1024,1491224,True
2024-01-01 18:00:00,ARC,92.19053395146567,7.809466048534331,1.717286117558098,85.53496007917346,0.3486945965822299,0,scanning,0.026291484312482426,26.291484312482424,1024,667417,True
2024-01-01 18:00:00,LRU,87.24212991262398,12.757870087376022,4.398884914115374,78.76584797767597,0.23113576716707374,0,zipfian,0.025541960549432648,25.54196054943265,1024,1487474,True
2024-01-01 18:00:00,LFU,83.89923291170668,16.10076708829332,4.898006526721108,62.504338354974884,0.442265374025118,0,mixed,0.01723418585966043,17.23418585966043,1024,1784182,True
2024-01-01 18:00:00,W-TinyLFU,92.6902396130562,7.309760386943798,1.0346764551529062,64.03869908690552,0.11973990922098353,0,zipfian,0.037342217890773834,37.34221789077383,1024,607191,True
2024-01-01 18:00:00,Adaptive,99.0,1.0000000000000009,3.9516184147062545,78.71197915665698,0.35238073574720696,3,zipfian,0.03348271930855153,33.48271930855153,1024,788797,True
2024-01-01 18:30:00,ARC,92.43699789309761,7.5630021069023945,1.4970489170431873,93.3973690123611,0.431261091312257,0,scanning,0.01109075398667566,11.09075398667566,1024,1191024,True
2024-01-01 18:30:00,LRU,89.30036366298467,10.699636337015328,1.0131378924340098,66.70229354065727,0.16778149263163536,0,scanning,0.04326117762033666,43.26117762033666,1024,949795,True
2024-01-01 18:30:00,LFU,85.80463170211918,14.195368297880817,1.7983595255361124,74.10437192366287,0.11715036792249078,0,mixed,0.04420639312123716,44.20639312123716,1024,701157,True
2024-01-01 18:30:00,W-TinyLFU,94.88055872612948,5.1194412738705175,2.4854386221124654,67.73117582475064,0.30165682813570693,0,mixed,0.04304531959783032,43.04531959783032,1024,825892,True
2024-01-01 18:30:00,Adaptive,99.0,1.0000000000000009,2.676441047252991,74.63671011442021,0.1661475337341483,2,temporal_locality,0.016545013962068568,16.54501396206857,1024,1680975,True
2024-01-01 19:00:00,ARC,93.56394038554684,6.4360596144531605,0.5960526606537863,79.74988681540972,0.10174972212624676,0,scanning,0.022844115208289453,22.844115208289452,1024,1411052,False
2024-01-01 19:00:00,LRU,89.28114625851995,10.71885374148005,0.5703109359576246,84.26384205461514,0.3692278428137421,0,mixed,0.033034532075423034,33.03453207542304,1024,1887988,False
2024-01-01 19:00:00,LFU,84.11856860586711,15.881431394132894,0.26395012781522786,60.35468222347443,0.4275565689865869,0,scanning,0.019328869441947262,19.328869441947262,1024,1803531,False
2024-01-01 19:00:00,W-TinyLFU,92.4130154385578,7.5869845614422005,0.12195900599892123,86.21325393478311,0.23902573464516408,0,random,0.03299206095287859,32.99206095287859,1024,1325666,False
2024-01-01 19:00:00,Adaptive,97.8108042413971,2.189195758602902,0.20962523417978274,63.896047215089936,0.4209033073712688,3,zipfian,0.029885151841582788,29.88515184158279,1024,1167600,False
2024-01-01 19:30:00,ARC,93.15562564852182,6.844374351478177,0.3748333081721992,82.65873944831755,0.3255170621913355,0,scanning,0.04676721661739867,46.76721661739867,1024,714864,False
2024-01-01 19:30:00,LRU,89.0951667886121,10.9048332113879,0.6616707885550487,87.22754853576276,0.4292214898409078,0,zipfian,0.03173974656141776,31.73974656141776,1024,1412282,False
2024-01-01 19:30:00,LFU,84.05190213872298,15.948097861277022,0.3735744532456097,92.87662114643538,0.4301071051365265,0,temporal_locality,0.0106822542970944,10.6822542970944,1024,1181346,False
2024-01-01 19:30:00,W-TinyLFU,94.12736762986133,5.872632370138675,0.9638880579259391,69.83465380942458,0.251225778275446,0,zipfian,0.01735362208037827,17.35362208037827,1024,1402809,False
2024-01-01 19:30:00,Adaptive,96.26806567103581,3.7319343289641926,0.7741174717160623,72.41894568836132,0.23101723314264225,2,scanning,0.012492098936139194,12.492098936139193,1024,979936,False
2024-01-01 20:00:00,ARC,93.62048840756705,6.3795115924329515,0.8219674144111084,82.64249249380023,0.22039681463160776,0,mixed,0.028904821115698608,28.904821115698606,1024,620867,False
2024-01-01 20:00:00,LRU,86.41269225362723,13.587307746372767,0.6051684102371633,78.34619392457053,0.38354453143247613,0,scanning,0.038094273787374906,38.09427378737491,1024,1019556,False
2024-01-01 20:00:00,LFU,84.59715511862098,15.40284488137903,0.619101440523692,84.37569215666865,0.4898603235375095,0,mixed,0.03387318115710316,33.87318115710316,1024,1610562,False
2024-01-01 20:00:00,W-TinyLFU,92.7368546319941,7.263145368005897,0.9981092840263215,68.07696803110359,0.49770518439889844,0,scanning,0.0225129976254895,22.5129976254895,1024,691697,False
2024-01-01 20:00:00,Adaptive,94.74506734809178,5.254932651908217,0.7984932005981653,91.09892251051497,0.3640825377883705,3,random,0.037308109494067695,37.30810949406769,1024,1220148,False
2024-01-01 20:30:00,ARC,93.40150428900118,6.59849571099882,0.6449362029140002,70.82319736932878,0.22539270390665092,0,zipfian,0.015493284488101815,15.493284488101816,1024,1977273,False
2024-01-01 20:30:00,LRU,86.85599191195908,13.144008088040914,0.7883098749799862,72.24743929548478,0.3831575858032823,0,scanning,0.0413708371962888,41.3708371962888,1024,1584652,False
2024-01-01 20:30:00,LFU,85.82910926200556,14.170890737994435,0.5891259038030827,65.78190896785314,0.24285119504724728,0,zipfian,0.032944768667622394,32.94476866762239,1024,1354676,False
2024-01-01 20:30:00,W-TinyLFU,93.95269017832963,6.047309821670366,0.4814087259503519,93.75327078407302,0.4153998100202847,0,scanning,0.017423035124057674,17.423035124057673,1024,1015551,False
2024-01-01 20:30:00,Adaptive,94.87908940482447,5.120910595175532,0.24774981230928994,80.507584574855,0.20365210056745023,3,temporal_locality,0.0477187417843937,47.7187417843937,1024,1718181,False
2024-01-01 21:00:00,ARC,92.86757527350642,7.13242472649358,0.7146918696016529,85.5005900609206,0.10206882270625882,0,temporal_locality,0.022242992948146585,22.242992948146586,1024,1071483,False
2024-01-01 21:00:00,LRU,87.51739488618117,12.482605113818835,0.9780722298588347,61.301138274107764,0.4272908411585362,0,zipfian,0.03355394466021676,33.55394466021676,1024,1413964,False
2024-01-01 21:00:00,LFU,85.44018017489472,14.55981982510528,0.5283029410644011,67.6158575576581,0.11854827225516301,0,zipfian,0.0152991329350133,15.299132935013299,1024,1099435,False
2024-01-01 21:00:00,W-TinyLFU,93.54500867977478,6.454991320225211,0.3095147511473594,66.07238780196208,0.2858640599286698,0,temporal_locality,0.04406889467526802,44.06889467526802,1024,1270010,False
2024-01-01 21:00:00,Adaptive,94.44323898738033,5.5567610126196705,0.7931724870690513,88.11908841772538,0.35939727354849016,0,zipfian,0.012428800522387632,12.428800522387633,1024,518260,False
2024-01-01 21:30:00,ARC,92.3857528474363,7.614247152563713,0.34198103670715085,75.10713514005039,0.4267737387139031,0,temporal_locality,0.012901596717126828,12.901596717126829,1024,549469,False
2024-01-01 21:30:00,LRU,88.53627456146145,11.463725438538553,0.7065382965755302,83.68293129454314,0.45094639374879053,0,random,0.018768666336529807,18.768666336529808,1024,585392,False
2024-01-01 21:30:00,LFU,83.86296285616102,16.137037143838985,0.4992808476464038,67.99927493172036,0.3488359950821095,0,zipfian,0.028230570311692488,28.23057031169249,1024,1877999,False
2024-01-01 21:30:00,W-TinyLFU,92.26217351210157,7.737826487898425,0.5305597016786365,74.51194211517554,0.21243358335395804,0,mixed,0.016436682167177856,16.436682167177857,1024,1161089,False
2024-01-01 21:30:00,Adaptive,96.39553853166521,3.6044614683347853,0.3257124709970098,76.31022536872908,0.20713921641293165,2,random,0.0469903727791495,46.990372779149496,1024,1928910,False
2024-01-01 22:00:00,ARC,93.70878675325697,6.2912132467430215,0.8062048009301842,63.43551272954019,0.1467324280143578,0,scanning,0.023623696323065373,23.623696323065374,1024,937235,False
2024-01-01 22:00:00,LRU,89.68494620616532,10.315053793834672,0.7753476478841642,90.11462372818761,0.42370030824192206,0,zipfian,0.04997075413395155,49.97075413395155,1024,994222,False
2024-01-01 22:00:00,LFU,84.65665276374462,15.343347236255378,0.7072327843880247,77.1989179575346,0.10651398580885472,0,temporal_locality,0.03474029367779022,34.74029367779022,1024,999131,False
2024-01-01 22:00:00,W-TinyLFU,95.52891541224092,4.471084587759078,0.37799734061712775,61.42277633023007,0.1040524867300178,0,zipfian,0.02300445769236947,23.00445769236947,1024,715435,False
2024-01-01 22:00:00,Adaptive,96.0112298014983,3.988770198501701,0.17178697448551516,84.46937820519923,0.10314235378778083,3,zipfian,0.042955236590858765,42.95523659085877,1024,551051,False
2024-01-01 22:30:00,ARC,91.75759576667629,8.242404233323708,0.7120363131556305,91.3717257951006,0.30275046817108686,0,mixed,0.02903847461064702,29.03847461064702,1024,769591,False
2024-01-01 22:30:00,LRU,86.455373706494,13.544626293506001,0.650430530426737,68.66071695136151,0.3138360022766141,0,scanning,0.0449712166007625,44.971216600762496,1024,638748,False
2024-01-01 22:30:00,LFU,85.31498071376792,14.685019286232082,0.938603075984012,72.78146932688634,0.4740084734336608,0,temporal_locality,0.029551370223818887,29.55137022381889,1024,1898818,False
2024-01-01 22:30:00,W-TinyLFU,92.19050010764363,7.809499892356364,0.9303855785274516,79.75951897299731,0.48938575718190536,0,scanning,0.01131958000543456,11.31958000543456,1024,1812840,False
2024-01-01 22:30:00,Adaptive,94.50732203165634,5.492677968343662,0.7322626888947514,70.19326399049558,0.36048566487174927,2,temporal_locality,0.04006606210834992,40.06606210834992,1024,1125681,False
2024-01-01 23:00:00,ARC,90.36481074230653,9.635189257693465,0.9329145458492556,78.79101463871055,0.450238709078141,0,temporal_locality,0.033595050389722374,33.595050389722374,1024,1583774,False
2024-01-01 23:00:00,LRU,88.32678989527754,11.673210104722454,0.45575563297905053,76.64187778274255,0.2547552082742706,0,zipfian,0.045863213348086046,45.86321334808605,1024,1613939,False
2024-01-01 23:00:00,LFU,85.95644881547706,14.04355118452294,0.32367186863321573,64.22142736710794,0.4893851259541806,0,temporal_locality,0.026585075830795106,26.585075830795105,1024,1775338,False
2024-01-01 23:00:00,W-TinyLFU,92.86882344437585,7.131176555624153,0.6592856867331083,75.79021981425666,0.34390248831706144,0,mixed,0.015601349241762548,15.601349241762549,1024,1602354,False
2024-01-01 23:00:00,Adaptive,97.38647665221892,2.613523347781088,0.7796348359723841,89.16742633526427,0.17412418979600433,2,temporal_locality,0.03505564712281914,35.05564712281914,1024,1953373,False
2024-01-01 23:30:00,ARC,91.88906902142078,8.110930978579223,0.6538568995260716,72.47528863100763,0.2269565215210394,0,scanning,0.045157371569554905,45.157371569554904,1024,1181998,False
2024-01-01 23:30:00,LRU,88.1257153307247,11.874284669275303,0.8911756275479663,68.50174107148217,0.48549386986861964,0,temporal_locality,0.03701999731303356,37.019997313033564,1024,1835255,False
2024-01-01 23:30:00,LFU,86.24811032275838,13.751889677241625,0.6757590778797778,84.29633893495209,0.37111401114558873,0,zipfian,0.031112936609591836,31.112936609591838,1024,1403336,False
2024-01-01 23:30:00,W-TinyLFU,94.08040338743601,5.919596612563993,0.2094581638041398,89.73005681473391,0.137633086334628,0,zipfian,0.010208563780483808,10.208563780483809,1024,1166438,False
2024-01-01 23:30:00,Adaptive,96.55151074285828,3.448489257141718,0.1450530975239796,76.57935680052336,0.11655807324627926,0,scanning,0.01866939558027669,18.66939558027669,1024,1636876,False
2024-01-02 00:00:00,ARC,91.93842704165877,8.061572958341234,0.8018622173052116,74.86772593801655,0.2582942310104106,0,temporal_locality,0.02161564230219022,21.61564230219022,1024,1895207,False
2024-01-02 00:00:00,LRU,89.09572968988951,10.904270310110487,0.18366471197631357,85.95928906848684,0.2393602481604447,0,temporal_locality,0.03125430316940887,31.254303169408875,1024,1535639,False
2024-01-02 00:00:00,LFU,85.58894323080733,14.411056769192665,0.5235843511310889,83.21733266436577,0.38625547733347865,0,random,0.012366077227201849,12.366077227201849,1024,1170568,False
2024-01-02 00:00:00,W-TinyLFU,94.11329827195722,5.886701728042776,0.39096016779538745,73.0870359874375,0.16610375328637483,0,scanning,0.014340182785606892,14.340182785606892,1024,1106732,False
2024-01-02 00:00:00,Adaptive,97.63611426030356,2.3638857396964363,0.7805836576315435,81.00566194008748,0.4307335641340191,3,temporal_locality,0.03681995979975825,36.81995979975825,1024,808374,False
2024-01-02 00:30:00,ARC,91.97999661370349,8.020003386296503,0.5419101234304232,66.0322537290291,0.4568414597552074,0,mixed,0.01023841134017661,10.23841134017661,1024,739907,False
2024-01-02 00:30:00,LRU,89.70727150982599,10.292728490174008,0.5826700326443298,63.85400187882971,0.4665483826025626,0,random,0.017019537127397094,17.019537127397093,1024,1308414,False
2024-01-02 00:30:00,LFU,83.88578134564072,16.11421865435928,0.3994718740036317,91.37511780618367,0.2516376023153946,0,temporal_locality,0.0394020239149817,39.402023914981704,1024,1815422,False
2024-01-02 00:30:00,W-TinyLFU,93.65225371262792,6.347746287372081,0.59008581297725,88.34602440297039,0.2973462998168346,0,mixed,0.03498557391127777,34.98557391127777,1024,835546,False
2024-01-02 00:30:00,Adaptive,97.15293853452545,2.847061465474554,0.2936852086567381,90.57488384321496,0.47312291552300445,1,zipfian,0.026977781645733362,26.977781645733362,1024,1586482,False
2024-01-02 01:00:00,ARC,90.61805204428636,9.381947955713644,0.3721633327356937,84.79391650697013,0.2633352339924092,0,zipfian,0.023767384157299738,23.767384157299738,1024,522963,False
2024-01-02 01:00:00,LRU,86.90667667905213,13.093323320947869,0.4244600194212437,62.000482456829275,0.2718218329143648,0,random,0.037351674745851285,37.351674745851284,1024,1173334,False
2024-01-02 01:00:00,LFU,85.5620321977924,14.437967802207597,0.3762073112258897,78.85573797353442,0.49812523882101967,0,mixed,0.03968284634377219,39.68284634377219,1024,1491053,False
2024-01-02 01:00:00,W-TinyLFU,92.44729735182925,7.552702648170751,0.4141606924053869,86.25947198258805,0.40344440967117123,0,zipfian,0.031695469322096936,31.695469322096937,1024,1727247,False
2024-01-02 01:00:00,Adaptive,96.93612606612328,3.0638739338767262,0.8304115424779209,73.50187775771005,0.44598352315103473,1,random,0.021981158376538044,21.981158376538044,1024,1513240,False
2024-01-02 01:30:00,ARC,92.13207743876431,7.867922561235686,0.12048118006247092,70.18249303448614,0.3503858906027655,0,scanning,0.028569812108756858,28.569812108756857,1024,751961,False
2024-01-02 01:30:00,LRU,87.66817403027034,12.33182596972966,0.5639922013154268,79.10115873435777,0.1321269880166478,0,zipfian,0.029406379788524346,29.406379788524347,1024,696556,False
2024-01-02 01:30:00,LFU,83.34096574965957,16.659034250340422,0.768085824634864,69.40471839467129,0.32688355136920577,0,mixed,0.014371053400821045,14.371053400821046,1024,1099939,False
2024-01-02 01:30:00,W-TinyLFU,93.66135401029672,6.338645989703284,0.8582648624148843,60.95550747795307,0.2874246470830266,0,mixed,0.010360770402786068,10.360770402786068,1024,1354679,False
2024-01-02 01:30:00,Adaptive,94.14632492335619,5.853675076643816,0.691529245484287,79.9705094963695,0.2003566916280399,3,temporal_locality,0.012638761651279045,12.638761651279045,1024,1230351,False
2024-01-02 02:00:00,ARC,93.20479201391413,6.795207986085872,0.8186011311666719,69.55404658319468,0.21535699702485306,0,scanning,0.04615004911711224,46.15004911711224,1024,1899739,False
2024-01-02 02:00:00,LRU,86.85844631128926,13.14155368871075,0.7442538522456411,83.04031315997688,0.17991169493749656,0,random,0.01254681029208459,12.54681029208459,1024,1507959,False
2024-01-02 02:00:00,LFU,85.51324923644358,14.486750763556422,0.3338571674871825,69.875853102892,0.13636974536958799,0,mixed,0.04656639169366465,46.56639169366465,1024,1976367,False
2024-01-02 02:00:00,W-TinyLFU,95.7737425693242,4.2262574306758065,0.46898372925150567,72.3745812343301,0.25331315322223413,0,random,0.02159456978493024,21.59456978493024,1024,1314780,False
2024-01-02 02:00:00,Adaptive,95.50544227310672,4.494557726893278,0.4682562440867919,93.51697433898903,0.1819806152182408,3,scanning,0.02830315033242995,28.30315033242995,1024,602393,False
2024-01-02 02:30:00,ARC,93.49936941106704,6.500630588932966,0.8268104122121099,93.6083739233319,0.4133047287239163,0,scanning,0.049190498905010746,49.19049890501075,1024,1591424,False
2024-01-02 02:30:00,LRU,86.76573158871044,13.234268411289563,0.22870498120596403,76.23749531410336,0.3510876112393312,0,zipfian,0.028993055503012365,28.993055503012364,1024,1498067,False
2024-01-02 02:30:00,LFU,85.95535333384481,14.044646666155192,0.5517222209759699,75.66369309090521,0.15092222834543023,0,temporal_locality,0.030233152009412637,30.23315200941264,1024,1416435,False
2024-01-02 02:30:00,W-TinyLFU,94.36848030915648,5.631519690843511,0.2265005936534587,72.82792991274879,0.15710578191907013,0,zipfian,0.03149306247145522,31.493062471455218,1024,1696663,False
2024-01-02 02:30:00,Adaptive,96.93268666687295,3.067313333127042,0.9849338566665214,70.17035886248328,0.18914130747726224,1,random,0.03813977090658657,38.13977090658657,1024,1418993,False
2024-01-02 03:00:00,ARC,92.79381755781696,7.206182442183029,0.807136637638483,78.46003200871561,0.2428821512690852,0,zipfian,0.047937712563444555,47.937712563444556,1024,1208922,False
2024-01-02 03:00:00,LRU,88.01543759336897,11.984562406631028,0.9664311277493856,64.37425592727878,0.27620740838316826,0,mixed,0.019962097308556276,19.962097308556277,1024,1960794,False
2024-01-02 03:00:00,LFU,84.023986769111,15.976013230888997,0.6025908846122021,74.34029593301645,0.1156322357873783,0,temporal_locality,0.022086305678855563,22.086305678855563,1024,1826269,False
2024-01-02 03:00:00,W-TinyLFU,92.61604266873583,7.383957331264169,0.8146488278619339,69.56176472054493,0.22859844610199753,0,zipfian,0.03645061320378755,36.45061320378755,1024,916723,False
2024-01-02 03:00:00,Adaptive,95.63017005084299,4.369829949157012,0.3475740620937178,71.2092926108232,0.21077483525405658,0,temporal_locality,0.01672621918348173,16.72621918348173,1024,803427,False
2024-01-02 03:30:00,ARC,92.68298703150023,7.317012968499769,0.5131426525667135,60.237162591525625,0.15872571888669104,0,random,0.028616240229757006,28.616240229757008,1024,1255231,False
2024-01-02 03:30:00,LRU,88.98643980864107,11.013560191358929,0.8016288261160168,79.35269932782778,0.20372988558152236,0,scanning,0.028641200480600044,28.641200480600045,1024,1938247,False
2024-01-02 03:30:00,LFU,84.16484082031606,15.835159179683945,0.5840780145329968,83.7288952157986,0.18773103292019303,0,temporal_locality,0.03629666682596635,36.29666682596635,1024,1405697,False
2024-01-02 03:30:00,W-TinyLFU,95.31526588263416,4.68473411736583,0.1190709976183064,83.63618753450336,0.17490789918842808,0,scanning,0.01894769136919954,18.947691369199543,1024,620545,False
2024-01-02 03:30:00,Adaptive,97.53107170321746,2.4689282967825354,0.5496030795931174,76.75917422112741,0.43389671318376744,3,mixed,0.014986640619307531,14.986640619307531,1024,1890737,False
2024-01-02 04:00:00,ARC,93.72558249015546,6.274417509844543,0.739968457736038,65.81008690294487,0.2774005305251287,0,temporal_locality,0.011469091232345918,11.469091232345917,1024,1551739,False
2024-01-02 04:00:00,LRU,86.80584295612435,13.194157043875654,0.7032715837590013,82.02927161279338,0.49260648835126364,0,temporal_locality,0.042158484240528274,42.158484240528274,1024,569455,False
2024-01-02 04:00:00,LFU,85.73224480303335,14.267755196966647,0.10434509421635481,91.28812407199965,0.23151567066991854,0,temporal_locality,0.03395207709438704,33.952077094387036,1024,889787,False
2024-01-02 04:00:00,W-TinyLFU,94.21724790809452,5.782752091905485,0.32649273978800997,92.30300577964599,0.2603589516707169,0,random,0.02606885211369584,26.06885211369584,1024,977630,False
2024-01-02 04:00:00,Adaptive,96.32762869542279,3.6723713045772155,0.2267755069364878,78.17229594160695,0.3312674052781396,1,mixed,0.04135769592351324,41.35769592351324,1024,1240347,False
2024-01-02 04:30:00,ARC,91.53562754845677,8.464372451543223,0.5857872310730055,91.0093308118605,0.16837723162639012,0,zipfian,0.03669918893173947,36.69918893173947,1024,1919061,False
2024-01-02 04:30:00,LRU,86.76758353123056,13.232416468769436,0.5613729370936548,76.74156316201486,0.34648202869403627,0,zipfian,0.044220333824835034,44.22033382483504,1024,792330,False
2024-01-02 04:30:00,LFU,86.15032570511735,13.849674294882652,0.9688739641999445,81.30536259974701,0.3989742510340336,0,mixed,0.01871435553945255,18.71435553945255,1024,791948,False
2024-01-02 04:30:00,W-TinyLFU,94.60083506237407,5.399164937625933,0.6346072618491634,66.11677818762526,0.22287959571569319,0,random,0.03760060606602497,37.60060606602497,1024,1604113,False
2024-01-02 04:30:00,Adaptive,94.77697459313423,5.223025406865778,0.4203031244368379,83.16149281307078,0.14672639465998613,1,mixed,0.020779487300842305,20.779487300842305,1024,738001,False
2024-01-02 05:00:00,ARC,92.36636247107221,7.633637528927794,0.1680993950982912,78.74703016236693,0.47824782592539883,0,scanning,0.016285720351393293,16.285720351393294,1024,1505997,False
2024-01-02 05:00:00,LRU,88.5586465663814,11.441353433618595,0.27098644216307055,86.84284598657035,0.10179833603370532,0,random,0.014084309244959289,14.08430924495929,1024,1104219,False
2024-01-02 05:00:00,LFU,85.66388354208965,14.336116457910354,0.7902795259622798,79.78067531837432,0.2982889655254991,0,zipfian,0.04996160429387138,49.96160429387138,1024,760834,False
2024-01-02 05:00:00,W-TinyLFU,95.02041674181282,4.979583258187182,0.2407572757048897,87.85859806567389,0.2975686586941243,0,temporal_locality,0.028572653275432888,28.572653275432888,1024,1031158,False
2024-01-02 05:00:00,Adaptive,94.11172659725699,5.888273402743005,0.7738427898898922,83.82354950825346,0.20871311659085082,0,random,0.02176843661278403,21.76843661278403,1024,820035,False
2024-01-02 05:30:00,ARC,92.57037773052942,7.429622269470581,0.3139488479080095,89.94597633439994,0.4632869613070473,0,scanning,0.020174053829085457,20.17405382908546,1024,907436,False
2024-01-02 05:30:00,LRU,88.03193484115917,11.968065158840835,0.5385197682407902,84.09567226502904,0.35943870511873943,0,temporal_locality,0.013189029691853022,13.189029691853023,1024,1966481,False
2024-01-02 05:30:00,LFU,84.23724829532517,15.762751704674827,0.39808015302895094,88.62653828668651,0.1977448156295387,0,random,0.021520234820071947,21.52023482007195,1024,667759,False
2024-01-02 05:30:00,W-TinyLFU,93.15595185505295,6.844048144947057,0.3463392845672024,63.1406780804719,0.17488574630120657,0,zipfian,0.02959075612634752,29.590756126347518,1024,1650821,False
2024-01-02 05:30:00,Adaptive,95.99145217753329,4.008547822466713,0.7143024820559638,75.38602958068708,0.4964842724174118,1,zipfian,0.04301082015502098,43.01082015502098,1024,1381544,False
2024-01-02 06:00:00,ARC,93.08606243817798,6.913937561822026,0.5339989590495552,63.053345805872475,0.18441233866929765,0,temporal_locality,0.021875645040768645,21.875645040768646,1024,1463655,False
2024-01-02 06:00:00,LRU,89.18947699490855,10.810523005091454,0.9446247150347784,60.950058882065406,0.1897782637670884,0,temporal_locality,0.04123097333610631,41.23097333610631,1024,872840,False
2024-01-02 06:00:00,LFU,85.61667039346526,14.383329606534744,0.5375589579350756,85.91609251973121,0.3519213012979132,0,scanning,0.028116095920125463,28.116095920125463,1024,1209452,False
2024-01-02 06:00:00,W-TinyLFU,95.62649403336077,4.3735059666392235,0.8528636755651446,84.1552217424932,0.466714046732447,0,random,0.0331500367070875,33.1500367070875,1024,1236915,False
2024-01-02 06:00:00,Adaptive,95.67140004948253,4.328599950517475,0.8102613700139979,86.39398335342445,0.3459946677957454,2,random,0.02564606570973762,25.64606570973762,1024,1492153,False
2024-01-02 06:30:00,ARC,92.78838756661705,7.211612433382952,0.45278278416252926,62.89373223458931,0.444874071730321,0,temporal_locality,0.024909327485130923,24.909327485130923,1024,520542,False
2024-01-02 06:30:00,LRU,89.61597720884912,10.384022791150882,0.8393637374634118,63.42364171372404,0.3436653353154734,0,mixed,0.030003492373332254,30.003492373332254,1024,822628,False
2024-01-02 06:30:00,LFU,84.94031403022427,15.059685969775726,0.8433926998711422,84.60956029673757,0.4365318610653669,0,scanning,0.0352354612363229,35.2354612363229,1024,847609,False
2024-01-02 06:30:00,W-TinyLFU,92.21581438805786,7.78418561194213,0.5564993632387698,77.40877799434583,0.437042503542184,0,zipfian,0.037699494784476845,37.69949478447685,1024,640010,False
2024-01-02 06:30:00,Adaptive,95.33467294892894,4.665327051071067,0.8615959782261321,77.04475603105178,0.3989505923387946,0,temporal_locality,0.02875740848158044,28.75740848158044,1024,1334312,False
2024-01-02 07:00:00,ARC,93.21816370074859,6.78183629925141,0.6841600395494081,73.39421290081174,0.2011598227155537,0,zipfian,0.03772396571975606,37.72396571975606,1024,843312,False
2024-01-02 07:00:00,LRU,87.26586708995396,12.734132910046048,0.1901437176688237,94.05446509796678,0.24977830088402025,0,mixed,0.04022220263394669,40.222202633946694,1024,1026765,False
2024-01-02 07:00:00,LFU,84.79713330674772,15.20286669325227,0.3746432189236881,90.83064990403767,0.21566566125667488,0,zipfian,0.030763688459842287,30.763688459842285,1024,1460850,False
2024-01-02 07:00:00,W-TinyLFU,93.18147930873576,6.81852069126424,0.7987074793302021,89.14020439216007,0.4358559787085753,0,temporal_locality,0.01362926454401403,13.629264544014031,1024,1969251,False
2024-01-02 07:00:00,Adaptive,96.10652298303393,3.8934770169660737,0.32749402649885306,63.703946972867065,0.2567569486973376,2,scanning,0.04696043454193856,46.96043454193856,1024,1823528,False
2024-01-02 07:30:00,ARC,92.74022674852516,7.259773251474844,0.8258023940220108,64.10062236776665,0.16497410544502666,0,mixed,0.025957411103933847,25.957411103933847,1024,1736657,False
2024-01-02 07:30:00,LRU,87.90284508189546,12.097154918104536,0.2919110915952491,87.46612654737723,0.23221781093015684,0,temporal_locality,0.016341168962517978,16.34116896251798,1024,1538944,False
2024-01-02 07:30:00,LFU,85.0005169424423,14.999483057557693,0.397321610174315,83.84048175180175,0.44387973053662266,0,mixed,0.03798708429337253,37.98708429337253,1024,930511,False
2024-01-02 07:30:00,W-TinyLFU,93.56657956899824,6.433420431001757,0.5461529609480691,82.58150127808604,0.1373997828997925,0,scanning,0.029043496636688405,29.043496636688406,1024,1778791,False
2024-01-02 07:30:00,Adaptive,97.38970863403631,2.6102913659636906,0.3518153235034096,90.74612723540285,0.4247497444218673,2,temporal_locality,0.04941907501291835,49.41907501291835,1024,1228829,False
2024-01-02 08:00:00,ARC,93.10665351164664,6.893346488353358,0.5249910340049767,88.64073165449496,0.2410959761732447,0,temporal_locality,0.027258832163956068,27.25883216395607,1024,1216611,False
2024-01-02 08:00:00,LRU,89.441273130285,10.558726869714995,0.9162710414020907,90.61893122429379,0.1797840703136614,0,mixed,0.033950741891445174,33.950741891445176,1024,657689,False
2024-01-02 08:00:00,LFU,84.99454877613643,15.005451223863576,0.8300292655494954,62.283700851803715,0.2257221656883482,0,scanning,0.044733804427855614,44.73380442785562,1024,1423882,False
2024-01-02 08:00:00,W-TinyLFU,95.47086637560082,4.529133624399185,0.9329376889789438,60.62596183542763,0.1674132697473491,0,temporal_locality,0.04326114550153596,43.26114550153596,1024,1528221,False
2024-01-02 08:00:00,Adaptive,97.01431226984333,2.985687730156672,0.8711634322463542,68.48826660848748,0.39545763452089566,3,temporal_locality,0.02104035203220147,21.04035203220147,1024,1463010,False
2024-01-02 08:30:00,ARC,92.98753092978168,7.0124690702183194,0.13763849800123293,77.30202066591202,0.3866858942895567,0,scanning,0.04941888908088728,49.418889080887276,1024,898800,False
2024-01-02 08:30:00,LRU,89.40903261893408,10.59096738106592,0.2731272171187485,86.37240101793945,0.3396232695581817,0,random,0.039466624809310125,39.466624809310126,1024,1282121,False
2024-01-02 08:30:00,LFU,83.85234718194087,16.14765281805912,0.20141755025944924,83.54698894834118,0.20870880943629136,0,temporal_locality,0.024564230750813213,24.564230750813213,1024,885949,False
2024-01-02 08:30:00,W-TinyLFU,93.48845300698511,6.511546993014883,0.7319219936251163,65.23540689455905,0.3233819324478816,0,random,0.02632869164769675,26.32869164769675,1024,777743,False
2024-01-02 08:30:00,Adaptive,96.08710161853702,3.9128983814629814,0.23018850073822777,70.62956587113302,0.22912638538524313,3,mixed,0.01886177629244415,18.861776292444148,1024,522240,False
2024-01-02 09:00:00,ARC,90.63167025887215,9.368329741127857,2.4258909863461966,70.398434272861,0.23082966245754186,0,zipfian,0.04263685459388558,42.63685459388558,1024,583494,True
2024-01-02 09:00:00,LRU,89.50532987633136,10.494670123668648,1.0304609640258227,84.24465441291203,0.34170630354795495,0,zipfian,0.024041647755508495,24.041647755508496,1024,1559677,True
2024-01-02 09:00:00,LFU,85.88514047435288,14.114859525647116,4.569533161398995,61.14419157515028,0.29825734069579163,0,random,0.023818624775731788,23.818624775731788,1024,1246663,True
2024-01-02 09:00:00,W-TinyLFU,94.30797823372514,5.692021766274857,1.2585396726232612,69.03418529723045,0.19135880765216765,0,mixed,0.03015713040785395,30.15713040785395,1024,504933,True
2024-01-02 09:00:00,Adaptive,99.0,1.0000000000000009,0.6674808050781003,76.11309052499914,0.47511140224378734,2,temporal_locality,0.0179178213592672,17.9178213592672,1024,1837712,True
2024-01-02 09:30:00,ARC,90.16390745072702,9.83609254927298,4.184310474308043,84.39083151024185,0.22548379592942577,0,random,0.02273512601304967,22.73512601304967,1024,1761900,True
2024-01-02 09:30:00,LRU,86.60359993882246,13.396400061177548,1.3533365610284762,86.92946226210934,0.13667653729513846,0,temporal_locality,0.01978826011617413,19.788260116174133,1024,1205620,True
2024-01-02 09:30:00,LFU,85.08074863549948,14.91925136450053,4.136219031245812,68.3033942532069,0.16335473170398251,0,scanning,0.049797966441583894,49.797966441583895,1024,1696747,True
2024-01-02 09:30:00,W-TinyLFU,92.34773969814397,7.652260301856028,3.328378151182167,90.25823893127557,0.1342600931166328,0,mixed,0.010572748134918682,10.572748134918681,1024,1376267,True
2024-01-02 09:30:00,Adaptive,99.0,1.0000000000000009,3.884047901694199,84.159600852313,0.299000256530332,2,random,0.035561231133518896,35.561231133518895,1024,772539,True
2024-01-02 10:00:00,ARC,92.33218029228797,7.66781970771202,0.8691927435256148,88.53600554832674,0.2381582343484074,0,zipfian,0.024077578227461496,24.077578227461498,1024,1367165,True
2024-01-02 10:00:00,LRU,87.17454418767787,12.82545581232214,0.7789105790591728,65.03497477889634,0.4351548346898637,0,scanning,0.023956988910831555,23.956988910831555,1024,950545,True
2024-01-02 10:00:00,LFU,84.02288237712239,15.977117622877612,2.370146893004116,86.56670464133018,0.19693349651213696,0,mixed,0.033557609548592805,33.55760954859281,1024,1144660,True
2024-01-02 10:00:00,W-TinyLFU,95.3481109727977,4.651889027202305,4.708666426668501,87.78756441982729,0.22431112952794607,0,temporal_locality,0.020864017658606113,20.864017658606112,1024,1480826,True
2024-01-02 10:00:00,Adaptive,99.0,1.0000000000000009,0.6806880142359005,73.05280394128968,0.2514406948646828,0,temporal_locality,0.035306204048795815,35.30620404879581,1024,1293697,True
2024-01-02 10:30:00,ARC,92.6450863788969,7.354913621103087,3.897605959706708,73.05112344088081,0.17872929707013685,0,temporal_locality,0.025980727307129227,25.98072730712923,1024,1511334,True
2024-01-02 10:30:00,LRU,89.23232762899657,10.767672371003433,1.9193281217680846,76.82267502686452,0.45345337074148717,0,scanning,0.026183929063461488,26.183929063461488,1024,925168,True
2024-01-02 10:30:00,LFU,83.36503682751197,16.63496317248803,1.6493159627031162,69.65839924406497,0.40661351290350745,0,temporal_locality,0.04428234208027984,44.28234208027984,1024,1391009,True
2024-01-02 10:30:00,W-TinyLFU,94.6554250332759,5.344574966724092,3.538284784502107,93.42319853149854,0.20478411675714958,0,temporal_locality,0.042827075915694124,42.827075915694124,1024,1214227,True
2024-01-02 10:30:00,Adaptive,99.0,1.0000000000000009,4.818452047403236,83.4262262660851,0.3477806215690843,1,zipfian,0.023050949107984796,23.050949107984795,1024,1695299,True
2024-01-02 11:00:00,ARC,90.26565466227218,9.734345337727813,4.7602361151110655,92.84859423712174,0.2584986612091217,0,scanning,0.028480012766636087,28.480012766636086,1024,1104576,True
2024-01-02 11:00:00,LRU,86.47676425828206,13.523235741717944,4.7601213804499585,62.8482398334248,0.39331486989620124,0,zipfian,0.04761567170396914,47.61567170396914,1024,804410,True
2024-01-02 11:00:00,LFU,83.37488457291084,16.625115427089156,3.759681352666832,93.27345379249289,0.20319174761321254,0,zipfian,0.020474354531363183,20.474354531363183,1024,1952027,True
2024-01-02 11:00:00,W-TinyLFU,95.290905597712,4.709094402288006,3.076094695991037,93.4672981861311,0.16802940239822284,0,scanning,0.026422255235693574,26.422255235693573,1024,563792,True
2024-01-02 11:00:00,Adaptive,99.0,1.0000000000000009,2.6756714785436846,74.84763380644507,0.2549644240409493,1,zipfian,0.027381531011951288,27.38153101195129,1024,1012777,True
2024-01-02 11:30:00,ARC,90.78076458744997,9.21923541255003,4.295408712238935,84.53234873107257,0.2957686322897829,0,scanning,0.046023397696869264,46.02339769686927,1024,1374903,True
2024-01-02 11:30:00,LRU,87.67291255985073,12.327087440149265,0.8391457894301184,88.94236545498048,0.254647994774985,0,mixed,0.04490969098708682,44.90969098708682,1024,883057,True
2024-01-02 11:30:00,LFU,83.52657505798673,16.47342494201327,3.743191076574024,74.13361247185567,0.1572476767366597,0,scanning,0.020244438641006383,20.244438641006383,1024,1807914,True
2024-01-02 11:30:00,W-TinyLFU,92.25297952332913,7.747020476670874,2.055728784487375,85.48938517403549,0.31702536330268505,0,mixed,0.03427384197530211,34.27384197530211,1024,1244745,True
2024-01-02 11:30:00,Adaptive,99.0,1.0000000000000009,3.882701054111695,67.90853977710685,0.41434708392098873,1,zipfian,0.04035995234299122,40.35995234299122,1024,1158579,True
2024-01-02 12:00:00,ARC,92.8432993883732,7.156700611626798,0.5421249179282632,61.74345424820059,0.18601653844824312,0,zipfian,0.03594164506713837,35.941645067138374,1024,503913,True
2024-01-02 12:00:00,LRU,88.54335213662385,11.456647863376146,2.2798103957135236,66.90264318513204,0.11499048853874419,0,temporal_locality,0.047160745931338996,47.160745931338994,1024,872914,True
2024-01-02 12:00:00,LFU,84.6272198001912,15.3727801998088,1.2218556453590634,73.02936142823211,0.2312739772396647,0,mixed,0.010377758659155464,10.377758659155464,1024,1502647,True
2024-01-02 12:00:00,W-TinyLFU,93.25021387810483,6.749786121895163,4.045784725314759,69.18202967614742,0.2673440092894438,0,random,0.029404289512434442,29.404289512434442,1024,1936298,True
2024-01-02 12:00:00,Adaptive,99.0,1.0000000000000009,0.9498194817449619,91.55680454768621,0.2778763957859332,2,scanning,0.03118533959621588,31.185339596215883,1024,1682295,True
2024-01-02 12:30:00,ARC,91.26251264186162,8.737487358138385,4.198528063339281,94.04741825653363,0.13520059168447746,0,scanning,0.04753346148573776,47.53346148573776,1024,1126248,True
2024-01-02 12:30:00,LRU,87.84865076947645,12.151349230523545,3.1877187158758673,76.23312293122719,0.2870672472098173,0,scanning,0.012261564669326059,12.26156466932606,1024,1639992,True
2024-01-02 12:30:00,LFU,85.7713473434186,14.228652656581408,2.2612100837760085,91.33777871652546,0.18249126678224892,0,zipfian,0.02842501925891394,28.42501925891394,1024,1792537,True
2024-01-02 12:30:00,W-TinyLFU,92.40917625140864,7.590823748591358,0.5114604361671431,71.59495205917891,0.498666939192551,0,scanning,0.028223296414343152,28.223296414343153,1024,1075418,True
2024-01-02 12:30:00,Adaptive,99.0,1.0000000000000009,3.627066702128,76.69934556164972,0.36135575868590775,1,zipfian,0.04995752841819777,49.95752841819777,1024,1468919,True
2024-01-02 13:00:00,ARC,92.17513580938339,7.824864190616609,2.8464585746791964,78.89325697326856,0.34253881977282563,0,scanning,0.010626789733746827,10.626789733746827,1024,838715,True
2024-01-02 13:00:00,LRU,86.30337306184627,13.696626938153733,3.587541224576596,70.58930835889464,0.3515876115596147,0,scanning,0.04876096442841411,48.760964428414105,1024,1256693,True
2024-01-02 13:00:00,LFU,86.31977521387806,13.680224786121942,4.433646530107114,93.06393370252253,0.13515324083265157,0,mixed,0.0172369746376642,17.2369746376642,1024,1991458,True
2024-01-02 13:00:00,W-TinyLFU,93.92694946513393,6.073050534866075,4.832613077404523,65.4285542883388,0.22985770677785666,0,scanning,0.04309600750048134,43.09600750048134,1024,1616970,True
2024-01-02 13:00:00,Adaptive,99.0,1.0000000000000009,3.247428539530163,82.2931641097453,0.2368084467777971,0,scanning,0.02319960976429892,23.19960976429892,1024,1872988,True
2024-01-02 13:30:00,ARC,93.19740333135692,6.80259666864308,0.5411146195548406,84.63344542033026,0.12025098560185309,0,temporal_locality,0.019617109739840315,19.617109739840316,1024,1027363,True
2024-01-02 13:30:00,LRU,87.92119176961765,12.078808230382343,4.0190667767759924,88.61156056635033,0.2326955576646141,0,zipfian,0.035531619044082585,35.53161904408258,1024,748759,True
2024-01-02 13:30:00,LFU,86.35072437275339,13.649275627246604,4.239887401010668,62.94785973240393,0.29826049339853344,0,mixed,0.011696673077403325,11.696673077403325,1024,745504,True
2024-01-02 13:30:00,W-TinyLFU,94.10977829822525,5.890221701774756,3.7225559845081286,78.30201444773047,0.1987093113808246,0,scanning,0.011574821703880356,11.574821703880357,1024,1261859,True
2024-01-02 13:30:00,Adaptive,99.0,1.0000000000000009,2.022700429290153,94.72579405227523,0.3401285602497577,3,mixed,0.015154728131794505,15.154728131794505,1024,1796050,True
2024-01-02 14:00:00,ARC,92.38029358853022,7.619706411469773,2.613263165728587,73.45473528910155,0.14900801630883503,0,random,0.034615346772805346,34.615346772805346,1024,1825355,True
2024-01-02 14:00:00,LRU,89.02837819155843,10.971621808441567,4.6204796349860695,60.579173473264156,0.3184816001268044,0,random,0.02637686436357055,26.376864363570547,1024,1430038,True
2024-01-02 14:00:00,LFU,84.37393851193549,15.626061488064503,1.6973096392394518,85.08560954577044,0.42935762898706564,0,random,0.03491167793722479,34.911677937224795,1024,998422,True
2024-01-02 14:00:00,W-TinyLFU,95.7468027035658,4.253197296434196,3.25677275387516,71.18712299137773,0.3540452698770603,0,temporal_locality,0.03480565021869339,34.80565021869339,1024,1578276,True
2024-01-02 14:00:00,Adaptive,99.0,1.0000000000000009,0.7181000919927404,75.71671536427937,0.40570540548784595,2,random,0.03680825861373748,36.80825861373748,1024,1009430,True
2024-01-02 14:30:00,ARC,93.20731111904156,6.792688880958442,0.6710824563381126,67.8312103752998,0.12361495334058828,0,random,0.040912942731745276,40.912942731745275,1024,1743722,True
2024-01-02 14:30:00,LRU,86.65209722732577,13.347902772674235,1.283361721342628,88.63362312601926,0.4171827321246161,0,random,0.04008856552638941,40.08856552638941,1024,759753,True
2024-01-02 14:30:00,LFU,84.55068526994849,15.449314730051512,2.199840876568034,67.44156772676489,0.2220104582754976,0,temporal_locality,0.015121435963631176,15.121435963631175,1024,1947402,True
2024-01-02 14:30:00,W-TinyLFU,95.1912275063539,4.808772493646107,4.13046210010191,81.61954704049336,0.27064342409155345,0,temporal_locality,0.026616002330350233,26.616002330350234,1024,1891700,True
2024-01-02 14:30:00,Adaptive,99.0,1.0000000000000009,4.780163205451262,85.04335346677613,0.11302184927494757,2,mixed,0.026395995563282613,26.395995563282614,1024,1543147,True
2024-01-02 15:00:00,ARC,92.50054134900958,7.49945865099042,3.828959343189017,70.66092013533816,0.42076723052593545,0,mixed,0.03213738694028404,32.137386940284046,1024,1086201,True
2024-01-02 15:00:00,LRU,89.73113381378704,10.268866186212955,4.593209868168725,74.43752695442407,0.31005311740401853,0,scanning,0.01853123826296337,18.531238262963367,1024,1756922,True
2024-01-02 15:00:00,LFU,85.0078661789841,14.992133821015896,0.9389924811929833,85.56252654686568,0.13293971314786412,0,scanning,0.011818083949031263,11.818083949031264,1024,1144862,True
2024-01-02 15:00:00,W-TinyLFU,95.75315478761132,4.246845212388683,3.8910792741319957,79.92333037568795,0.17458486371071186,0,zipfian,0.03645206020679613,36.45206020679613,1024,1419548,True
2024-01-02 15:00:00,Adaptive,99.0,1.0000000000000009,0.8730437152481989,60.35945095967146,0.18576077597468058,2,mixed,0.021055212745181427,21.05521274518143,1024,1435263,True
2024-01-02 15:30:00,ARC,92.70284616956846,7.297153830431546,1.4724373068942358,78.28903896509117,0.33879278661887735,0,scanning,0.014631292195066373,14.631292195066374,1024,1479555,True
2024-01-02 15:30:00,LRU,88.95046143460952,11.04953856539047,1.1654906641000278,90.46498664445608,0.27244346500793293,0,mixed,0.027350844532041924,27.350844532041922,1024,1210236,True
2024-01-02 15:30:00,LFU,84.48667326171146,15.513326738288535,3.352371296497588,80.645976825245,0.3625794660333208,0,random,0.04047892918610717,40.478929186107166,1024,1730969,True
2024-01-02 15:30:00,W-TinyLFU,94.6650634626112,5.334936537388801,2.571835489439955,81.8569007135691,0.441232743780827,0,mixed,0.010603527625372942,10.603527625372942,1024,1433776,True
2024-01-02 15:30:00,Adaptive,99.0,1.0000000000000009,1.431360866841394,62.203019146945074,0.1680423126849518,2,mixed,0.01528906704767154,15.28906704767154,1024,690810,True
2024-01-02 16:00:00,ARC,90.49290194775087,9.50709805224913,2.3584746858976637,71.07599878971563,0.42521467231112875,0,mixed,0.02377396031044334,23.773960310443343,1024,1133255,True
2024-01-02 16:00:00,LRU,89.41257887446575,10.587421125534247,4.81226681361658,89.84643905734342,0.29396918884125933,0,scanning,0.015761380989668262,15.761380989668263,1024,801571,True
2024-01-02 16:00:00,LFU,86.2463543164422,13.753645683557803,4.015310836893993,70.68861601417903,0.41841073482362956,0,temporal_locality,0.022754250083003594,22.754250083003594,1024,1192439,True
2024-01-02 16:00:00,W-TinyLFU,94.29322017244098,5.706779827559016,1.4724689371406225,91.38743927053824,0.43613330524156424,0,mixed,0.043046918538998724,43.046918538998725,1024,633751,True
2024-01-02 16:00:00,Adaptive,99.0,1.0000000000000009,1.6432125758556677,93.55242945576187,0.3362502679361257,0,mixed,0.041393005952961345,41.393005952961346,1024,669863,True
2024-01-02 16:30:00,ARC,92.26256757345634,7.737432426543666,1.6077938662177276,89.39653014946721,0.2977565200962805,0,scanning,0.0468099378496727,46.8099378496727,1024,1395997,True
2024-01-02 16:30:00,LRU,86.85132862475086,13.148671375249133,1.243469631967323,88.72379955100082,0.35639885340341493,0,zipfian,0.015430063076292702,15.430063076292702,1024,1632460,True
2024-01-02 16:30:00,LFU,83.48424992184484,16.51575007815517,3.7452182381477943,69.64817345193221,0.4372476363023946,0,temporal_locality,0.01842363389299655,18.42363389299655,1024,1672051,True
2024-01-02 16:30:00,W-TinyLFU,93.96179903794662,6.038200962053386,3.91592076905474,60.146433494545775,0.25015784721020407,0,random,0.016028694911134837,16.02869491113484,1024,1135314,True
2024-01-02 16:30:00,Adaptive,99.0,1.0000000000000009,3.801452823287007,77.92170455308491,0.27359829232341504,3,temporal_locality,0.010793522749794681,10.79352274979468,1024,1892548,True
2024-01-02 17:00:00,ARC,90.88055269991112,9.11944730008888,2.751621582417777,89.74538695799883,0.25396816091142355,0,random,0.018178641712442593,18.178641712442595,1024,1907311,True
2024-01-02 17:00:00,LRU,88.33867134511752,11.661328654882475,2.8750545556918254,82.05269807626951,0.4002505266913239,0,mixed,0.027287998349637972,27.287998349637974,1024,1011630,True
2024-01-02 17:00:00,LFU,86.49893341023692,13.501066589763077,4.915035418874047,63.17432128343638,0.18516735867594072,0,zipfian,0.010833874604092299,10.8338746040923,1024,715198,True
2024-01-02 17:00:00,W-TinyLFU,93.32941281284806,6.670587187151932,3.5895412520397336,73.36579525163465,0.3980700631081938,0,temporal_locality,0.01688983987004044,16.88983987004044,1024,1423233,True
2024-01-02 17:00:00,Adaptive,99.0,1.0000000000000009,2.181185402657205,94.87024121485165,0.30384978955251307,0,zipfian,0.047029271837597884,47.02927183759788,1024,1548997,True
2024-01-02 17:30:00,ARC,91.544006548304,8.455993451695997,4.0149598811900065,67.57527642415607,0.2224304840470196,0,random,0.04664836025025556,46.64836025025556,1024,1248965,True
2024-01-02 17:30:00,LRU,89.41884532296488,10.581154677035121,3.492574106748328,63.84498632053978,0.25977574755578836,0,random,0.03640537624619345,36.40537624619345,1024,991950,True
2024-01-02 17:30:00,LFU,84.0912046979234,15.908795302076594,4.946184407994233,61.32343591877111,0.3532205969223088,0,temporal_locality,0.010083499994561191,10.08349999456119,1024,1624345,True
2024-01-02 17:30:00,W-TinyLFU,94.67346137073889,5.326538629261113,2.944933990042423,83.344177325089,0.4382166640209323,0,zipfian,0.041019085708394826,41.019085708394826,1024,1048518,True
2024-01-02 17:30:00,Adaptive,99.0,1.0000000000000009,3.7328412980523145,71.74068778082798,0.4492482030614725,1,temporal_locality,0.026523514879743096,26.523514879743097,1024,724922,True
2024-01-02 18:00:00,ARC,91.28565261883519,8.71434738116481,1.7066594388534932,92.26500530209518,0.12239731178206462,0,temporal_locality,0.04780477143534262,47.804771435342616,1024,1585315,True
2024-01-02 18:00:00,LRU,86.6355953265891,13.3644046734109,4.8548430451371845,80.99436969192001,0.24687205950076674,0,temporal_locality,0.013625944750821547,13.625944750821546,1024,535314,True
2024-01-02 18:00:00,LFU,84.70182125272085,15.298178747279156,2.5324688277806016,66.90336003819351,0.169819496528317,0,scanning,0.04792772524588668,47.927725245886684,1024,1329588,True
2024-01-02 18:00:00,W-TinyLFU,94.03854676343148,5.961453236568515,2.8706578273139187,84.15198735236588,0.3015144724358849,0,zipfian,0.013403722605665708,13.403722605665708,1024,1114638,True
2024-01-02 18:00:00,Adaptive,99.0,1.0000000000000009,2.315235338742818,92.65338849519597,0.27917431228178635,3,temporal_locality,0.012077186955421117,12.077186955421118,1024,1289791,True
2024-01-02 18:30:00,ARC,90.65130416026899,9.348695839731015,4.220176851906684,79.31276353204375,0.3605139539575556,0,zipfian,0.03525197656709881,35.25197656709881,1024,1885857,True
2024-01-02 18:30:00,LRU,89.32392321862865,10.676076781371346,0.789775373409766,88.05655927278512,0.34579348044629077,0,zipfian,0.035851348765065294,35.851348765065296,1024,1816786,True
2024-01-02 18:30:00,LFU,85.93941066557169,14.060589334428307,0.741101817511546,79.04214543631056,0.2972364706396481,0,scanning,0.020015694980407655,20.015694980407655,1024,541938,True
2024-01-02 18:30:00,W-TinyLFU,95.30630639682244,4.693693603177563,3.049296753390812,64.58300549465422,0.32918819414979805,0,random,0.03893238580781587,38.93238580781587,1024,1494047,True
2024-01-02 18:30:00,Adaptive,99.0,1.0000000000000009,1.7648864908507909,85.9218597508594,0.19211940491164536,1,scanning,0.036536957253815616,36.536957253815615,1024,954907,True
2024-01-02 19:00:00,ARC,90.5860714042034,9.413928595796605,0.6247949471583915,94.79687399822475,0.22862656656780533,0,scanning,0.022300907197482983,22.30090719748298,1024,1177818,False
2024-01-02 19:00:00,LRU,88.38525162887605,11.614748371123952,0.10471503371883634,64.09449638715117,0.4469929435591249,0,mixed,0.013374266294541273,13.374266294541272,1024,1254044,False
2024-01-02 19:00:00,LFU,86.1843464749901,13.815653525009907,0.6802890424295384,72.9845465325464,0.4584954670577984,0,scanning,0.030430888584086498,30.430888584086496,1024,1828044,False
2024-01-02 19:00:00,W-TinyLFU,92.83624056078126,7.163759439218742,0.21642000234896774,66.60224688464619,0.3671465719218794,0,scanning,0.012391976262667494,12.391976262667495,1024,1007377,False
2024-01-02 19:00:00,Adaptive,96.22169124122412,3.7783087587758724,0.36660214490806275,72.98151657782697,0.12564235021296133,2,mixed,0.04935421403264368,49.35421403264368,1024,979563,False
2024-01-02 19:30:00,ARC,90.84541498427308,9.154585015726923,0.4431568712742677,67.85141409911317,0.41609694922088625,0,zipfian,0.04487072325749248,44.87072325749248,1024,1728926,False
2024-01-02 19:30:00,LRU,87.6862565042893,12.313743495710694,0.9016921147736643,87.69729173452767,0.4491162404352903,0,random,0.020918766584840952,20.918766584840952,1024,1374649,False
2024-01-02 19:30:00,LFU,84.91465424096637,15.08534575903363,0.9681610449396414,60.726509365912456,0.49013771654206595,0,random,0.03513250794540858,35.13250794540858,1024,1068121,False
2024-01-02 19:30:00,W-TinyLFU,94.4204230024024,5.579576997597602,0.11708142679246926,62.462651757616854,0.49394763062332037,0,scanning,0.02907905310641292,29.07905310641292,1024,1527468,False
2024-01-02 19:30:00,Adaptive,95.97900250079331,4.02099749920668,0.3719839506198286,73.35932142437925,0.2944232793647315,2,mixed,0.014038533217008781,14.038533217008782,1024,1096009,False
2024-01-02 20:00:00,ARC,91.64288980726548,8.357110192734519,0.7347346161753338,65.66640731095289,0.4091613269719224,0,mixed,0.028518770819960744,28.518770819960743,1024,576855,False
2024-01-02 20:00:00,LRU,87.2084853603387,12.791514639661294,0.9321165234988091,62.88517121581774,0.23388941518146544,0,random,0.031769655487755,31.769655487754996,1024,1944224,False
2024-01-02 20:00:00,LFU,83.63396568168935,16.366034318310653,0.6120801856394334,85.1081270875409,0.13997056615649842,0,temporal_locality,0.03322903645852065,33.229036458520646,1024,636938,False
2024-01-02 20:00:00,W-TinyLFU,92.6641925611299,7.335807438870101,0.6826208004485848,87.8325862781963,0.22128267329732354,0,zipfian,0.019194531930663433,19.194531930663434,1024,1235138,False
2024-01-02 20:00:00,Adaptive,94.36764784091343,5.632352159086562,0.4842156587153441,69.11974260090885,0.49045949829198554,3,mixed,0.016341760748177846,16.341760748177848,1024,1553196,False
2024-01-02 20:30:00,ARC,90.75934227000334,9.24065772999666,0.17298204892542002,62.9673290630041,0.22380712728623525,0,temporal_locality,0.03934588305059782,39.34588305059782,1024,1153541,False
2024-01-02 20:30:00,LRU,87.42266544929245,12.577334550707542,0.10901368348008283,90.55183614680077,0.4246338786246042,0,mixed,0.04147994354766832,41.47994354766832,1024,793707,False
2024-01-02 20:30:00,LFU,85.73917908458448,14.260820915415529,0.6140858178894644,89.36708546552106,0.4291885159194263,0,temporal_locality,0.0430325359396567,43.032535939656704,1024,929026,False
2024-01-02 20:30:00,W-TinyLFU,94.72445990343978,5.275540096560216,0.5154306019764417,68.83627316730194,0.21176641113161299,0,random,0.028949332038950802,28.949332038950804,1024,1004792,False
2024-01-02 20:30:00,Adaptive,94.9355489351299,5.064451064870101,0.6834375626249435,93.03064797141742,0.1790754967319996,2,temporal_locality,0.02458521020849582,24.58521020849582,1024,1408680,False
2024-01-02 21:00:00,ARC,93.03288580809394,6.967114191906065,0.43327516560497137,69.93194971904799,0.37690372124325333,0,zipfian,0.024213780590050103,24.213780590050103,1024,1817763,False
2024-01-02 21:00:00,LRU,88.5971295725228,11.402870427477197,0.4541722130626046,80.45840519797783,0.44740284585324197,0,random,0.038382687908031336,38.382687908031336,1024,1967806,False
2024-01-02 21:00:00,LFU,84.32975935490695,15.670240645093047,0.8379265744711134,80.25134017139042,0.19174395536740074,0,mixed,0.02589846702922321,25.89846702922321,1024,1750754,False
2024-01-02 21:00:00,W-TinyLFU,92.75366980557997,7.246330194420025,0.25117784548393335,64.17423877367408,0.37535948058134494,0,zipfian,0.01124805701771892,11.24805701771892,1024,521515,False
2024-01-02 21:00:00,Adaptive,95.88582915869243,4.114170841307563,0.6113707156279015,77.74688125080152,0.3454647955348603,2,scanning,0.04849848907572764,48.49848907572764,1024,1733395,False
2024-01-02 21:30:00,ARC,90.48049806010638,9.519501939893615,0.6734806368311744,74.45634749475902,0.21824608228208403,0,scanning,0.043779601847403725,43.779601847403725,1024,745851,False
2024-01-02 21:30:00,LRU,88.06092181676308,11.939078183236917,0.9648898416658886,63.995687188931925,0.1190741075121963,0,mixed,0.023634224165348768,23.63422416534877,1024,1765166,False
2024-01-02 21:30:00,LFU,84.45032638980769,15.549673610192317,0.15210095084927852,61.245905257345576,0.3187921301279007,0,mixed,0.02515652157030285,25.15652157030285,1024,1666200,False
2024-01-02 21:30:00,W-TinyLFU,93.95358470068321,6.046415299316788,0.34698825723768156,91.68241421243405,0.47560533639817926,0,random,0.013412908771080959,13.412908771080959,1024,1407786,False
2024-01-02 21:30:00,Adaptive,96.49701037631957,3.5029896236804414,0.6752039958024156,68.77005765835416,0.30118966101906774,3,scanning,0.018727854796209233,18.727854796209233,1024,1007853,False
2024-01-02 22:00:00,ARC,91.88149417191295,8.118505828087052,0.1789585894889022,71.43757002966727,0.3498090405919675,0,random,0.029091188422794748,29.091188422794747,1024,772471,False
2024-01-02 22:00:00,LRU,87.80242585704978,12.197574142950218,0.10361881566039276,88.61952383062892,0.35054725152063404,0,mixed,0.02732778082970335,27.32778082970335,1024,770309,False
2024-01-02 22:00:00,LFU,84.94653390868021,15.05346609131979,0.4768417988024226,74.8748876782874,0.4182328793357363,0,scanning,0.04430772079065631,44.30772079065631,1024,1070753,False
2024-01-02 22:00:00,W-TinyLFU,95.14223027433947,4.857769725660532,0.8700439607678044,83.17035578527279,0.20955555169930676,0,random,0.015334268440901107,15.334268440901107,1024,1201743,False
2024-01-02 22:00:00,Adaptive,94.51629601932122,5.4837039806787775,0.31565265151402344,68.52566630193225,0.345182594113572,1,zipfian,0.03233285555925982,32.33285555925982,1024,1449901,False
2024-01-02 22:30:00,ARC,93.2350392403557,6.764960759644301,0.3173188140674594,61.66742298766499,0.36134381155851747,0,scanning,0.017852445809284342,17.852445809284344,1024,1498819,False
2024-01-02 22:30:00,LRU,86.41562472486261,13.584375275137395,0.5238506209445426,66.96005151784156,0.10526838016244296,0,zipfian,0.049457177729728366,49.457177729728365,1024,1097136,False
2024-01-02 22:30:00,LFU,86.2107034950202,13.789296504979799,0.3104218149991264,64.1210362304862,0.3224645790248398,0,scanning,0.01905480543221156,19.05480543221156,1024,1852908,False
2024-01-02 22:30:00,W-TinyLFU,92.42503850316925,7.5749614968307455,0.11273190091664087,71.67760608191794,0.24055599910849704,0,zipfian,0.049254118198080885,49.25411819808088,1024,1802369,False
2024-01-02 22:30:00,Adaptive,97.55467978765577,2.4453202123442264,0.9609118101472167,69.55805841030198,0.10554027225622918,2,zipfian,0.01744288505429076,17.442885054290763,1024,1185446,False
2024-01-02 23:00:00,ARC,90.85315702722076,9.146842972779245,0.7489423537362133,88.49942374662756,0.32379055600821244,0,zipfian,0.010907984186692747,10.907984186692747,1024,1268480,False
2024-01-02 23:00:00,LRU,86.72819160014865,13.27180839985136,0.4406661632177209,76.03633961311591,0.13299596900157917,0,scanning,0.011843889166493687,11.843889166493687,1024,543985,False
2024-01-02 23:00:00,LFU,85.29787260006371,14.702127399936282,0.38199198781455923,80.92979485597249,0.13615780147330067,0,scanning,0.020623136239539566,20.623136239539566,1024,607874,False
2024-01-02 23:00:00,W-TinyLFU,94.03796472415044,5.962035275849553,0.6593266470032918,93.81641761496256,0.4889901469078416,0,mixed,0.012462572503692267,12.462572503692266,1024,1894058,False
2024-01-02 23:00:00,Adaptive,96.76753990287575,3.2324600971242456,0.5444607739015671,72.67085142882803,0.13141241925930014,1,random,0.041208471786402946,41.208471786402946,1024,774366,False
2024-01-02 23:30:00,ARC,90.6454145665948,9.354585433405205,0.62385003337512,72.54092929536253,0.25884439926535696,0,mixed,0.02067980263537145,20.679802635371452,1024,981829,False
2024-01-02 23:30:00,LRU,88.38411929506985,11.615880704930149,0.3836300910286192,73.45557289361624,0.45082774275982396,0,mixed,0.022078123912714433,22.07812391271443,1024,893781,False
2024-01-02 23:30:00,LFU,84.73307990853604,15.266920091463964,0.8415602986559315,71.72424581556743,0.13993785206444534,0,temporal_locality,0.04598662975443208,45.98662975443208,1024,1152212,False
2024-01-02 23:30:00,W-TinyLFU,95.8097569291237,4.19024307087631,0.9029226732280218,78.53409781315236,0.4249327363346781,0,zipfian,0.03613286865446237,36.13286865446237,1024,1907713,False
2024-01-02 23:30:00,Adaptive,97.55413418104925,2.4458658189507543,0.5555501680653774,86.69967075662754,0.4525342758742644,1,scanning,0.03734516853101939,37.3451685310194,1024,1726467,False
2024-01-03 00:00:00,ARC,91.97184872918235,8.028151270817641,0.4416765915546813,73.7747385349434,0.3463449968071615,0,zipfian,0.04542783555589695,45.427835555896955,1024,1036205,False
2024-01-03 00:00:00,LRU,86.4321143466361,13.567885653363899,0.5726097998037408,60.60472345171724,0.2538635575320245,0,random,0.02885757417479279,28.857574174792788,1024,1986153,False
2024-01-03 00:00:00,LFU,84.39379316124621,15.606206838753788,0.8752873277846994,68.75445931510777,0.1173834115237292,0,random,0.04823210626417338,48.23210626417338,1024,857899,False
2024-01-03 00:00:00,W-TinyLFU,94.18118443098939,5.818815569010605,0.3919331574890338,60.936248192833325,0.12715312361794032,0,random,0.020484472536859588,20.484472536859588,1024,1239878,False
2024-01-03 00:00:00,Adaptive,96.49871287102579,3.5012871289742065,0.3975731842803658,70.76410748346015,0.458117610697801,2,mixed,0.032428075928150404,32.428075928150406,1024,1720673,False
2024-01-03 00:30:00,ARC,93.70769621860835,6.2923037813916505,0.48087849532993054,93.99888828360054,0.12123947015718782,0,scanning,0.02755412880926058,27.55412880926058,1024,1214804,False
2024-01-03 00:30:00,LRU,86.78115487369885,13.218845126301149,0.2357327951496103,83.18977908128258,0.11999002145353979,0,random,0.03690691589644573,36.90691589644573,1024,1636472,False
2024-01-03 00:30:00,LFU,83.74072116996778,16.25927883003221,0.9949070837076364,80.99956909339807,0.24709275063655656,0,zipfian,0.03273732953095523,32.73732953095523,1024,827865,False
2024-01-03 00:30:00,W-TinyLFU,92.20953397192739,7.790466028072618,0.6103012479031797,90.73239179027576,0.23332065863724016,0,zipfian,0.01170797928099922,11.70797928099922,1024,1373736,False
2024-01-03 00:30:00,Adaptive,94.59408264059324,5.405917359406754,0.1459635187879022,67.92076256763708,0.2812106405626975,0,scanning,0.014557981010999806,14.557981010999807,1024,860793,False
2024-01-03 01:00:00,ARC,92.6007076807929,7.399292319207107,0.22748827045103504,88.37983535481311,0.2546800380531207,0,temporal_locality,0.036822444251719405,36.8224442517194,1024,1648831,False
2024-01-03 01:00:00,LRU,87.16048318344501,12.839516816554985,0.3872184462765038,91.6365691960808,0.38896568535052867,0,random,0.030962768081632078,30.962768081632078,1024,1378663,False
2024-01-03 01:00:00,LFU,84.35400746964301,15.645992530356988,0.6210562691811881,84.45631854904234,0.401918063614216,0,mixed,0.019275915500441023,19.275915500441023,1024,604569,False
2024-01-03 01:00:00,W-TinyLFU,95.80702813434392,4.1929718656560695,0.13079376537226697,78.9751459768608,0.24936282436932822,0,mixed,0.013279893878496143,13.279893878496143,1024,1324843,False
2024-01-03 01:00:00,Adaptive,94.1035097446121,5.896490255387898,0.36510877824578736,71.55149225576778,0.46409524399513125,3,temporal_locality,0.015540303630707696,15.540303630707696,1024,702069,False
2024-01-03 01:30:00,ARC,92.19040836579339,7.809591634206614,0.17772792047459335,91.79045976051587,0.49842398754987005,0,zipfian,0.04683501028412641,46.83501028412641,1024,1607102,False
2024-01-03 01:30:00,LRU,89.19865469762978,10.801345302370224,0.9491174818457537,88.70341202410424,0.2892294645107768,0,scanning,0.02509048048402502,25.09048048402502,1024,1769018,False
2024-01-03 01:30:00,LFU,85.7570518750319,14.242948124968091,0.36463848401375687,83.49073876391357,0.10190945139328807,0,mixed,0.039139858662249165,39.13985866224917,1024,1317385,False
2024-01-03 01:30:00,W-TinyLFU,94.28556227864287,5.714437721357135,0.4937440492302415,76.3940655572452,0.4012079971000454,0,random,0.03156178758263705,31.561787582637052,1024,1592299,False
2024-01-03 01:30:00,Adaptive,94.22360042891228,5.776399571087721,0.9549910998130329,61.68089671491172,0.42730704833290833,2,temporal_locality,0.035111394181411064,35.111394181411065,1024,1228118,False
2024-01-03 02:00:00,ARC,93.50552485778094,6.494475142219058,0.988698855592713,90.75216797773477,0.3764144138100537,0,mixed,0.01610880305494947,16.10880305494947,1024,505797,False
2024-01-03 02:00:00,LRU,89.112661469758,10.887338530242008,0.10223479282103727,93.13001593412324,0.35028382054007234,0,random,0.028357712697980153,28.357712697980155,1024,973144,False
2024-01-03 02:00:00,LFU,85.68801186284453,14.311988137155474,0.25752882737450433,89.73505094051575,0.4877394365733124,0,zipfian,0.037352994849332966,37.352994849332966,1024,1629382,False
2024-01-03 02:00:00,W-TinyLFU,94.62658210175083,5.373417898249178,0.6258582223912872,64.16435079314826,0.32758520540718844,0,zipfian,0.030509558848399294,30.509558848399294,1024,1221159,False
2024-01-03 02:00:00,Adaptive,97.20108591725875,2.798914082741255,0.2283593342159452,87.81450122628576,0.1414048090654978,3,temporal_locality,0.025683720838562567,25.683720838562568,1024,1664326,False
2024-01-03 02:30:00,ARC,92.09946355651785,7.900536443482153,0.565448596381098,93.4473234984415,0.30365515979595914,0,mixed,0.014975655650779678,14.975655650779677,1024,1726008,False
2024-01-03 02:30:00,LRU,87.88556852493208,12.11443147506791,0.6769758282982281,64.67452438658778,0.12062834861976222,0,mixed,0.04311381289583417,43.11381289583417,1024,944906,False
2024-01-03 02:30:00,LFU,86.46697357809433,13.533026421905669,0.4136075919472195,81.19318866785147,0.46025280918315203,0,temporal_locality,0.04982539336617565,49.825393366175646,1024,1673002,False
2024-01-03 02:30:00,W-TinyLFU,95.5763365148874,4.423663485112595,0.6551274185638353,60.63018100719055,0.3295723908721625,0,zipfian,0.03789644928377173,37.89644928377173,1024,1352051,False
2024-01-03 02:30:00,Adaptive,94.90003064916745,5.099969350832556,0.55431182755005,60.90480637619018,0.1885325053557778,0,scanning,0.01711020681633141,17.110206816331413,1024,945758,False
2024-01-03 03:00:00,ARC,92.07495968468079,7.92504031531921,0.975965047006187,83.32891680608387,0.29418208486386277,0,scanning,0.035782191887265634,35.78219188726563,1024,1281357,False
2024-01-03 03:00:00,LRU,89.75724933411354,10.242750665886469,0.9650898270503131,79.8256879545502,0.14246944364520747,0,temporal_locality,0.049244470927929725,49.244470927929726,1024,1118502,False
2024-01-03 03:00:00,LFU,83.89006576042071,16.10993423957928,0.3918705994192915,93.39593652827351,0.23483399062148713,0,mixed,0.010029477875141702,10.029477875141703,1024,615528,False
2024-01-03 03:00:00,W-TinyLFU,92.32739899213178,7.672601007868229,0.1438745714542279,84.27770714723619,0.1239380797756494,0,random,0.026494764008966457,26.494764008966456,1024,874681,False
2024-01-03 03:00:00,Adaptive,95.42856877753232,4.571431222467681,0.501577521254476,72.46498693707079,0.12298002489367539,0,random,0.01674126184615065,16.74126184615065,1024,891666,False
2024-01-03 03:30:00,ARC,93.24284494898215,6.757155051017849,0.7607227843714919,64.8221769689781,0.41568176853314687,0,random,0.04468507251921202,44.68507251921202,1024,1162168,False
2024-01-03 03:30:00,LRU,86.48026632492953,13.519733675070466,0.6153909855611926,81.5129066902372,0.45257974195578754,0,random,0.029815638176472675,29.815638176472675,1024,1701293,False
2024-01-03 03:30:00,LFU,84.13696319753413,15.863036802465869,0.9544778420426394,91.43414137166448,0.12959505869544224,0,scanning,0.01618561089793297,16.18561089793297,1024,1621381,False
2024-01-03 03:30:00,W-TinyLFU,95.0494022656972,4.950597734302809,0.11907387971728987,60.14925356170221,0.1522794641472668,0,temporal_locality,0.045959841977740945,45.95984197774094,1024,1665097,False
2024-01-03 03:30:00,Adaptive,97.57392130312634,2.426078696873657,0.7300397968298564,91.67833535868294,0.25655770288895974,1,mixed,0.04635414610191219,46.35414610191219,1024,1841643,False
2024-01-03 04:00:00,ARC,92.7262976458094,7.273702354190603,0.5422148736556546,81.98494855825574,0.4624638796423354,0,scanning,0.041148281464856815,41.148281464856815,1024,1959940,False
2024-01-03 04:00:00,LRU,86.62747565888228,13.372524341117732,0.4499590196331663,93.62828890729241,0.3438651227952741,0,scanning,0.040889350211869895,40.889350211869896,1024,1963575,False
2024-01-03 04:00:00,LFU,84.44776756507669,15.552232434923308,0.1422573045229635,86.03546995903346,0.1589924275313055,0,temporal_locality,0.018231179213024286,18.231179213024287,1024,882883,False
2024-01-03 04:00:00,W-TinyLFU,94.0455913224157,5.9544086775843,0.7436793279033186,92.67411612587944,0.43163170636075254,0,zipfian,0.02666014047511074,26.66014047511074,1024,1939759,False
2024-01-03 04:00:00,Adaptive,95.65400042270218,4.345999577297821,0.4274531707745076,72.86091580516921,0.2584624371308689,0,zipfian,0.03623214282392966,36.232142823929664,1024,675354,False
2024-01-03 04:30:00,ARC,90.37964130117764,9.62035869882235,0.9192949111139389,92.99519622300048,0.34501959060421894,0,scanning,0.017932798048135024,17.932798048135023,1024,906438,False
2024-01-03 04:30:00,LRU,87.96875200890533,12.031247991094673,0.8274870678169489,81.53768846175366,0.22725707955061708,0,temporal_locality,0.030752278304632445,30.752278304632444,1024,1391359,False
2024-01-03 04:30:00,LFU,84.74030185602275,15.259698143977252,0.6132952959867015,67.07019092283008,0.37680308397247164,0,temporal_locality,0.030796886309777366,30.796886309777367,1024,1819458,False
2024-01-03 04:30:00,W-TinyLFU,95.03878615169755,4.961213848302448,0.3744144366153741,82.15344597482743,0.17893211567447784,0,random,0.04914542279587912,49.14542279587912,1024,924607,False
2024-01-03 04:30:00,Adaptive,97.42512777315405,2.574872226845959,0.19518746292211275,63.12758582391715,0.11670710088029233,2,random,0.031330602004137835,31.330602004137834,1024,1518769,False
2024-01-03 05:00:00,ARC,91.93421620679561,8.065783793204396,0.9024584152651622,71.06034698387361,0.41787672834073664,0,temporal_locality,0.017865855091440182,17.86585509144018,1024,1848844,False
2024-01-03 05:00:00,LRU,87.76384691697015,12.236153083029855,0.8651907651996801,93.4792334497201,0.1727683845965151,0,random,0.037931577055399276,37.93157705539927,1024,1268830,False
2024-01-03 05:00:00,LFU,85.8925603518994,14.107439648100595,0.8277058423132324,93.33398697136758,0.46110968386991535,0,zipfian,0.04097333305267279,40.97333305267279,1024,1854398,False
2024-01-03 05:00:00,W-TinyLFU,93.01217932718266,6.987820672817335,0.7003249788129394,82.57052008723656,0.29246659868481883,0,mixed,0.015332048787201097,15.332048787201098,1024,1017018,False
2024-01-03 05:00:00,Adaptive,96.54388612123354,3.4561138787664536,0.6519104996028907,82.91980602594172,0.4412847870782507,2,mixed,0.019793477160651697,19.793477160651697,1024,1112612,False
2024-01-03 05:30:00,ARC,92.30474568776344,7.695254312236555,0.7826687062031769,88.35300422417639,0.45068290898185515,0,zipfian,0.04718795974188083,47.18795974188083,1024,1802481,False
2024-01-03 05:30:00,LRU,86.60311411008873,13.396885889911282,0.5523645533279921,63.44339068917274,0.3652768715623347,0,scanning,0.03355915983189104,33.55915983189104,1024,1560829,False
2024-01-03 05:30:00,LFU,85.38899309760961,14.61100690239039,0.23324468869698106,64.10073650122239,0.13930500792649025,0,temporal_locality,0.030083817204090715,30.083817204090714,1024,1287784,False
2024-01-03 05:30:00,W-TinyLFU,93.21248072024005,6.787519279759946,0.6960745553892612,68.51063841804515,0.43410876049377534,0,random,0.04466754370006911,44.66754370006911,1024,797511,False
2024-01-03 05:30:00,Adaptive,94.92135682618849,5.078643173811514,0.9695137174597088,61.55933212918275,0.28738885537776904,0,zipfian,0.036408806224026286,36.408806224026286,1024,867715,False
2024-01-03 06:00:00,ARC,93.26733295139992,6.732667048600072,0.4568409189982743,64.22518241881454,0.18015384037719576,0,zipfian,0.02105474450292837,21.05474450292837,1024,1574466,False
2024-01-03 06:00:00,LRU,89.43421701878927,10.565782981210736,0.5865519461508097,94.38970728921642,0.47673864096335017,0,mixed,0.04657587580671108,46.57587580671108,1024,1520890,False
2024-01-03 06:00:00,LFU,85.08473458741112,14.915265412588885,0.27106144303134916,64.52942919991513,0.30615153432714126,0,random,0.011683534899342641,11.683534899342641,1024,1355233,False
2024-01-03 06:00:00,W-TinyLFU,92.94337456312672,7.056625436873276,0.468458511521743,94.26579053848519,0.3026338583433146,0,random,0.01432135337313548,14.32135337313548,1024,1517872,False
2024-01-03 06:00:00,Adaptive,96.05998069465413,3.9400193053458765,0.5226148389445134,90.03105618758198,0.20123262443758563,3,random,0.014238059519355679,14.238059519355678,1024,1904477,False
2024-01-03 06:30:00,ARC,92.49558417407285,7.504415825927158,0.4757647525084081,86.27240862686898,0.39851836274359176,0,mixed,0.0456711344108097,45.6711344108097,1024,1519506,False
2024-01-03 06:30:00,LRU,87.31482535280762,12.685174647192387,0.5435688477851709,63.763829138031696,0.41147573059677,0,zipfian,0.012765195159258105,12.765195159258106,1024,1904935,False
2024-01-03 06:30:00,LFU,83.9839417783717,16.016058221628306,0.9827631107396627,86.15489814165997,0.28715946580510754,0,random,0.042095815569494224,42.09581556949423,1024,800496,False
2024-01-03 06:30:00,W-TinyLFU,94.85482488078767,5.14517511921232,0.25127195357389676,82.20413776045389,0.31866946773433924,0,zipfian,0.023867274843701866,23.867274843701868,1024,1724832,False
2024-01-03 06:30:00,Adaptive,97.28581453601635,2.714185463983654,0.9855172379075389,61.64131480970129,0.3984012272689079,3,random,0.01657784285379874,16.57784285379874,1024,1851369,False
2024-01-03 07:00:00,ARC,92.87215623175481,7.127843768245179,0.5249164734380122,82.2341156192858,0.11087872683482468,0,mixed,0.02956312608214813,29.56312608214813,1024,854615,False
2024-01-03 07:00:00,LRU,86.48525235751684,13.51474764248316,0.951992360932248,61.012757191264406,0.3509672557550326,0,zipfian,0.03397584955633966,33.97584955633966,1024,1170573,False
2024-01-03 07:00:00,LFU,84.63791768110181,15.362082318898185,0.5886869548536283,68.67242288262993,0.164879968464606,0,scanning,0.031204606876752757,31.204606876752756,1024,1680341,False
2024-01-03 07:00:00,W-TinyLFU,94.61127268696856,5.388727313031438,0.5275249166170829,83.51612501168961,0.26972240779382417,0,mixed,0.022738204157415856,22.738204157415858,1024,676605,False
2024-01-03 07:00:00,Adaptive,97.75828994084219,2.2417100591578087,0.9148073303338028,81.5040976720241,0.33228375431173746,3,mixed,0.03177431644789011,31.77431644789011,1024,1089986,False
2024-01-03 07:30:00,ARC,90.6777383522032,9.322261647796793,0.25218880317784037,80.78821621560844,0.20778904902934783,0,temporal_locality,0.01589419725472082,15.894197254720819,1024,670575,False
2024-01-03 07:30:00,LRU,88.92825397946537,11.071746020534635,0.9976413348525194,84.6176805973873,0.23757027000469605,0,mixed,0.04871675996320099,48.71675996320099,1024,1423569,False
2024-01-03 07:30:00,LFU,85.56447571845473,14.435524281545275,0.4001403615864926,68.11762592237694,0.18125667612749252,0,temporal_locality,0.04996098356264533,49.960983562645325,1024,913893,False
2024-01-03 07:30:00,W-TinyLFU,95.22292141032655,4.777078589673456,0.5412908813732819,69.15492639119708,0.12685302373598661,0,mixed,0.03899790306173173,38.99790306173173,1024,1880257,False
2024-01-03 07:30:00,Adaptive,95.91021534651412,4.089784653485884,0.40741104792148575,80.76117555507628,0.15513861449148092,2,random,0.016293295092965194,16.293295092965195,1024,1113018,False
2024-01-03 08:00:00,ARC,92.4162785392501,7.583721460749892,0.6075499864479604,81.59204122885778,0.10816411627767014,0,temporal_locality,0.043141551105184535,43.14155110518453,1024,1279700,False
2024-01-03 08:00:00,LRU,86.35070008249522,13.649299917504775,0.10195172429611478,82.9867591217955,0.12657574554415296,0,zipfian,0.03479729873725411,34.79729873725411,1024,1632916,False
2024-01-03 08:00:00,LFU,85.2132763629403,14.786723637059696,0.8317488371440716,90.90779476499107,0.30773642909444915,0,random,0.038818994305946666,38.81899430594667,1024,1118624,False
2024-01-03 08:00:00,W-TinyLFU,93.91689220828002,6.083107791719988,0.6109106730782056,73.26524167181051,0.42729628193157076,0,random,0.0193797866083538,19.3797866083538,1024,1056914,False
2024-01-03 08:00:00,Adaptive,97.16806880402581,2.831931195974191,0.4512877154831365,93.2021064553598,0.1805651767232003,0,mixed,0.04141952605441082,41.419526054410824,1024,755931,False
2024-01-03 08:30:00,ARC,92.10321772871703,7.8967822712829765,0.2477504680081114,91.1415577147493,0.2655696205728385,0,mixed,0.04604344724107532,46.04344724107532,1024,1493287,False
2024-01-03 08:30:00,LRU,86.99740709555189,13.002592904448107,0.3208352470011164,78.05043698459014,0.4085764660811836,0,zipfian,0.033240766233162786,33.24076623316279,1024,1347612,False
2024-01-03 08:30:00,LFU,83.33170755136044,16.668292448639566,0.3211751349927341,94.26666200810962,0.286716580436993,0,random,0.04208869059543636,42.08869059543636,1024,1099074,False
2024-01-03 08:30:00,W-TinyLFU,92.68278216518279,7.317217834817214,0.2898398143195455,93.56064340035982,0.3084465410176865,0,scanning,0.03765907366849123,37.65907366849123,1024,865304,False
2024-01-03 08:30:00,Adaptive,95.60194764740822,4.398052352591774,0.3637517572614125,66.23473123731908,0.28552291763235393,2,mixed,0.022120573208656617,22.120573208656616,1024,1287481,False
2024-01-03 09:00:00,ARC,90.77741714018708,9.222582859812922,2.459403179687628,80.42567198098764,0.4597161087065904,0,zipfian,0.015319578146491982,15.319578146491983,1024,1514490,True
2024-01-03 09:00:00,LRU,86.85549906483759,13.144500935162407,0.6264657025570117,89.8425025402655,0.441538278994559,0,scanning,0.021435288301427758,21.435288301427757,1024,1110382,True
2024-01-03 09:00:00,LFU,84.392530219316,15.607469780684003,0.8344784597601154,70.1242586132011,0.494154524909205,0,zipfian,0.045240469277201455,45.240469277201456,1024,734435,True
2024-01-03 09:00:00,W-TinyLFU,95.40427095468873,4.59572904531127,4.925053724725626,82.35593302826722,0.25017604102849955,0,scanning,0.04609979252381713,46.09979252381713,1024,1866134,True
2024-01-03 09:00:00,Adaptive,99.0,1.0000000000000009,3.3887082292400574,60.74047371328601,0.12325164644633353,2,mixed,0.0456060853087068,45.6060853087068,1024,930923,True
2024-01-03 09:30:00,ARC,93.72700391476242,6.2729960852375815,1.1485237414747764,88.06098634035409,0.2908873416219656,0,random,0.02827112560961543,28.271125609615428,1024,1188068,True
2024-01-03 09:30:00,LRU,86.31069628832097,13.689303711679024,1.3849099572945966,82.16920099204651,0.31229687918730187,0,temporal_locality,0.02645828604536825,26.458286045368247,1024,1287894,True
2024-01-03 09:30:00,LFU,85.09846975050745,14.901530249492556,1.371405563593464,61.89115391130796,0.4249353309408822,0,random,0.014953061316787078,14.953061316787078,1024,569278,True
2024-01-03 09:30:00,W-TinyLFU,95.31824352046112,4.681756479538879,1.9208324033052744,90.74344622609,0.2373596791168228,0,scanning,0.025231445291209794,25.231445291209795,1024,1286104,True
2024-01-03 09:30:00,Adaptive,99.0,1.0000000000000009,1.1245245716103969,80.08761019614569,0.3631915585826081,1,random,0.04016376785748265,40.163767857482654,1024,1808286,True
2024-01-03 10:00:00,ARC,93.78939519094878,6.210604809051212,2.4895258955051647,72.05462371035654,0.4983092503353669,0,zipfian,0.0331473049017815,33.147304901781496,1024,741512,True
2024-01-03 10:00:00,LRU,88.2006690036366,11.7993309963634,2.3394499936891258,73.31581255262861,0.28303853735963,0,mixed,0.010622211792807494,10.622211792807494,1024,1599624,True
2024-01-03 10:00:00,LFU,83.53404489150077,16.46595510849923,3.022197990676042,79.00326648102319,0.35730790295587733,0,temporal_locality,0.042458146428303055,42.45814642830305,1024,561150,True
2024-01-03 10:00:00,W-TinyLFU,92.46741163370343,7.532588366296567,4.8214503172846594,74.07350029468566,0.12985880964348184,0,scanning,0.013496069087625582,13.496069087625582,1024,1208298,True
2024-01-03 10:00:00,Adaptive,99.0,1.0000000000000009,3.279528948624284,75.49258469935722,0.20012537779240797,1,mixed,0.029982722483019003,29.982722483019003,1024,736095,True
2024-01-03 10:30:00,ARC,91.85706805168645,8.142931948313548,4.391132554951023,74.92381525829832,0.4358901831788995,0,temporal_locality,0.0469178380867214,46.917838086721396,1024,1513120,True
2024-01-03 10:30:00,LRU,87.10341253817026,12.896587461829744,2.861035848606125,61.83216194027115,0.33761121048219445,0,zipfian,0.010064172421169033,10.064172421169033,1024,962532,True
2024-01-03 10:30:00,LFU,83.80518098141643,16.194819018583573,3.436404903492671,91.59647669373703,0.4970711701175734,0,scanning,0.017448759378203553,17.448759378203555,1024,1262513,True
2024-01-03 10:30:00,W-TinyLFU,95.76432537935632,4.235674620643682,3.145994474932016,63.871656607194865,0.1366739553924802,0,random,0.046954787325970866,46.95478732597087,1024,528154,True
2024-01-03 10:30:00,Adaptive,99.0,1.0000000000000009,3.6963138892239567,86.38533761555301,0.34332723471312565,1,scanning,0.030240255111068745,30.240255111068745,1024,1326922,True
2024-01-03 11:00:00,ARC,93.58342271226114,6.416577287738868,3.2977681430005923,70.30752285608773,0.4986500751631191,0,mixed,0.04150284984639482,41.50284984639482,1024,1073022,True
2024-01-03 11:00:00,LRU,88.5894278228714,11.410572177128596,0.769013895170397,69.30533974228528,0.31407608563143713,0,zipfian,0.03758955141987257,37.58955141987257,1024,1412108,True
2024-01-03 11:00:00,LFU,84.63032343544474,15.369676564555268,2.595050782452811,93.41528210496112,0.18138545162058883,0,random,0.04960880305395734,49.60880305395734,1024,1828484,True
2024-01-03 11:00:00,W-TinyLFU,92.7860184298835,7.213981570116501,4.317949726969305,87.21569106496852,0.14420416960460047,0,zipfian,0.013883935093371354,13.883935093371354,1024,1005280,True
2024-01-03 11:00:00,Adaptive,99.0,1.0000000000000009,2.51667240356138,64.6273096718335,0.11635015884911062,1,mixed,0.032893812765329,32.893812765329,1024,1979323,True
2024-01-03 11:30:00,ARC,92.7116905267702,7.288309473229804,4.441207069208316,85.75354647679745,0.25700642782940597,0,temporal_locality,0.03985798885784884,39.85798885784884,1024,1032933,True
2024-01-03 11:30:00,LRU,89.19658073681897,10.803419263181024,4.635856876182529,93.33239019425005,0.15538668092255895,0,scanning,0.03644044340786074,36.44044340786074,1024,947013,True
2024-01-03 11:30:00,LFU,85.74597782302432,14.254022176975678,3.5291755839930894,83.66144314752518,0.19976080176029903,0,zipfian,0.03666089002433614,36.66089002433614,1024,1792103,True
2024-01-03 11:30:00,W-TinyLFU,92.37091018993621,7.629089810063783,2.195823051752221,93.85581268261645,0.40804412694242287,0,scanning,0.03593085636994985,35.93085636994985,1024,1134476,True
2024-01-03 11:30:00,Adaptive,99.0,1.0000000000000009,3.273773691719355,73.43204086907596,0.23563894476757397,2,random,0.023993285157049418,23.993285157049417,1024,1014423,True
2024-01-03 12:00:00,ARC,91.23244760328592,8.767552396714073,2.638248568380392,70.63115736060792,0.24934099427708017,0,scanning,0.019844681792469794,19.844681792469792,1024,1514543,True
2024-01-03 12:00:00,LRU,88.31070577669269,11.68929422330731,2.549987051343459,61.17968610549176,0.3454272296265302,0,mixed,0.01897771613629928,18.97771613629928,1024,791383,True
2024-01-03 12:00:00,LFU,84.86027535257954,15.139724647420472,3.543019512640428,70.16364386705395,0.45219972091244787,0,temporal_locality,0.034539620113929685,34.539620113929686,1024,1073062,True
2024-01-03 12:00:00,W-TinyLFU,94.33658187225495,5.663418127745046,1.0260949233586092,82.40814381382185,0.13647366596573673,0,mixed,0.0435957546755384,43.5957546755384,1024,1516515,True
2024-01-03 12:00:00,Adaptive,99.0,1.0000000000000009,4.2674738311562965,89.97602256960097,0.22338395656008256,3,scanning,0.03120442687660474,31.204426876604742,1024,1695221,True
2024-01-03 12:30:00,ARC,92.8127779105013,7.187222089498702,3.729038560521852,81.19216204467469,0.4009952771078116,0,random,0.03759599393107155,37.59599393107155,1024,876673,True
2024-01-03 12:30:00,LRU,87.12096787516708,12.879032124832912,4.777722792967683,66.07527599004928,0.151092255033897,0,scanning,0.03732777443771587,37.327774437715874,1024,1403709,True
2024-01-03 12:30:00,LFU,85.24204076160935,14.75795923839065,2.570188485915308,87.26698260194814,0.1701968223640563,0,temporal_locality,0.03808981448934379,38.08981448934379,1024,1556424,True
2024-01-03 12:30:00,W-TinyLFU,94.78364729699003,5.216352703009974,4.7255612841336525,78.63656154430407,0.3799265770348633,0,scanning,0.04795365479940111,47.953654799401114,1024,581798,True
2024-01-03 12:30:00,Adaptive,99.0,1.0000000000000009,1.3010905951525076,79.25752518954036,0.23502203185405285,3,random,0.03023674397246351,30.236743972463508,1024,1076548,True
2024-01-03 13:00:00,ARC,90.84979330214729,9.150206697852703,2.412644329509752,77.1930228854218,0.270289121450459,0,random,0.041895123979579424,41.895123979579424,1024,1292151,True
2024-01-03 13:00:00,LRU,88.30400120150725,11.695998798492758,3.0650466851271205,72.21154757542536,0.4307573875925136,0,temporal_locality,0.04299162916787182,42.991629167871814,1024,1016484,True
2024-01-03 13:00:00,LFU,83.8885552236501,16.11144477634989,3.4206970551303666,82.70289404880351,0.3693774197144938,0,mixed,0.01086839779066958,10.86839779066958,1024,524417,True
2024-01-03 13:00:00,W-TinyLFU,92.87968492735777,7.120315072642224,2.2234745461629766,87.4470471946826,0.37049963979286393,0,random,0.047232070326272725,47.232070326272726,1024,657644,True
2024-01-03 13:00:00,Adaptive,99.0,1.0000000000000009,1.0395026641212732,69.60837869789547,0.17818296687566468,0,temporal_locality,0.019811092206299345,19.811092206299346,1024,1776057,True
2024-01-03 13:30:00,ARC,92.48228083734816,7.5177191626518365,2.053280109285299,92.77388971953465,0.34817779141869193,0,random,0.01582991527809805,15.829915278098051,1024,903525,True
2024-01-03 13:30:00,LRU,89.07662697592998,10.923373024070015,4.945880750977048,83.75952282731411,0.22703446969154029,0,random,0.04353898765152291,43.538987651522916,1024,805500,True
2024-01-03 13:30:00,LFU,85.42898790997965,14.571012090020352,3.4131945679226283,69.58929566527723,0.49973497535072864,0,zipfian,0.04677592952714998,46.77592952714998,1024,1821728,True
2024-01-03 13:30:00,W-TinyLFU,95.21110104063304,4.788898959366961,4.879852619905449,63.656822825909245,0.2485349158023097,0,random,0.010068248527914726,10.068248527914726,1024,1889650,True
2024-01-03 13:30:00,Adaptive,99.0,1.0000000000000009,1.653661078794627,66.90112786125536,0.35436009719651407,0,mixed,0.014217085811242676,14.217085811242676,1024,1192905,True
2024-01-03 14:00:00,ARC,93.77968240068171,6.220317599318292,4.041898993060739,83.14858120857973,0.203741598570654,0,zipfian,0.03488600157268077,34.88600157268077,1024,693192,True
2024-01-03 14:00:00,LRU,86.27920467037617,13.720795329623826,0.6371216855841928,60.458662938791754,0.14136693201620312,0,scanning,0.03572994731107222,35.72994731107222,1024,759083,True
2024-01-03 14:00:00,LFU,84.78152211813035,15.218477881869653,2.121270136919536,70.6668545199844,0.47085156625514,0,scanning,0.04441023850904602,44.41023850904602,1024,1776661,True
2024-01-03 14:00:00,W-TinyLFU,93.55712543855574,6.442874561444256,2.3789052778595363,68.37636131069156,0.2223317872101796,0,mixed,0.036113228732941594,36.11322873294159,1024,936206,True
2024-01-03 14:00:00,Adaptive,99.0,1.0000000000000009,3.810813230837465,94.22468043331813,0.10702513581009132,2,zipfian,0.01705208945822706,17.05208945822706,1024,682706,True
2024-01-03 14:30:00,ARC,90.71150596736484,9.288494032635164,3.034314814211947,79.81065467478972,0.32177586314104256,0,random,0.03476252030699695,34.76252030699695,1024,1854674,True
2024-01-03 14:30:00,LRU,87.36626790710547,12.633732092894533,2.10267303789744,94.80101187499821,0.38682906301374853,0,scanning,0.022392788797281418,22.39278879728142,1024,1613936,True
2024-01-03 14:30:00,LFU,84.6547253740582,15.345274625941796,4.699554742251646,85.4943494428131,0.10592932999965457,0,random,0.04505712194463589,45.05712194463589,1024,932021,True
2024-01-03 14:30:00,W-TinyLFU,95.66098902111425,4.339010978885749,1.2991424858744733,91.33579800963535,0.14471799516746123,0,temporal_locality,0.032522111559436254,32.522111559436254,1024,608271,True
2024-01-03 14:30:00,Adaptive,99.0,1.0000000000000009,1.9530671008427622,75.13858258910633,0.24084962567636958,3,mixed,0.024085694813377218,24.085694813377216,1024,1177850,True
2024-01-03 15:00:00,ARC,92.41344487033898,7.586555129661021,2.8723754642040005,60.92645631604788,0.49571471889736884,0,scanning,0.04445781206891863,44.45781206891863,1024,936453,True
2024-01-03 15:00:00,LRU,88.12709338755499,11.87290661244501,2.5999142548675946,92.17953187938429,0.4847786486994137,0,random,0.027543273350072894,27.543273350072894,1024,1863581,True
2024-01-03 15:00:00,LFU,85.89578967643902,14.104210323560974,1.3217078934096558,64.92180849692087,0.12402247742231594,0,zipfian,0.03557379682613975,35.57379682613975,1024,893055,True
2024-01-03 15:00:00,W-TinyLFU,93.68097123145392,6.319028768546076,4.689407477402869,92.14013747046215,0.2575152537156681,0,scanning,0.037548481766452695,37.548481766452696,1024,1402475,True
2024-01-03 15:00:00,Adaptive,99.0,1.0000000000000009,4.79769377861169,89.54959571391007,0.3660341058339629,3,zipfian,0.016510367378216224,16.510367378216223,1024,658076,True
2024-01-03 15:30:00,ARC,92.32940491891455,7.670595081085452,3.0821138707474893,63.518802999054394,0.1869933076703132,0,zipfian,0.020242581387530385,20.242581387530386,1024,1708255,True
2024-01-03 15:30:00,LRU,87.28522135427306,12.714778645726943,1.7773897003671442,73.23636375193676,0.1398378128205769,0,scanning,0.04557590927486842,45.575909274868415,1024,1243619,True
2024-01-03 15:30:00,LFU,86.58041139956654,13.419588600433451,2.5285034699085656,88.07300594302382,0.41366764797825195,0,random,0.022606702961985484,22.606702961985484,1024,1581456,True
2024-01-03 15:30:00,W-TinyLFU,95.09477058778603,4.9052294122139735,3.153918642121405,63.01251738955728,0.27861648088264734,0,mixed,0.018638136990672523,18.63813699067252,1024,1624732,True
2024-01-03 15:30:00,Adaptive,99.0,1.0000000000000009,1.2426300986965648,84.46616329941747,0.2767696989830115,0,temporal_locality,0.0421501878359827,42.1501878359827,1024,1219333,True
2024-01-03 16:00:00,ARC,93.4941469502073,6.505853049792698,2.551975313161677,78.0182665710528,0.11332458312681229,0,scanning,0.03452635192940248,34.52635192940248,1024,514768,True
2024-01-03 16:00:00,LRU,86.63728221963798,13.362717780362022,3.0860511946536606,63.83078213976634,0.2750519200355504,0,random,0.03684404259099122,36.84404259099122,1024,1199845,True
2024-01-03 16:00:00,LFU,85.72128033490088,14.278719665099116,3.8155288584792246,60.6471442546412,0.46693849770793494,0,zipfian,0.032263493966228136,32.26349396622814,1024,664321,True
2024-01-03 16:00:00,W-TinyLFU,93.35907894489536,6.640921055104643,2.032317464888356,93.54776882995925,0.18302221485723902,0,mixed,0.020760058186790935,20.760058186790936,1024,776232,True
2024-01-03 16:00:00,Adaptive,99.0,1.0000000000000009,2.7530447376460647,87.01716570609116,0.49882671982366655,2,temporal_locality,0.032493472941771614,32.493472941771614,1024,1360346,True
2024-01-03 16:30:00,ARC,93.29448201833573,6.705517981664267,1.2570039889243045,61.34650860566148,0.13363731180127833,0,scanning,0.016602472370123817,16.602472370123817,1024,669627,True
2024-01-03 16:30:00,LRU,87.24627900326222,12.753720996737783,2.935777665369116,87.80210802554514,0.2262965226048293,0,temporal_locality,0.0359382694891404,35.938269489140396,1024,727409,True
2024-01-03 16:30:00,LFU,83.96640929636791,16.033590703632083,4.725932620131401,66.91122081510173,0.10253318166713035,0,mixed,0.028089958174605363,28.089958174605364,1024,540051,True
2024-01-03 16:30:00,W-TinyLFU,95.36261707295972,4.637382927040279,0.5989354089927773,77.35358093253078,0.2956354892734372,0,mixed,0.01842250040329222,18.422500403292222,1024,1409643,True
2024-01-03 16:30:00,Adaptive,99.0,1.0000000000000009,3.4371216771679682,85.32224351771659,0.1675933953143931,3,zipfian,0.01985363984330925,19.853639843309253,1024,1694938,True
2024-01-03 17:00:00,ARC,91.86111864819888,8.13888135180112,2.9448323760164694,70.75926287203156,0.4199549766004166,0,random,0.02203978422307787,22.03978422307787,1024,1259317,True
2024-01-03 17:00:00,LRU,89.5580921228261,10.441907877173906,4.314904778530971,83.7461475156081,0.41295176197544436,0,scanning,0.047215297463976166,47.215297463976164,1024,1372903,True
2024-01-03 17:00:00,LFU,83.84098189046294,16.159018109537058,4.344597503534677,86.30027568759297,0.18851344972898054,0,mixed,0.018575847021308857,18.575847021308856,1024,1795484,True
2024-01-03 17:00:00,W-TinyLFU,94.17404609338746,5.825953906612535,0.5530536892055279,84.52310908041551,0.32448526911395936,0,scanning,0.037756532447857476,37.756532447857474,1024,1699284,True
2024-01-03 17:00:00,Adaptive,99.0,1.0000000000000009,2.188785315321806,63.93133316932135,0.47092005195427056,1,temporal_locality,0.014951268713511073,14.951268713511073,1024,1579782,True
2024-01-03 17:30:00,ARC,92.19489363158935,7.805106368410641,3.5891279456808025,81.37886298422936,0.466156417028181,0,random,0.016894758703922166,16.894758703922168,1024,755075,True
2024-01-03 17:30:00,LRU,88.67415153188823,11.325848468111765,4.315274789421898,83.05448593709379,0.2442144699395483,0,temporal_locality,0.010906863369374272,10.906863369374271,1024,956667,True
2024-01-03 17:30:00,LFU,83.8606289425515,16.139371057448493,0.6366268409835664,82.17989676734345,0.3409993306421585,0,random,0.030365194504213412,30.365194504213413,1024,1135370,True
2024-01-03 17:30:00,W-TinyLFU,95.39379846924696,4.60620153075304,1.529265448047533,89.79130455552786,0.3274926674723127,0,temporal_locality,0.01744193296883391,17.44193296883391,1024,1549097,True
2024-01-03 17:30:00,Adaptive,99.0,1.0000000000000009,2.8011570712159495,69.11922616097216,0.14163966266995162,0,zipfian,0.035843502058941865,35.843502058941866,1024,993219,True
2024-01-03 18:00:00,ARC,91.15359045899181,8.846409541008182,4.425280077330395,91.9830410901942,0.2122295907749251,0,scanning,0.02289471997245897,22.89471997245897,1024,1072257,True
2024-01-03 18:00:00,LRU,89.56597106426891,10.434028935731089,4.064816390401965,71.30489892745075,0.39137035591268043,0,random,0.037101618536479294,37.10161853647929,1024,1387307,True
2024-01-03 18:00:00,LFU,86.14026814053891,13.859731859461089,2.2679868054405556,68.85373956363297,0.2909570589495084,0,mixed,0.024483884421579272,24.483884421579273,1024,1417598,True
2024-01-03 18:00:00,W-TinyLFU,95.10173617187412,4.898263828125882,0.9382420649173354,86.00988305890425,0.40744432464910707,0,mixed,0.04861109571042081,48.61109571042081,1024,1807306,True
2024-01-03 18:00:00,Adaptive,99.0,1.0000000000000009,3.9087482884199143,79.55204483210744,0.26562192913175453,3,random,0.022060066783928405,22.060066783928406,1024,1491527,True
2024-01-03 18:30:00,ARC,90.78978505565894,9.210214944341056,4.830894030577166,82.72190042323726,0.399473580335859,0,zipfian,0.01965278209878106,19.65278209878106,1024,795117,True
2024-01-03 18:30:00,LRU,88.22672061569675,11.773279384303247,2.519551287050046,66.72550843699182,0.4926545124762082,0,random,0.03991276448492446,39.91276448492446,1024,998492,True
2024-01-03 18:30:00,LFU,85.03397854191186,14.966021458088141,1.3552069427256543,94.70890505010186,0.26389188406451214,0,mixed,0.033022976578321345,33.02297657832135,1024,1145821,True
2024-01-03 18:30:00,W-TinyLFU,92.59369384388432,7.406306156115672,3.003963677295156,83.67091381255291,0.4877076309664792,0,scanning,0.04812333967923634,48.123339679236345,1024,894587,True
2024-01-03 18:30:00,Adaptive,99.0,1.0000000000000009,0.6140144815942508,94.90979331119584,0.3434985950558651,1,random,0.04702869607351159,47.02869607351159,1024,1539205,True
2024-01-03 19:00:00,ARC,91.35138294099877,8.648617059001229,0.6669681570770918,71.99438975161152,0.4608985735454464,0,zipfian,0.028600206796465452,28.600206796465454,1024,1605592,False
2024-01-03 19:00:00,LRU,88.69132562510666,11.308674374893346,0.3057783982901594,93.30072787408905,0.42096064723583126,0,scanning,0.017672996776396048,17.672996776396047,1024,1511230,False
2024-01-03 19:00:00,LFU,84.58570607016739,15.414293929832612,0.7643158947522875,63.92403946996334,0.16626900543114612,0,zipfian,0.047324990032865534,47.324990032865536,1024,901551,False
2024-01-03 19:00:00,W-TinyLFU,95.190419577589,4.809580422411008,0.30123603781273967,88.70615305838734,0.45218608742026767,0,random,0.020715851532999117,20.715851532999118,1024,1499950,False
2024-01-03 19:00:00,Adaptive,96.77201855763059,3.2279814423694098,0.3690251143450197,69.16656668976897,0.4470939418533958,2,temporal_locality,0.026463331411765656,26.463331411765655,1024,1581925,False
2024-01-03 19:30:00,ARC,91.83340931752588,8.166590682474117,0.6142262326644322,81.42221141968609,0.32907782288684906,0,zipfian,0.04561897234775039,45.61897234775039,1024,1270982,False
2024-01-03 19:30:00,LRU,86.72851264479645,13.271487355203549,0.6752528407738382,65.56503121032587,0.34370647722878434,0,random,0.015018488492689084,15.018488492689084,1024,1340229,False
2024-01-03 19:30:00,LFU,86.5872496899529,13.412750310047105,0.6639329066617887,74.84613025742522,0.37750813468367006,0,zipfian,0.011077666243042579,11.077666243042579,1024,1529142,False
2024-01-03 19:30:00,W-TinyLFU,94.56801182229444,5.43198817770556,0.7706681771966706,73.95747451729875,0.40418857982278833,0,scanning,0.04556064461895599,45.56064461895599,1024,1244245,False
2024-01-03 19:30:00,Adaptive,96.10644219664837,3.8935578033516327,0.22375841759869244,92.37646515704166,0.3192405013648524,1,temporal_locality,0.03335053140207681,33.35053140207681,1024,1175978,False
2024-01-03 20:00:00,ARC,90.18467201518882,9.815327984811173,0.9644728993051318,76.99776673455396,0.1761179921240307,0,zipfian,0.011807940526562165,11.807940526562165,1024,728567,False
2024-01-03 20:00:00,LRU,89.50752647943034,10.492473520569668,0.5391000726609151,93.37120454187149,0.18503791415394433,0,temporal_locality,0.04225274940008807,42.25274940008807,1024,704546,False
2024-01-03 20:00:00,LFU,86.5002635780478,13.499736421952202,0.17938016038884116,79.65936179278802,0.2573692856054536,0,temporal_locality,0.036148317537236074,36.148317537236075,1024,1379623,False
2024-01-03 20:00:00,W-TinyLFU,94.70733556510261,5.292664434897388,0.8130384305526799,87.59637101805447,0.1396240820394372,0,temporal_locality,0.047530753651638634,47.53075365163863,1024,1932334,False
2024-01-03 20:00:00,Adaptive,97.32876723807523,2.671232761924769,0.7397833321990064,82.6459462361741,0.39227988091187693,2,temporal_locality,0.044805710782229155,44.805710782229156,1024,1305070,False
2024-01-03 20:30:00,ARC,92.99025677076106,7.0097432292389295,0.4495871279106438,77.37499687869673,0.42759171914927363,0,zipfian,0.010413836773960315,10.413836773960314,1024,506504,False
2024-01-03 20:30:00,LRU,87.63345919904961,12.366540800950387,0.8343545877337778,64.19999023459546,0.3368890460428803,0,temporal_locality,0.02105052317683934,21.05052317683934,1024,1071724,False
2024-01-03 20:30:00,LFU,84.46941096844441,15.530589031555586,0.15698788213483691,63.11217211361276,0.47416450579672664,0,mixed,0.03692302290774935,36.92302290774935,1024,595211,False
2024-01-03 20:30:00,W-TinyLFU,94.23575537642547,5.7642446235745215,0.22783916887810488,77.33831186603797,0.45692066480026694,0,mixed,0.03352391555260251,33.52391555260251,1024,707164,False
2024-01-03 20:30:00,Adaptive,95.74395277870995,4.256047221290049,0.8483677310757972,70.5116553796859,0.40581882868757513,0,mixed,0.019804351540944273,19.804351540944275,1024,626440,False
2024-01-03 21:00:00,ARC,93.37261519768225,6.627384802317748,0.9133849673532273,78.50836446526202,0.28093109878559086,0,temporal_locality,0.022736357010670567,22.736357010670567,1024,741027,False
2024-01-03 21:00:00,LRU,89.34068695695981,10.659313043040186,0.7364205283052959,90.78133750633059,0.2697482629113555,0,scanning,0.046279809545885876,46.279809545885875,1024,506044,False
2024-01-03 21:00:00,LFU,84.52346955265307,15.476530447346937,0.4371915298696675,84.98491970519008,0.3818812193826594,0,random,0.03238226525476879,32.38226525476879,1024,821215,False
2024-01-03 21:00:00,W-TinyLFU,93.73910285199713,6.260897148002876,0.7707785269571708,83.49615424251279,0.31371521460043506,0,scanning,0.02555969714300222,25.55969714300222,1024,1409474,False
2024-01-03 21:00:00,Adaptive,96.38703910947044,3.6129608905295707,0.7569627573214641,77.97850057539205,0.4723557392225938,2,mixed,0.04118666089394657,41.186660893946566,1024,1249701,False
2024-01-03 21:30:00,ARC,90.41347118204949,9.586528817950512,0.8207979968859251,91.68920537828929,0.3865455675614381,0,mixed,0.043214626974312415,43.21462697431242,1024,1970462,False
2024-01-03 21:30:00,LRU,88.62080381861726,11.379196181382733,0.14616351982487122,72.57732558548938,0.4836256034729943,0,temporal_locality,0.03494355987954794,34.94355987954794,1024,1648473,False
2024-01-03 21:30:00,LFU,83.73821997585192,16.261780024148088,0.1616312567005582,81.2038300677927,0.4085518273944403,0,random,0.0185844675101711,18.584467510171102,1024,1522168,False
2024-01-03 21:30:00,W-TinyLFU,94.0361120385244,5.963887961475612,0.7232166234139972,66.67430813475227,0.4705070240523487,0,scanning,0.021705148031777522,21.705148031777522,1024,814435,False
2024-01-03 21:30:00,Adaptive,95.0579720311002,4.942027968899787,0.765789389913685,60.888977395480296,0.16332014647295157,0,random,0.03664597501567922,36.64597501567922,1024,1469299,False
2024-01-03 22:00:00,ARC,92.30355627244354,7.696443727556456,0.2021984464507943,65.20148468233766,0.2460535508223774,0,mixed,0.018514742253232984,18.514742253232985,1024,1432610,False
2024-01-03 22:00:00,LRU,89.18520910407081,10.814790895929194,0.6163261591003686,73.41429145318932,0.3874939007586665,0,temporal_locality,0.02143024349003318,21.430243490033178,1024,1690885,False
2024-01-03 22:00:00,LFU,85.06429909210341,14.935700907896587,0.2490788352976518,61.492790786890936,0.416650424575563,0,random,0.03964402166736305,39.64402166736305,1024,1144803,False
2024-01-03 22:00:00,W-TinyLFU,93.09566005132203,6.904339948677974,0.5864463694659345,62.27301467774638,0.4290337011548605,0,temporal_locality,0.024807544690238784,24.807544690238785,1024,1578434,False
2024-01-03 22:00:00,Adaptive,95.90049765955622,4.099502340443772,0.16676789997150127,91.02990904601765,0.4941317993863108,3,zipfian,0.03487050713308121,34.870507133081205,1024,1131671,False
2024-01-03 22:30:00,ARC,93.48056249795275,6.5194375020472535,0.265388848190799,61.432846169891,0.16898522022329038,0,scanning,0.031585664645419814,31.585664645419815,1024,1933229,False
2024-01-03 22:30:00,LRU,87.59551752808066,12.404482471919343,0.7511067698758743,66.0926226000651,0.2090868846383286,0,scanning,0.045451461034764766,45.45146103476477,1024,1115923,False
2024-01-03 22:30:00,LFU,86.33040142638997,13.669598573610031,0.10898317253801577,62.42170548810467,0.129741459769381,0,zipfian,0.026204312084775347,26.204312084775346,1024,1377829,False
2024-01-03 22:30:00,W-TinyLFU,93.70709004091033,6.292909959089677,0.8247174400247194,77.4804866612266,0.4817144094936524,0,scanning,0.023041123351596603,23.041123351596603,1024,759852,False
2024-01-03 22:30:00,Adaptive,94.77311198459722,5.226888015402775,0.6328634921820058,81.57613209827097,0.20202536775811397,1,mixed,0.020874302319580856,20.874302319580856,1024,1923863,False
2024-01-03 23:00:00,ARC,93.09958596405318,6.900414035946822,0.7809870374464071,79.75498049033105,0.47900261668059574,0,temporal_locality,0.03912576421391437,39.12576421391437,1024,1086477,False
2024-01-03 23:00:00,LRU,87.2727539020202,12.727246097979805,0.1042271664562654,73.40257536787551,0.20041980131538462,0,mixed,0.04026547796298745,40.26547796298745,1024,1585157,False
2024-01-03 23:00:00,LFU,85.67512756986424,14.324872430135748,0.27523685910694623,75.82308826949989,0.3794924159482759,0,random,0.04954231635161175,49.54231635161175,1024,1725029,False
2024-01-03 23:00:00,W-TinyLFU,94.11231148727721,5.8876885127227885,0.33942349213832135,66.96412261472672,0.19382567518911237,0,temporal_locality,0.046831131820660274,46.831131820660275,1024,1149797,False
2024-01-03 23:00:00,Adaptive,94.8722097655518,5.127790234448204,0.36689035675190473,68.99385284334483,0.49042915260149245,0,zipfian,0.024479436722061508,24.479436722061507,1024,1174914,False
2024-01-03 23:30:00,ARC,92.30306478740962,7.696935212590372,0.7389837932538387,89.53638702769976,0.28857984276582826,0,random,0.04353738953849129,43.53738953849129,1024,1785382,False
2024-01-03 23:30:00,LRU,86.31979276283012,13.680207237169883,0.6050777207264288,93.78837314842774,0.33447707427362705,0,zipfian,0.04071605567093548,40.71605567093548,1024,973698,False
2024-01-03 23:30:00,LFU,86.64026776386066,13.359732236139333,0.606674128879781,66.78926313004386,0.4718916127343723,0,temporal_locality,0.041472784353243405,41.472784353243405,1024,1496869,False
2024-01-03 23:30:00,W-TinyLFU,94.04512151345907,5.954878486540938,0.9380164714170087,64.89536025859499,0.18938319566481943,0,scanning,0.027959980339930003,27.959980339930002,1024,1937921,False
2024-01-03 23:30:00,Adaptive,96.42750893640205,3.572491063597949,0.39612875223961275,80.67253779331581,0.452221970084109,0,temporal_locality,0.027060071564267936,27.060071564267936,1024,1024783,False
2024-01-04 00:00:00,ARC,90.988924925488,9.011075074511998,0.6322975721728871,74.16984776983907,0.33887094297694165,0,scanning,0.03290214196569703,32.902141965697034,1024,1033731,False
2024-01-04 00:00:00,LRU,89.68707654707528,10.312923452924716,0.5775386954781107,70.60969170472247,0.3995013287550321,0,scanning,0.042940357713135514,42.94035771313551,1024,1810163,False
2024-01-04 00:00:00,LFU,86.05517957688338,13.94482042311662,0.6260369278957686,62.37874573765987,0.25778124155034227,0,zipfian,0.029884113483111048,29.884113483111047,1024,1678644,False
2024-01-04 00:00:00,W-TinyLFU,92.22908115513737,7.77091884486264,0.5462522586722687,84.60794497375394,0.1772530602223216,0,zipfian,0.03800382351736066,38.00382351736066,1024,1889442,False
2024-01-04 00:00:00,Adaptive,95.11868588650434,4.881314113495661,0.22106578224946039,84.48503863008983,0.30391419409068576,1,zipfian,0.022014428394268218,22.01442839426822,1024,792373,False
2024-01-04 00:30:00,ARC,92.43153934232635,7.568460657673648,0.3919205394456512,89.71045649675501,0.11039870509208072,0,random,0.033163934447677866,33.16393444767787,1024,1690238,False
2024-01-04 00:30:00,LRU,88.40971023979115,11.590289760208849,0.4358678469066214,70.78758985253002,0.4032209950551616,0,temporal_locality,0.019289485920899168,19.289485920899168,1024,1808802,False
2024-01-04 00:30:00,LFU,85.67439135359642,14.325608646403587,0.1276018575013453,66.66567412994232,0.27652154116108296,0,temporal_locality,0.02546378914622293,25.46378914622293,1024,1387272,False
2024-01-04 00:30:00,W-TinyLFU,93.28146099627818,6.718539003721813,0.6797485224959883,84.49362592444545,0.2580296276474767,0,mixed,0.02841785167878015,28.417851678780153,1024,923553,False
2024-01-04 00:30:00,Adaptive,94.79358816842952,5.206411831570479,0.4774929906184149,87.47675759276538,0.4145386865160493,3,temporal_locality,0.0177415844982233,17.7415844982233,1024,1353050,False
2024-01-04 01:00:00,ARC,93.80931394695945,6.190686053040551,0.7281401014944304,69.6992612825191,0.20734721944703682,0,scanning,0.018531315834823023,18.531315834823022,1024,748055,False
2024-01-04 01:00:00,LRU,87.34619827487386,12.653801725126145,0.8244280413810451,93.36879590928842,0.2292293674416377,0,scanning,0.0441149288392725,44.1149288392725,1024,950533,False
2024-01-04 01:00:00,LFU,86.26850934949888,13.731490650501122,0.9362260680993797,62.492831422528866,0.35499807437662834,0,zipfian,0.03064040058478011,30.64040058478011,1024,1564872,False
2024-01-04 01:00:00,W-TinyLFU,93.7926657585146,6.2073342414853965,0.7511560649116753,82.14901281675644,0.21486977838982468,0,temporal_locality,0.01701437256779044,17.01437256779044,1024,627349,False
2024-01-04 01:00:00,Adaptive,96.674092355737,3.3259076442630042,0.22799746818982503,71.08849146058814,0.26972332414993994,3,zipfian,0.03456661991820411,34.56661991820411,1024,1801709,False
2024-01-04 01:30:00,ARC,91.37717944842376,8.622820551576238,0.8944048533922915,64.91213579486899,0.18511877293924509,0,zipfian,0.049356954190740994,49.35695419074099,1024,1467163,False
2024-01-04 01:30:00,LRU,89.5732826936006,10.426717306399391,0.1989663541300991,68.01152051437568,0.12004274527948851,0,zipfian,0.046788572279777396,46.7885722797774,1024,1768522,False
2024-01-04 01:30:00,LFU,83.6498430141919,16.350156985808095,0.5251574149923155,61.2441036938518,0.2540333668634147,0,zipfian,0.04533927556233222,45.33927556233222,1024,1551353,False
2024-01-04 01:30:00,W-TinyLFU,94.34647481443204,5.653525185567965,0.5452841043622518,75.13651841782513,0.24177435531630717,0,mixed,0.031667326767467356,31.667326767467355,1024,1310255,False
2024-01-04 01:30:00,Adaptive,95.78055616456392,4.219443835436076,0.3335948098290612,60.06604871876747,0.4952338872506491,1,mixed,0.03494930176757708,34.94930176757708,1024,1152249,False
2024-01-04 02:00:00,ARC,90.99316168679516,9.006838313204835,0.8099419845023024,66.72940679966439,0.39058821071546224,0,zipfian,0.03971749973681776,39.717499736817764,1024,559625,False
2024-01-04 02:00:00,LRU,88.96284457820278,11.037155421797229,0.5273257703084417,86.12827154863369,0.4712950040159559,0,temporal_locality,0.022376373791397397,22.3763737913974,1024,919977,False
2024-01-04 02:00:00,LFU,83.39420236900146,16.60579763099854,0.7924842427243948,67.74855158281368,0.47265405974144536,0,zipfian,0.02028807223765675,20.28807223765675,1024,925057,False
2024-01-04 02:00:00,W-TinyLFU,94.27085978205562,5.729140217944373,0.19644227795733937,63.76933414536905,0.12496382240017674,0,mixed,0.048565871132645544,48.56587113264554,1024,666340,False
2024-01-04 02:00:00,Adaptive,97.30176401084152,2.6982359891584706,0.5843957064600975,67.15891832070241,0.4865892896998022,3,zipfian,0.011760189046403968,11.76018904640397,1024,1076445,False
2024-01-04 02:30:00,ARC,93.83837877430122,6.161621225698788,0.6090713501962183,91.43403000972766,0.34080463005374617,0,mixed,0.031003477384668042,31.00347738466804,1024,1713334,False
2024-01-04 02:30:00,LRU,88.35289939324788,11.647100606752126,0.18425071234262877,85.3823811070739,0.30659877701089844,0,scanning,0.023494793974978875,23.494793974978876,1024,813561,False
2024-01-04 02:30:00,LFU,83.93431872848669,16.06568127151331,0.4020975746709339,92.47029477074642,0.46579726697011525,0,scanning,0.044520985042183756,44.52098504218375,1024,574394,False
2024-01-04 02:30:00,W-TinyLFU,94.79495425866102,5.205045741338976,0.5436258426308631,63.011648305065336,0.1818798649892686,0,scanning,0.027568165520372417,27.568165520372418,1024,1330382,False
2024-01-04 02:30:00,Adaptive,97.52329563159145,2.4767043684085444,0.4811614729567685,90.8569610611453,0.15113564018814107,3,temporal_locality,0.015569668629591353,15.569668629591353,1024,1631902,False
2024-01-04 03:00:00,ARC,91.27946327571993,8.720536724280059,0.696387618295138,77.04029615191662,0.1393783344836869,0,zipfian,0.03924877310337278,39.248773103372784,1024,1491114,False
2024-01-04 03:00:00,LRU,89.34595231255828,10.654047687441714,0.2814679913007346,78.6468798904146,0.40213707918402497,0,mixed,0.02617466312692867,26.17466312692867,1024,1522885,False
2024-01-04 03:00:00,LFU,83.6359697619701,16.36403023802989,0.6914637445168142,76.2910534990017,0.3949331711919756,0,random,0.010572268497920333,10.572268497920332,1024,716728,False
2024-01-04 03:00:00,W-TinyLFU,95.1715625293559,4.828437470644098,0.11474650908723805,74.80180930322734,0.4479876675093212,0,scanning,0.0383597150359019,38.3597150359019,1024,538370,False
2024-01-04 03:00:00,Adaptive,97.14459444661016,2.855405553389845,0.8115545606122685,80.49492992150022,0.212012711838227,2,zipfian,0.030714236970451933,30.714236970451932,1024,1697291,False
2024-01-04 03:30:00,ARC,92.51794539561354,7.482054604386457,0.16980162503445606,80.9752749746293,0.48926560370883165,0,scanning,0.045315204967519375,45.31520496751938,1024,1740083,False
2024-01-04 03:30:00,LRU,86.57932871151405,13.420671288485941,0.3559398159821965,69.25113183310556,0.12679726293083438,0,mixed,0.03133762380350023,31.337623803500225,1024,626324,False
2024-01-04 03:30:00,LFU,83.65263988011405,16.347360119885945,0.82462429980244,89.06222958636059,0.26234895622094917,0,scanning,0.019075061957142637,19.075061957142637,1024,1443648,False
2024-01-04 03:30:00,W-TinyLFU,92.95699660732288,7.043003392677127,0.33265225826749706,94.61105189221755,0.4117657376946444,0,temporal_locality,0.02452125733653313,24.52125733653313,1024,1207633,False
2024-01-04 03:30:00,Adaptive,95.02243205697599,4.977567943024008,0.6830957523659675,90.60199187038523,0.2747704303985219,0,scanning,0.01849986847172095,18.49986847172095,1024,1533313,False
2024-01-04 04:00:00,ARC,91.58112485343686,8.418875146563131,0.934067207825897,80.47867006849397,0.4462201660582633,0,temporal_locality,0.02955007095156642,29.550070951566422,1024,1142233,False
2024-01-04 04:00:00,LRU,87.71740806257154,12.282591937428467,0.31288584742032033,91.94739923212114,0.2823553182634331,0,scanning,0.01750999912234378,17.50999912234378,1024,1075230,False
2024-01-04 04:00:00,LFU,86.05787422164295,13.94212577835705,0.2402069405898295,62.75962610711022,0.30813037242002517,0,mixed,0.022123726059828264,22.123726059828265,1024,1122087,False
2024-01-04 04:00:00,W-TinyLFU,94.83852345257428,5.161476547425725,0.23698713594485243,69.94665656592534,0.1947425795931547,0,scanning,0.042462388152162106,42.462388152162106,1024,940409,False
2024-01-04 04:00:00,Adaptive,94.39263208218226,5.60736791781774,0.33295938239080514,91.57592034352183,0.32626305631218866,3,mixed,0.04674647114778695,46.74647114778695,1024,1592061,False
2024-01-04 04:30:00,ARC,92.27808389288262,7.7219161071173765,0.9712285124508251,80.49407216105328,0.25770872447496473,0,mixed,0.036979227392247335,36.97922739224734,1024,1112855,False
2024-01-04 04:30:00,LRU,87.1200287721906,12.879971227809406,0.8648341840842683,65.42809612138124,0.16081647664727977,0,scanning,0.01094633796378536,10.946337963785359,1024,1531560,False
2024-01-04 04:30:00,LFU,84.12521443909789,15.874785560902104,0.7738129785643665,60.069995859869785,0.32367407280750093,0,zipfian,0.024468470741096336,24.468470741096336,1024,525156,False
2024-01-04 04:30:00,W-TinyLFU,92.53485792647784,7.465142073522157,0.8984012062020575,72.06154418315411,0.11001753156222849,0,temporal_locality,0.03611828199922039,36.118281999220386,1024,673768,False
2024-01-04 04:30:00,Adaptive,97.27114604849739,2.728853951502608,0.7235803675816557,90.762718751304,0.18694781139050295,2,zipfian,0.04775113362924075,47.75113362924075,1024,1537646,False
2024-01-04 05:00:00,ARC,92.11298717679038,7.887012823209616,0.7340808980094833,77.9717873357568,0.3210057218636069,0,zipfian,0.0203139555367104,20.3139555367104,1024,1447433,False
2024-01-04 05:00:00,LRU,89.36102738773323,10.638972612266773,0.9130380460186102,90.93378389377584,0.4365315498944059,0,temporal_locality,0.0488728779737118,48.8728779737118,1024,1326223,False
2024-01-04 05:00:00,LFU,86.65866201198483,13.341337988015168,0.6461551945324685,64.28587661593282,0.2834933709290417,0,zipfian,0.04238492418404812,42.384924184048124,1024,1782823,False
2024-01-04 05:00:00,W-TinyLFU,94.55594457109906,5.44405542890094,0.4702356878635132,79.5478813810768,0.48613695297670156,0,scanning,0.027514096184266597,27.514096184266595,1024,1726418,False
2024-01-04 05:00:00,Adaptive,97.10791418471494,2.8920858152850504,0.40900644118759544,62.72711958015234,0.2621477328855948,3,random,0.024506119965970782,24.506119965970782,1024,1089936,False
2024-01-04 05:30:00,ARC,92.92832971791363,7.071670282086373,0.2033353420394446,76.54523530086576,0.3037836034501211,0,temporal_locality,0.04796795300783617,47.96795300783617,1024,1785190,False
2024-01-04 05:30:00,LRU,88.25080760684527,11.749192393154729,0.9435572108067556,91.81463752408065,0.21292443076989653,0,temporal_locality,0.01833703264295934,18.337032642959343,1024,1989558,False
2024-01-04 05:30:00,LFU,86.06109196898493,13.938908031015075,0.8918786802315217,80.51543025970803,0.19207526051299775,0,zipfian,0.013537117906192626,13.537117906192625,1024,1689933,False
2024-01-04 05:30:00,W-TinyLFU,94.77675002860718,5.223249971392818,0.7694216319196114,63.93674023705381,0.12832008744658474,0,temporal_locality,0.014647593055658601,14.647593055658602,1024,1773508,False
2024-01-04 05:30:00,Adaptive,96.35361501610264,3.646384983897366,0.36337041329778696,61.29813287447029,0.3914350140301711,0,random,0.01670940355351931,16.709403553519312,1024,1316055,False
2024-01-04 06:00:00,ARC,92.980640723915,7.019359276084991,0.29018726800104755,76.71374034187173,0.25693437398611035,0,random,0.046565905241900296,46.565905241900296,1024,568708,False
2024-01-04 06:00:00,LRU,86.41653150346772,13.58346849653228,0.7997798757485001,83.48095723108639,0.45037871747876035,0,random,0.04446102578758784,44.46102578758784,1024,1196453,False
2024-01-04 06:00:00,LFU,85.94162686194106,14.058373138058943,0.2198220904803694,92.41939093376638,0.3791731179446013,0,mixed,0.035982936964133454,35.98293696413345,1024,1867079,False
2024-01-04 06:00:00,W-TinyLFU,95.7765042566688,4.2234957433311955,0.10644414782236021,93.91729856030369,0.3340010976287503,0,zipfian,0.0405198899242745,40.5198899242745,1024,1489424,False
2024-01-04 06:00:00,Adaptive,97.6837836461831,2.3162163538169023,0.9878096157471493,77.4705507824288,0.1995502105945428,1,mixed,0.02846387127616125,28.46387127616125,1024,1679281,False
2024-01-04 06:30:00,ARC,91.75686580635255,8.24313419364745,0.20464886280680233,74.12703827349613,0.42291848294186385,0,temporal_locality,0.04714082217190324,47.14082217190324,1024,618361,False
2024-01-04 06:30:00,LRU,88.35499022274081,11.645009777259185,0.8990429856964045,70.09735226181401,0.3274196625034187,0,scanning,0.028811381083227255,28.811381083227257,1024,681296,False
2024-01-04 06:30:00,LFU,86.46646029811816,13.533539701881836,0.3537673351056252,64.94476823847533,0.4096095518477245,0,scanning,0.02697191544255481,26.97191544255481,1024,1096636,False
2024-01-04 06:30:00,W-TinyLFU,92.87361080162957,7.126389198370431,0.29993999510023783,63.40575664854276,0.30180861619290145,0,mixed,0.04566168815589857,45.661688155898574,1024,569669,False
2024-01-04 06:30:00,Adaptive,95.00042853577858,4.99957146422142,0.8172618183827612,94.94996919871153,0.2313312111570106,2,mixed,0.019650476422291844,19.650476422291845,1024,1555305,False
2024-01-04 07:00:00,ARC,92.63422874321584,7.365771256784159,0.2831582138797548,93.33669088509194,0.21337644515742935,0,temporal_locality,0.035853820577214965,35.85382057721497,1024,613112,False
2024-01-04 07:00:00,LRU,89.38888532491193,10.611114675088073,0.9167483817929085,69.63575635025596,0.2587523789595543,0,random,0.030315778346725518,30.31577834672552,1024,1286886,False
2024-01-04 07:00:00,LFU,86.31522573273736,13.684774267262634,0.46760694700103533,91.00495374508515,0.47630840737839597,0,temporal_locality,0.04120611615500518,41.20611615500518,1024,1200205,False
2024-01-04 07:00:00,W-TinyLFU,93.37496171765383,6.625038282346162,0.5038165931298243,75.51717684929673,0.3027555475024222,0,mixed,0.03276088138852992,32.760881388529924,1024,993215,False
2024-01-04 07:00:00,Adaptive,95.53554505857227,4.464454941427731,0.36051192827242406,91.5619170256298,0.1509064041698384,0,mixed,0.02345390245110259,23.453902451102593,1024,667596,False
2024-01-04 07:30:00,ARC,91.18053063734709,8.81946936265291,0.6210932033027515,86.02865692217236,0.49929214124385346,0,random,0.04215841466434804,42.15841466434804,1024,1506296,False
2024-01-04 07:30:00,LRU,87.28943779095941,12.710562209040589,0.4059618471152846,71.66389502421394,0.47894547056924264,0,mixed,0.027801903520925222,27.801903520925222,1024,1101227,False
2024-01-04 07:30:00,LFU,86.17274840905259,13.827251590947409,0.8210328399408394,75.61004051881426,0.4517995869713194,0,temporal_locality,0.039997549143059426,39.99754914305942,1024,757770,False
2024-01-04 07:30:00,W-TinyLFU,92.45342833277263,7.546571667227364,0.6951703631617809,70.53973791509169,0.2870327684801136,0,scanning,0.047785089517187435,47.78508951718744,1024,629603,False
2024-01-04 07:30:00,Adaptive,94.75270777485389,5.247292225146105,0.9746658495304186,71.99387898985779,0.14888393668891858,3,mixed,0.03059347933041743,30.59347933041743,1024,1885329,False
2024-01-04 08:00:00,ARC,91.92056974315183,8.079430256848163,0.5432476439948446,72.8090814270574,0.2765177470303577,0,temporal_locality,0.032665988415018166,32.66598841501816,1024,1945779,False
2024-01-04 08:00:00,LRU,87.20271631815719,12.797283681842819,0.3505049609913651,88.67874083978413,0.4655441979742416,0,mixed,0.020061776005172435,20.061776005172437,1024,680043,False
2024-01-04 08:00:00,LFU,85.73950095547181,14.260499044528185,0.21302971063881326,66.47825180448956,0.4383279716277573,0,mixed,0.010476949126238658,10.476949126238658,1024,926115,False
2024-01-04 08:00:00,W-TinyLFU,95.05911132294047,4.9408886770595295,0.3340093575791029,70.99966971847127,0.31722964712878265,0,temporal_locality,0.02374701831239748,23.747018312397483,1024,702433,False
2024-01-04 08:00:00,Adaptive,95.75679563483591,4.243204365164088,0.9901627166831088,88.97453493864843,0.469549072459416,2,temporal_locality,0.011796881811515107,11.796881811515107,1024,899833,False
2024-01-04 08:30:00,ARC,93.81111465419474,6.188885345805262,0.37121169254291864,65.32174541128876,0.23358504502472696,0,temporal_locality,0.04880001663839149,48.80001663839149,1024,1978789,False
2024-01-04 08:30:00,LRU,89.30755936309025,10.692440636909751,0.47657742443002316,70.18418730322814,0.40161529144460717,0,scanning,0.03638496264482169,36.38496264482169,1024,904774,False
2024-01-04 08:30:00,LFU,86.64585202326202,13.354147976737973,0.8117293084482994,72.27259196591709,0.16615162779404935,0,temporal_locality,0.03212667909413254,32.12667909413254,1024,944637,False
2024-01-04 08:30:00,W-TinyLFU,93.61633763856823,6.3836623614317745,0.25117775623371513,72.11558508976188,0.11072160436276689,0,zipfian,0.014279334257431359,14.279334257431358,1024,644549,False
2024-01-04 08:30:00,Adaptive,95.5932235023617,4.406776497638298,0.9535295502949184,85.35185864600655,0.11651446263547444,1,zipfian,0.02165098830041891,21.650988300418913,1024,1580778,False
2024-01-04 09:00:00,ARC,93.27268076530648,6.72731923469353,3.420836409782196,83.69897260154589,0.4920131656020076,0,random,0.045317613160353445,45.317613160353446,1024,1817021,True
2024-01-04 09:00:00,LRU,86.44598304495041,13.554016955049587,4.952861381449683,62.980328379286476,0.3851113832367189,0,random,0.04228536247006863,42.28536247006863,1024,1176561,True
2024-01-04 09:00:00,LFU,84.96425456534091,15.035745434659098,3.606826825247275,60.45196889756816,0.11111393793785772,0,random,0.03595787109996726,35.95787109996726,1024,871989,True
2024-01-04 09:00:00,W-TinyLFU,92.77195582194459,7.2280441780554145,2.5698610482033075,85.10628804036165,0.26669551797868485,0,zipfian,0.012583503448218174,12.583503448218174,1024,1965147,True
2024-01-04 09:00:00,Adaptive,99.0,1.0000000000000009,1.6650592905343184,73.35724163588023,0.20482457329550546,0,mixed,0.034379290693472,34.379290693472,1024,1333998,True
2024-01-04 09:30:00,ARC,91.52387367313152,8.476126326868483,0.7450444221234005,68.50879620621254,0.37077492027047354,0,mixed,0.01889912829956021,18.89912829956021,1024,1853688,True
2024-01-04 09:30:00,LRU,89.33046707477493,10.669532925225067,2.927643076454511,63.34795004104407,0.2869590466326442,0,random,0.04935081622296822,49.35081622296822,1024,1932912,True
2024-01-04 09:30:00,LFU,85.66136739058899,14.338632609411006,2.2205537205444097,63.45340817332801,0.4184868605376916,0,random,0.01909334751121142,19.09334751121142,1024,1745048,True
2024-01-04 09:30:00,W-TinyLFU,92.83291848540067,7.167081514599327,4.785340018462741,66.2282608936731,0.38809960748043015,0,temporal_locality,0.012359784508268188,12.359784508268188,1024,973209,True
2024-01-04 09:30:00,Adaptive,99.0,1.0000000000000009,0.5584136415481775,63.75481133811725,0.3216333578571211,2,temporal_locality,0.04738379284123388,47.383792841233884,1024,567510,True
2024-01-04 10:00:00,ARC,93.55567467804434,6.444325321955658,1.2186443922268755,62.48127917742011,0.26817037156470325,0,scanning,0.027049434181922516,27.049434181922514,1024,1591554,True
2024-01-04 10:00:00,LRU,86.90970308964977,13.09029691035023,0.9887375199186981,93.8209770057414,0.31292887367824346,0,temporal_locality,0.01390868429631455,13.90868429631455,1024,840847,True
2024-01-04 10:00:00,LFU,85.45419837917062,14.54580162082938,0.6534871020767385,68.13953675980538,0.18194297682645302,0,temporal_locality,0.0465195432501051,46.5195432501051,1024,995775,True
2024-01-04 10:00:00,W-TinyLFU,93.28253305185498,6.717466948145024,3.9978334339203907,89.85238494210527,0.20573846759024841,0,temporal_locality,0.04591304809327174,45.91304809327174,1024,1146080,True
2024-01-04 10:00:00,Adaptive,99.0,1.0000000000000009,1.579674184442389,69.64983952278507,0.3393083047150836,2,zipfian,0.014230157934065702,14.230157934065701,1024,1936195,True
2024-01-04 10:30:00,ARC,91.67770429551302,8.32229570448697,1.7164084626312726,73.62534973227156,0.46630763203254777,0,random,0.024566906362234985,24.566906362234985,1024,994615,True
2024-01-04 10:30:00,LRU,87.97854168121123,12.021458318788769,1.6772623301830067,69.45513654205246,0.48280273744256086,0,random,0.014780558177605778,14.780558177605778,1024,1224146,True
2024-01-04 10:30:00,LFU,83.57359401934522,16.426405980654778,3.2462134790917747,87.83591753840078,0.187897781529204,0,zipfian,0.03612544983163785,36.12544983163785,1024,982698,True
2024-01-04 10:30:00,W-TinyLFU,93.5141262731927,6.4858737268073,2.5940121056199352,81.1858206308503,0.11917098222356547,0,temporal_locality,0.036836126686996574,36.83612668699657,1024,1105482,True
2024-01-04 10:30:00,Adaptive,99.0,1.0000000000000009,1.864431206783437,76.41348697649114,0.19532181496470713,3,mixed,0.04269101521868731,42.69101521868731,1024,1497472,True
2024-01-04 11:00:00,ARC,92.3646433704723,7.6353566295277115,0.8731755621347445,67.99362423843108,0.24701375460578326,0,mixed,0.03969571727877648,39.69571727877648,1024,760260,True
2024-01-04 11:00:00,LRU,86.99886578875024,13.001134211249765,4.905032855067686,87.31527112698807,0.41438832495679745,0,zipfian,0.02522628570489139,25.22628570489139,1024,1148812,True
2024-01-04 11:00:00,LFU,84.75642167070674,15.24357832929325,1.32217354221795,84.50107756724131,0.18147149938772436,0,mixed,0.04764226621255378,47.642266212553785,1024,566936,True
2024-01-04 11:00:00,W-TinyLFU,93.40458469135028,6.595415308649722,2.759049379229343,73.09004647667564,0.10356580727109255,0,zipfian,0.015422083850839655,15.422083850839655,1024,602657,True
2024-01-04 11:00:00,Adaptive,99.0,1.0000000000000009,2.3688888808111077,75.691969862305,0.3919437072995857,1,mixed,0.04784291436766328,47.84291436766328,1024,1404932,True
2024-01-04 11:30:00,ARC,92.00494910794676,7.995050892053246,0.6991485706604366,80.3036906766195,0.43350639647206346,0,random,0.048710963190189846,48.710963190189844,1024,714650,True
2024-01-04 11:30:00,LRU,89.52272962815144,10.477270371848558,3.451692504026127,72.7047982593829,0.3224397591713126,0,temporal_locality,0.03258027576070421,32.580275760704204,1024,1179596,True
2024-01-04 11:30:00,LFU,83.3164579932966,16.683542006703412,2.5609661235056356,82.47695735916747,0.4163148472662821,0,zipfian,0.027728468023671037,27.728468023671038,1024,1838629,True
2024-01-04 11:30:00,W-TinyLFU,93.35315835025744,6.6468416497425515,3.5533183532879358,92.77567140443571,0.3027840861855074,0,random,0.03526181683093091,35.26181683093091,1024,573890,True
2024-01-04 11:30:00,Adaptive,99.0,1.0000000000000009,1.5350617082043208,79.20980060038984,0.2047649565371784,1,temporal_locality,0.01792674137331983,17.926741373319828,1024,1140533,True
2024-01-04 12:00:00,ARC,93.82392905624887,6.176070943751133,4.7434711059884975,92.42980358713554,0.23869695222388568,0,mixed,0.028037798244153554,28.037798244153553,1024,1585544,True
2024-01-04 12:00:00,LRU,87.00798621725801,12.992013782741996,0.9459595119985766,61.53521987857622,0.3689881131243634,0,zipfian,0.03760193201160908,37.60193201160908,1024,1306150,True
2024-01-04 12:00:00,LFU,85.75424742789762,14.245752572102377,2.9025788591926664,69.59726788363194,0.10179257103370434,0,mixed,0.04375731461569471,43.75731461569471,1024,1978511,True
2024-01-04 12:00:00,W-TinyLFU,94.56332117100797,5.436678828992026,0.5523935940754797,84.25072144335616,0.37145099113355495,0,zipfian,0.016856441089917087,16.856441089917087,1024,1193450,True
2024-01-04 12:00:00,Adaptive,99.0,1.0000000000000009,1.8957720442744241,73.32524719515405,0.2958382977897246,2,mixed,0.031032793823127083,31.032793823127083,1024,1635647,True
2024-01-04 12:30:00,ARC,91.09781969082725,8.902180309172747,1.8868183839648038,82.20657764866755,0.22444303689342557,0,zipfian,0.03604890922720825,36.04890922720825,1024,502759,True
2024-01-04 12:30:00,LRU,88.70663382950109,11.29336617049892,1.1136011905315648,72.12137890769476,0.42430668436068275,0,mixed,0.010870539954909546,10.870539954909546,1024,1667391,True
2024-01-04 12:30:00,LFU,84.95078443174336,15.049215568256635,4.82852311211029,84.63233407507539,0.3923236956125249,0,random,0.01232821215115433,12.32821215115433,1024,1447052,True
2024-01-04 12:30:00,W-TinyLFU,94.31455089197709,5.685449108022911,3.9988896724601206,67.2235115643466,0.439184297403448,0,random,0.04388906998353757,43.88906998353757,1024,614883,True
2024-01-04 12:30:00,Adaptive,99.0,1.0000000000000009,0.5458962412633726,66.44400701079344,0.35263646537869453,1,scanning,0.016790199788339965,16.790199788339965,1024,1638265,True
2024-01-04 13:00:00,ARC,91.76036701417323,8.239632985826773,1.521902024496373,70.49023749977749,0.3551774834373046,0,zipfian,0.03467338615752456,34.67338615752456,1024,1968903,True
2024-01-04 13:00:00,LRU,87.83268399057847,12.167316009421524,3.412335024432876,93.30893154728903,0.22033288711706145,0,zipfian,0.04915183130156047,49.15183130156047,1024,1790637,True
2024-01-04 13:00:00,LFU,86.335683744777,13.664316255222996,3.9746514061695613,70.20257178011379,0.3881691439339292,0,zipfian,0.04119800413566945,41.19800413566945,1024,1408976,True
2024-01-04 13:00:00,W-TinyLFU,92.72153355770389,7.278466442296105,4.417537890584319,89.92581124775384,0.11068633781873238,0,temporal_locality,0.017959886523806645,17.959886523806645,1024,944930,True
2024-01-04 13:00:00,Adaptive,99.0,1.0000000000000009,3.1700593640378782,88.32193189780612,0.19183651056679185,2,scanning,0.043073919558323355,43.073919558323354,1024,952831,True
2024-01-04 13:30:00,ARC,93.51631804038728,6.483681959612719,0.813773527325899,72.22756457058158,0.2528787372978464,0,random,0.019772331331262022,19.772331331262023,1024,1875185,True
2024-01-04 13:30:00,LRU,89.70621548729437,10.293784512705628,3.341654450041425,87.57496230996645,0.40298066375213204,0,zipfian,0.03710585824003915,37.10585824003915,1024,512193,True
2024-01-04 13:30:00,LFU,85.11440787242786,14.885592127572146,3.3997112968536918,70.74351072275516,0.12819515431202977,0,mixed,0.02628068470041693,26.28068470041693,1024,1133467,True
2024-01-04 13:30:00,W-TinyLFU,94.80019360616149,5.199806393838513,4.5065954843161125,79.20347637397923,0.24148516629413927,0,zipfian,0.023612667783505903,23.612667783505902,1024,1775414,True
2024-01-04 13:30:00,Adaptive,99.0,1.0000000000000009,2.077648026988021,64.97383047959057,0.4449847738495084,0,scanning,0.039739303852859766,39.73930385285976,1024,1040940,True
2024-01-04 14:00:00,ARC,92.86367556848383,7.136324431516172,2.4509135695049835,71.83480069252445,0.19516525491161724,0,random,0.012577087969252134,12.577087969252133,1024,1493364,True
2024-01-04 14:00:00,LRU,89.04846334712266,10.951536652877337,2.4091145125538684,92.06523446075798,0.10669617528348785,0,mixed,0.010243519240323962,10.243519240323963,1024,518739,True
2024-01-04 14:00:00,LFU,85.39306230772196,14.606937692278043,1.0705495196289363,86.44962949316209,0.19459603313878415,0,temporal_locality,0.045946288082338124,45.94628808233812,1024,1104052,True
2024-01-04 14:00:00,W-TinyLFU,92.93699463369329,7.063005366306719,3.481302529184414,67.41180137287557,0.18137274509998794,0,scanning,0.025610879799130258,25.61087979913026,1024,1359207,True
2024-01-04 14:00:00,Adaptive,99.0,1.0000000000000009,1.078592109108885,84.50359442769883,0.145147206904695,1,zipfian,0.030477173249599504,30.477173249599502,1024,1881450,True
2024-01-04 14:30:00,ARC,92.43246868514103,7.567531314858966,4.826189796388106,73.83837941088528,0.15525837845939333,0,mixed,0.03988689413107878,39.886894131078776,1024,705670,True
2024-01-04 14:30:00,LRU,86.98117816136244,13.018821838637562,3.7665736511619095,80.7656176516058,0.4409881880216403,0,mixed,0.027859021280958796,27.859021280958796,1024,1212905,True
2024-01-04 14:30:00,LFU,86.59330562502093,13.406694374979066,1.0437082133351752,65.76234878497135,0.3752911112393781,0,mixed,0.01813515915626479,18.13515915626479,1024,1932262,True
2024-01-04 14:30:00,W-TinyLFU,93.05368066455762,6.946319335442386,1.356795055524921,70.24593519431568,0.2618633779418956,0,scanning,0.021948516123584214,21.948516123584213,1024,556599,True
2024-01-04 14:30:00,Adaptive,99.0,1.0000000000000009,2.42936779327161,65.5315389386734,0.17500850653036226,2,zipfian,0.019951318810127076,19.951318810127077,1024,1039435,True
2024-01-04 15:00:00,ARC,90.72438000489028,9.275619995109718,2.4812514142838276,60.73691733015492,0.439498804219293,0,random,0.016525097332036956,16.525097332036957,1024,1277153,True
2024-01-04 15:00:00,LRU,88.41126780504793,11.588732194952078,4.710610949239131,74.34568584180339,0.35398646826521785,0,random,0.04383108872947961,43.83108872947961,1024,621346,True
2024-01-04 15:00:00,LFU,85.36469080083009,14.63530919916991,1.2471884588519313,78.32289292572538,0.1568303693286382,0,zipfian,0.03595381589741823,35.95381589741823,1024,928496,True
2024-01-04 15:00:00,W-TinyLFU,93.61560059571426,6.3843994042857455,0.5563031999046248,83.4786527585308,0.44385615429029324,0,zipfian,0.03574589394417529,35.745893944175286,1024,1507983,True
2024-01-04 15:00:00,Adaptive,99.0,1.0000000000000009,3.9599381178719275,93.45377613687849,0.13481742171129693,1,scanning,0.015231511560956954,15.231511560956955,1024,1472690,True
2024-01-04 15:30:00,ARC,92.92517740289668,7.074822597103314,4.839542798746108,80.02264509858011,0.20799413286042268,0,random,0.029588182570717755,29.588182570717755,1024,985545,True
2024-01-04 15:30:00,LRU,88.60324136469723,11.396758635302772,0.870498222714982,84.16549446191317,0.2903306457207102,0,random,0.030771703161133312,30.771703161133313,1024,1638698,True
2024-01-04 15:30:00,LFU,83.43424004802763,16.56575995197237,4.051854856285278,66.28348085523596,0.4772020447059516,0,scanning,0.01056284317604014,10.56284317604014,1024,913233,True
2024-01-04 15:30:00,W-TinyLFU,92.53847749154097,7.461522508459028,4.52735509814295,62.34234700809201,0.1831584895165043,0,random,0.04021937103137613,40.21937103137613,1024,1189410,True
2024-01-04 15:30:00,Adaptive,99.0,1.0000000000000009,3.2698105123005945,64.50202309056013,0.4538089839470849,0,random,0.03701704752327122,37.01704752327122,1024,1089246,True
2024-01-04 16:00:00,ARC,93.82979448179144,6.17020551820856,4.225501144872237,65.32995558187217,0.1820714101397435,0,mixed,0.032544924448761406,32.54492444876141,1024,1631821,True
2024-01-04 16:00:00,LRU,87.09484806913026,12.90515193086974,1.3851624528134339,78.94170158441536,0.46336771181385716,0,random,0.03701454477524742,37.014544775247415,1024,1610189,True
2024-01-04 16:00:00,LFU,86.16956562539778,13.830434374602218,3.3575001732196985,77.75082766453184,0.29282608561670187,0,random,0.04769201558679144,47.69201558679144,1024,1557780,True
2024-01-04 16:00:00,W-TinyLFU,93.47299982265008,6.527000177349917,4.024608732035329,64.21238592239165,0.23728423396695228,0,mixed,0.0252146885466094,25.2146885466094,1024,1540085,True
2024-01-04 16:00:00,Adaptive,99.0,1.0000000000000009,4.395051470930734,73.53217297547825,0.16108722913074316,2,random,0.015139458611111403,15.139458611111403,1024,1370663,True
2024-01-04 16:30:00,ARC,91.96247936338565,8.037520636614348,4.26907238699911,81.86241469837121,0.4115572299981408,0,temporal_locality,0.039945151496814775,39.94515149681477,1024,1471814,True
2024-01-04 16:30:00,LRU,88.99735186815768,11.002648131842319,3.504911009953052,87.45053290153812,0.19939906066655788,0,temporal_locality,0.026057705578205186,26.057705578205187,1024,1142206,True
2024-01-04 16:30:00,LFU,83.46904246652753,16.530957533472478,3.5444497343059367,90.39703289035201,0.38952177753840456,0,random,0.02195389580881614,21.95389580881614,1024,888556,True
2024-01-04 16:30:00,W-TinyLFU,92.33203745642231,7.667962543577689,3.3237863828066727,64.02231475330782,0.20184967105401924,0,temporal_locality,0.012984394004667985,12.984394004667985,1024,1794250,True
2024-01-04 16:30:00,Adaptive,99.0,1.0000000000000009,3.506458775906853,84.05259398365541,0.2893791707230256,3,mixed,0.04725325638428671,47.25325638428671,1024,1890245,True
2024-01-04 17:00:00,ARC,91.76665805062837,8.233341949371631,2.091110204083936,67.19733619291071,0.1943225819862709,0,random,0.047659090555985106,47.65909055598511,1024,1658004,True
2024-01-04 17:00:00,LRU,88.82112280152803,11.178877198471959,3.167494458562848,88.94873977564424,0.3889287312987041,0,random,0.03788627063123275,37.886270631232755,1024,551801,True
2024-01-04 17:00:00,LFU,85.19529224709571,14.804707752904289,4.858446328525013,87.58122595621222,0.1002052791250586,0,random,0.021383614739320912,21.38361473932091,1024,1055817,True
2024-01-04 17:00:00,W-TinyLFU,95.15339504762005,4.846604952379952,2.792442870609541,93.40701355731473,0.3422814700266366,0,mixed,0.016750227612545146,16.750227612545146,1024,1159850,True
2024-01-04 17:00:00,Adaptive,99.0,1.0000000000000009,3.802536665912739,79.26473357648523,0.29640882340772046,0,temporal_locality,0.031597813356667864,31.597813356667864,1024,1783908,True
2024-01-04 17:30:00,ARC,91.71589644397766,8.284103556022348,1.3001945361214668,75.88282817460328,0.31992652275574485,0,scanning,0.020112983352328438,20.11298335232844,1024,625341,True
2024-01-04 17:30:00,LRU,88.99538096153447,11.004619038465535,2.8453978468880763,70.80658237132259,0.10800631612651901,0,random,0.02104635771113162,21.04635771113162,1024,1063871,True
2024-01-04 17:30:00,LFU,84.13522199443308,15.864778005566915,2.624000148020721,89.59616402637255,0.20754959944392026,0,temporal_locality,0.04316580849046596,43.165808490465956,1024,1138576,True
2024-01-04 17:30:00,W-TinyLFU,95.38893019411265,4.611069805887357,4.506441624290384,86.01414039316651,0.16187768526255383,0,random,0.016548213610141783,16.548213610141783,1024,1381238,True
2024-01-04 17:30:00,Adaptive,99.0,1.0000000000000009,4.57088359117579,76.8969447194506,0.16381638227768947,3,zipfian,0.02632947338070582,26.32947338070582,1024,1536975,True
2024-01-04 18:00:00,ARC,91.38985329242786,8.610146707572142,0.8073560093974623,93.12363808266953,0.49975782167696237,0,mixed,0.021615726336092274,21.615726336092273,1024,856549,True
2024-01-04 18:00:00,LRU,89.71395530369244,10.286044696307561,3.171392395030506,82.43322955814149,0.24567085737078367,0,temporal_locality,0.021343932401138948,21.343932401138947,1024,731072,True
2024-01-04 18:00:00,LFU,83.72602813072061,16.273971869279393,3.5014078865145004,72.79477300154065,0.44555785163920725,0,zipfian,0.020108616801513185,20.108616801513186,1024,1522789,True
2024-01-04 18:00:00,W-TinyLFU,93.72201868135464,6.277981318645365,4.0698975943475775,93.87134582887506,0.2862788545768077,0,mixed,0.04450978930802741,44.50978930802741,1024,1216464,True
2024-01-04 18:00:00,Adaptive,99.0,1.0000000000000009,4.452670142888731,65.30645296044149,0.18339828213212994,2,mixed,0.019682142370949927,19.682142370949926,1024,1533776,True
2024-01-04 18:30:00,ARC,92.97824846570096,7.021751534299048,4.991702882073769,69.18847336149746,0.12323229810688652,0,scanning,0.049407306404776655,49.407306404776655,1024,1876956,True
2024-01-04 18:30:00,LRU,88.30377575377737,11.69622424622263,2.2743356091466045,84.35393911793733,0.2579063318669321,0,random,0.02804766042348858,28.04766042348858,1024,1338987,True
2024-01-04 18:30:00,LFU,85.46355427496825,14.536445725031754,1.4054477260045077,70.75970528222571,0.43743087097169353,0,zipfian,0.018883289631435277,18.883289631435275,1024,1855177,True
2024-01-04 18:30:00,W-TinyLFU,93.95604019567394,6.043959804326072,2.786264677937094,74.18953104121924,0.4346684354563033,0,temporal_locality,0.04852862098764153,48.52862098764153,1024,711746,True
2024-01-04 18:30:00,Adaptive,99.0,1.0000000000000009,4.676796659077771,80.66816910690464,0.4872531904543016,0,temporal_locality,0.012230494674555534,12.230494674555535,1024,775661,True
2024-01-04 19:00:00,ARC,90.86273399404979,9.137266005950206,0.5239575240848608,68.97669950781702,0.3661401094471597,0,random,0.0340735488287272,34.0735488287272,1024,1348528,False
2024-01-04 19:00:00,LRU,87.59840875634592,12.401591243654087,0.7652278775997302,73.72777891341292,0.22218958911700226,0,mixed,0.015482139798784962,15.482139798784962,1024,932783,False
2024-01-04 19:00:00,LFU,85.59480259076054,14.405197409239456,0.7156613785685199,75.09120947625593,0.24178722699497232,0,scanning,0.04125624142894602,41.25624142894602,1024,820343,False
2024-01-04 19:00:00,W-TinyLFU,93.19807146759744,6.801928532402557,0.6072453182809275,86.89669300031014,0.3823411257308138,0,random,0.03854745149066566,38.54745149066566,1024,570324,False
2024-01-04 19:00:00,Adaptive,96.8115197674205,3.1884802325794936,0.6644973619513206,89.70766066516398,0.15138642167322303,1,zipfian,0.030499232129207472,30.49923212920747,1024,776865,False
2024-01-04 19:30:00,ARC,91.18337123537863,8.81662876462137,0.5369324708797236,71.87999239985255,0.3566487380225287,0,scanning,0.03586971761716919,35.869717617169194,1024,540585,False
2024-01-04 19:30:00,LRU,86.99238586169164,13.007614138308355,0.10142503583045975,90.70146760494866,0.36846537850380245,0,zipfian,0.029203896217542637,29.20389621754264,1024,669367,False
2024-01-04 19:30:00,LFU,85.31251368368798,14.687486316312015,0.29042727546858377,68.00426109249963,0.40077069474500704,0,scanning,0.04194943097008357,41.94943097008357,1024,1302617,False
2024-01-04 19:30:00,W-TinyLFU,93.29959568134548,6.700404318654519,0.40696741467104003,83.46835589187353,0.28780908816541145,0,random,0.03853058290114638,38.53058290114638,1024,914684,False
2024-01-04 19:30:00,Adaptive,96.38814330721462,3.611856692785387,0.5293998131131359,93.1568196501108,0.133115070525878,0,temporal_locality,0.04290631683773205,42.90631683773205,1024,554835,False
2024-01-04 20:00:00,ARC,92.09434137878168,7.9056586212183255,0.6313773732545731,84.29013269828678,0.40202590093510127,0,zipfian,0.03840766635841725,38.407666358417245,1024,527880,False
2024-01-04 20:00:00,LRU,87.30390994410895,12.696090055891052,0.5736671744451319,60.602064890838506,0.3684989244289182,0,mixed,0.0373553257644344,37.3553257644344,1024,1972918,False
2024-01-04 20:00:00,LFU,84.49946714643998,15.500532853560012,0.8239403549606154,74.2495408186258,0.21364120233767286,0,temporal_locality,0.03916863623808124,39.16863623808124,1024,1487962,False
2024-01-04 20:00:00,W-TinyLFU,92.77007463736818,7.229925362631818,0.947537699387473,62.476781246770734,0.375252010623251,0,scanning,0.04475913642406219,44.75913642406219,1024,1205592,False
2024-01-04 20:00:00,Adaptive,96.15939236086905,3.840607639130944,0.6944641168804163,93.78201528311351,0.20357936451179026,3,mixed,0.011877378005588635,11.877378005588636,1024,1772893,False
2024-01-04 20:30:00,ARC,93.8277964075322,6.172203592467795,0.46540184010784047,92.45389258737835,0.4568976330955149,0,scanning,0.012753524431402466,12.753524431402466,1024,1890416,False
2024-01-04 20:30:00,LRU,88.81194310033061,11.188056899669386,0.7353650017614052,62.85886870897405,0.16167474355173017,0,random,0.017059049428005024,17.059049428005025,1024,524275,False
2024-01-04 20:30:00,LFU,83.6079092488698,16.392090751130194,0.8600379114031961,79.52324493319514,0.10459151060246832,0,mixed,0.03688458050764467,36.88458050764467,1024,1721561,False
2024-01-04 20:30:00,W-TinyLFU,94.1242509194722,5.875749080527792,0.13203763595916998,70.37491962213076,0.3749954545776969,0,scanning,0.014136637468601033,14.136637468601034,1024,1757685,False
2024-01-04 20:30:00,Adaptive,96.99711735592467,3.002882644075333,0.8499629586975972,74.4852579218036,0.45504417932335905,1,zipfian,0.04923822486151497,49.238224861514965,1024,1672675,False
2024-01-04 21:00:00,ARC,92.8129758242445,7.1870241757554965,0.7890719686927613,77.65999862998954,0.3056218637725952,0,temporal_locality,0.04403526979717832,44.035269797178316,1024,767307,False
2024-01-04 21:00:00,LRU,88.12891104184699,11.87108895815301,0.7870186433947164,80.85191133604125,0.23951309416020586,0,random,0.012016343422172447,12.016343422172447,1024,1194353,False
2024-01-04 21:00:00,LFU,86.44489772632453,13.555102273675478,0.17379097193121332,71.6398180835733,0.3251178145771628,0,scanning,0.0461079683620018,46.107968362001806,1024,1121263,False
2024-01-04 21:00:00,W-TinyLFU,95.12034111687329,4.879658883126703,0.22152068284205123,89.4947037223939,0.3490905225590918,0,temporal_locality,0.03372119311874728,33.72119311874728,1024,987913,False
2024-01-04 21:00:00,Adaptive,94.09285636087013,5.907143639129875,0.9360256103284673,69.73148530790158,0.385638927351474,3,zipfian,0.017299194938593318,17.299194938593317,1024,833543,False
2024-01-04 21:30:00,ARC,92.5764546277647,7.423545372235296,0.6304787368432175,93.46793416091816,0.13163925217289668,0,mixed,0.04207282029121893,42.072820291218925,1024,1285099,False
2024-01-04 21:30:00,LRU,87.12179211098105,12.878207889018956,0.623980611480287,76.8719089828128,0.49426662112374076,0,random,0.012629640101280537,12.629640101280536,1024,1247573,False
2024-01-04 21:30:00,LFU,85.08558499397448,14.914415006025528,0.8127671246726597,79.20959547757701,0.31742810959608625,0,random,0.030245782430415598,30.2457824304156,1024,1735962,False
2024-01-04 21:30:00,W-TinyLFU,94.19183891110947,5.808161088890529,0.5560729147410749,67.98964487712453,0.14625401364991736,0,temporal_locality,0.041476034070637366,41.47603407063737,1024,1993026,False
2024-01-04 21:30:00,Adaptive,94.6024638838661,5.397536116133905,0.7711672789068159,89.66562134114562,0.13119482171710498,3,temporal_locality,0.012278523473921372,12.278523473921371,1024,1628456,False
2024-01-04 22:00:00,ARC,92.90679967077024,7.093200329229754,0.8775867559233821,60.0774116149072,0.20427533145969676,0,zipfian,0.035054060295477224,35.05406029547722,1024,1659940,False
2024-01-04 22:00:00,LRU,86.28883653098505,13.711163469014942,0.6647341384774724,78.06269943023153,0.22653540305979708,0,mixed,0.011094393930705335,11.094393930705335,1024,911288,False
2024-01-04 22:00:00,LFU,84.06522883603178,15.93477116396822,0.13024247614934065,88.16638511320637,0.4189780460807627,0,random,0.012030077266638885,12.030077266638886,1024,821028,False
2024-01-04 22:00:00,W-TinyLFU,93.41577961656988,6.584220383430129,0.45950684582450585,60.92781236140067,0.1689890440474766,0,random,0.038372585683044434,38.372585683044434,1024,1956888,False
2024-01-04 22:00:00,Adaptive,97.15942761613896,2.840572383861051,0.2923628868305986,79.58466651833825,0.23513975876174695,0,zipfian,0.03459616627784299,34.59616627784299,1024,865819,False
2024-01-04 22:30:00,ARC,91.95189766290794,8.048102337092066,0.35570285161194426,89.84946991625621,0.2023774473329346,0,zipfian,0.01143573699361783,11.43573699361783,1024,846090,False
2024-01-04 22:30:00,LRU,88.7775745883247,11.222425411675296,0.9906428779598782,82.28149916131818,0.11470445208765678,0,scanning,0.01846972210508372,18.469722105083722,1024,1389764,False
2024-01-04 22:30:00,LFU,84.33517668818176,15.664823311818232,0.5951638398287727,92.7145010033548,0.15821560752778768,0,zipfian,0.04750709801256257,47.507098012562565,1024,765836,False
2024-01-04 22:30:00,W-TinyLFU,94.8708811969833,5.129118803016697,0.8487086680136258,77.98591334129328,0.37349501206521396,0,temporal_locality,0.015795777318205872,15.795777318205872,1024,1852177,False
2024-01-04 22:30:00,Adaptive,97.83914425012148,2.160855749878521,0.290602249221827,65.83811695643121,0.4658062633765153,3,mixed,0.02257024183355328,22.57024183355328,1024,678625,False
2024-01-04 23:00:00,ARC,91.88755108164885,8.112448918351145,0.5860196383677048,66.12885560074996,0.31253415168136567,0,scanning,0.04242280755035423,42.42280755035423,1024,945266,False
2024-01-04 23:00:00,LRU,86.66840910741557,13.331590892584433,0.9495310871198342,89.75182380713895,0.2469583892262029,0,zipfian,0.04958475033771613,49.58475033771613,1024,1705605,False
2024-01-04 23:00:00,LFU,84.29578675781686,15.70421324218314,0.26751330658275285,80.30813884871348,0.10493986465377905,0,temporal_locality,0.01373142382047594,13.731423820475941,1024,816478,False
2024-01-04 23:00:00,W-TinyLFU,92.21768143061878,7.78231856938122,0.8644418144898626,66.52112364820469,0.45776464891107593,0,temporal_locality,0.035273862668509626,35.27386266850962,1024,788904,False
2024-01-04 23:00:00,Adaptive,96.48077107174544,3.5192289282545697,0.3782937838695143,82.63666141792788,0.28287760673060125,2,zipfian,0.03607997030929653,36.07997030929653,1024,1041052,False
2024-01-04 23:30:00,ARC,92.32011902259704,7.679880977402953,0.15160346798504645,74.72548283710137,0.24078562715055696,0,scanning,0.013531668524252662,13.531668524252662,1024,1352653,False
2024-01-04 23:30:00,LRU,89.72650139128537,10.273498608714638,0.9780813333382452,61.740490303841014,0.38860666836738855,0,scanning,0.0104022773163039,10.4022773163039,1024,1045078,False
2024-01-04 23:30:00,LFU,86.27249977197471,13.727500228025292,0.7228748767631447,87.66868410776289,0.4087818338253404,0,temporal_locality,0.011208759612541681,11.20875961254168,1024,608932,False
2024-01-04 23:30:00,W-TinyLFU,93.89142187665142,6.108578123348584,0.35187403246589943,63.22405274675018,0.18219667967866537,0,scanning,0.03752404292281453,37.52404292281453,1024,775379,False
2024-01-04 23:30:00,Adaptive,94.76733067216261,5.23266932783738,0.7130309674301881,77.5281844380982,0.17955129439446627,1,zipfian,0.02702553480018595,27.025534800185948,1024,1931182,False
2024-01-05 00:00:00,ARC,91.67859970474531,8.321400295254689,0.7332459963279996,85.99861341290932,0.4925113254874133,0,random,0.02976708588791733,29.76708588791733,1024,1817073,False
2024-01-05 00:00:00,LRU,88.73462222546057,11.26537777453943,0.24465438980271303,86.24080737011683,0.2098894255138255,0,zipfian,0.037888780766116105,37.888780766116106,1024,626998,False
2024-01-05 00:00:00,LFU,86.2296078080296,13.770392191970405,0.8910129549161072,68.58448466266992,0.18024824015938834,0,scanning,0.032773653033135765,32.773653033135766,1024,679783,False
2024-01-05 00:00:00,W-TinyLFU,93.21959348130734,6.780406518692661,0.49769557927276564,89.93658499878842,0.25441444586922846,0,random,0.04250849130933732,42.50849130933732,1024,1699408,False
2024-01-05 00:00:00,Adaptive,94.84491724035861,5.155082759641383,0.6050932664954521,63.99924442359749,0.17931120048810945,0,zipfian,0.016735132838440733,16.735132838440734,1024,1770505,False
2024-01-05 00:30:00,ARC,90.587598997074,9.412401002926007,0.41636179870448287,73.4442461183971,0.4189867194702863,0,temporal_locality,0.03903049443892038,39.03049443892038,1024,1475354,False
2024-01-05 00:30:00,LRU,87.17385532902162,12.82614467097838,0.7683685745802299,72.85464846463414,0.33841001778195456,0,mixed,0.028342584940659152,28.34258494065915,1024,1338127,False
2024-01-05 00:30:00,LFU,84.27356874846261,15.726431251537388,0.45495236066951417,75.86362954708092,0.2013659238210556,0,zipfian,0.04618400467566835,46.18400467566835,1024,1339588,False
2024-01-05 00:30:00,W-TinyLFU,94.38599833452058,5.614001665479417,0.4799037639170829,71.56072301652333,0.16378064549278026,0,random,0.026331138427322293,26.331138427322294,1024,1575248,False
2024-01-05 00:30:00,Adaptive,95.98578622122164,4.014213778778353,0.4959338290088785,65.87416347974253,0.3632008086013405,1,scanning,0.01424513783177778,14.24513783177778,1024,1091537,False
2024-01-05 01:00:00,ARC,92.59542395292381,7.404576047076194,0.4019938705136539,63.110467981943486,0.1884239657770501,0,mixed,0.0156385100106282,15.6385100106282,1024,1323135,False
2024-01-05 01:00:00,LRU,88.70035416510096,11.299645834899042,0.49507340450295456,79.2371720761175,0.3945732173319668,0,mixed,0.032674171810609734,32.674171810609735,1024,1054073,False
2024-01-05 01:00:00,LFU,84.43604866728118,15.563951332718817,0.5724490700135353,90.82362850831458,0.2367823533344486,0,mixed,0.019137212491317744,19.137212491317744,1024,1315471,False
2024-01-05 01:00:00,W-TinyLFU,93.19122275569359,6.808777244306407,0.5970920980249133,87.29168543643286,0.17584706678658724,0,scanning,0.04384034367654296,43.84034367654296,1024,838796,False
2024-01-05 01:00:00,Adaptive,97.10862360994426,2.8913763900557443,0.3922073680482223,94.02399294237932,0.46997371016651324,2,mixed,0.04500822759472546,45.00822759472546,1024,1048708,False
2024-01-05 01:30:00,ARC,93.66480638638546,6.335193613614532,0.8976184805253601,80.41244415927875,0.48775677262579886,0,mixed,0.0291057618949642,29.1057618949642,1024,1804014,False
2024-01-05 01:30:00,LRU,89.63133527591704,10.368664724082965,0.5642744710104494,69.06491550453973,0.48511092921863164,0,scanning,0.022466350081948527,22.466350081948526,1024,1432931,False
2024-01-05 01:30:00,LFU,84.00135858753565,15.998641412464353,0.4151931513208087,73.06556263283662,0.18352158890947937,0,zipfian,0.021976835330435665,21.976835330435666,1024,1418190,False
2024-01-05 01:30:00,W-TinyLFU,93.48094012831444,6.5190598716855614,0.8385126228091773,89.39722982496696,0.33564376518567174,0,random,0.027231808318070663,27.231808318070662,1024,1349344,False
2024-01-05 01:30:00,Adaptive,96.39588515231151,3.6041148476884888,0.6050598921398569,61.97169912472283,0.36428076268486,1,random,0.010296841563885266,10.296841563885266,1024,1513766,False
2024-01-05 02:00:00,ARC,91.5153384973161,8.484661502683899,0.8675915804841933,64.17518213669378,0.1613750408525257,0,scanning,0.010932013943703814,10.932013943703813,1024,901433,False
2024-01-05 02:00:00,LRU,89.46494393971058,10.535056060289417,0.1137181978881619,62.11252714647779,0.43442901160851066,0,scanning,0.02158810602282389,21.58810602282389,1024,634272,False
2024-01-05 02:00:00,LFU,85.02368595488596,14.976314045114037,0.31586338631187283,87.99215117205189,0.1283609315164252,0,random,0.04982317881846673,49.82317881846673,1024,1095678,False
2024-01-05 02:00:00,W-TinyLFU,93.41049676210498,6.5895032378950225,0.5587137356685373,72.89561337061575,0.42048054495546694,0,zipfian,0.016800316756313518,16.800316756313517,1024,813152,False
2024-01-05 02:00:00,Adaptive,95.40021019244314,4.599789807556864,0.8523541942851585,73.40162618076118,0.46819198270717977,2,temporal_locality,0.019631903882438476,19.631903882438476,1024,1138370,False
2024-01-05 02:30:00,ARC,90.43125088579896,9.568749114201047,0.12122930861690592,73.76117748994311,0.47735662949295954,0,temporal_locality,0.010458665618864212,10.458665618864213,1024,1134261,False
2024-01-05 02:30:00,LRU,88.99143014380452,11.008569856195482,0.46351986667035994,71.30607713012152,0.28589884887262773,0,random,0.014950693335095612,14.950693335095613,1024,1043763,False
2024-01-05 02:30:00,LFU,85.69011074606159,14.309889253938412,0.7586770301097865,86.330470538341,0.3788837616827343,0,zipfian,0.016847571017159738,16.847571017159737,1024,1031897,False
2024-01-05 02:30:00,W-TinyLFU,94.08381074480269,5.916189255197313,0.6867296731135446,83.67326561658588,0.2853803478979524,0,random,0.04712330834727227,47.12330834727227,1024,1105516,False
2024-01-05 02:30:00,Adaptive,95.6953786218199,4.304621378180107,0.6431388197081214,78.56051195526626,0.2644707556666245,0,scanning,0.02401480615594114,24.01480615594114,1024,1653056,False
2024-01-05 03:00:00,ARC,92.11587716824656,7.884122831753437,0.3789547170473616,83.24817906361308,0.22627315519041297,0,temporal_locality,0.02350662665978208,23.50662665978208,1024,1617313,False
2024-01-05 03:00:00,LRU,88.994157973151,11.005842026848999,0.887370269980441,90.99749291082128,0.37398644290957395,0,temporal_locality,0.04429038941995195,44.29038941995195,1024,884824,False
2024-01-05 03:00:00,LFU,85.92776560087482,14.072234399125183,0.5904323807524512,71.01092651024854,0.3687711007175435,0,temporal_locality,0.019277611354108645,19.277611354108647,1024,629749,False
2024-01-05 03:00:00,W-TinyLFU,92.61704846745262,7.382951532547377,0.17729363531529724,91.31672329422464,0.10370682081908754,0,zipfian,0.04952005339470658,49.52005339470658,1024,1502732,False
2024-01-05 03:00:00,Adaptive,95.56063516847686,4.43936483152314,0.20623037371819258,68.64001971004916,0.39169176004857664,0,zipfian,0.04597672859666302,45.97672859666302,1024,1734521,False
2024-01-05 03:30:00,ARC,92.73176667173647,7.268233328263529,0.5004049505129725,77.71954672238424,0.42507969775050936,0,temporal_locality,0.01874179108610973,18.741791086109732,1024,1942924,False
2024-01-05 03:30:00,LRU,87.94833566040501,12.051664339594993,0.5706462870894853,88.69442781369335,0.41331901583294917,0,mixed,0.04813611702041999,48.13611702041999,1024,1199855,False
2024-01-05 03:30:00,LFU,83.5654607859339,16.434539214066113,0.944566743081651,71.81758131509991,0.14992002513469385,0,zipfian,0.04390884161093191,43.908841610931916,1024,548968,False
2024-01-05 03:30:00,W-TinyLFU,92.91471217980157,7.0852878201984275,0.5627871271990053,86.2649526617509,0.24053011846233835,0,scanning,0.02918290780424459,29.18290780424459,1024,1458236,False
2024-01-05 03:30:00,Adaptive,94.17297021369075,5.827029786309257,0.5933588092928738,62.634758881250235,0.3253801416583252,2,mixed,0.031976029193689026,31.976029193689026,1024,1927110,False
2024-01-05 04:00:00,ARC,93.45243721170236,6.547562788297645,0.862080922502998,77.1289595189724,0.12905587716056194,0,zipfian,0.04253701405657351,42.53701405657351,1024,579671,False
2024-01-05 04:00:00,LRU,88.00055255533601,11.999447444663991,0.6233180111316527,66.08348148881402,0.23373258738697633,0,scanning,0.03334730132403188,33.34730132403188,1024,1300265,False
2024-01-05 04:00:00,LFU,85.45023658142551,14.549763418574479,0.5192872258844629,75.37647758605829,0.38539111182656627,0,zipfian,0.0439327367176186,43.9327367176186,1024,1779632,False
2024-01-05 04:00:00,W-TinyLFU,95.25195212760606,4.7480478723939346,0.4565766861193197,90.47127540736315,0.3003885158715261,0,mixed,0.037988257062112896,37.98825706211289,1024,961318,False
2024-01-05 04:00:00,Adaptive,95.95952763121224,4.040472368787762,0.31453004872112,86.59717423801767,0.23952045185524284,0,scanning,0.03379235533201034,33.79235533201034,1024,1733641,False
2024-01-05 04:30:00,ARC,90.31430310495719,9.685696895042817,0.4514697554067896,78.30600284617748,0.15480668070681644,0,random,0.03964873299936046,39.64873299936046,1024,1411684,False
2024-01-05 04:30:00,LRU,86.77691091596944,13.223089084030558,0.13977403498002827,79.66259765168955,0.2203043055263673,0,scanning,0.029371808173987275,29.371808173987276,1024,698510,False
2024-01-05 04:30:00,LFU,84.7142180861525,15.285781913847496,0.8149841194920616,74.78925223711084,0.3419496643236123,0,random,0.042143056576099104,42.143056576099106,1024,1828008,False
2024-01-05 04:30:00,W-TinyLFU,92.31676933347971,7.683230666520291,0.49451769282199676,77.41771026804352,0.12764990799033496,0,mixed,0.04371130218325806,43.71130218325806,1024,874396,False
2024-01-05 04:30:00,Adaptive,97.68297025966818,2.317029740331822,0.12398494717142834,63.13983358814356,0.4745018944152303,3,temporal_locality,0.04156128679079159,41.56128679079159,1024,584102,False
2024-01-05 05:00:00,ARC,92.84383754766255,7.156162452337456,0.2518893870753676,63.199200662288796,0.3503169590392604,0,random,0.0443130718417878,44.3130718417878,1024,739509,False
2024-01-05 05:00:00,LRU,86.46238484417303,13.537615155826966,0.4455727270624412,63.89452248752492,0.22225717987740368,0,random,0.02216386362697377,22.16386362697377,1024,1504093,False
2024-01-05 05:00:00,LFU,84.83481387752137,15.165186122478625,0.8239639059481222,63.53755054903458,0.13298442093605978,0,temporal_locality,0.04339411242651698,43.39411242651698,1024,1345302,False
2024-01-05 05:00:00,W-TinyLFU,92.54132505316394,7.4586749468360525,0.35528759759679707,87.3035869528832,0.2817512577075053,0,mixed,0.025834128267328164,25.834128267328165,1024,1540798,False
2024-01-05 05:00:00,Adaptive,94.7912316272401,5.208768372759909,0.8563839611300054,60.214391330817875,0.45946282246238535,3,scanning,0.04776944413588071,47.76944413588071,1024,1664256,False
2024-01-05 05:30:00,ARC,91.96562740520798,8.034372594792016,0.17982859889516783,87.18872733421762,0.13769889313465566,0,scanning,0.03324780783856797,33.24780783856797,1024,505588,False
2024-01-05 05:30:00,LRU,88.09638906556269,11.903610934437314,0.6284338495429846,67.90035132868822,0.12001424153902335,0,random,0.03729537043795803,37.295370437958034,1024,757146,False
2024-01-05 05:30:00,LFU,85.21547404197602,14.784525958023975,0.2714768589583933,74.16590827907734,0.2069290265830217,0,scanning,0.031255500410722455,31.255500410722455,1024,1551371,False
2024-01-05 05:30:00,W-TinyLFU,95.29930022400836,4.700699775991635,0.2334026103828901,84.11325868515343,0.16100374356199565,0,zipfian,0.03564305555434478,35.64305555434478,1024,1780230,False
2024-01-05 05:30:00,Adaptive,96.09002284321905,3.9099771567809527,0.9560662213469109,90.62041486587512,0.35794494985038783,1,mixed,0.026289573740608405,26.289573740608404,1024,999379,False
2024-01-05 06:00:00,ARC,91.50233075583964,8.497669244160367,0.4724105398227275,73.15616560517437,0.22578613065160621,0,mixed,0.03185075734791741,31.850757347917412,1024,1028725,False
2024-01-05 06:00:00,LRU,87.95011947667018,12.049880523329815,0.548004482442767,73.84242763753659,0.4999009377846023,0,temporal_locality,0.0165602899978871,16.5602899978871,1024,1170794,False
2024-01-05 06:00:00,LFU,86.27968910953369,13.720310890466303,0.5413968390148913,80.24413019440232,0.24280468971591943,0,random,0.045811660433641044,45.811660433641045,1024,558460,False
2024-01-05 06:00:00,W-TinyLFU,95.14883026027609,4.851169739723915,0.9143158508908374,66.33773675697651,0.4594594383965571,0,zipfian,0.04253325527829431,42.53325527829431,1024,1836441,False
2024-01-05 06:00:00,Adaptive,96.42032751056556,3.579672489434438,0.25361247240431906,73.7463193208348,0.16801323987711672,3,zipfian,0.018588331230473244,18.588331230473244,1024,923121,False
2024-01-05 06:30:00,ARC,90.72433016670686,9.275669833293144,0.11144282458429507,86.77839693091751,0.4329973256838019,0,mixed,0.0164532280323463,16.4532280323463,1024,1617457,False
2024-01-05 06:30:00,LRU,89.50297548396979,10.497024516030207,0.8199537694494066,93.87549434631822,0.10381301566151793,0,zipfian,0.04343868228182587,43.43868228182587,1024,1166790,False
2024-01-05 06:30:00,LFU,83.61476679551845,16.38523320448155,0.6137531938523864,68.3940220993734,0.15936052732416958,0,scanning,0.049497474258678925,49.49747425867893,1024,1950131,False
2024-01-05 06:30:00,W-TinyLFU,94.5679659306353,5.4320340693647,0.5718926890100055,87.07015367516692,0.15130527851526981,0,scanning,0.044774573850049584,44.774573850049585,1024,1103964,False
2024-01-05 06:30:00,Adaptive,96.50614912074141,3.4938508792585865,0.3897400190831424,89.44123087949997,0.47862788423714075,3,scanning,0.0451494669751955,45.1494669751955,1024,587414,False
2024-01-05 07:00:00,ARC,90.94684307951198,9.053156920488014,0.4594429263275954,90.4989348899883,0.496356304104,0,scanning,0.034285202042443015,34.28520204244302,1024,1696786,False
2024-01-05 07:00:00,LRU,86.54491777526283,13.455082224737168,0.5046102037032075,74.48621282512188,0.46522902102283537,0,temporal_locality,0.013726920507441323,13.726920507441324,1024,1228659,False
2024-01-05 07:00:00,LFU,84.36631193978234,15.633688060217665,0.5131079062587985,61.004264568402476,0.47948228893102707,0,temporal_locality,0.028927261766794568,28.92726176679457,1024,1949991,False
2024-01-05 07:00:00,W-TinyLFU,94.8689842862593,5.131015713740695,0.3160845092411122,66.55421117075828,0.21203206449437337,0,scanning,0.04193669655553712,41.93669655553712,1024,1121138,False
2024-01-05 07:00:00,Adaptive,96.36877871666691,3.631221283333086,0.29193113297117995,82.80242388809245,0.10242384176847752,2,random,0.043735940877900566,43.73594087790057,1024,1386018,False
2024-01-05 07:30:00,ARC,92.84022077432186,7.159779225678142,0.2739465570031112,86.65756132406725,0.16557934592328674,0,scanning,0.02503776631433103,25.03776631433103,1024,1922634,False
2024-01-05 07:30:00,LRU,89.18619658707753,10.813803412922473,0.21081147257304522,69.98473769490681,0.45342858183913315,0,random,0.041314044411334724,41.31404441133473,1024,1793664,False
2024-01-05 07:30:00,LFU,85.86995231291912,14.130047687080872,0.35935202224799834,67.417097238948,0.32306432355357884,0,scanning,0.025968007069879492,25.96800706987949,1024,646443,False
2024-01-05 07:30:00,W-TinyLFU,93.00770126057215,6.992298739427849,0.38418143985046194,67.27149389151315,0.3684685112768109,0,scanning,0.021292124816844935,21.292124816844936,1024,521356,False
2024-01-05 07:30:00,Adaptive,95.93423725033263,4.065762749667368,0.42893018039253017,83.91617747409352,0.344761995946968,3,scanning,0.03042353145293441,30.42353145293441,1024,1581908,False
2024-01-05 08:00:00,ARC,93.2669527791849,6.7330472208150915,0.7663878012472629,68.28973905612094,0.33266030331792384,0,scanning,0.02318000843958668,23.180008439586683,1024,778609,False
2024-01-05 08:00:00,LRU,89.27430012428518,10.725699875714822,0.8654091329053485,88.87261372118178,0.3584088692279793,0,mixed,0.012343542072111285,12.343542072111285,1024,1388459,False
2024-01-05 08:00:00,LFU,86.04087303405473,13.959126965945268,0.2513721038760054,84.73432887151972,0.21565931569491772,0,random,0.043961475112443846,43.96147511244384,1024,1998887,False
2024-01-05 08:00:00,W-TinyLFU,93.37178969103151,6.628210308968496,0.3125032570158051,70.48740752630705,0.2531941600438986,0,random,0.04627397070576728,46.27397070576728,1024,1474167,False
2024-01-05 08:00:00,Adaptive,96.90909304420403,3.090906955795969,0.650278059193551,82.18235227121346,0.2920065487212965,2,mixed,0.011646864945949017,11.646864945949018,1024,1573146,False
2024-01-05 08:30:00,ARC,90.45040051289146,9.54959948710854,0.8807548441143893,66.4672400535955,0.40781867258123017,0,random,0.04686581129618571,46.86581129618571,1024,1765565,False
2024-01-05 08:30:00,LRU,88.82401416007289,11.175985839927105,0.1668348575026236,78.35700387974491,0.16813388697180026,0,random,0.02146334974888456,21.46334974888456,1024,762669,False
2024-01-05 08:30:00,LFU,85.31296150073734,14.68703849926265,0.2873389377786879,94.00461840249972,0.2799970239432714,0,random,0.019349470570625867,19.349470570625865,1024,1974305,False
2024-01-05 08:30:00,W-TinyLFU,93.55443378250654,6.44556621749347,0.6476086598540407,83.42344807732742,0.2869732070804252,0,scanning,0.021417312308371548,21.41731230837155,1024,652074,False
2024-01-05 08:30:00,Adaptive,95.45905747059182,4.540942529408188,0.9258176256430325,79.13147252950361,0.2319215494810127,2,mixed,0.026317639372400795,26.317639372400794,1024,1711148,False
2024-01-05 09:00:00,ARC,90.43519348446856,9.564806515531444,1.0231800930554424,84.08274871583897,0.3577931415386616,0,mixed,0.023013648527977833,23.013648527977832,1024,1211748,True
2024-01-05 09:00:00,LRU,87.08018284574007,12.919817154259938,0.6918405318104974,90.01860107589067,0.10689035997974301,0,temporal_locality,0.011007878616843346,11.007878616843346,1024,1564730,True
2024-01-05 09:00:00,LFU,86.03885364826041,13.961146351739584,4.5860620782540105,75.35763284445227,0.114436435082645,0,scanning,0.033962432232035066,33.96243223203506,1024,994205,True
2024-01-05 09:00:00,W-TinyLFU,95.23623165548139,4.763768344518615,2.1762735388939,91.21384682112753,0.24753140174849292,0,scanning,0.010648739062388439,10.648739062388438,1024,815630,True
2024-01-05 09:00:00,Adaptive,99.0,1.0000000000000009,3.512655696367274,71.29858569221513,0.13003303780402914,1,temporal_locality,0.011159450316020832,11.159450316020832,1024,560507,True
2024-01-05 09:30:00,ARC,92.86701274745057,7.132987252549428,3.97382664658304,86.6419635313072,0.21540723406321904,0,random,0.04278535634206121,42.785356342061206,1024,1814952,True
2024-01-05 09:30:00,LRU,89.02296010022965,10.977039899770347,3.230601467406567,71.03059106064086,0.3039625013659848,0,temporal_locality,0.03313403495917179,33.13403495917179,1024,1069254,True
2024-01-05 09:30:00,LFU,86.31686388604663,13.683136113953365,3.242662174043954,73.8889919854083,0.2857532553028975,0,temporal_locality,0.02318268106652213,23.182681066522132,1024,644953,True
2024-01-05 09:30:00,W-TinyLFU,93.54935735328958,6.450642646710413,3.6437130938307964,78.34845405218873,0.445370661483352,0,zipfian,0.02307293920573688,23.07293920573688,1024,1551940,True
2024-01-05 09:30:00,Adaptive,99.0,1.0000000000000009,2.0098067852756962,85.26620535971344,0.1041236211468874,2,temporal_locality,0.0175020841805271,17.502084180527103,1024,1243779,True
2024-01-05 10:00:00,ARC,93.66560893954767,6.334391060452327,3.8774495373322995,73.21679006489833,0.38046633489617576,0,random,0.0339193029032726,33.9193029032726,1024,1677783,True
2024-01-05 10:00:00,LRU,88.1060524883842,11.89394751161581,4.895037724072045,94.89603456337758,0.32186501739493745,0,temporal_locality,0.048915798746185124,48.915798746185125,1024,1305243,True
2024-01-05 10:00:00,LFU,83.34668846345875,16.65331153654125,3.317903988685278,85.3264492617174,0.10523122031388327,0,random,0.01322453988127588,13.22453988127588,1024,887156,True
2024-01-05 10:00:00,W-TinyLFU,94.69435763020564,5.305642369794361,4.272145746221177,78.08815160516859,0.22204988188300404,0,zipfian,0.019256003320259236,19.256003320259236,1024,836608,True
2024-01-05 10:00:00,Adaptive,99.0,1.0000000000000009,3.3722168477027856,85.0888500395235,0.15887605868057003,0,random,0.028839023444429707,28.839023444429706,1024,1365585,True
2024-01-05 10:30:00,ARC,90.34635337008744,9.65364662991256,0.5908448572682202,61.95049524893417,0.4637539810126047,0,mixed,0.03693654685904865,36.936546859048654,1024,727157,True
2024-01-05 10:30:00,LRU,87.57225413433227,12.427745865667728,0.9882611336681182,90.5392941628794,0.3306943151953058,0,random,0.018082536785284237,18.082536785284237,1024,1846437,True
2024-01-05 10:30:00,LFU,86.25987100504697,13.740128994953027,1.7769697485363065,62.63443773086991,0.1574242366449557,0,temporal_locality,0.038656192217781375,38.656192217781374,1024,1459240,True
2024-01-05 10:30:00,W-TinyLFU,95.26383491357204,4.736165086427957,3.252203657862302,90.77274629661137,0.2715431157623809,0,zipfian,0.03540546655489346,35.40546655489346,1024,1615831,True
2024-01-05 10:30:00,Adaptive,99.0,1.0000000000000009,1.401534475693086,62.29245723472933,0.278333817400636,0,random,0.046124962230095365,46.12496223009536,1024,1153700,True
2024-01-05 11:00:00,ARC,90.55778458105752,9.442215418942478,1.3251965497299412,66.57303883138744,0.28781345107640816,0,zipfian,0.02189424198180751,21.894241981807507,1024,1651279,True
2024-01-05 11:00:00,LRU,87.15177585125899,12.848224148741005,1.4851596336549593,61.34721783194217,0.16128503648336767,0,random,0.01992313902568106,19.92313902568106,1024,1476394,True
2024-01-05 11:00:00,LFU,84.22005844191672,15.779941558083276,2.8453519440500274,64.76877011187824,0.36688164431550885,0,random,0.028527019953397008,28.52701995339701,1024,1540225,True
2024-01-05 11:00:00,W-TinyLFU,93.21306847863477,6.786931521365236,4.469600398272469,88.81916160515105,0.4197482301883828,0,random,0.022640278513687963,22.640278513687964,1024,1570057,True
2024-01-05 11:00:00,Adaptive,99.0,1.0000000000000009,4.0311947584596695,67.63770776528554,0.35247730256340515,2,scanning,0.015721066495075806,15.721066495075805,1024,1963770,True
2024-01-05 11:30:00,ARC,90.2502712066286,9.749728793371403,1.5761568602694123,88.15964524886559,0.17793232321358135,0,mixed,0.04886626436651672,48.86626436651672,1024,946811,True
2024-01-05 11:30:00,LRU,86.97270277002534,13.027297229974666,4.876058515758564,82.33430441993362,0.3440520456235566,0,mixed,0.02380744392484024,23.80744392484024,1024,774580,True
2024-01-05 11:30:00,LFU,85.10323473023129,14.896765269768707,2.6634738502868363,72.1875719783991,0.25986735697877356,0,temporal_locality,0.025499119479927952,25.499119479927952,1024,1061555,True
2024-01-05 11:30:00,W-TinyLFU,94.60793636482563,5.392063635174371,3.742242151715762,62.481411918527094,0.4895987646501444,0,zipfian,0.02061347045887183,20.61347045887183,1024,1407384,True
2024-01-05 11:30:00,Adaptive,99.0,1.0000000000000009,2.25226057325118,86.31557383781961,0.24669345772794313,1,scanning,0.028370719339565226,28.370719339565227,1024,1195188,True
2024-01-05 12:00:00,ARC,90.8782588646218,9.121741135378203,2.5642876011728535,65.24546819264644,0.38448556542317347,0,scanning,0.021026135920942608,21.026135920942608,1024,1216285,True
2024-01-05 12:00:00,LRU,89.05395338341606,10.946046616583939,4.649324338247407,80.89467188571237,0.49092995656996363,0,zipfian,0.03116741291929962,31.167412919299622,1024,1700884,True
2024-01-05 12:00:00,LFU,85.81753215817446,14.182467841825542,1.7180007012692196,75.0296452858337,0.43911062740187956,0,temporal_locality,0.03205927777909193,32.05927777909193,1024,1208468,True
2024-01-05 12:00:00,W-TinyLFU,93.37922937332722,6.620770626672778,4.240913094511151,77.51628247207164,0.11159807226472754,0,mixed,0.03354838024476119,33.54838024476119,1024,849682,True
2024-01-05 12:00:00,Adaptive,99.0,1.0000000000000009,1.7479539728052953,72.09308899062933,0.49719661176619157,1,temporal_locality,0.03768909849483931,37.689098494839314,1024,1430885,True
2024-01-05 12:30:00,ARC,91.22233008803937,8.77766991196063,4.991730256831905,78.08390865686698,0.24302754448269495,0,temporal_locality,0.023388805958000927,23.388805958000926,1024,1534032,True
2024-01-05 12:30:00,LRU,86.49247319211648,13.507526807883519,4.103743392654803,61.994897767184575,0.4174983604603635,0,random,0.04184092101332676,41.840921013326756,1024,1039028,True
2024-01-05 12:30:00,LFU,83.69903603522648,16.30096396477352,4.000212607981782,91.82340447924707,0.2671763657059798,0,temporal_locality,0.028652612633552434,28.652612633552433,1024,1297697,True
2024-01-05 12:30:00,W-TinyLFU,92.15631797856021,7.843682021439791,1.8457334214322536,84.62883202983079,0.43878330637618423,0,temporal_locality,0.02304361186196758,23.04361186196758,1024,599058,True
2024-01-05 12:30:00,Adaptive,99.0,1.0000000000000009,0.7091464299226016,65.579063397956,0.14385949320751742,2,scanning,0.017980614384400063,17.980614384400063,1024,644318,True
2024-01-05 13:00:00,ARC,90.37805177766126,9.62194822233875,3.696563979924515,89.33465523362264,0.48373920466098597,0,random,0.030614583918377104,30.614583918377104,1024,1784197,True
2024-01-05 13:00:00,LRU,89.28632901114392,10.713670988856084,2.3869988527396924,94.5883022790895,0.3241478129246984,0,random,0.04508366112727196,45.08366112727196,1024,1787506,True
2024-01-05 13:00:00,LFU,86.39851960150924,13.60148039849076,0.9489536757538998,66.18773873789391,0.431658124718329,0,scanning,0.016868906592611935,16.868906592611935,1024,1306123,True
2024-01-05 13:00:00,W-TinyLFU,95.13349528658564,4.866504713414354,2.32255332967825,75.70683173996306,0.2728987787148244,0,random,0.035650771032243844,35.650771032243846,1024,1599551,True
2024-01-05 13:00:00,Adaptive,99.0,1.0000000000000009,1.869005111996826,89.38943203570294,0.12356920021022542,3,mixed,0.026807563152704425,26.807563152704425,1024,1380987,True
2024-01-05 13:30:00,ARC,92.11371740819581,7.886282591804184,3.8938827347683542,78.96523839480096,0.27459245679269345,0,random,0.01945131996631457,19.45131996631457,1024,1789424,True
2024-01-05 13:30:00,LRU,87.54745245831336,12.452547541686643,2.852777209195374,60.86064709234842,0.42221501652404625,0,temporal_locality,0.045925060813735756,45.925060813735755,1024,1080669,True
2024-01-05 13:30:00,LFU,83.53457806453429,16.465421935465706,4.63675852516137,77.95705130523675,0.11978771238822486,0,random,0.015570579670918626,15.570579670918626,1024,655438,True
2024-01-05 13:30:00,W-TinyLFU,93.98415476392186,6.015845236078132,3.694899311143394,70.23568579174976,0.3720466240608403,0,scanning,0.03997095336482193,39.97095336482193,1024,1608417,True
2024-01-05 13:30:00,Adaptive,99.0,1.0000000000000009,3.894511292817116,79.27115832764432,0.25968913952921924,3,temporal_locality,0.04954288381208553,49.54288381208553,1024,862637,True
2024-01-05 14:00:00,ARC,92.2493437077113,7.750656292288694,3.0613794608758313,83.46464470587154,0.24049591889079297,0,scanning,0.0203078505902552,20.3078505902552,1024,1236345,True
2024-01-05 14:00:00,LRU,87.01677205113751,12.983227948862497,4.823389040299579,66.05382186071087,0.273234421816959,0,scanning,0.048428161261616844,48.42816126161684,1024,688521,True
2024-01-05 14:00:00,LFU,84.61987622733488,15.380123772665122,4.377981275081119,79.05275791044308,0.1334997573592741,0,zipfian,0.028145670828208694,28.145670828208694,1024,876153,True
2024-01-05 14:00:00,W-TinyLFU,93.9552176295137,6.044782370486301,3.4008359688921006,71.31069086953049,0.3038967998382859,0,zipfian,0.04626185864721831,46.26185864721831,1024,1694501,True
2024-01-05 14:00:00,Adaptive,99.0,1.0000000000000009,2.1950410613971836,69.79830940309061,0.1343678576181865,0,temporal_locality,0.03916922106657746,39.169221066577464,1024,981038,True
2024-01-05 14:30:00,ARC,90.53049705965059,9.469502940349416,1.587824215976569,90.91701620569505,0.12236641575771717,0,scanning,0.04441291320991472,44.41291320991472,1024,1613511,True
2024-01-05 14:30:00,LRU,89.02640301974843,10.973596980251566,1.1007156343262896,69.76774452152755,0.47572273475323335,0,zipfian,0.011434106557130029,11.434106557130029,1024,811030,True
2024-01-05 14:30:00,LFU,85.69581781766244,14.304182182337556,4.28005569403071,73.28302046158966,0.1879112089757734,0,mixed,0.048565310926727896,48.565310926727896,1024,1295698,True
2024-01-05 14:30:00,W-TinyLFU,93.81511384990586,6.184886150094138,4.597788722191421,94.94628154350734,0.32522428579005824,0,temporal_locality,0.02874255509987189,28.742555099871893,1024,1450107,True
2024-01-05 14:30:00,Adaptive,99.0,1.0000000000000009,3.960474149126408,72.06334092902573,0.3134720386409575,1,random,0.02399592278430126,23.995922784301257,1024,1514437,True
2024-01-05 15:00:00,ARC,90.74143968744708,9.25856031255291,0.6403405557206241,63.00875445826068,0.3534379334738935,0,mixed,0.03167384656822518,31.67384656822518,1024,1928882,True
2024-01-05 15:00:00,LRU,87.74742288032924,12.252577119670761,4.658223376348095,86.5690851853293,0.24285534473365533,0,mixed,0.019488027513749735,19.488027513749735,1024,979793,True
2024-01-05 15:00:00,LFU,85.18338766395429,14.81661233604571,0.9608651873774077,70.64043593451865,0.1548862226262606,0,mixed,0.03452136089937589,34.521360899375885,1024,1765970,True
2024-01-05 15:00:00,W-TinyLFU,92.99407490966327,7.005925090336729,1.2922444928548256,82.50708496269303,0.47729036670320757,0,scanning,0.02798108034236406,27.98108034236406,1024,1225245,True
2024-01-05 15:00:00,Adaptive,99.0,1.0000000000000009,3.7658953798394155,77.0336950508065,0.24243041351219285,3,scanning,0.0238838317180919,23.8838317180919,1024,1781834,True
2024-01-05 15:30:00,ARC,92.67218290062073,7.327817099379274,4.634665286769724,78.15013486040351,0.4101162484469001,0,random,0.040731372619402066,40.731372619402066,1024,1532977,True
2024-01-05 15:30:00,LRU,89.55223882617427,10.44776117382572,2.204263704312655,88.30028440677216,0.17178236270025643,0,mixed,0.03343693343964701,33.43693343964701,1024,1480616,True
2024-01-05 15:30:00,LFU,84.42466852366663,15.575331476333377,4.425026552357829,62.56073350987986,0.35142837791056636,0,zipfian,0.011963785511795652,11.963785511795653,1024,612942,True
2024-01-05 15:30:00,W-TinyLFU,93.97191786873897,6.028082131261037,2.8951900195205367,67.74076964877939,0.44658138729247965,0,random,0.03551126305906992,35.51126305906992,1024,1751280,True
2024-01-05 15:30:00,Adaptive,99.0,1.0000000000000009,2.492752546829423,76.54264261126983,0.14998196946165795,0,scanning,0.043707137139626324,43.707137139626326,1024,1924654,True
2024-01-05 16:00:00,ARC,91.79077848804602,8.20922151195399,4.6179192884346705,74.03510638300538,0.435949420363423,0,mixed,0.010365700788551232,10.365700788551232,1024,1422542,True
2024-01-05 16:00:00,LRU,87.32218444325964,12.677815556740358,2.540545735310763,91.20044483460646,0.32743094735029643,0,mixed,0.022758869639360798,22.7588696393608,1024,923048,True
2024-01-05 16:00:00,LFU,84.56726921819467,15.432730781805336,2.011232500966359,75.88245161774017,0.32066795547184684,0,temporal_locality,0.025907477385551964,25.907477385551964,1024,1301986,True
2024-01-05 16:00:00,W-TinyLFU,94.36561105461867,5.63438894538133,3.8339429682377926,79.75841047465673,0.3152707030388187,0,zipfian,0.03825917339948475,38.25917339948475,1024,1965159,True
2024-01-05 16:00:00,Adaptive,99.0,1.0000000000000009,0.9213906372878538,90.25252574238627,0.36949985937723107,0,zipfian,0.03849560706095642,38.495607060956424,1024,1583605,True
2024-01-05 16:30:00,ARC,90.76029883172093,9.239701168279069,0.5548678589265936,89.7367905310877,0.3914370247015132,0,scanning,0.011545894351382549,11.545894351382548,1024,1881817,True
2024-01-05 16:30:00,LRU,87.25580065671463,12.744199343285379,0.6504239292683429,87.46143713912366,0.21747924998886026,0,temporal_locality,0.048670576321595486,48.67057632159548,1024,1933585,True
2024-01-05 16:30:00,LFU,86.18981455136728,13.810185448632717,4.858089859130838,67.47905295996303,0.32261025377251,0,temporal_locality,0.03232363495111592,32.32363495111592,1024,1202148,True
2024-01-05 16:30:00,W-TinyLFU,92.30187278774527,7.698127212254735,3.9788316179720655,91.5939231921222,0.487536898389788,0,zipfian,0.012770880149382342,12.770880149382341,1024,1011650,True
2024-01-05 16:30:00,Adaptive,99.0,1.0000000000000009,2.5357822675524746,66.25495608035142,0.17045193205860176,1,scanning,0.03817690051247818,38.17690051247818,1024,1261277,True
2024-01-05 17:00:00,ARC,93.64938011460696,6.350619885393039,4.73288906013766,86.31006656714467,0.23439369325965265,0,zipfian,0.025898823949548067,25.898823949548067,1024,899954,True
2024-01-05 17:00:00,LRU,86.67056656533005,13.329433434669957,1.6262565323014855,77.36518550020998,0.3994959037255196,0,scanning,0.016789728181172324,16.789728181172325,1024,1027794,True
2024-01-05 17:00:00,LFU,86.00347938109812,13.996520618901886,3.597126845121521,79.72757875863205,0.10711004905919008,0,temporal_locality,0.02206380525798411,22.063805257984107,1024,1501452,True
2024-01-05 17:00:00,W-TinyLFU,94.8420189238378,5.1579810761622,3.500214391967191,69.7300708757064,0.2509059954066645,0,zipfian,0.01663535513612775,16.63535513612775,1024,1182758,True
2024-01-05 17:00:00,Adaptive,99.0,1.0000000000000009,3.5412031467913776,86.64661732938609,0.16774758631403014,3,temporal_locality,0.027901250050803024,27.901250050803025,1024,1422798,True
2024-01-05 17:30:00,ARC,92.04246813108725,7.95753186891276,2.065480110640868,73.20691851410874,0.42021220653144364,0,zipfian,0.02538889532000646,25.388895320006462,1024,882241,True
2024-01-05 17:30:00,LRU,86.33656270999087,13.663437290009128,1.2103045363962732,68.77925229677088,0.38071471575705873,0,zipfian,0.03972664802322842,39.72664802322842,1024,1377540,True
2024-01-05 17:30:00,LFU,83.84287478548923,16.15712521451077,4.9867039205226655,91.36498416477515,0.27076840791773243,0,temporal_locality,0.03364899446114726,33.64899446114726,1024,669349,True
2024-01-05 17:30:00,W-TinyLFU,93.85965399805258,6.140346001947428,4.505507661442418,62.789473250136915,0.3040932470813502,0,mixed,0.0200073121651099,20.0073121651099,1024,1201322,True
2024-01-05 17:30:00,Adaptive,99.0,1.0000000000000009,4.197841977979444,71.0997802584043,0.21580341114005108,1,mixed,0.03480857137158319,34.80857137158319,1024,1674630,True
2024-01-05 18:00:00,ARC,90.63750720475159,9.36249279524841,2.114127503288451,62.00110097785645,0.1497674412494815,0,random,0.04300008946060659,43.000089460606596,1024,1859324,True
2024-01-05 18:00:00,LRU,86.43527162637491,13.56472837362509,2.8764199912953075,74.41935569903454,0.49274727705185917,0,random,0.017401492449691525,17.401492449691524,1024,1530421,True
2024-01-05 18:00:00,LFU,83.40760311814033,16.59239688185967,1.7841986876308724,75.88691281542056,0.19647506098795087,0,temporal_locality,0.027789290849260483,27.78929084926048,1024,1379041,True
2024-01-05 18:00:00,W-TinyLFU,93.86790385258688,6.132096147413124,1.4462873178740054,89.90027185906163,0.40872809209164707,0,random,0.031812396591240064,31.812396591240063,1024,536814,True
2024-01-05 18:00:00,Adaptive,99.0,1.0000000000000009,2.431730677563386,86.88825750704332,0.22368128520368022,0,temporal_locality,0.047356440311676566,47.356440311676565,1024,1053412,True
2024-01-05 18:30:00,ARC,93.4455454961047,6.554454503895302,2.2304417466642734,70.44264016074061,0.3585307947418709,0,mixed,0.03390689972820102,33.90689972820102,1024,1725264,True
2024-01-05 18:30:00,LRU,86.94111278169828,13.058887218301718,0.9420819184593623,66.20441079138226,0.41175197628182036,0,scanning,0.01894198267439494,18.94198267439494,1024,1076229,True
2024-01-05 18:30:00,LFU,85.22901124058427,14.770988759415726,4.429667122249807,82.64870981411295,0.3746703344507091,0,zipfian,0.023979811225210652,23.979811225210653,1024,1552434,True
2024-01-05 18:30:00,W-TinyLFU,94.76581156890835,5.234188431091658,1.76778309560859,87.79252372296158,0.40357786159107845,0,zipfian,0.01725128532113679,17.251285321136788,1024,1267234,True
2024-01-05 18:30:00,Adaptive,99.0,1.0000000000000009,0.6658202562350848,90.25364558830113,0.22858749956971783,3,scanning,0.017127160028661166,17.127160028661166,1024,1180672,True
2024-01-05 19:00:00,ARC,90.38991509948923,9.610084900510774,0.3465147065923081,76.55228697516212,0.31749319166380713,0,random,0.04723091704089352,47.23091704089352,1024,1865792,False
2024-01-05 19:00:00,LRU,86.7585092995384,13.2414907004616,0.3077322665892308,86.7554744017811,0.4354237788151254,0,scanning,0.02300852825473857,23.00852825473857,1024,1323521,False
2024-01-05 19:00:00,LFU,85.97252113690573,14.027478863094277,0.2242121658867509,87.81650291968111,0.190379184514131,0,random,0.028772853915077556,28.772853915077555,1024,767675,False
2024-01-05 19:00:00,W-TinyLFU,94.56057735889925,5.4394226411007445,0.9389295097143879,90.24813815443892,0.3647598172364952,0,temporal_locality,0.029168907595726108,29.168907595726107,1024,1368552,False
2024-01-05 19:00:00,Adaptive,95.01086597350792,4.989134026492081,0.7587472947508191,67.32714262533926,0.3109032847759372,1,zipfian,0.018733871717116095,18.733871717116095,1024,1157185,False
2024-01-05 19:30:00,ARC,92.71894964399296,7.2810503560070465,0.13093669537856817,72.02637245878469,0.4032807223076925,0,scanning,0.012942814874269635,12.942814874269635,1024,1062376,False
2024-01-05 19:30:00,LRU,88.2674098106643,11.732590189335701,0.4159353043948093,61.832323471049826,0.42950897510361186,0,zipfian,0.03721787992255612,37.217879922556115,1024,986534,False
2024-01-05 19:30:00,LFU,84.65474547170733,15.345254528292674,0.718172916016914,65.62458474378184,0.4044175127466536,0,mixed,0.011132928011501888,11.132928011501889,1024,748954,False
2024-01-05 19:30:00,W-TinyLFU,93.25710098912361,6.742899010876391,0.37956117816712687,79.39830685375466,0.11008561629670717,0,mixed,0.04525918885557586,45.25918885557586,1024,1374612,False
2024-01-05 19:30:00,Adaptive,97.26440393271804,2.7355960672819535,0.901950164666462,74.95636457323877,0.25867568076515274,3,random,0.043890159266749496,43.89015926674949,1024,1718626,False
2024-01-05 20:00:00,ARC,93.56911594007103,6.430884059928966,0.8384024236820719,71.39555518906367,0.4461850047932704,0,mixed,0.03369312985686827,33.693129856868275,1024,1615042,False
2024-01-05 20:00:00,LRU,89.09819229502274,10.901807704977262,0.6316473009267675,75.20459776259582,0.1430084876452276,0,temporal_locality,0.01144843346785443,11.44843346785443,1024,1554992,False
2024-01-05 20:00:00,LFU,86.41632337730223,13.583676622697771,0.28274672051355443,86.96815635679148,0.22690724449747163,0,random,0.03785194249112718,37.85194249112718,1024,517242,False
2024-01-05 20:00:00,W-TinyLFU,95.02205609271792,4.977943907282079,0.9613586151441639,94.29141440591327,0.4780799914061479,0,mixed,0.014608310154429628,14.608310154429628,1024,1929597,False
2024-01-05 20:00:00,Adaptive,97.59741094659249,2.402589053407511,0.29232383336290074,61.38438555939479,0.29561027625347425,2,random,0.020796191789815135,20.796191789815136,1024,813073,False
2024-01-05 20:30:00,ARC,92.54129933770432,7.458700662295681,0.6648971507168321,75.44797927162658,0.4534749910540449,0,zipfian,0.036240997132755096,36.2409971327551,1024,1008591,False
2024-01-05 20:30:00,LRU,86.30693090402477,13.693069095975229,0.5658113745881427,81.16023171308524,0.16524991746448037,0,random,0.02833794203323605,28.33794203323605,1024,1050539,False
2024-01-05 20:30:00,LFU,84.08230723619539,15.917692763804602,0.4943441143950874,67.21604190451659,0.4313134092290847,0,mixed,0.04194626982952201,41.94626982952201,1024,1045761,False
2024-01-05 20:30:00,W-TinyLFU,95.76206324667575,4.237936753324245,0.8222128202836958,71.8125267873074,0.2669717099176018,0,mixed,0.029145237309396034,29.145237309396034,1024,550235,False
2024-01-05 20:30:00,Adaptive,97.30479716074836,2.6952028392516314,0.3275515468674029,64.03818190803474,0.2909012393690138,1,scanning,0.014368130587562287,14.368130587562288,1024,963300,False
2024-01-05 21:00:00,ARC,93.64117548694166,6.3588245130583365,0.2987649049309702,75.63515861657673,0.3772061166919036,0,temporal_locality,0.011961156808147976,11.961156808147976,1024,1177556,False
2024-01-05 21:00:00,LRU,86.36773876461528,13.632261235384725,0.35881402843385957,76.84733814472271,0.2236278237267636,0,temporal_locality,0.02796858690118178,27.96858690118178,1024,1476128,False
2024-01-05 21:00:00,LFU,84.070482163696,15.929517836303997,0.6091413427265188,93.60132566561366,0.47248318184703,0,temporal_locality,0.043127372276118923,43.127372276118926,1024,1818625,False
2024-01-05 21:00:00,W-TinyLFU,95.82553859016969,4.17446140983031,0.7911189108832348,86.30728487608158,0.1340393341891875,0,scanning,0.024999348493251885,24.999348493251883,1024,1966985,False
2024-01-05 21:00:00,Adaptive,96.57902318265631,3.4209768173436794,0.6336154707318193,64.07529859068607,0.4116406236870115,1,zipfian,0.030741121783592493,30.741121783592494,1024,1830419,False
2024-01-05 21:30:00,ARC,90.22069000764591,9.77930999235408,0.7468233543912013,64.59255920307301,0.2735512723816483,0,zipfian,0.010047974130279162,10.047974130279162,1024,944739,False
2024-01-05 21:30:00,LRU,89.54917530481184,10.450824695188155,0.880867891600804,67.95175343878924,0.2675876982678024,0,temporal_locality,0.012958753194487155,12.958753194487155,1024,1299525,False
2024-01-05 21:30:00,LFU,85.12678281078578,14.873217189214216,0.7805032341586412,76.52585738226718,0.42750425883798426,0,mixed,0.021241412166872677,21.241412166872678,1024,1718681,False
2024-01-05 21:30:00,W-TinyLFU,93.28439636211435,6.715603637885648,0.8927346613713039,94.24546980865185,0.18091265089282615,0,zipfian,0.044804275816064706,44.80427581606471,1024,1444635,False
2024-01-05 21:30:00,Adaptive,95.01990618677053,4.98009381322948,0.7668440183313404,89.04643722926656,0.4164647597828418,2,temporal_locality,0.01652479162618012,16.524791626180118,1024,1919331,False
2024-01-05 22:00:00,ARC,92.08723844994823,7.912761550051773,0.6593231897169465,89.55377265702795,0.24710545268848916,0,random,0.02932465622107549,29.32465622107549,1024,1356449,False
2024-01-05 22:00:00,LRU,88.10414483558772,11.895855164412284,0.8904138573180387,93.7358616117949,0.2714959315980803,0,scanning,0.025711524481309082,25.711524481309084,1024,869993,False
2024-01-05 22:00:00,LFU,86.10907327933377,13.89092672066623,0.5955499617172636,63.254916148360785,0.4926207025242325,0,mixed,0.043132795348368815,43.132795348368816,1024,628497,False
2024-01-05 22:00:00,W-TinyLFU,95.03401453579355,4.965985464206457,0.798735874202795,82.5182299589384,0.4978716879007098,0,mixed,0.019302447535812478,19.30244753581248,1024,1147677,False
2024-01-05 22:00:00,Adaptive,96.50577824288746,3.4942217571125367,0.1911628499132151,73.11688412262117,0.11134100623649884,0,mixed,0.038120751974555354,38.120751974555354,1024,524559,False
2024-01-05 22:30:00,ARC,91.24260768258074,8.757392317419265,0.26340236087960756,75.59232896788718,0.4198309720473946,0,scanning,0.04831926766171128,48.31926766171128,1024,1616648,False
2024-01-05 22:30:00,LRU,86.64594926869773,13.35405073130227,0.5170466122458717,94.07778005889907,0.15457673614600315,0,temporal_locality,0.022634532787741777,22.634532787741776,1024,1563205,False
2024-01-05 22:30:00,LFU,83.61884943585383,16.381150564146175,0.1885005002277006,80.68019372444499,0.43066924277001695,0,mixed,0.04971751096012865,49.71751096012865,1024,1939933,False
2024-01-05 22:30:00,W-TinyLFU,93.760675403918,6.239324596081996,0.7005647543241293,88.67982797223,0.16138056263692901,0,zipfian,0.015261142597160552,15.261142597160552,1024,1616688,False
2024-01-05 22:30:00,Adaptive,96.78828296648474,3.21171703351526,0.14012001059822635,68.28014035518956,0.302136315572458,3,mixed,0.04873817821071867,48.73817821071867,1024,1464143,False
2024-01-05 23:00:00,ARC,92.13771633553309,7.8622836644669185,0.6494122337199623,91.32977217142033,0.27696446259137086,0,zipfian,0.012759901054686358,12.759901054686358,1024,1940951,False
2024-01-05 23:00:00,LRU,88.14428367267085,11.855716327329146,0.3364850454282231,91.3688640739679,0.24770048451701632,0,random,0.029760794490634318,29.760794490634318,1024,1724906,False
2024-01-05 23:00:00,LFU,85.1135514719045,14.886448528095498,0.18693830014375326,88.26866847334071,0.22252200303183345,0,mixed,0.023613345525986568,23.613345525986567,1024,1644111,False
2024-01-05 23:00:00,W-TinyLFU,92.90260906478439,7.097390935215609,0.6978669237804155,71.88801329075764,0.4157783269658586,0,zipfian,0.032178080968008886,32.178080968008885,1024,815341,False
2024-01-05 23:00:00,Adaptive,96.31562331434245,3.6843766856575533,0.6211890530801103,86.37798983643944,0.16623948544408979,1,random,0.04816381167276528,48.163811672765284,1024,1396474,False
2024-01-05 23:30:00,ARC,90.49907842006755,9.500921579932452,0.7429921740730029,79.93772651368047,0.4947888863250812,0,temporal_locality,0.021494490861924093,21.494490861924092,1024,1714595,False
2024-01-05 23:30:00,LRU,88.06916351178047,11.930836488219521,0.266562969165744,80.88667467973902,0.167645727718793,0,scanning,0.042688648080953684,42.68864808095368,1024,1560304,False
2024-01-05 23:30:00,LFU,84.1063327375144,15.8936672624856,0.11484088841322998,65.03355858274635,0.38323402165436005,0,temporal_locality,0.04445891485088958,44.458914850889585,1024,782582,False
2024-01-05 23:30:00,W-TinyLFU,94.67165089079786,5.328349109202135,0.5616161202178397,92.08275666378808,0.12431309367895738,0,zipfian,0.011298370277871431,11.298370277871431,1024,653591,False
2024-01-05 23:30:00,Adaptive,96.9882181909492,3.0117818090507953,0.29900501598931606,69.94038211210768,0.12725640088052761,3,temporal_locality,0.032305912028432825,32.30591202843282,1024,1037057,False
2024-01-06 00:00:00,ARC,91.78278973463888,8.21721026536112,0.7474099257121173,83.56106320819197,0.4248922928803308,0,mixed,0.013649854889953366,13.649854889953366,1024,1357311,False
2024-01-06 00:00:00,LRU,88.99466076073277,11.005339239267231,0.8337435243690468,82.94566914344765,0.2374091798749729,0,scanning,0.04030853475726156,40.30853475726156,1024,1928915,False
2024-01-06 00:00:00,LFU,84.30861049079228,15.69138950920772,0.9227074134941959,70.92428621267067,0.48122388651542314,0,mixed,0.0409758297476077,40.975829747607705,1024,1103268,False
2024-01-06 00:00:00,W-TinyLFU,92.12784488002208,7.872155119977919,0.7611570343481338,69.96678851682259,0.1929555743918417,0,zipfian,0.04293654368186935,42.93654368186935,1024,1474295,False
2024-01-06 00:00:00,Adaptive,96.23109133808538,3.7689086619146273,0.25845051929905116,67.75448446823769,0.30940471558328175,0,scanning,0.019949989869911238,19.94998986991124,1024,1811487,False
2024-01-06 00:30:00,ARC,93.40726152973129,6.592738470268711,0.1682928984713122,63.11749139026389,0.3312574373933004,0,temporal_locality,0.04070788144662323,40.70788144662323,1024,1709626,False
2024-01-06 00:30:00,LRU,86.58291787749687,13.417082122503132,0.6023557474755797,94.53169795838397,0.36111874121412846,0,temporal_locality,0.04870048987038465,48.70048987038465,1024,1452776,False
2024-01-06 00:30:00,LFU,84.43272143215209,15.567278567847909,0.2364628483542201,75.885408627696,0.26101140502479014,0,temporal_locality,0.04722239174984664,47.222391749846636,1024,1506869,False
2024-01-06 00:30:00,W-TinyLFU,93.03525280837303,6.964747191626963,0.22988531290727218,69.0908973382438,0.45825930513075475,0,random,0.03548188124169271,35.481881241692705,1024,1468772,False
2024-01-06 00:30:00,Adaptive,97.89941265244518,2.1005873475548276,0.23490851492312356,67.50161952177736,0.34645537796598735,2,random,0.02770418154223287,27.70418154223287,1024,1289220,False
2024-01-06 01:00:00,ARC,91.1232249927251,8.876775007274896,0.1514811553049892,83.9443643096055,0.30504469324264905,0,scanning,0.031031822102144356,31.031822102144357,1024,1070633,False
2024-01-06 01:00:00,LRU,88.82702758118556,11.172972418814442,0.6006643834535323,87.89664918278386,0.10139719220480946,0,mixed,0.04615843520690419,46.158435206904194,1024,630672,False
2024-01-06 01:00:00,LFU,84.52372661723572,15.476273382764273,0.8129989408370653,79.21534229438234,0.28659494258306284,0,random,0.01981737230794149,19.81737230794149,1024,1931001,False
2024-01-06 01:00:00,W-TinyLFU,92.390399734459,7.6096002655410055,0.8358383277008592,87.60610422219179,0.14930317847298535,0,scanning,0.04308956836607198,43.08956836607198,1024,1602602,False
2024-01-06 01:00:00,Adaptive,94.80671342559832,5.193286574401679,0.2903860194711226,80.01865088232634,0.11235166614993793,0,scanning,0.017870091206692543,17.870091206692543,1024,1150112,False
2024-01-06 01:30:00,ARC,91.88218369372797,8.11781630627203,0.23908257939217933,60.371641454325285,0.3049559042142941,0,temporal_locality,0.02278797310208936,22.78797310208936,1024,1251652,False
2024-01-06 01:30:00,LRU,87.96234433454356,12.037655665456448,0.4981794143999011,83.23697250896632,0.4094657885960643,0,temporal_locality,0.032901338179285665,32.901338179285666,1024,1966311,False
2024-01-06 01:30:00,LFU,85.98462312475485,14.015376875245156,0.43506132962418376,71.54993774053523,0.3008089566838289,0,scanning,0.016958077335459,16.958077335459,1024,1624004,False
2024-01-06 01:30:00,W-TinyLFU,93.54681825537959,6.453181744620407,0.12393722541434334,60.59595989410643,0.1291707923608,0,mixed,0.04518485852651628,45.18485852651629,1024,918817,False
2024-01-06 01:30:00,Adaptive,96.20534419176097,3.7946558082390336,0.7875381297538662,74.72205696042107,0.40231436684825594,1,mixed,0.02574316231589604,25.74316231589604,1024,928997,False
2024-01-06 02:00:00,ARC,91.18694316359863,8.813056836401378,0.7107018054844364,74.88362587238343,0.24282551009032805,0,temporal_locality,0.04446390659992501,44.46390659992501,1024,847916,False
2024-01-06 02:00:00,LRU,86.60337024335283,13.396629756647172,0.5668080507365142,78.80776476641196,0.16623027551999892,0,scanning,0.019434542328151713,19.434542328151714,1024,534412,False
2024-01-06 02:00:00,LFU,83.58790498003931,16.41209501996069,0.331915091195051,75.66662774062115,0.242152570550391,0,zipfian,0.02454097769456526,24.54097769456526,1024,1381419,False
2024-01-06 02:00:00,W-TinyLFU,95.20658776470474,4.793412235295258,0.5339097486320237,81.25648497364828,0.18939535040925112,0,scanning,0.04562897834223321,45.62897834223321,1024,532152,False
2024-01-06 02:00:00,Adaptive,97.41990317967613,2.580096820323874,0.7040961520877645,61.360960968249124,0.22690975677376063,2,random,0.029539324041722693,29.539324041722693,1024,1207460,False
2024-01-06 02:30:00,ARC,92.67958150968578,7.320418490314228,0.3962877266748338,89.0816851489959,0.3679551480855855,0,temporal_locality,0.017542704243168714,17.542704243168714,1024,1270408,False
2024-01-06 02:30:00,LRU,86.4467602871364,13.553239712863608,0.6352397541358844,69.22239768777187,0.12516245345643964,0,scanning,0.013133811474365658,13.133811474365658,1024,1032688,False
2024-01-06 02:30:00,LFU,84.83224997103628,15.167750028963722,0.2582956089074915,89.04759912476655,0.19039943643035753,0,scanning,0.010408750194669577,10.408750194669578,1024,1445327,False
2024-01-06 02:30:00,W-TinyLFU,92.75360280862556,7.246397191374443,0.9860977724933784,94.56268543787928,0.14075447568050953,0,random,0.033486266130543285,33.486266130543285,1024,1311740,False
2024-01-06 02:30:00,Adaptive,94.43725581729574,5.562744182704272,0.6906609986280762,91.77581534829619,0.12411551232324203,2,random,0.0231880578976042,23.1880578976042,1024,1838602,False
2024-01-06 03:00:00,ARC,91.96543510328007,8.034564896719932,0.37988942678443105,72.11784029864208,0.4286686081742245,0,zipfian,0.012336049091365427,12.336049091365428,1024,685758,False
2024-01-06 03:00:00,LRU,87.17381854348758,12.826181456512408,0.5723487617325518,76.54665758694834,0.22471216870841793,0,scanning,0.03510047817014105,35.10047817014105,1024,1316090,False
2024-01-06 03:00:00,LFU,84.72802923933966,15.271970760660336,0.20140624499089244,89.79982821588396,0.2916865614202535,0,scanning,0.016780852019832877,16.780852019832878,1024,1080328,False
2024-01-06 03:00:00,W-TinyLFU,92.1580577876762,7.841942212323794,0.5315962090853662,73.77517469140966,0.49709504231368185,0,temporal_locality,0.043571129266927695,43.5711292669277,1024,1926998,False
2024-01-06 03:00:00,Adaptive,94.59930327576916,5.400696724230847,0.2127340922758398,66.31093629776116,0.40834586432500697,2,random,0.04011694738729329,40.11694738729329,1024,941150,False
2024-01-06 03:30:00,ARC,91.83863356186333,8.161366438136675,0.4445109771380791,85.12582462360237,0.34648935754636134,0,zipfian,0.03823728448622401,38.237284486224006,1024,706728,False
2024-01-06 03:30:00,LRU,88.29773076389998,11.702269236100015,0.14010527804851808,72.78157435870978,0.18043788808866523,0,zipfian,0.028014483472545842,28.01448347254584,1024,1868711,False
2024-01-06 03:30:00,LFU,86.53080075063468,13.469199249365316,0.7675060337978893,68.54714331220174,0.15118811364505624,0,scanning,0.045607224809552815,45.60722480955282,1024,1534497,False
2024-01-06 03:30:00,W-TinyLFU,95.6476824480166,4.352317551983409,0.547517958065472,65.1584187603288,0.3925944354528008,0,mixed,0.04154168399869881,41.54168399869881,1024,1346016,False
2024-01-06 03:30:00,Adaptive,96.00882691993594,3.991173080064059,0.34742758558609066,77.61251938778481,0.15501625451787426,3,random,0.030473516845783734,30.473516845783735,1024,635731,False
2024-01-06 04:00:00,ARC,93.23488036105368,6.765119638946315,0.9902669981070427,68.56196460090048,0.39286259935386736,0,temporal_locality,0.04486047810325682,44.860478103256824,1024,1964316,False
2024-01-06 04:00:00,LRU,88.73080038299157,11.269199617008418,0.8079770834527693,88.99758155882725,0.4271884309973316,0,scanning,0.03325376837841806,33.25376837841806,1024,1827660,False
2024-01-06 04:00:00,LFU,85.29220091960555,14.707799080394446,0.12056368822585413,67.61587944094947,0.24986354858988738,0,zipfian,0.03809034082847127,38.09034082847127,1024,1660721,False
2024-01-06 04:00:00,W-TinyLFU,94.89589138077027,5.104108619229731,0.5084767147746827,93.64612154616657,0.491534700236538,0,scanning,0.03867104024006848,38.671040240068486,1024,578626,False
2024-01-06 04:00:00,Adaptive,96.30612963920814,3.693870360791862,0.46648356852689044,90.99048334191295,0.10984368805096377,1,scanning,0.046676744812595955,46.676744812595956,1024,1030689,False
2024-01-06 04:30:00,ARC,91.51166084502641,8.48833915497359,0.6976942329524655,86.1309993433409,0.3803484205749129,0,mixed,0.0404199861773375,40.4199861773375,1024,1080325,False
2024-01-06 04:30:00,LRU,87.51093020674142,12.489069793258578,0.7834995620992931,72.91466155280875,0.27437939083119606,0,random,0.024167003000202997,24.167003000202996,1024,1434336,False
2024-01-06 04:30:00,LFU,86.61603419759315,13.38396580240685,0.3759458759661204,61.43139298835624,0.15227916806903774,0,temporal_locality,0.049509847229172926,49.50984722917293,1024,1181269,False
2024-01-06 04:30:00,W-TinyLFU,94.87226167577435,5.127738324225639,0.29264429417726145,92.36769926758771,0.4011804967216617,0,temporal_locality,0.04333034736936368,43.33034736936368,1024,1637235,False
2024-01-06 04:30:00,Adaptive,95.38424987923841,4.615750120761586,0.6476559653802829,89.64921419413633,0.36046430654130257,1,scanning,0.037341351962651294,37.341351962651295,1024,879851,False
2024-01-06 05:00:00,ARC,90.90537156653656,9.094628433463436,0.9349477185777774,92.76817776811404,0.24173251091860504,0,mixed,0.028954186496117862,28.954186496117863,1024,1308154,False
2024-01-06 05:00:00,LRU,89.18929619786454,10.810703802135457,0.6166020513373583,89.55574220347938,0.2841344546026033,0,random,0.04013403352054012,40.134033520540115,1024,1549696,False
2024-01-06 05:00:00,LFU,86.14769999544731,13.852300004552687,0.12034906324041962,60.43625888000267,0.4074808962154618,0,random,0.022738152721484352,22.73815272148435,1024,1029217,False
2024-01-06 05:00:00,W-TinyLFU,95.51319134684466,4.486808653155339,0.8732596566232735,68.98931443866626,0.4415155875017961,0,mixed,0.04525677413218763,45.25677413218763,1024,1388500,False
2024-01-06 05:00:00,Adaptive,95.91829952529571,4.081700474704286,0.7616859163762686,60.768491643930886,0.16425262838536905,2,zipfian,0.02702658147741909,27.026581477419093,1024,810297,False
2024-01-06 05:30:00,ARC,93.28838464578676,6.71161535421324,0.15963572740049253,71.16921592302525,0.4194625553702336,0,zipfian,0.024868634503096246,24.868634503096246,1024,526275,False
2024-01-06 05:30:00,LRU,86.57534632311629,13.424653676883713,0.3417226570607051,90.90511623229312,0.14293823498526892,0,zipfian,0.026864066841709347,26.86406684170935,1024,867454,False
2024-01-06 05:30:00,LFU,86.33606777041787,13.663932229582132,0.64356764579059,69.26161882993506,0.49818395072378396,0,scanning,0.0234614756745861,23.4614756745861,1024,1008057,False
2024-01-06 05:30:00,W-TinyLFU,95.38056561555915,4.619434384440845,0.6455493745428008,62.59582317738902,0.3417273404261174,0,zipfian,0.03460708689040724,34.607086890407246,1024,774313,False
2024-01-06 05:30:00,Adaptive,96.7838222197528,3.216177780247187,0.3821832757752486,72.46601588885042,0.3105427580255775,1,random,0.04820768984603694,48.20768984603694,1024,1371223,False
2024-01-06 06:00:00,ARC,91.84884758970875,8.15115241029124,0.6050713120607282,86.86544561021998,0.37417457130734744,0,mixed,0.04285178770650505,42.85178770650505,1024,1134373,False
2024-01-06 06:00:00,LRU,87.744194891673,12.255805108327,0.1413764639022587,92.99658831582016,0.29321471673460553,0,zipfian,0.01855045113589274,18.55045113589274,1024,1389721,False
2024-01-06 06:00:00,LFU,84.79622792716481,15.203772072835198,0.5146659166164643,89.95914543037021,0.38426870316359774,0,temporal_locality,0.03987903349748023,39.87903349748023,1024,1341585,False
2024-01-06 06:00:00,W-TinyLFU,93.75722675994942,6.242773240050581,0.7319258540532887,77.03593155729268,0.2729088441756793,0,temporal_locality,0.041881216197649375,41.88121619764937,1024,546617,False
2024-01-06 06:00:00,Adaptive,96.1744039695834,3.8255960304166114,0.4698114337558035,85.15905940139487,0.2581208055709253,3,zipfian,0.02567718028063963,25.67718028063963,1024,1460896,False
2024-01-06 06:30:00,ARC,92.70866789414045,7.291332105859549,0.37264143941156935,78.44941845985588,0.48493751206959235,0,temporal_locality,0.038360250857529164,38.36025085752917,1024,883276,False
2024-01-06 06:30:00,LRU,87.08310263661649,12.916897363383518,0.7864364038188115,62.35327781357716,0.15904909778190113,0,zipfian,0.048938256963370605,48.938256963370605,1024,1721689,False
2024-01-06 06:30:00,LFU,84.82294684428815,15.17705315571185,0.16013228139512517,71.88287276270304,0.25501254899299264,0,scanning,0.03649922509122141,36.49922509122141,1024,1842169,False
2024-01-06 06:30:00,W-TinyLFU,94.17841991569003,5.821580084309974,0.9662833293758893,87.70760442889603,0.4532340920864033,0,random,0.04675471982482375,46.75471982482375,1024,1506500,False
2024-01-06 06:30:00,Adaptive,94.75148545006697,5.248514549933036,0.9689744133832472,75.37209312861428,0.3573725336046306,3,scanning,0.049426912516418495,49.4269125164185,1024,1050205,False
2024-01-06 07:00:00,ARC,92.61793279798796,7.382067202012044,0.44271511088770077,76.19058344312538,0.3762317259236324,0,zipfian,0.03000432461187784,30.004324611877838,1024,612816,False
2024-01-06 07:00:00,LRU,89.17830626672735,10.821693733272653,0.3467227295422035,81.40807840082137,0.4135121863926766,0,temporal_locality,0.03897402011307624,38.97402011307624,1024,1417222,False
2024-01-06 07:00:00,LFU,84.8562151782332,15.143784821766804,0.6282207575798103,69.79903855891156,0.4870921845659578,0,temporal_locality,0.018762139413639793,18.762139413639794,1024,1389398,False
2024-01-06 07:00:00,W-TinyLFU,93.01723036909304,6.98276963090696,0.42634241470942325,69.89947824861548,0.4057821210934045,0,mixed,0.046048239742624834,46.04823974262484,1024,1261559,False
2024-01-06 07:00:00,Adaptive,96.65203911182815,3.3479608881718526,0.35759197048183955,63.96141810076628,0.30862625257354415,2,random,0.015366902160516146,15.366902160516146,1024,642135,False
2024-01-06 07:30:00,ARC,91.53709459093494,8.462905409065058,0.9933000352499393,64.53498567519523,0.24775706484889692,0,temporal_locality,0.01063410651840369,10.63410651840369,1024,1009459,False
2024-01-06 07:30:00,LRU,88.98149522866132,11.018504771338689,0.49526048362113806,70.53015947462316,0.28952674829756564,0,zipfian,0.03529182699786401,35.291826997864014,1024,1344064,False
2024-01-06 07:30:00,LFU,85.87074618127552,14.129253818724475,0.6823299141379972,94.27347147956796,0.261292641322865,0,scanning,0.03641007424282719,36.41007424282719,1024,1586307,False
2024-01-06 07:30:00,W-TinyLFU,95.76794433131055,4.23205566868946,0.29971659704390574,87.69636673216897,0.19813077186502928,0,zipfian,0.03729019776813898,37.29019776813898,1024,1091316,False
2024-01-06 07:30:00,Adaptive,95.22604377287811,4.773956227121889,0.99278474302878,65.45678830494562,0.35482786353171925,3,temporal_locality,0.012625651850210865,12.625651850210865,1024,669396,False
2024-01-06 08:00:00,ARC,91.59443119330606,8.40556880669393,0.5360525526022559,87.44889113237733,0.4195786741159935,0,temporal_locality,0.034761311593988195,34.7613115939882,1024,1228293,False
2024-01-06 08:00:00,LRU,88.02178219956389,11.97821780043611,0.16861929089771832,78.91026353649325,0.42437602173739764,0,temporal_locality,0.03999309501333753,39.99309501333753,1024,670752,False
2024-01-06 08:00:00,LFU,85.14635738421677,14.853642615783224,0.7411027657655016,63.31100869246518,0.20755970760895123,0,mixed,0.049660730156433304,49.6607301564333,1024,1483540,False
2024-01-06 08:00:00,W-TinyLFU,95.65191245268807,4.348087547311941,0.1874575936282334,67.42744288585068,0.37209220969062196,0,random,0.04123835740059013,41.238357400590125,1024,1324778,False
2024-01-06 08:00:00,Adaptive,96.0981896449912,3.9018103550088057,0.38671926035529103,64.18278550729747,0.278717832146048,1,zipfian,0.037727819100899763,37.727819100899765,1024,910447,False
2024-01-06 08:30:00,ARC,90.70673760941453,9.293262390585467,0.5165256757837894,73.04766943245966,0.19406629339695633,0,zipfian,0.04658121810220353,46.58121810220353,1024,912480,False
2024-01-06 08:30:00,LRU,86.45423942175358,13.545760578246412,0.9896571630826656,72.749136623596,0.23363002760015475,0,temporal_locality,0.01634522119787867,16.34522119787867,1024,589642,False
2024-01-06 08:30:00,LFU,85.39316507370863,14.606834926291368,0.4227828521807425,71.73588391850674,0.4316379399472299,0,temporal_locality,0.014774598903749698,14.774598903749698,1024,609470,False
2024-01-06 08:30:00,W-TinyLFU,94.17893096637616,5.8210690336238375,0.3034891239043938,94.38654269053677,0.11885168054100409,0,mixed,0.017548532992636586,17.548532992636588,1024,1486832,False
2024-01-06 08:30:00,Adaptive,96.92209340416021,3.0779065958397855,0.8938761790631652,62.40722310469974,0.4795912321572179,2,random,0.032679736941956666,32.67973694195667,1024,1606837,False
2024-01-06 09:00:00,ARC,91.51980181112474,8.480198188875265,0.5108959988164617,72.78803289690488,0.27103908026728113,0,random,0.04136926690716009,41.36926690716009,1024,1507475,False
2024-01-06 09:00:00,LRU,88.32865579537653,11.671344204623468,0.432632392266592,89.30025932356278,0.27704856720175225,0,zipfian,0.021572856399814745,21.572856399814746,1024,1710629,False
2024-01-06 09:00:00,LFU,83.31635637869385,16.683643621306143,0.32980681169861215,63.6913562516703,0.4973442486539609,0,temporal_locality,0.04520090671981346,45.20090671981346,1024,766130,False
2024-01-06 09:00:00,W-TinyLFU,94.732796806173,5.267203193826997,0.3167230488128904,91.50918440175121,0.16800385057743394,0,mixed,0.031603261313654006,31.603261313654006,1024,1844131,False
2024-01-06 09:00:00,Adaptive,97.59779790165598,2.4022020983440195,0.49293014982987104,92.2051430086531,0.47997664801240514,1,random,0.04158440342529287,41.58440342529287,1024,1862146,False
2024-01-06 09:30:00,ARC,91.93234294865054,8.067657051349453,0.2128554339190786,60.044499552795926,0.4048764191330816,0,zipfian,0.03965993324916858,39.65993324916858,1024,558882,False
2024-01-06 09:30:00,LRU,88.64789099758846,11.352109002411536,0.43479861430660494,86.81360637995652,0.40453975391440555,0,zipfian,0.045125477105454684,45.125477105454685,1024,1855276,False
2024-01-06 09:30:00,LFU,86.15447040348934,13.845529596510653,0.23511800810825087,86.87176293966397,0.13442555692162053,0,random,0.02955209245447382,29.552092454473822,1024,1258770,False
2024-01-06 09:30:00,W-TinyLFU,92.27208294250613,7.727917057493872,0.8340179049969264,77.3364938907676,0.4214731107193247,0,mixed,0.012829053143470014,12.829053143470013,1024,505859,False
2024-01-06 09:30:00,Adaptive,95.72006468649329,4.27993531350671,0.5399567733815922,70.24177363474281,0.3071403466160281,3,zipfian,0.04923449830881313,49.23449830881313,1024,1490135,False
2024-01-06 10:00:00,ARC,93.33084740577893,6.669152594221073,0.3628242887137466,73.60371784002217,0.35697950555929836,0,scanning,0.03820372516607875,38.20372516607875,1024,524274,False
2024-01-06 10:00:00,LRU,87.71574186139723,12.284258138602766,0.13429769461291807,94.42275043485958,0.45382403397430926,0,temporal_locality,0.04279055661126162,42.79055661126162,1024,1748223,False
2024-01-06 10:00:00,LFU,85.65367287397,14.346327126030001,0.9992737913165065,68.89954632487897,0.3261640291882113,0,random,0.03269179417410109,32.69179417410109,1024,993888,False
2024-01-06 10:00:00,W-TinyLFU,93.33794256651771,6.6620574334822935,0.7985544792274596,85.53472006443259,0.49074706188886685,0,scanning,0.04861501644863178,48.615016448631785,1024,864835,False
2024-01-06 10:00:00,Adaptive,95.67894294895723,4.321057051042764,0.9641817817731819,79.96966709941158,0.11940672358246403,3,mixed,0.022246092258292778,22.246092258292776,1024,1539977,False
2024-01-06 10:30:00,ARC,91.66801801644215,8.331981983557846,0.480009745747768,93.97965187695661,0.25115967923025107,0,scanning,0.044507756888534145,44.507756888534146,1024,1990874,False
2024-01-06 10:30:00,LRU,87.79371660088647,12.206283399113527,0.41601799723075894,69.86946653786674,0.4383323781908429,0,zipfian,0.012832485188933172,12.832485188933171,1024,651509,False
2024-01-06 10:30:00,LFU,86.6858475032124,13.314152496787601,0.28952904166530685,82.53500977709814,0.3212398371363858,0,temporal_locality,0.014174667124559663,14.174667124559663,1024,778783,False
2024-01-06 10:30:00,W-TinyLFU,92.2437671532064,7.756232846793598,0.6511815486011912,70.12119429779403,0.23078718821797506,0,scanning,0.02562792808260979,25.627928082609788,1024,1045844,False
2024-01-06 10:30:00,Adaptive,97.28004299285169,2.7199570071483103,0.11565574489830109,70.15845269853635,0.1951018578978778,0,random,0.017742257045836537,17.74225704583654,1024,549754,False
2024-01-06 11:00:00,ARC,91.7706833376276,8.2293166623724,0.8193906742745553,67.14752419895429,0.35694617783088245,0,mixed,0.0427232977851309,42.723297785130896,1024,1753394,False
2024-01-06 11:00:00,LRU,88.86567937950602,11.134320620493988,0.5811178888156388,82.80636033705511,0.3476087938003408,0,temporal_locality,0.030223210873008492,30.223210873008494,1024,524705,False
2024-01-06 11:00:00,LFU,83.8971736420185,16.102826357981492,0.9652963508012765,84.86855279550414,0.1737604961792616,0,mixed,0.04919280476554289,49.192804765542895,1024,1797755,False
2024-01-06 11:00:00,W-TinyLFU,94.11452827048788,5.885471729512126,0.939021110024162,86.33310774578041,0.13412716679540565,0,scanning,0.04584929851665254,45.84929851665254,1024,1359766,False
2024-01-06 11:00:00,Adaptive,94.62529721013003,5.374702789869968,0.5613013198356065,94.38957774943785,0.30133907475856603,3,zipfian,0.024257722111653588,24.25772211165359,1024,666449,False
2024-01-06 11:30:00,ARC,91.8232510803126,8.176748919687405,0.6581020440745948,63.95781322714868,0.21311010831101013,0,mixed,0.021197739312356897,21.197739312356898,1024,783371,False
2024-01-06 11:30:00,LRU,88.08162031088236,11.918379689117643,0.9355015838381887,93.70179790232933,0.2964486007369099,0,zipfian,0.012773625283676959,12.773625283676958,1024,999658,False
2024-01-06 11:30:00,LFU,85.10201117573263,14.897988824267372,0.5492952497005629,75.61957199625145,0.2583841975302908,0,temporal_locality,0.011232827994875447,11.232827994875446,1024,1456141,False
2024-01-06 11:30:00,W-TinyLFU,95.57917158830381,4.420828411696198,0.35509673592588875,75.34283419292225,0.3542701265906776,0,scanning,0.012207124687185465,12.207124687185464,1024,1221990,False
2024-01-06 11:30:00,Adaptive,94.512397583858,5.48760241614199,0.492198742440107,82.33418933630244,0.33557849098430903,1,mixed,0.03936173936055627,39.36173936055627,1024,1567651,False
2024-01-06 12:00:00,ARC,93.60901884738749,6.390981152612518,0.4764221133161606,87.80323770191566,0.4287860552396785,0,temporal_locality,0.031216076785868366,31.216076785868367,1024,1650193,False
2024-01-06 12:00:00,LRU,89.34822577245546,10.65177422754453,0.6509955714935196,93.82594552628541,0.4751882523791262,0,zipfian,0.026502255473970816,26.502255473970816,1024,1605008,False
2024-01-06 12:00:00,LFU,83.82975780749832,16.17024219250167,0.29172780988336583,77.21825482289427,0.3690911738324353,0,temporal_locality,0.011390619930893867,11.390619930893866,1024,571538,False
2024-01-06 12:00:00,W-TinyLFU,95.76574429345487,4.23425570654512,0.9103289850182263,75.47110992003275,0.33199330653654735,0,random,0.02579140360968602,25.79140360968602,1024,1709321,False
2024-01-06 12:00:00,Adaptive,94.96561732928225,5.034382670717752,0.6367768362531375,85.45994934503142,0.2602852820618963,1,random,0.04327131680388304,43.27131680388304,1024,527826,False
2024-01-06 12:30:00,ARC,91.25282109493672,8.74717890506328,0.5082759492492979,91.84220839148131,0.34959848490244294,0,mixed,0.041989389148017246,41.989389148017246,1024,872362,False
2024-01-06 12:30:00,LRU,88.4035326938662,11.596467306133807,0.9791584116473109,79.40692860947524,0.3546049125952456,0,mixed,0.013203508949882554,13.203508949882554,1024,1775297,False
2024-01-06 12:30:00,LFU,86.17622059562919,13.823779404370807,0.5273681404067625,63.62527302970179,0.3475172933440587,0,temporal_locality,0.020353798735838195,20.353798735838197,1024,888391,False
2024-01-06 12:30:00,W-TinyLFU,95.29993985463808,4.700060145361917,0.9093011666011641,91.34836423765081,0.13047914653789722,0,zipfian,0.01839442258966883,18.39442258966883,1024,1651776,False
2024-01-06 12:30:00,Adaptive,94.86851009391887,5.131489906081132,0.39465755060753915,94.66347612694942,0.42891810145102505,2,zipfian,0.04766801832733816,47.66801832733816,1024,659427,False
2024-01-06 13:00:00,ARC,91.84162239310314,8.15837760689686,0.7012989297052856,60.979186088625575,0.45308496930974407,0,mixed,0.039037775541533974,39.037775541533975,1024,1967829,False
2024-01-06 13:00:00,LRU,87.11122095552554,12.888779044474463,0.9557073246904063,77.89304964709048,0.25156752090496975,0,scanning,0.034448247652597484,34.44824765259749,1024,1415463,False
2024-01-06 13:00:00,LFU,86.3966624280958,13.603337571904206,0.17738404778235206,87.8734144213889,0.4408561782517907,0,random,0.01232759190096096,12.32759190096096,1024,1679453,False
2024-01-06 13:00:00,W-TinyLFU,93.08699758739724,6.913002412602765,0.11133713227024679,84.9355046422663,0.4251129653445732,0,zipfian,0.03513282978318059,35.13282978318059,1024,1801572,False
2024-01-06 13:00:00,Adaptive,97.70602949294009,2.293970507059906,0.39497229526442557,73.11852263502422,0.30826674088635275,3,mixed,0.01680386931561073,16.803869315610733,1024,1354773,False
2024-01-06 13:30:00,ARC,92.22202830522134,7.777971694778662,0.544699571010749,68.21790287428588,0.2594722791700833,0,scanning,0.03845302959909729,38.45302959909729,1024,692402,False
2024-01-06 13:30:00,LRU,88.33918201670595,11.66081798329406,0.5979599320643637,93.38014789227617,0.11267743141045346,0,zipfian,0.03687474576260782,36.874745762607816,1024,868903,False
2024-01-06 13:30:00,LFU,85.22513324529675,14.774866754703254,0.4767743306640845,62.5925313179174,0.35716133559272956,0,mixed,0.0270334460319218,27.0334460319218,1024,1547684,False
2024-01-06 13:30:00,W-TinyLFU,94.28509621790359,5.714903782096414,0.8910044335307447,85.60233099597336,0.3548859653351468,0,mixed,0.036776880496316985,36.776880496316984,1024,1907080,False
2024-01-06 13:30:00,Adaptive,95.28112667678455,4.718873323215444,0.5029808868628342,63.35516639344196,0.15115405445670446,0,random,0.01318163425209443,13.18163425209443,1024,1232888,False
2024-01-06 14:00:00,ARC,91.39437346494223,8.605626535057764,0.31810715357832636,91.03855432998654,0.2735924758217419,0,mixed,0.010831777992102175,10.831777992102175,1024,944588,False
2024-01-06 14:00:00,LRU,89.28486665634404,10.715133343655959,0.5249546805792247,68.07559578109013,0.26137116823676526,0,zipfian,0.034583684442546433,34.583684442546435,1024,554253,False
2024-01-06 14:00:00,LFU,83.48938951704315,16.510610482956857,0.1022116678623861,68.05826567722625,0.16539832536248103,0,random,0.01272072353521363,12.72072353521363,1024,1536725,False
2024-01-06 14:00:00,W-TinyLFU,94.35045396155694,5.649546038443065,0.8561984084380444,77.19129687929147,0.4169308984988911,0,random,0.03675964948261481,36.759649482614805,1024,668910,False
2024-01-06 14:00:00,Adaptive,96.83772894882246,3.1622710511775343,0.25971664222901186,90.75186936113258,0.19269993482301945,1,temporal_locality,0.027933004259708127,27.933004259708127,1024,1584567,False
2024-01-06 14:30:00,ARC,91.4357231554772,8.5642768445228,0.8615003552070166,60.27738886669497,0.28783308955269993,0,zipfian,0.03426569030614661,34.26569030614661,1024,946949,False
2024-01-06 14:30:00,LRU,88.2841478583345,11.715852141665495,0.4183070906697153,63.259681470502784,0.13409619143799936,0,mixed,0.042625009021916634,42.62500902191663,1024,1843503,False
2024-01-06 14:30:00,LFU,83.61449418681461,16.385505813185386,0.9410316706242698,69.29738127740372,0.2474412728419747,0,scanning,0.03936137650056511,39.36137650056511,1024,1510680,False
2024-01-06 14:30:00,W-TinyLFU,92.90223243973622,7.0977675602637795,0.20310855731454053,67.48467690060173,0.35279735910767596,0,temporal_locality,0.023867464360427224,23.867464360427224,1024,1562824,False
2024-01-06 14:30:00,Adaptive,97.00295245051791,2.9970475494820903,0.7945795991484567,87.1165114951099,0.14411225068510558,0,temporal_locality,0.02378971409185416,23.789714091854158,1024,1974218,False
2024-01-06 15:00:00,ARC,92.24854545885945,7.7514545411405456,0.7634255499170083,75.54761101403604,0.2524371109397801,0,mixed,0.03834613199770658,38.346131997706586,1024,1795632,False
2024-01-06 15:00:00,LRU,87.99900766847124,12.00099233152877,0.286966922677195,61.46567520275507,0.12139085163567276,0,temporal_locality,0.02209140436314428,22.09140436314428,1024,921574,False
2024-01-06 15:00:00,LFU,84.23164591547211,15.76835408452788,0.7418771692502875,60.18272924345539,0.15309025494682774,0,scanning,0.035053709984890234,35.05370998489023,1024,1267602,False
2024-01-06 15:00:00,W-TinyLFU,95.24234671366682,4.757653286333174,0.9617615205852611,70.04669120638356,0.208059262384301,0,scanning,0.016458651249304453,16.458651249304452,1024,1775934,False
2024-01-06 15:00:00,Adaptive,94.75387052263633,5.24612947736367,0.5934605396692774,61.045517253386535,0.276669181523303,3,zipfian,0.03026757662295672,30.267576622956717,1024,822283,False
2024-01-06 15:30:00,ARC,92.5871109674355,7.412889032564496,0.8557081697142741,90.18183387130401,0.32051044288795005,0,mixed,0.023357914888927987,23.357914888927986,1024,1808303,False
2024-01-06 15:30:00,LRU,86.70520650172023,13.294793498279777,0.1228305603822453,94.68145017234843,0.3508482519930839,0,random,0.04958220014004726,49.582200140047256,1024,929478,False
2024-01-06 15:30:00,LFU,86.33191425619567,13.668085743804326,0.8797177917488097,67.31412825879735,0.40111040395284603,0,mixed,0.016899351196887083,16.899351196887082,1024,1615041,False
2024-01-06 15:30:00,W-TinyLFU,93.69776085204731,6.302239147952693,0.5349559065374497,90.91446209136335,0.15706060848417805,0,random,0.036873916701968996,36.873916701968994,1024,1872091,False
2024-01-06 15:30:00,Adaptive,97.17739109027653,2.8226089097234675,0.5385805866226864,91.74431503022079,0.2963387577788865,2,scanning,0.01389462067179622,13.894620671796218,1024,1862450,False
2024-01-06 16:00:00,ARC,92.77008104040316,7.229918959596848,0.7343566800492151,92.07716779169277,0.45428510591164706,0,mixed,0.04838518646813741,48.385186468137405,1024,1742036,False
2024-01-06 16:00:00,LRU,89.41296619403187,10.587033805968138,0.614282605698331,63.815700697727365,0.15530265824794187,0,mixed,0.02316036316065819,23.160363160658193,1024,1925720,False
2024-01-06 16:00:00,LFU,85.20882228228189,14.791177717718117,0.9599897867536629,73.15417882832566,0.1715967835673875,0,mixed,0.022326892745774103,22.326892745774103,1024,1435636,False
2024-01-06 16:00:00,W-TinyLFU,95.7405801560766,4.2594198439233955,0.6878344684624292,72.26751579825185,0.15422157160620786,0,zipfian,0.035706823419026146,35.70682341902614,1024,1802496,False
2024-01-06 16:00:00,Adaptive,96.99672178404558,3.0032782159544302,0.5571862231297009,76.17996145196557,0.17776204792259553,1,scanning,0.02549474342701792,25.494743427017923,1024,1420587,False
2024-01-06 16:30:00,ARC,92.33890726917986,7.66109273082014,0.36777875867409926,76.73802963452763,0.44977730236206737,0,random,0.026492108398823294,26.492108398823294,1024,1891213,False
2024-01-06 16:30:00,LRU,87.24071432589894,12.759285674101061,0.16814144771525374,76.11488532021642,0.493435537948235,0,temporal_locality,0.015167333098895345,15.167333098895345,1024,1540011,False
2024-01-06 16:30:00,LFU,86.53095923871867,13.469040761281336,0.11838875231602185,60.32433547297007,0.21019623069662738,0,scanning,0.027288748339858226,27.288748339858227,1024,889977,False
2024-01-06 16:30:00,W-TinyLFU,93.79692772611492,6.20307227388508,0.7907908121901572,82.91423500159878,0.3877605465681576,0,scanning,0.04895236562600519,48.95236562600519,1024,677618,False
2024-01-06 16:30:00,Adaptive,94.11302696784443,5.886973032155563,0.70983463764712,83.29047245275352,0.3286549669705755,3,random,0.011116576685496971,11.116576685496971,1024,1090912,False
2024-01-06 17:00:00,ARC,90.474749736023,9.525250263977004,0.21910140044334317,90.89971330340566,0.23130542105791543,0,temporal_locality,0.02663888877043632,26.638888770436317,1024,1240974,False
2024-01-06 17:00:00,LRU,88.03647115340085,11.963528846599147,0.7912717731615923,90.37620954665634,0.25100432160383535,0,mixed,0.010991761974618411,10.991761974618411,1024,784369,False
2024-01-06 17:00:00,LFU,83.64809335194387,16.351906648056136,0.18653496043096213,75.14645702288605,0.286607037063624,0,temporal_locality,0.017587336203245305,17.587336203245304,1024,745349,False
2024-01-06 17:00:00,W-TinyLFU,93.8319472245847,6.1680527754153,0.5488623071051727,60.233498602923724,0.2214678500767387,0,random,0.036554504023646066,36.55450402364607,1024,1689951,False
2024-01-06 17:00:00,Adaptive,95.913915706323,4.086084293677006,0.5208392283289014,80.40936131703384,0.36870439896937957,2,temporal_locality,0.014391832303505558,14.391832303505558,1024,1266287,False
2024-01-06 17:30:00,ARC,90.3418445220196,9.6581554779804,0.9686205884787852,75.47208641553777,0.44133253480102475,0,zipfian,0.031758454251319505,31.758454251319506,1024,1895711,False
2024-01-06 17:30:00,LRU,89.29420177529718,10.70579822470281,0.1583052842619106,90.58495576686374,0.1414270055084976,0,random,0.031715877862861105,31.715877862861106,1024,588326,False
2024-01-06 17:30:00,LFU,83.83249722278337,16.167502777216626,0.8287885857035515,88.44479194423076,0.3822809677703557,0,random,0.01323759457709727,13.23759457709727,1024,1609909,False
2024-01-06 17:30:00,W-TinyLFU,92.42576921627322,7.574230783726776,0.3341426772572993,90.94667035968469,0.1280139840440572,0,random,0.03984391815255508,39.84391815255508,1024,993606,False
2024-01-06 17:30:00,Adaptive,97.45393589657502,2.546064103424983,0.4540817398241557,68.9337347924319,0.4686017339242484,0,scanning,0.023196602093855608,23.196602093855606,1024,761406,False
2024-01-06 18:00:00,ARC,90.36580352897174,9.634196471028256,0.8821807086142449,68.17728256015567,0.35336729714999815,0,zipfian,0.04837761562776362,48.37761562776362,1024,713893,False
2024-01-06 18:00:00,LRU,87.57718457705218,12.422815422947819,0.8616252262925576,79.00387520166933,0.40106377018563166,0,scanning,0.022061813550133508,22.061813550133508,1024,1190399,False
2024-01-06 18:00:00,LFU,84.22260901487437,15.777390985125628,0.8828817329770933,88.25524893243626,0.3457203691501046,0,random,0.014029352354460404,14.029352354460404,1024,721059,False
2024-01-06 18:00:00,W-TinyLFU,95.18388548553507,4.816114514464931,0.772347489168964,72.82224802436544,0.2058941314840586,0,zipfian,0.04187585993414642,41.87585993414642,1024,1144019,False
2024-01-06 18:00:00,Adaptive,94.9119717108384,5.088028289161595,0.12155012267275506,69.50153481959225,0.23511632186398979,0,mixed,0.014077836028512869,14.07783602851287,1024,573878,False
2024-01-06 18:30:00,ARC,93.21926723593576,6.7807327640642345,0.749433902392022,82.3462714058176,0.4453823292594462,0,zipfian,0.03322474530873158,33.224745308731585,1024,692896,False
2024-01-06 18:30:00,LRU,86.46620228914102,13.533797710858975,0.8179090916912983,90.89227035186458,0.24839566417591544,0,scanning,0.038881178207183,38.881178207183005,1024,1415210,False
2024-01-06 18:30:00,LFU,86.62726474190332,13.372735258096679,0.7679825543189053,61.06374098768722,0.27187997619994847,0,random,0.020959465204821767,20.95946520482177,1024,501724,False
2024-01-06 18:30:00,W-TinyLFU,92.28516289810652,7.71483710189348,0.6741766604166783,67.27583727661172,0.27150987707262675,0,zipfian,0.04282572541022394,42.82572541022394,1024,816913,False
2024-01-06 18:30:00,Adaptive,94.71511021761005,5.284889782389957,0.13234321198056556,92.97688983663957,0.3956971324199853,3,zipfian,0.04131956856990036,41.319568569900355,1024,1924813,False
2024-01-06 19:00:00,ARC,92.91369586220975,7.086304137790256,0.34801664908124885,93.18504212349956,0.3362550103008797,0,temporal_locality,0.043324757959729676,43.32475795972967,1024,688120,False
2024-01-06 19:00:00,LRU,89.622033580852,10.377966419147999,0.165056630161917,77.8821130657688,0.49091157573668576,0,zipfian,0.017489382265994467,17.489382265994468,1024,1216434,False
2024-01-06 19:00:00,LFU,85.90745387961294,14.09254612038705,0.40905249009813827,69.17677402299013,0.39880263570841323,0,mixed,0.02428501635678714,24.285016356787143,1024,1884696,False
2024-01-06 19:00:00,W-TinyLFU,92.22349089850634,7.776509101493656,0.24570912937290013,84.55011996018774,0.1746663587138061,0,scanning,0.03187612588915374,31.87612588915374,1024,1504717,False
2024-01-06 19:00:00,Adaptive,96.43707838158113,3.5629216184188683,0.6320476135786653,75.73139149765183,0.2180332763962298,1,random,0.03940488572948377,39.40488572948377,1024,830820,False
2024-01-06 19:30:00,ARC,90.28623360480434,9.713766395195666,0.5051381536950922,68.95510096991629,0.3187623172238291,0,mixed,0.028044786499019612,28.04478649901961,1024,1813398,False
2024-01-06 19:30:00,LRU,87.60164467442263,12.39835532557737,0.8795930906282412,93.33003831316478,0.34507871793205824,0,zipfian,0.013500457570594211,13.500457570594211,1024,1334255,False
2024-01-06 19:30:00,LFU,84.15509748925535,15.844902510744651,0.5457112439859171,75.12751730093667,0.1825387847339177,0,temporal_locality,0.028141437546999028,28.14143754699903,1024,1458238,False
2024-01-06 19:30:00,W-TinyLFU,93.69783417483625,6.302165825163753,0.31981437800255474,71.62335683034027,0.29809545573590107,0,mixed,0.010841921789673834,10.841921789673835,1024,862986,False
2024-01-06 19:30:00,Adaptive,95.52132638846565,4.4786736115343455,0.31396231291496407,78.42628662891126,0.11500762849034026,2,zipfian,0.045860993812511144,45.86099381251115,1024,1812253,False
2024-01-06 20:00:00,ARC,90.72219978735909,9.27780021264092,0.8253660172011424,78.29020725677772,0.16531350990825958,0,scanning,0.018715333039496754,18.715333039496755,1024,1745348,False
2024-01-06 20:00:00,LRU,89.6761361475811,10.32386385241889,0.3931310135318796,68.31066557126394,0.4158429490175889,0,scanning,0.011744793005104972,11.744793005104972,1024,1654161,False
2024-01-06 20:00:00,LFU,85.50390581487753,14.496094185122477,0.9698307977898208,69.77886609542486,0.21877865255267925,0,mixed,0.01503235782013149,15.032357820131491,1024,1087664,False
2024-01-06 20:00:00,W-TinyLFU,94.46326986576797,5.536730134232027,0.5175481221547432,73.37386227146,0.36244231557414697,0,zipfian,0.03826123485277302,38.261234852773015,1024,1219197,False
2024-01-06 20:00:00,Adaptive,94.8294588471487,5.170541152851305,0.8231062706210257,64.24844366591776,0.12811006787044957,3,random,0.022790468208892013,22.790468208892012,1024,1398214,False
2024-01-06 20:30:00,ARC,90.17123259021292,9.828767409787076,0.13281089809959393,79.30757915770823,0.4385140066573643,0,scanning,0.02239804298333415,22.39804298333415,1024,1462807,False
2024-01-06 20:30:00,LRU,89.69260877253039,10.307391227469608,0.6871304672908459,94.2242755942843,0.13027493791438546,0,zipfian,0.019560238100257026,19.560238100257024,1024,653304,False
2024-01-06 20:30:00,LFU,85.15359974146283,14.846400258537173,0.6989694017983306,61.97623012792512,0.29961769251771886,0,mixed,0.010537162742059599,10.537162742059598,1024,1287249,False
2024-01-06 20:30:00,W-TinyLFU,92.93924121711595,7.060758782884047,0.5673854916104971,92.95028958035822,0.19871764125619074,0,zipfian,0.04967804894456739,49.678048944567394,1024,835755,False
2024-01-06 20:30:00,Adaptive,95.56725174343548,4.432748256564523,0.2768305806359555,81.20100799795327,0.4975510301907329,1,mixed,0.04549796087434974,45.497960874349744,1024,1064970,False
2024-01-06 21:00:00,ARC,93.75707671958058,6.242923280419421,0.8125737248036152,62.13720957523903,0.33752192037433004,0,scanning,0.0400309990927567,40.0309990927567,1024,935620,False
2024-01-06 21:00:00,LRU,89.68444139644964,10.315558603550357,0.3995286908626626,80.49242019071077,0.3523744462373727,0,zipfian,0.04661329493539777,46.613294935397775,1024,1421468,False
2024-01-06 21:00:00,LFU,84.95439438920614,15.045605610793855,0.37442978589691367,62.318141077945064,0.4169075551210272,0,zipfian,0.022940819411092446,22.940819411092445,1024,1087676,False
2024-01-06 21:00:00,W-TinyLFU,95.23579537860208,4.764204621397927,0.7389227099324469,89.20253370190366,0.18781824315393722,0,mixed,0.03941063778332512,39.41063778332512,1024,1340777,False
2024-01-06 21:00:00,Adaptive,94.67202966416613,5.327970335833864,0.34456077206190866,67.9146717991409,0.34864725253780815,1,zipfian,0.028045933771328725,28.045933771328727,1024,1001515,False
2024-01-06 21:30:00,ARC,93.44312160244162,6.556878397558375,0.269059022251764,66.28081508446452,0.10892981321036888,0,temporal_locality,0.020404586021706105,20.404586021706105,1024,1367891,False
2024-01-06 21:30:00,LRU,89.02107901350817,10.978920986491836,0.18768174761173528,64.35158103306243,0.4727168135324398,0,scanning,0.04836716934382595,48.36716934382595,1024,959635,False
2024-01-06 21:30:00,LFU,83.4841930852341,16.515806914765907,0.2697368664333187,61.12283235701756,0.3598618782293215,0,random,0.018656930461072765,18.656930461072765,1024,1048868,False
2024-01-06 21:30:00,W-TinyLFU,94.25083229059736,5.749167709402636,0.7401740022167079,76.80469723142035,0.4043561684374791,0,temporal_locality,0.023159907986372803,23.159907986372804,1024,661851,False
2024-01-06 21:30:00,Adaptive,97.87914641918978,2.1208535808102225,0.5953526045859127,85.04519612212302,0.3524100332967147,3,mixed,0.03000341178969651,30.00341178969651,1024,858041,False
2024-01-06 22:00:00,ARC,90.73364377321337,9.266356226786632,0.4975983740219202,78.13422506923692,0.3084503530724467,0,zipfian,0.023048350689548337,23.048350689548336,1024,755192,False
2024-01-06 22:00:00,LRU,88.5041242987217,11.49587570127829,0.8003163221016631,93.51196395424226,0.46620240472109387,0,random,0.04405331751547905,44.05331751547905,1024,1774165,False
2024-01-06 22:00:00,LFU,86.18814156628072,13.811858433719282,0.6868173876619548,69.6940258992074,0.1884282086407585,0,scanning,0.034610404988820974,34.610404988820974,1024,1229252,False
2024-01-06 22:00:00,W-TinyLFU,93.96341809155938,6.036581908440619,0.8887524831917271,79.54416461357532,0.21097813872509527,0,zipfian,0.013051989364903331,13.051989364903331,1024,578886,False
2024-01-06 22:00:00,Adaptive,94.98277163657666,5.017228363423342,0.4911105566928421,76.40315944138433,0.22952252910915183,0,mixed,0.042291513996157507,42.291513996157505,1024,1364432,False
2024-01-06 22:30:00,ARC,92.6703535450383,7.329646454961702,0.5825772192606703,80.55302267851033,0.3003092690545316,0,zipfian,0.02432442395889079,24.32442395889079,1024,982488,False
2024-01-06 22:30:00,LRU,88.36852206130919,11.631477938690804,0.1489994278452404,67.99785710406101,0.4458790303592943,0,scanning,0.012513823482555498,12.513823482555498,1024,1600696,False
2024-01-06 22:30:00,LFU,84.02759264976922,15.972407350230789,0.819088952961151,70.9063750307592,0.2608632897082658,0,mixed,0.02786269819596262,27.86269819596262,1024,1151677,False
2024-01-06 22:30:00,W-TinyLFU,93.28787810075843,6.712121899241563,0.19362098407583384,66.57230357915316,0.22553565298240913,0,temporal_locality,0.0365228462435739,36.5228462435739,1024,661700,False
2024-01-06 22:30:00,Adaptive,95.85224244594308,4.147757554056919,0.45544361777174747,76.49287704634926,0.4717100410260223,1,temporal_locality,0.04798754367990993,47.987543679909926,1024,797749,False
2024-01-06 23:00:00,ARC,92.23473572855606,7.7652642714439395,0.9431441166506999,64.18264751868543,0.25467983106782444,0,zipfian,0.04879572157912504,48.79572157912504,1024,1766398,False
2024-01-06 23:00:00,LRU,87.6652282021708,12.334771797829202,0.9969020165407038,88.57631985869791,0.1465724566675617,0,zipfian,0.045202149986877146,45.202149986877146,1024,746965,False
2024-01-06 23:00:00,LFU,83.70480319008193,16.295196809918068,0.7358233853346856,84.98419030989048,0.49111307666862514,0,mixed,0.01648373978344952,16.483739783449522,1024,1393072,False
2024-01-06 23:00:00,W-TinyLFU,94.32210480021168,5.677895199788319,0.4512293237027186,89.14507684295064,0.18770953243175814,0,random,0.03572522787160793,35.72522787160793,1024,981446,False
2024-01-06 23:00:00,Adaptive,97.80406174925811,2.195938250741891,0.3539573295487922,63.73587397343765,0.28687284138770697,2,temporal_locality,0.04162660089212248,41.62660089212248,1024,1899966,False
2024-01-06 23:30:00,ARC,90.23739553037893,9.762604469621062,0.7806312376569591,74.98996046354671,0.29481841769691514,0,mixed,0.024638657485081053,24.638657485081055,1024,1467048,False
2024-01-06 23:30:00,LRU,89.50465544354161,10.495344556458386,0.5652489144460974,84.45689257955783,0.22600737817056224,0,mixed,0.0282662408124287,28.2662408124287,1024,623986,False
2024-01-06 23:30:00,LFU,83.66226481280965,16.33773518719035,0.13627608619818685,90.08310946048962,0.1627334387971665,0,zipfian,0.03208960298941821,32.08960298941821,1024,1022647,False
2024-01-06 23:30:00,W-TinyLFU,92.82445069914614,7.175549300853856,0.9063489933818626,83.52495696190228,0.19914067265627033,0,mixed,0.03044654058865582,30.446540588655818,1024,605233,False
2024-01-06 23:30:00,Adaptive,94.74815145369578,5.251848546304217,0.1304913318297263,87.21469637107148,0.12775407108474213,0,temporal_locality,0.04000097291871913,40.00097291871913,1024,920332,False
2024-01-07 00:00:00,ARC,93.14783011825574,6.852169881744263,0.9283211346562557,70.01480976851062,0.3392453541260918,0,mixed,0.012170099602951621,12.170099602951622,1024,791555,False
2024-01-07 00:00:00,LRU,89.09415340882127,10.905846591178737,0.4018845847030206,81.24505121973547,0.3283662174451458,0,scanning,0.011203250837596497,11.203250837596498,1024,1077845,False
2024-01-07 00:00:00,LFU,84.03832519095627,15.961674809043735,0.7956316272479789,82.56273373664267,0.11845620126724046,0,mixed,0.0322272194377436,32.2272194377436,1024,1356223,False
2024-01-07 00:00:00,W-TinyLFU,92.52106697259318,7.478933027406831,0.4806670344660704,65.33471181988209,0.4839705095291529,0,scanning,0.021848144070992604,21.848144070992603,1024,943963,False
2024-01-07 00:00:00,Adaptive,94.59755603293554,5.4024439670644515,0.1747674948872689,80.1456913352047,0.44303548236274537,0,random,0.01109163639165156,11.09163639165156,1024,942272,False
