timestamp,node_id,region,availability_zone,shard_id,operations_per_sec,cpu_utilization_percent,memory_utilization_percent,disk_usage_percent,disk_read_mbps,disk_write_mbps,network_in_mbps,network_out_mbps,is_healthy,last_heartbeat_seconds,is_leader,replication_lag_ms,cache_hit_rate_percent,error_count,connections,key_count,data_size_gb
2024-01-01 00:00:00,node-us-east-1a-01,us-east-1,1a,shard-001,263,25.492651324980923,60.841285813712446,51.84562548940676,52.88175871879352,83.91166875491645,21.809907960278295,10.6862383208901,True,0,True,0,89.19315217704505,0,337,2733206,57.74482655081775
2024-01-01 00:00:00,node-us-east-1b-02,us-east-1,1b,shard-002,605,33.719922714673444,78.11036694119323,60.602689768335495,101.41602040557832,172.25268867772115,46.03944678275359,31.212153529406248,True,0,False,31,90.25648229351762,0,352,4760400,96.36972113886752
2024-01-01 00:00:00,node-us-east-1c-03,us-east-1,1c,shard-001,254,25.583766500310578,68.94976703569107,45.177174916201025,52.15394928874336,89.72104025942038,23.56808615944874,12.622927928445854,True,0,False,21,96.05540936323486,0,449,4634632,41.55195378392116
2024-01-01 00:00:00,node-us-west-2a-01,us-west-2,2a,shard-003,127,22.613101261067328,67.43468525904667,64.65451045867307,24.72962283915358,44.89551232505228,8.29956501268232,5.363609439306886,True,0,True,0,86.72040618518653,0,149,3416103,21.24642195983503
2024-01-01 00:00:00,node-us-west-2b-02,us-west-2,2b,shard-004,505,31.1024150920021,53.68465649025157,58.57573650242728,107.84202174932521,142.50045403535347,45.637386949317694,27.3722072853763,True,0,False,1,95.07716129658255,0,289,2201813,55.027544662641176
2024-01-01 00:00:00,node-eu-west-1a-01,eu-west-1,1a,shard-002,561,29.138730844944167,76.21325374717134,54.84416704618418,129.3613519708187,151.75950655934994,38.80347718648449,26.450225292794556,True,0,False,50,87.2777019589133,0,273,4770801,21.72065976942229
2024-01-01 00:15:00,node-us-east-1a-01,us-east-1,1a,shard-001,715,32.54123645166676,76.9416708215787,30.723168160720302,160.41868976180453,246.86006661624373,64.90595251730839,38.058063421391886,True,0,True,0,92.35407105847196,0,487,4007723,39.53675609531308
2024-01-01 00:15:00,node-us-east-1b-02,us-east-1,1b,shard-002,712,32.95987642941603,54.31253235307194,67.31984722091988,150.5713697238099,237.25551585196948,64.97891903734485,35.29663603485895,True,0,False,38,97.66555001181992,0,447,2446160,66.82865653352906
2024-01-01 00:15:00,node-us-east-1c-03,us-east-1,1c,shard-001,334,27.305241857723686,62.49382906156721,35.061201209993115,59.01121305586129,98.10225805248544,22.94059832608145,14.91004101394809,True,0,False,44,96.30399224793297,0,307,3038943,67.86711407378856
2024-01-01 00:15:00,node-us-west-2a-01,us-west-2,2a,shard-003,259,24.328156585075632,49.653408226263444,58.188827231774695,42.874128288780575,73.46250529142472,22.213361336380668,14.891871616631397,True,0,True,0,86.2497103399646,0,381,2581063,42.098818298721
2024-01-01 00:15:00,node-us-west-2b-02,us-west-2,2b,shard-004,122,22.60942332662879,56.725590408819215,59.746452511897175,23.069840178907537,31.095424431348583,8.165197951696506,5.28921076648611,True,0,False,30,86.56834527677161,0,160,3119351,38.731298405810264
2024-01-01 00:15:00,node-eu-west-1a-01,eu-west-1,1a,shard-002,406,29.5217317933325,41.50034251385528,44.377084345869164,87.31807034514975,111.35185820042297,26.689253887503995,23.377980848721375,True,0,False,24,97.35186426522074,0,463,4861209,65.2414912698913
2024-01-01 00:30:00,node-us-east-1a-01,us-east-1,1a,shard-001,496,28.49788296805612,42.11685162934524,60.168434029382425,101.736456036385,178.5450613043873,33.15273208187479,28.57657788742481,True,0,True,0,97.79112982594226,0,464,4346466,68.61966266531624
2024-01-01 00:30:00,node-us-east-1b-02,us-east-1,1b,shard-002,491,27.907761919535663,78.87942786855248,47.84877706691354,113.004061381107,133.7335012828233,35.81049684811628,26.02522758780163,True,0,False,41,90.62151475711141,0,397,4238480,73.21203411415769
2024-01-01 00:30:00,node-us-east-1c-03,us-east-1,1c,shard-001,384,28.81223034694088,58.29574666119926,65.00070788994358,72.97068784847136,116.14546742824109,33.00419889016995,22.644559128636782,True,0,False,12,87.8631365719286,0,112,1654619,29.546371231315803
2024-01-01 00:30:00,node-us-west-2a-01,us-west-2,2a,shard-003,435,28.655968633259963,57.748839244897255,42.883193221331766,82.06425837946495,145.5004942101246,30.855565679036204,23.339385091520516,True,0,True,0,86.77036990159553,0,350,3759575,80.62535203728979
2024-01-01 00:30:00,node-us-west-2b-02,us-west-2,2b,shard-004,362,28.44238865514611,65.7034916022541,62.83566108379852,71.9512050552569,106.35091908578787,29.27219085038999,16.6092591152531,True,0,False,48,93.52802407078283,0,130,1933234,49.98618857860319
2024-01-01 00:30:00,node-eu-west-1a-01,eu-west-1,1a,shard-002,398,29.337428613487866,76.47313350321129,37.12124688326149,68.5744321807529,95.6939731467531,33.23980691606317,22.754801034866293,True,0,False,11,96.0718038124743,0,477,3968735,53.02378766255916
2024-01-01 00:45:00,node-us-east-1a-01,us-east-1,1a,shard-001,216,23.89531977826582,77.0519610889693,39.64278401871785,49.975654559654984,57.319740583072466,14.864559388163563,12.593900716404805,True,0,True,0,85.01721414836237,0,153,3993920,34.50917139804026
2024-01-01 00:45:00,node-us-east-1b-02,us-east-1,1b,shard-002,196,23.19809058253819,56.82460606375831,53.636619236798,32.1234943093447,50.70150834103782,12.76646050831474,10.964247686037593,True,0,False,48,94.0652496136793,0,392,1227082,25.731225372635258
2024-01-01 00:45:00,node-us-east-1c-03,us-east-1,1c,shard-001,299,26.16574806457385,46.406414213249974,37.45327366625315,62.15991540109292,73.72538311401357,28.61489693031899,13.736027655463792,True,0,False,21,85.20747447034695,0,372,4539719,40.12194270393479
2024-01-01 00:45:00,node-us-west-2a-01,us-west-2,2a,shard-003,188,24.071019274453064,72.95180305393667,39.26732565500734,42.2893749755615,56.14215061853237,12.853325662905958,7.567296356566832,True,0,True,0,90.12204108160097,0,71,2341695,49.86768014008475
2024-01-01 00:45:00,node-us-west-2b-02,us-west-2,2b,shard-004,282,26.707497868244953,41.32482903200921,44.30261090886275,49.09874059916786,72.81638332155502,25.71073173480258,14.738207689324259,True,0,False,11,96.58150853590116,0,218,1215202,51.06860891470291
2024-01-01 00:45:00,node-eu-west-1a-01,eu-west-1,1a,shard-002,276,26.282340543459497,78.70817404414942,63.62839164554572,58.8834304016811,86.17171099462097,19.18352983090973,14.449254334828945,True,0,False,8,85.53160778570034,0,231,4453013,27.476564672433987
2024-01-01 01:00:00,node-us-east-1a-01,us-east-1,1a,shard-001,455,29.366487110254354,74.68028314026836,69.12136590271236,85.07779576111705,150.38086978712323,36.62664222978673,23.620987758210614,True,0,True,0,91.58834735297799,0,68,3915744,65.05875260205032
2024-01-01 01:00:00,node-us-east-1b-02,us-east-1,1b,shard-002,825,38.25338973715578,76.52889841464159,43.84623708699804,175.0465086281916,206.26722048863675,76.27778136920274,41.93257474409517,True,0,False,10,95.8182965216075,0,312,1929507,22.72635926103196
2024-01-01 01:00:00,node-us-east-1c-03,us-east-1,1c,shard-001,190,24.23286395733931,48.700629330959316,67.02243070852964,41.96634648906208,54.073641209672054,18.095651612943776,7.725044050024367,True,0,False,24,90.04825829718976,0,462,1463925,69.36878445795108
2024-01-01 01:00:00,node-us-west-2a-01,us-west-2,2a,shard-003,278,25.341561881428035,71.61415147154271,51.12216927786545,63.637445149006474,74.74124469606191,24.713933641201624,12.087038003208326,True,0,True,0,87.84071563099572,0,176,3744269,47.67256260426493
2024-01-01 01:00:00,node-us-west-2b-02,us-west-2,2b,shard-004,366,28.685108784852744,61.86242780608707,53.61029702304414,67.72559177720831,120.27402411978018,34.32258355317836,17.14995991240248,True,0,False,17,88.59225285117925,0,89,1524853,81.27554291270046
2024-01-01 01:00:00,node-eu-west-1a-01,eu-west-1,1a,shard-002,558,30.995429988726453,41.77956509169823,43.19193279869533,133.25042023932588,134.4064631428773,41.44592926533644,23.24040084427297,True,0,False,19,85.30526414662843,0,345,2695863,81.2248967515647
2024-01-01 01:15:00,node-us-east-1a-01,us-east-1,1a,shard-001,774,38.151444686159756,46.390989602818365,69.37336395858017,154.10727363317957,232.13533426835411,56.73639711441082,37.83354478808148,True,0,True,0,91.78579453254562,0,66,4208515,71.68119474752353
2024-01-01 01:15:00,node-us-east-1b-02,us-east-1,1b,shard-002,429,26.884499890052716,76.03531102053356,48.25961287632462,93.12089261392782,109.27801379152291,31.774654068955137,25.71976579736706,True,0,False,24,96.08550761670487,0,223,3678569,41.515886449946954
2024-01-01 01:15:00,node-us-east-1c-03,us-east-1,1c,shard-001,305,25.67077522927527,56.7266281997377,61.30526860669617,68.38201717410827,109.54879459062688,21.4717757276353,17.28581507740755,True,0,False,3,90.49746969105689,0,245,3753483,75.32562397847474
2024-01-01 01:15:00,node-us-west-2a-01,us-west-2,2a,shard-003,532,28.922506706146677,67.24001592082973,53.32677016911432,115.69892737856728,177.68408439932935,39.296738661253606,30.7212337926758,True,0,True,0,87.49138819913412,0,287,3878126,30.542328292741317
2024-01-01 01:15:00,node-us-west-2b-02,us-west-2,2b,shard-004,430,28.476996681759942,66.42479018966525,35.20648401552004,90.84263108161434,114.5531129322779,33.529434864768646,19.871951837748767,True,0,False,2,96.23209927603658,0,268,1744014,89.1515207596971
2024-01-01 01:15:00,node-eu-west-1a-01,eu-west-1,1a,shard-002,433,28.989639149508612,79.70024241603889,34.35831710875378,94.00669030536244,117.07648145015918,40.583493584565524,21.38359621480668,True,0,False,6,89.21811318062247,0,274,1265013,68.17396002823608
2024-01-01 01:30:00,node-us-east-1a-01,us-east-1,1a,shard-001,642,33.5779751132625,51.070991995484505,37.033552209172264,119.31809385245141,169.070378292594,56.977602311994204,37.292932151230715,True,0,True,0,88.90497712362104,0,107,4070570,56.282762327103356
2024-01-01 01:30:00,node-us-east-1b-02,us-east-1,1b,shard-002,406,27.291026241245767,71.55164093638389,67.77570054572345,71.48196769756073,97.5298797959897,30.563505871341526,19.178330346284046,True,0,False,27,92.6571393711796,0,235,3848602,86.62286371049122
2024-01-01 01:30:00,node-us-east-1c-03,us-east-1,1c,shard-001,747,34.42993389711887,67.36196750682304,35.2718447066914,162.92623933528535,211.47155744616907,57.11709727327153,37.421871417451456,True,0,False,45,89.35881154769163,0,292,4808642,83.60474325341315
2024-01-01 01:30:00,node-us-west-2a-01,us-west-2,2a,shard-003,224,23.750842189196714,41.057175477293306,66.95447621151388,50.50978050103101,65.95408864937266,19.298293006998477,11.98515074358872,True,0,True,0,88.42103578364863,0,462,4638191,41.66891126108827
2024-01-01 01:30:00,node-us-west-2b-02,us-west-2,2b,shard-004,237,25.61581286933272,68.22119219138031,31.39385432570272,38.37020628584936,70.37364538795886,18.011279218276016,11.716432101217098,True,0,False,3,86.9248257506389,0,332,3326738,44.17970109780414
2024-01-01 01:30:00,node-eu-west-1a-01,eu-west-1,1a,shard-002,406,28.1423418161503,44.91668966681438,61.94251124464015,72.41597988323102,141.60775725260154,35.92024267223477,20.299659373944877,True,0,False,35,93.38679797412783,0,477,1040229,54.483345212431644
2024-01-01 01:45:00,node-us-east-1a-01,us-east-1,1a,shard-001,993,43.69315205061444,44.21513788922204,61.63367516388187,217.86349560295537,275.99748812608897,73.0795976050362,56.727233621618026,True,0,True,0,94.10249057540308,1,67,4522822,83.50854642626445
2024-01-01 01:45:00,node-us-east-1b-02,us-east-1,1b,shard-002,262,25.260757879561297,56.24999660950885,57.76598301476871,46.50858192061401,83.83093790479006,20.040136225117394,13.797748115729783,True,0,False,49,94.49422021672503,0,361,1426244,42.729983144686834
2024-01-01 01:45:00,node-us-east-1c-03,us-east-1,1c,shard-001,439,29.151912070613577,72.46871774907345,62.92824456801425,80.10129647306239,140.27830005517035,35.250240864963374,18.490757038641373,True,0,False,17,87.53861624027384,0,336,1951381,71.54726977029773
2024-01-01 01:45:00,node-us-west-2a-01,us-west-2,2a,shard-003,647,30.858888782593514,73.27288145745611,62.95173747305416,126.3033587994684,158.33180300116268,44.09035010347335,26.424100518085748,True,0,True,0,96.39504691760334,0,227,4552428,89.38698425120666
2024-01-01 01:45:00,node-us-west-2b-02,us-west-2,2b,shard-004,539,32.83218325709867,74.63403501376509,52.33908405879335,97.88315619585038,175.8890818693354,36.34280440089361,21.780815598884047,True,0,False,10,90.65182203577157,0,251,2379226,21.751156256285846
2024-01-01 01:45:00,node-eu-west-1a-01,eu-west-1,1a,shard-002,360,26.4224970036452,72.82203095973026,69.27627905522101,74.38313458094362,108.84839892115106,29.210558963499693,17.38991034407936,True,0,False,22,92.6916478508463,0,431,1751251,55.02313037484477
2024-01-01 02:00:00,node-us-east-1a-01,us-east-1,1a,shard-001,439,29.492340448075133,74.51592327088349,50.42328288269312,84.75217624593402,133.48029707773028,34.197409557181736,22.17847724041816,True,0,True,0,92.11212765794356,0,228,2495322,35.59182757047508
2024-01-01 02:00:00,node-us-east-1b-02,us-east-1,1b,shard-002,489,29.2455412969571,73.39456958353807,69.61466317605169,99.25984204606027,131.21313824299253,34.83365356732305,22.433620797419767,True,0,False,45,86.19544353917739,0,132,3105066,96.63474494034287
2024-01-01 02:00:00,node-us-east-1c-03,us-east-1,1c,shard-001,783,37.851683519520996,50.914584658605705,30.64431044337901,164.90481720494597,218.44830730899338,69.11300238125756,37.798328193189825,True,0,False,43,92.95555509123888,1,86,2544894,80.70224684912192
2024-01-01 02:00:00,node-us-west-2a-01,us-west-2,2a,shard-003,366,26.393253419681418,47.531709207323935,35.26611890832278,71.84270416687298,126.06429377405405,26.038430634810204,16.9490271926118,True,0,True,0,96.26377096904879,0,339,3951806,96.59701008662441
2024-01-01 02:00:00,node-us-west-2b-02,us-west-2,2b,shard-004,497,31.77040218425917,60.48773353306582,55.96068984989466,80.16243583434603,144.72352601931715,35.66601258191863,20.566712232577274,True,0,False,49,86.24474978726889,0,422,1213935,57.33987922428753
2024-01-01 02:00:00,node-eu-west-1a-01,eu-west-1,1a,shard-002,208,24.978794840370334,54.96333196395007,43.44196181017216,39.35669703968896,72.31870190251887,14.150758368387352,10.36613233552235,True,0,False,28,85.74737782516982,0,217,3676746,98.82483991580906
2024-01-01 02:15:00,node-us-east-1a-01,us-east-1,1a,shard-001,327,25.32050168071335,46.71913268024603,38.735163929495336,75.09625536526214,113.88956302015278,22.88156657575457,19.453077042558803,True,0,True,0,90.90902565541954,0,361,4613066,66.46111157114808
2024-01-01 02:15:00,node-us-east-1b-02,us-east-1,1b,shard-002,245,25.278579920239295,65.35915221725435,31.646020689056506,56.35167437467585,69.24743142274657,15.96381256691147,10.595895051858323,True,0,False,45,90.69566824655499,0,406,3240121,88.82379572207176
2024-01-01 02:15:00,node-us-east-1c-03,us-east-1,1c,shard-001,640,30.368067349594348,70.448641155908,48.98657101157699,143.08855669625817,162.40501315484443,60.539296536836154,28.11548802473698,True,0,False,3,91.46253146406487,0,243,4519566,27.750751785291563
2024-01-01 02:15:00,node-us-west-2a-01,us-west-2,2a,shard-003,390,28.60594361169707,45.106331289642185,65.66784084411661,88.25656771852115,135.42931357018165,29.156274529896017,16.265121175518985,True,0,True,0,90.25360860580359,0,201,2721925,77.94069287623532
2024-01-01 02:15:00,node-us-west-2b-02,us-west-2,2b,shard-004,327,25.639759183048255,71.89000045204028,53.89180385602351,78.30243538044942,98.31601005830579,30.67190489867297,15.168392738247668,True,0,False,38,91.30277175627755,0,137,3743143,81.80641888860599
2024-01-01 02:15:00,node-eu-west-1a-01,eu-west-1,1a,shard-002,315,27.067728639248898,52.38653758359877,39.77867408500963,65.63014264159949,90.38626911028862,27.739644818425763,15.775134925831688,True,0,False,5,88.15513165720334,0,221,2135473,40.647663540265704
2024-01-01 02:30:00,node-us-east-1a-01,us-east-1,1a,shard-001,438,28.287365851110597,54.81648081414465,38.20639948575111,100.25297151822217,122.42682582516098,30.96515011289469,22.3446182480941,True,0,True,0,91.20752024949927,0,388,2458095,56.707577681482846
2024-01-01 02:30:00,node-us-east-1b-02,us-east-1,1b,shard-002,572,31.448250747054416,66.17774108416839,60.528302083462016,125.84503673016604,196.4167819997235,51.06821564622779,29.90345508495445,True,0,False,25,92.32331386271129,0,184,1430494,38.99839922217033
2024-01-01 02:30:00,node-us-east-1c-03,us-east-1,1c,shard-001,491,30.056928102946323,47.10933698928439,64.38331656368717,111.24786557805612,175.1866062441736,42.884882063634635,22.60921436838722,True,0,False,25,88.92229993521835,0,57,3367365,94.78960980024034
2024-01-01 02:30:00,node-us-west-2a-01,us-west-2,2a,shard-003,425,27.083910149281117,42.15291197849495,63.646060970716235,80.76986998608903,139.5654472251094,33.25609711850165,20.186288910451353,True,0,True,0,91.57445771056597,0,386,1068831,25.82535296154945
2024-01-01 02:30:00,node-us-west-2b-02,us-west-2,2b,shard-004,225,25.165465520380646,78.7171898574712,49.91560976566412,36.69773892485433,55.599913612547866,20.76187338092644,9.514059354562638,True,0,False,37,97.36076315316001,0,498,1964372,99.79258205695957
2024-01-01 02:30:00,node-eu-west-1a-01,eu-west-1,1a,shard-002,132,22.37990248924228,58.76143208968123,53.58974618716438,24.396421321556236,42.52464139337261,11.282527738270119,5.85644862567804,True,0,False,28,89.08444079864137,0,245,1426490,88.7122401148417
2024-01-01 02:45:00,node-us-east-1a-01,us-east-1,1a,shard-001,682,31.67821797554501,59.63461232215434,38.924530523295786,120.19531597938364,197.81062891496467,61.93085641904638,36.05877628514471,True,0,True,0,88.0376609716474,0,278,3666787,34.436235726925304
2024-01-01 02:45:00,node-us-east-1b-02,us-east-1,1b,shard-002,699,32.633608500933555,41.3443513823888,47.85102929891673,154.3019596045775,192.75087544974437,51.00195203037724,31.14094951519551,True,0,False,15,86.0135684863808,0,267,4660328,57.78462646094793
2024-01-01 02:45:00,node-us-east-1c-03,us-east-1,1c,shard-001,720,32.485471008711556,78.64353884005283,61.62220527626657,139.3734752751871,202.46769351214726,55.30913712281245,42.97291926385418,True,0,False,23,95.33984826012953,0,421,3809818,60.317209363297415
2024-01-01 02:45:00,node-us-west-2a-01,us-west-2,2a,shard-003,543,30.421731324944638,47.42187803316175,53.15306699658959,98.40616234916148,131.58164313326895,52.099129892494396,22.604158672673304,True,0,True,0,93.00973798296046,0,350,4720440,21.33871164935039
2024-01-01 02:45:00,node-us-west-2b-02,us-west-2,2b,shard-004,476,29.270333804073452,62.14503779913107,44.18478110149417,87.37163607028023,155.1654856934059,37.711207995612774,28.061319874107955,True,0,False,12,89.14795161066391,0,500,2479798,66.03331226203645
2024-01-01 02:45:00,node-eu-west-1a-01,eu-west-1,1a,shard-002,185,23.79927064167192,57.76646012818233,51.0604230036122,37.27175073818643,56.88635197604218,17.40279720448994,10.076286736805699,True,0,False,47,87.4548864302361,0,243,1881172,43.48706156624273
2024-01-01 03:00:00,node-us-east-1a-01,us-east-1,1a,shard-001,494,28.836169269512233,65.25276396673675,64.81565049904914,110.82563424331215,148.76966894427977,40.48098567846832,27.68691474744584,True,0,True,0,87.6672976432198,0,447,1729574,63.87784772864343
2024-01-01 03:00:00,node-us-east-1b-02,us-east-1,1b,shard-002,566,30.067885427032145,75.72062812061858,39.5949394759281,127.81560630916056,202.24505582094488,49.47412865408093,24.36517058699614,True,0,False,33,93.28019945178583,0,239,3225108,95.0652588131171
2024-01-01 03:00:00,node-us-east-1c-03,us-east-1,1c,shard-001,474,30.361167178411115,56.66297490749915,37.917554924086645,87.38793233493857,131.24654911427854,31.24432574683991,25.439635385350954,True,0,False,44,90.46716815222184,0,141,2398219,96.21715886242018
2024-01-01 03:00:00,node-us-west-2a-01,us-west-2,2a,shard-003,162,23.428469515221728,48.91460152737383,63.08275238268258,29.324857714940254,46.665052879833276,11.267505613391023,7.405386739279115,True,0,True,0,95.17442202379678,0,205,1879341,91.42803104725579
2024-01-01 03:00:00,node-us-west-2b-02,us-west-2,2b,shard-004,419,29.402497791015676,64.30078780343138,40.881632088669264,93.0114120142215,112.88412310009868,37.38567445883075,24.706488971713902,True,0,False,28,86.06332440701378,0,365,1390394,34.92207171169487
2024-01-01 03:00:00,node-eu-west-1a-01,eu-west-1,1a,shard-002,246,24.48123232722716,70.50320770354489,30.002462249102827,49.469399306853965,78.857178381606,22.090084261957934,11.782967263924672,True,0,False,4,90.22520400155778,0,467,4941915,51.040763531261526
2024-01-01 03:15:00,node-us-east-1a-01,us-east-1,1a,shard-001,338,27.059523417608865,60.37412723006013,63.611929754979414,65.58584506381341,83.60981611615485,22.309750424299633,16.052817915716908,True,0,True,0,92.6775563691357,0,452,4695766,64.86721434227675
2024-01-01 03:15:00,node-us-east-1b-02,us-east-1,1b,shard-002,755,34.98723997574413,62.94470567434132,62.726467318163294,150.1962840025551,210.2243545216564,57.17560215339809,44.95678040960026,True,0,False,41,90.38135535926337,0,476,3790146,59.97724345832185
2024-01-01 03:15:00,node-us-east-1c-03,us-east-1,1c,shard-001,556,29.715556633942445,66.06403918839311,63.005784002978686,127.68633592443354,142.45744256889452,38.33951939120971,26.59143132379234,True,0,False,37,85.81236432778981,0,292,2909989,25.456806845415343
2024-01-01 03:15:00,node-us-west-2a-01,us-west-2,2a,shard-003,233,24.06540291968664,52.80887906136509,40.22092292649327,50.009295136357146,56.56319644557836,16.76683277817906,10.10320460255188,True,0,True,0,87.39359138735394,0,329,4554927,80.40161194907542
2024-01-01 03:15:00,node-us-west-2b-02,us-west-2,2b,shard-004,367,26.66616639164542,73.17769372777853,67.92457772356195,60.14366268947227,90.38873490343606,26.861592128004308,21.413066565010222,True,0,False,34,91.54441818904398,0,53,4741389,27.304037526212113
2024-01-01 03:15:00,node-eu-west-1a-01,eu-west-1,1a,shard-002,219,24.112707704329974,78.00026054639173,61.07291047510276,42.640094643870825,54.07628634042919,18.0774392925253,10.366198396261602,True,0,False,4,94.45321919681956,0,365,4112926,67.04608404681035
2024-01-01 03:30:00,node-us-east-1a-01,us-east-1,1a,shard-001,653,33.8720611649788,48.6433023185821,65.57531677944463,120.2943919841035,182.59055543372554,42.187507668703766,35.88417716248818,True,0,True,0,91.3925703866673,0,325,1994206,49.724043657983046
2024-01-01 03:30:00,node-us-east-1b-02,us-east-1,1b,shard-002,540,32.472543415039034,64.3085166670028,46.64329829484409,103.35098132960984,156.77917555072713,41.166366876839845,23.19334701804908,False,141,False,15,88.83146867103163,0,172,3432094,25.843606480432626
2024-01-01 03:30:00,node-us-east-1c-03,us-east-1,1c,shard-001,549,29.277321608533395,61.33004761434906,69.32203118283736,110.4358917702358,155.44333501185739,35.80652555576017,24.665536062832384,True,0,False,40,86.80842145577846,0,108,3328484,52.48725428731582
2024-01-01 03:30:00,node-us-west-2a-01,us-west-2,2a,shard-003,355,28.306973640358166,61.42979875223553,48.46540939400036,66.36617308468861,118.3820709576616,29.209677541919437,15.50412585906265,True,0,True,0,85.0888673093744,0,456,3683907,86.67131790060715
2024-01-01 03:30:00,node-us-west-2b-02,us-west-2,2b,shard-004,420,26.74051245440336,57.06704437924478,49.02991522260747,83.44124525810912,138.812354717249,35.53799807272809,24.536334737116974,True,0,False,25,97.30962103221833,0,124,4659013,41.56553864967069
2024-01-01 03:30:00,node-eu-west-1a-01,eu-west-1,1a,shard-002,292,25.746185810597385,61.38520293979815,42.34087397809781,62.03002702762114,93.35662129599464,25.09765352730997,16.99047364128845,True,0,False,34,91.20962029355178,0,136,1678721,37.8187184999546
2024-01-01 03:45:00,node-us-east-1a-01,us-east-1,1a,shard-001,562,29.85793126114465,72.4486945758015,48.11906526724144,130.63083387107542,195.3253605041711,49.101232619703474,22.62295572736684,True,0,True,0,95.35967157951951,0,231,2169866,53.95778241222844
2024-01-01 03:45:00,node-us-east-1b-02,us-east-1,1b,shard-002,459,28.504345995450524,61.276852878745416,66.21832843132451,100.86775852425711,131.13427635455272,35.173429907116684,26.82966982225659,True,0,False,49,96.75953737832074,0,209,1771023,92.98683858364807
2024-01-01 03:45:00,node-us-east-1c-03,us-east-1,1c,shard-001,480,28.085180531412018,68.87568076592426,47.34985123790288,81.14036363215696,131.19308387978708,39.71659778531524,23.647231955294806,True,0,False,20,89.11517878356136,0,100,2959316,76.38431906177023
2024-01-01 03:45:00,node-us-west-2a-01,us-west-2,2a,shard-003,426,29.17026527281147,78.30510710551201,56.29999243837091,92.70386601863292,140.95513057184885,36.727303461092305,23.517415778245137,True,0,True,0,87.13537065570381,0,256,4968403,42.6561371355761
2024-01-01 03:45:00,node-us-west-2b-02,us-west-2,2b,shard-004,283,24.887751257383428,48.24925831642927,34.181961354348694,62.577133887549444,94.41280947493279,22.932753133361008,15.41566094583501,True,0,False,36,90.14036598510798,0,423,2330770,45.84199568297376
2024-01-01 03:45:00,node-eu-west-1a-01,eu-west-1,1a,shard-002,457,28.50018181502736,40.517097641452814,57.22597773553666,75.49263500519392,140.096360594763,37.747682989978735,23.20621386177651,True,0,False,8,90.82491128536606,0,367,2572893,30.19779338066644
2024-01-01 04:00:00,node-us-east-1a-01,us-east-1,1a,shard-001,494,31.319034695404326,67.74790341360935,62.1952730717396,107.44681783260079,177.1414061102304,46.46683784735118,19.78504107767334,True,0,True,0,90.65895890175993,0,304,3090027,50.7396355575323
2024-01-01 04:00:00,node-us-east-1b-02,us-east-1,1b,shard-002,563,32.931233880834654,75.4348317199738,37.93905583518459,98.5624623962089,168.81343456819832,51.112712060599016,30.228936382934076,True,0,False,12,95.09912008614324,0,339,1396807,87.43809055985638
2024-01-01 04:00:00,node-us-east-1c-03,us-east-1,1c,shard-001,245,25.544945140543774,47.384413250701215,33.298282000015476,42.95708373417082,78.2391973125584,15.863736279938385,12.731658335240152,True,0,False,36,88.93881776718622,0,134,3638359,75.17892152361046
2024-01-01 04:00:00,node-us-west-2a-01,us-west-2,2a,shard-003,434,29.758998299626388,46.54091730726051,31.959963002409925,72.30398683268433,123.31074212106306,39.7647975100687,18.090342715081576,True,0,True,0,92.57311023003565,0,220,1046195,38.35216448691044
2024-01-01 04:00:00,node-us-west-2b-02,us-west-2,2b,shard-004,279,24.527983552460842,50.93203123604924,65.52776747333502,60.77070172539242,71.58717173478846,23.513832262290602,15.451401893205075,True,0,False,37,96.001784785215,0,184,3108223,99.44558978877527
2024-01-01 04:00:00,node-eu-west-1a-01,eu-west-1,1a,shard-002,357,28.156267391257884,70.30193862092108,50.54615945004339,80.08533898810713,96.61484011054485,30.67816065477171,15.629928002705288,True,0,False,7,91.22091755482369,0,349,3956573,57.909897622251705
2024-01-01 04:15:00,node-us-east-1a-01,us-east-1,1a,shard-001,344,26.317791680383014,75.34339096285662,32.43336111571845,69.78995212166343,100.14730555309184,26.694073823341892,19.135844075822522,True,0,True,0,90.28051865707035,0,118,1479447,64.88716496096868
2024-01-01 04:15:00,node-us-east-1b-02,us-east-1,1b,shard-002,273,26.31827674689555,42.615454466751956,61.476386929171,47.70019077781712,83.9806001553267,22.115809951769073,13.90116180937332,True,0,False,27,86.64160907246816,0,383,1007670,71.7927211371652
2024-01-01 04:15:00,node-us-east-1c-03,us-east-1,1c,shard-001,198,23.66715284227643,43.288559577320065,44.25474535598637,32.05825434926904,70.11595544739083,16.16444821584156,8.854823315384598,True,0,False,40,86.01088379059404,0,342,3416048,69.04784586139444
2024-01-01 04:15:00,node-us-west-2a-01,us-west-2,2a,shard-003,279,24.482968286706235,50.09839357858276,59.85001407290583,63.40323818483901,68.02793141783232,23.30985322055073,15.909130647463153,True,0,True,0,93.68004843885277,0,472,2391238,73.35788142097755
2024-01-01 04:15:00,node-us-west-2b-02,us-west-2,2b,shard-004,230,24.367869231639688,58.912769434544515,47.39140526453231,44.860906271687384,62.10297180373351,14.74701371390075,10.271921905208535,True,0,False,7,92.37298574703598,0,365,3944597,85.2960317924222
2024-01-01 04:15:00,node-eu-west-1a-01,eu-west-1,1a,shard-002,441,29.788213407437294,69.36758413940109,57.01355808470144,91.13381454633496,112.91205291658915,39.387783558234304,19.761123250727895,True,0,False,17,92.46503437377888,0,440,1344906,57.99963505546795
2024-01-01 04:30:00,node-us-east-1a-01,us-east-1,1a,shard-001,682,33.31016622183083,59.42637517739675,40.24329482080343,138.5124419733204,179.41499573874017,54.67370820630247,29.579099443909552,True,0,True,0,95.35514495321632,0,301,3157908,44.79753786807943
2024-01-01 04:30:00,node-us-east-1b-02,us-east-1,1b,shard-002,594,30.53531595248178,40.50258770411784,44.33253552993853,137.51936946026044,169.3143305071931,52.333719112606545,23.76196442882618,True,0,False,27,93.72244539742604,0,215,2328650,34.50530130774094
2024-01-01 04:30:00,node-us-east-1c-03,us-east-1,1c,shard-001,187,23.731222563910265,61.42005454649265,46.37302544691413,36.350852656325266,54.103226585274896,16.309138116877502,10.381443928395443,True,0,False,22,95.34287012187838,0,484,4366095,86.19032222271933
2024-01-01 04:30:00,node-us-west-2a-01,us-west-2,2a,shard-003,376,26.390514816419568,59.88177840392461,51.14585728194319,60.57326857045044,94.43025411289996,28.356961289903243,21.01340313552231,True,0,True,0,85.59425163232511,0,266,2731700,90.10529361753991
2024-01-01 04:30:00,node-us-west-2b-02,us-west-2,2b,shard-004,498,31.34814262042338,79.67055394547359,69.6768183858201,105.82513647228184,120.63282856520749,35.12085137643945,21.907061615445762,True,0,False,33,86.01726781206156,0,198,2103747,68.96518042847885
2024-01-01 04:30:00,node-eu-west-1a-01,eu-west-1,1a,shard-002,132,22.587775199273253,51.98579243773703,56.123176674014054,27.73654572167455,41.54613131747405,11.102197496728326,6.451015150865026,True,0,False,17,96.85010442346483,0,406,1748150,27.993195677351537
2024-01-01 04:45:00,node-us-east-1a-01,us-east-1,1a,shard-001,752,33.95857154005308,69.76301974825739,64.27261075404004,161.77639651286427,222.6896766512844,53.3158608065369,41.873191630104245,True,0,True,0,86.62777740435496,0,491,1840351,94.23647121414238
2024-01-01 04:45:00,node-us-east-1b-02,us-east-1,1b,shard-002,397,28.362392499022995,44.79563209053786,35.45081891250177,82.43858372447067,132.9063631008833,33.552165169994566,17.551287080532806,True,0,False,23,90.77854692003444,0,121,4812534,33.25232493135963
2024-01-01 04:45:00,node-us-east-1c-03,us-east-1,1c,shard-001,680,31.24718890019846,58.95002691226383,56.96383136222284,110.85542139843375,206.3184524452041,61.79647037650968,28.089395463311178,True,0,False,32,89.12397007431284,1,350,2753161,51.889266439556394
2024-01-01 04:45:00,node-us-west-2a-01,us-west-2,2a,shard-003,205,24.35743624187852,62.083446412533256,57.48001436644547,40.45989623293479,61.127070592958425,13.367809416448786,9.397377756178848,True,0,True,0,85.272813712497,0,305,1292013,31.65011395771126
2024-01-01 04:45:00,node-us-west-2b-02,us-west-2,2b,shard-004,249,25.33494141928803,71.48521479651964,65.2854140675284,50.609346218534625,88.67360614855842,23.036696000143053,13.013210140524773,True,0,False,38,91.5367073593607,0,316,3097135,90.29606325524591
2024-01-01 04:45:00,node-eu-west-1a-01,eu-west-1,1a,shard-002,633,30.29024400906284,43.644178196335595,53.24355469884338,130.29480179791875,222.32162343227924,46.93431145250002,27.988844790094085,True,0,False,47,92.53224325279956,0,92,1339987,54.908497458424755
2024-01-01 05:00:00,node-us-east-1a-01,us-east-1,1a,shard-001,529,31.960136516118325,69.60371159061113,36.3124925828857,126.8734177210646,138.23730249545633,48.68813052871086,26.475086686036963,True,0,True,0,87.13291660088807,0,446,1156555,23.627408000518564
2024-01-01 05:00:00,node-us-east-1b-02,us-east-1,1b,shard-002,482,29.122582055580736,71.7225978555907,56.226207657842835,82.46530022004839,155.3456807473338,31.031040526496124,28.56456175696074,True,0,False,22,97.39369899614876,0,496,4840312,93.61375969997833
2024-01-01 05:00:00,node-us-east-1c-03,us-east-1,1c,shard-001,728,33.02962215216531,51.70456041198712,57.152937196499416,144.02418847344393,177.0321232545375,53.963098396210114,39.69984022417642,True,0,False,14,91.98806812344426,0,161,3465650,71.70852783579025
2024-01-01 05:00:00,node-us-west-2a-01,us-west-2,2a,shard-003,259,26.1905926395305,63.48681778694791,65.64888720662202,46.37580797861933,86.1065681104121,16.950515834733817,14.728078565118178,True,0,True,0,91.55186843431974,0,183,1548339,34.85437570175389
2024-01-01 05:00:00,node-us-west-2b-02,us-west-2,2b,shard-004,239,23.916069402176777,65.2844073176793,43.09013324624245,42.48910300659667,81.45845583987918,18.250376099353332,11.918054175602188,True,0,False,38,94.827825005883,0,256,1621737,70.07364289855015
2024-01-01 05:00:00,node-eu-west-1a-01,eu-west-1,1a,shard-002,479,29.26401020684787,76.68800212077925,34.51487951787064,92.63902274236345,163.7364052518577,42.58265653243064,22.24265213485228,True,0,False,47,91.1650193862155,0,411,1492755,39.22520310830933
2024-01-01 05:15:00,node-us-east-1a-01,us-east-1,1a,shard-001,902,40.85332202613395,68.72920069578245,60.43796277682433,160.98668796357742,264.98883680878976,84.31123053458523,49.272649981692744,True,0,True,0,90.81986534197083,1,323,2543502,83.40319699381627
2024-01-01 05:15:00,node-us-east-1b-02,us-east-1,1b,shard-002,495,30.478612794771188,52.116404402833496,36.13948068244058,81.56333911825915,133.97476838453193,34.79380255002958,23.662196006782207,True,0,False,39,89.78547714022392,0,466,1003013,69.31424582365537
2024-01-01 05:15:00,node-us-east-1c-03,us-east-1,1c,shard-001,595,29.749393606109678,67.49286646470924,65.76402958601918,126.04181340360655,155.25165264056068,54.69663290841409,28.582356600141203,True,0,False,38,89.7159654409793,0,245,4442681,57.32129720109572
2024-01-01 05:15:00,node-us-west-2a-01,us-west-2,2a,shard-003,276,26.500661216847035,57.91263438507664,69.69805284250543,63.31280588596049,77.81881986978193,23.589232779420396,12.011819029574747,True,0,True,0,86.09466064481217,0,109,3262100,65.7331031553123
2024-01-01 05:15:00,node-us-west-2b-02,us-west-2,2b,shard-004,198,23.377079888107403,79.04612197481616,45.769025895746296,44.99385980187404,69.68669584450892,14.050687318411535,9.896393405121293,True,0,False,29,94.48507724518738,0,127,4263915,91.59607539806773
2024-01-01 05:15:00,node-eu-west-1a-01,eu-west-1,1a,shard-002,517,29.782377524339672,41.41775998225826,63.66898131438531,91.5344580295872,153.9058496911695,49.139680243159106,22.15015893969502,True,0,False,23,96.10675051728018,0,216,2179699,43.84586326026569
2024-01-01 05:30:00,node-us-east-1a-01,us-east-1,1a,shard-001,619,30.994461212594878,76.40193263519411,69.43086079205179,116.171287872258,204.81605302585513,52.99739749085544,36.20076968852604,True,0,True,0,97.4003380840166,0,473,4776848,95.29195745802879
2024-01-01 05:30:00,node-us-east-1b-02,us-east-1,1b,shard-002,463,29.387629633201918,49.7440615471147,56.05167596754189,105.00418152488841,131.57763419150027,34.48111941908958,22.342267491512775,True,0,False,43,88.96047835881416,0,111,3866707,64.83195915323759
2024-01-01 05:30:00,node-us-east-1c-03,us-east-1,1c,shard-001,437,28.255467335813158,70.11317291816357,43.06776258525666,70.38123099856617,142.6974353533901,35.115636222250984,25.240196355319355,True,0,False,38,86.84544949014617,0,480,2610279,37.46817042444881
2024-01-01 05:30:00,node-us-west-2a-01,us-west-2,2a,shard-003,207,24.693571639617794,60.44383054674727,35.39150548425951,35.00593967616781,72.04426259155562,15.318126334850074,9.061909854775438,True,0,True,0,94.0698730906554,0,354,3719907,24.87757576429199
2024-01-01 05:30:00,node-us-west-2b-02,us-west-2,2b,shard-004,179,23.883769272784452,79.82034009223852,45.468398861588,40.34489023461246,59.75440054319218,16.49276374968604,7.81390107732284,True,0,False,36,94.39457665700347,0,417,1915747,59.4871651010572
2024-01-01 05:30:00,node-eu-west-1a-01,eu-west-1,1a,shard-002,130,22.25509713720331,40.84420279709851,49.408067749001795,21.91278893633059,35.030523413135526,10.514765347250627,7.720012231071229,True,0,False,24,86.6073987201818,0,422,1313694,54.38941663271031
2024-01-01 05:45:00,node-us-east-1a-01,us-east-1,1a,shard-001,387,27.624241658940754,53.3666468914376,55.47068332498853,70.09883141345148,135.78236500188672,29.79494800275777,18.400775545329545,True,0,True,0,94.16542703541101,0,281,3828377,32.046456727112364
2024-01-01 05:45:00,node-us-east-1b-02,us-east-1,1b,shard-002,407,28.628536108666395,79.30617476306094,56.531585644053806,78.80186346776824,141.9464983176522,28.02476391960207,20.996128557964568,True,0,False,17,95.89813382448654,0,477,4892000,33.01839330539313
2024-01-01 05:45:00,node-us-east-1c-03,us-east-1,1c,shard-001,401,28.083199171441866,50.16533403957593,51.68019135875922,65.98067020763486,103.34664534169188,28.097836945048943,17.120342158827757,True,0,False,24,96.35311047156316,0,348,1901209,97.65833146403934
2024-01-01 05:45:00,node-us-west-2a-01,us-west-2,2a,shard-003,177,23.338086343666767,71.3387753701297,31.111502933726634,35.197767762315046,46.96637226474849,16.919710595123117,8.677075563357691,True,0,True,0,95.62002955040964,0,304,1143178,36.5630270384462
2024-01-01 05:45:00,node-us-west-2b-02,us-west-2,2b,shard-004,139,22.482669492156138,44.03526073539425,56.232876780947535,22.678033985185465,44.955116482795816,12.817649994111472,6.030738765487096,True,0,False,42,86.37874400924125,0,75,2435625,99.56241866027719
2024-01-01 05:45:00,node-eu-west-1a-01,eu-west-1,1a,shard-002,393,27.704697988951985,41.8108455125799,30.227288705185185,83.57514741591869,118.87733851588621,33.22719123743138,21.002542528297077,True,0,False,46,90.12418692609204,0,109,2817747,73.81792703030618
2024-01-01 06:00:00,node-us-east-1a-01,us-east-1,1a,shard-001,291,25.569217871389895,58.68225877198066,44.38943055451041,64.25914015483181,92.63747516699685,18.904016357475303,16.600510521198753,True,0,True,0,97.22412866083832,0,350,1597960,74.52393733540839
2024-01-01 06:00:00,node-us-east-1b-02,us-east-1,1b,shard-002,606,32.13239248877629,75.79672994713113,33.917204295050155,128.66526558871303,201.45740119570058,43.23717022571639,25.554499580562958,True,0,False,17,93.2898300721432,0,457,2603705,31.07675019817271
2024-01-01 06:00:00,node-us-east-1c-03,us-east-1,1c,shard-001,268,24.654851272203665,66.26441011941117,67.849798952321,51.1711226061177,77.2003924595412,25.216862867667736,11.693154638713187,True,0,False,31,92.42530005948153,0,496,3490082,70.61480960558156
2024-01-01 06:00:00,node-us-west-2a-01,us-west-2,2a,shard-003,156,22.62295534472912,59.061254283265434,39.06993217416511,25.557951403495345,40.33225595120717,10.725009176578181,8.89182820638677,True,0,True,0,86.42090158608603,0,156,3594243,49.44884574071687
2024-01-01 06:00:00,node-us-west-2b-02,us-west-2,2b,shard-004,417,28.52932057839574,50.81478569148544,53.850447081554776,97.87709935231203,138.70668731263152,29.217103833387362,20.648305895946773,True,0,False,12,97.013812851965,0,494,1677809,65.00858421452907
2024-01-01 06:00:00,node-eu-west-1a-01,eu-west-1,1a,shard-002,169,23.21408597221657,72.09805526131746,32.462050238171194,40.0416630989429,54.21853303407568,16.150701448289283,9.504413809576352,True,0,False,15,91.09993460201709,0,497,4604999,43.89821301266382
2024-01-01 06:15:00,node-us-east-1a-01,us-east-1,1a,shard-001,428,28.24655426095213,50.59343932400161,69.53419790229563,76.76070615517264,106.275726148004,37.22442891676476,25.13418882055698,True,0,True,0,89.79081647645289,0,393,1869423,60.97955208042927
2024-01-01 06:15:00,node-us-east-1b-02,us-east-1,1b,shard-002,237,25.112286335182024,68.53306612020965,39.523704070172954,39.95357176621528,59.79644538514429,22.46964726974009,10.904810566341679,True,0,False,14,97.58025181922196,0,433,4979784,80.16828365441623
2024-01-01 06:15:00,node-us-east-1c-03,us-east-1,1c,shard-001,268,25.671886249007695,47.233669086660285,49.81798001223193,61.9927728601384,80.26298840917029,23.821945406915592,14.533286081850825,True,0,False,34,88.7743643111906,0,150,3152832,29.360285012569662
2024-01-01 06:15:00,node-us-west-2a-01,us-west-2,2a,shard-003,388,28.25108714536428,59.047468030397624,46.17282773300016,88.24816523475303,122.61450835600728,25.61624769418432,16.77820129358017,True,0,True,0,89.43889714488857,0,183,4281234,85.8161295936738
2024-01-01 06:15:00,node-us-west-2b-02,us-west-2,2b,shard-004,182,23.257143874020024,59.29214367917334,66.7900186508505,39.12390383718994,60.27743770617643,14.906172868371312,8.194999169385234,True,0,False,3,91.71541227409828,0,273,2592603,28.99645093009112
2024-01-01 06:15:00,node-eu-west-1a-01,eu-west-1,1a,shard-002,229,24.850982834982577,43.6055747042287,54.292435897814116,38.28856481311152,78.48043343910446,17.818145148322706,13.025479033156348,True,0,False,33,97.49085868655578,0,277,4280387,99.10298330658327
2024-01-01 06:30:00,node-us-east-1a-01,us-east-1,1a,shard-001,335,28.014855718219888,51.46299158001274,45.29062168824524,61.23877942193029,119.44445941925997,22.82008727084904,19.905882939951244,True,0,True,0,93.35314666805688,0,364,4989920,99.05074596368492
2024-01-01 06:30:00,node-us-east-1b-02,us-east-1,1b,shard-002,624,33.3139053017902,51.758723161114034,42.39324287454565,111.1653580769981,194.42262626753472,55.11662518313738,28.865965214819045,True,0,False,1,90.94185997233333,0,140,4908327,55.219923272798354
2024-01-01 06:30:00,node-us-east-1c-03,us-east-1,1c,shard-001,655,33.83234979981955,46.34059695714059,48.916360712359634,125.9668027555576,229.98590253911493,51.339188753356794,31.629581180857983,True,0,False,48,90.7309630502518,0,304,4716067,86.9872501304113
2024-01-01 06:30:00,node-us-west-2a-01,us-west-2,2a,shard-003,551,28.976802076733374,42.2498967232025,42.9690159554351,115.53536464374177,151.84146834749015,45.17438747310099,29.486455775334765,True,0,True,0,89.20990274748023,0,128,4631376,34.86571615849741
2024-01-01 06:30:00,node-us-west-2b-02,us-west-2,2b,shard-004,223,24.771883401623956,78.04351574800839,49.330110174362055,42.991285862493015,54.23845242366976,18.011134394580306,12.990006099418682,True,0,False,46,87.33216354624241,0,368,2624862,29.27458039281295
2024-01-01 06:30:00,node-eu-west-1a-01,eu-west-1,1a,shard-002,464,29.92963990630391,70.25688417735255,46.70060831075302,95.21535707745454,131.3523184547952,35.12044925427554,24.890423287906863,True,0,False,26,93.41976754204104,0,297,1266514,65.91924641559476
2024-01-01 06:45:00,node-us-east-1a-01,us-east-1,1a,shard-001,433,27.010190713666887,51.46756287329474,60.199923496910515,76.65388518820671,113.96878815475038,32.72993177615689,24.586749081853085,True,0,True,0,85.03190718202194,0,304,1491690,87.7245074804005
2024-01-01 06:45:00,node-us-east-1b-02,us-east-1,1b,shard-002,547,31.79483051317606,43.830995401732366,36.10240604584091,100.76390319072051,196.3693980552693,51.87000979434181,23.344835227283166,True,0,False,20,95.00249716871184,0,165,3701516,29.10365506302408
2024-01-01 06:45:00,node-us-east-1c-03,us-east-1,1c,shard-001,207,23.75368309719961,71.79163836494781,56.884670718898334,36.88100751898241,61.2608422278157,13.48978784633712,11.89929972725614,True,0,False,4,88.8432693519524,0,96,3303918,62.69333694071538
2024-01-01 06:45:00,node-us-west-2a-01,us-west-2,2a,shard-003,205,24.560038612683442,76.64066483090959,39.29152564980221,39.11412272996582,64.3038458597615,15.461456910644538,8.780101736589867,True,0,True,0,94.42505452971692,0,123,2844715,24.064886759341732
2024-01-01 06:45:00,node-us-west-2b-02,us-west-2,2b,shard-004,120,21.937889706625807,65.09180908927904,30.81806551051791,27.122410541370243,31.250013736093823,10.355163680962292,6.737836170292489,True,0,False,30,85.05011737474074,0,227,2680504,91.53604311314437
2024-01-01 06:45:00,node-eu-west-1a-01,eu-west-1,1a,shard-002,528,32.351522902184946,72.20652004253094,42.439364678980525,109.0522235585754,186.9359108855833,38.75063556517321,21.371255531099553,True,0,False,36,91.55121487115208,0,113,1214746,60.28935765512914
2024-01-01 07:00:00,node-us-east-1a-01,us-east-1,1a,shard-001,660,31.946235052322926,48.533931197059175,32.90411527887126,116.02039424968761,171.4061921750401,48.6987729180555,35.16097163081169,True,0,True,0,97.15843139150363,0,386,2528219,90.57964915652502
2024-01-01 07:00:00,node-us-east-1b-02,us-east-1,1b,shard-002,533,30.197552688764283,61.85332978849468,46.30439610715157,105.33647675954197,184.8486337851362,40.54273781874199,30.564361259692767,True,0,False,9,89.70218953116617,0,303,4048218,29.654544329039368
2024-01-01 07:00:00,node-us-east-1c-03,us-east-1,1c,shard-001,330,26.27362105811413,48.40865335023914,34.946988155064844,72.3498851437308,81.35625479870184,23.309592399316365,14.099625778327452,True,0,False,31,86.8817886883172,0,262,2590961,50.62949850394811
2024-01-01 07:00:00,node-us-west-2a-01,us-west-2,2a,shard-003,422,26.88277955618721,52.699869443285166,46.86553943086396,77.05707629172085,101.75251008139153,37.95615147123116,25.03739795168538,True,0,True,0,86.64914955725135,0,205,2681037,51.333920730204774
2024-01-01 07:00:00,node-us-west-2b-02,us-west-2,2b,shard-004,170,23.346381251731135,71.95997847830137,53.56116843068854,40.00511123840858,47.732715244157845,15.102472152555489,8.744369941354018,True,0,False,32,94.86303720460967,0,88,1377188,66.91973230072196
2024-01-01 07:00:00,node-eu-west-1a-01,eu-west-1,1a,shard-002,501,29.573002443629836,48.509039675162626,44.52398162457402,92.41230880230698,172.69631275361556,40.52030118903568,25.055685887538427,True,0,False,5,93.10787744605787,0,499,1803718,25.71043392304608
2024-01-01 07:15:00,node-us-east-1a-01,us-east-1,1a,shard-001,771,33.10532208076839,72.6994348050921,56.43194900099958,140.41763151909294,205.95268920058152,55.69151560096222,36.09970213431627,True,0,True,0,90.023283140927,0,306,3344531,49.362291754243984
2024-01-01 07:15:00,node-us-east-1b-02,us-east-1,1b,shard-002,171,23.64780662242491,77.07196134652852,36.25725747772006,37.488017065740586,57.16130798007872,11.37323601551198,8.042285109350802,True,0,False,19,97.87851732503069,0,179,2104784,52.43394993387377
2024-01-01 07:15:00,node-us-east-1c-03,us-east-1,1c,shard-001,602,30.510130492805406,41.79430131296841,63.98957641778898,104.5467468447923,179.07360440703306,39.023017503579034,34.898652840928484,True,0,False,2,95.55382816429105,0,331,1978450,90.22095965124711
2024-01-01 07:15:00,node-us-west-2a-01,us-west-2,2a,shard-003,245,24.087612790175964,46.80795500934507,31.223049881363195,43.50602368117105,79.89433110530581,17.463073188237434,11.840726960114035,True,0,True,0,86.53011273040995,0,474,1246636,99.26199850893195
2024-01-01 07:15:00,node-us-west-2b-02,us-west-2,2b,shard-004,444,28.11622877631162,48.3893795199366,64.9549041846482,73.97797616012859,159.75855629546305,39.83203517209656,19.64577008513631,True,0,False,15,95.02182427999719,0,72,4768334,74.24187823040796
2024-01-01 07:15:00,node-eu-west-1a-01,eu-west-1,1a,shard-002,190,23.51035067916858,40.29469754336584,43.9876123084594,41.95056368842292,48.91490005643174,18.237478862696456,9.870893220052624,True,0,False,16,85.31581062196778,0,254,3717187,95.30455392675836
2024-01-01 07:30:00,node-us-east-1a-01,us-east-1,1a,shard-001,807,38.090936974164926,67.24912863337771,64.33366758076116,188.84694360053703,199.86289328718595,64.281158220969,36.054476735550104,True,0,True,0,97.14550479325932,0,251,3928230,24.25706887997249
2024-01-01 07:30:00,node-us-east-1b-02,us-east-1,1b,shard-002,357,27.440159370339234,48.00560733431921,49.64517568278741,65.21764331441922,99.52056011006611,25.160848341784398,16.276489276436514,True,0,False,28,92.1897548364718,0,133,3659581,83.59629880920298
2024-01-01 07:30:00,node-us-east-1c-03,us-east-1,1c,shard-001,638,34.571100954097126,56.374301971672004,65.54721348647807,145.47730457707516,163.75534626115282,46.84790431999758,31.751918484434565,True,0,False,41,96.65327779744486,0,382,3935164,92.64568447053081
2024-01-01 07:30:00,node-us-west-2a-01,us-west-2,2a,shard-003,469,30.103705539896325,50.15306694530537,63.063793629397026,91.4054001129136,153.65666174029602,42.0358828313435,22.221669289346735,True,0,True,0,93.54686347312463,0,193,1574388,21.060539748499618
2024-01-01 07:30:00,node-us-west-2b-02,us-west-2,2b,shard-004,124,22.783332462874323,44.364171047266744,62.38064503349881,24.36205440986064,43.25366622471016,9.290388454726331,5.317734314007251,True,0,False,45,90.41791322867512,0,139,3538148,80.73768883584962
2024-01-01 07:30:00,node-eu-west-1a-01,eu-west-1,1a,shard-002,585,29.50322709055623,54.63148503455082,50.096204884094035,111.53882719834309,172.74423644596877,53.987990484406765,28.086867970468347,True,0,False,24,96.61625067343894,0,286,3795849,61.63207737995008
2024-01-01 07:45:00,node-us-east-1a-01,us-east-1,1a,shard-001,563,30.81930547443442,62.619485698288486,44.81582863720428,123.19606578950254,199.03964141166173,41.38922314298493,23.407742852098234,True,0,True,0,92.51288754699112,0,97,4884190,62.567791637665735
2024-01-01 07:45:00,node-us-east-1b-02,us-east-1,1b,shard-002,726,36.577819426220174,51.687420889722375,42.76431040347791,131.8957322374452,209.2399841802808,60.501432382721454,41.31487557651473,True,0,False,16,85.21142651134804,0,191,1825491,63.994096190508394
2024-01-01 07:45:00,node-us-east-1c-03,us-east-1,1c,shard-001,273,25.79536410703663,74.28681634541931,59.86062964011559,64.30774205234235,73.09186047389392,18.90048114308728,12.593010790672755,True,0,False,49,93.73979097210993,0,229,1976490,97.89541374248019
2024-01-01 07:45:00,node-us-west-2a-01,us-west-2,2a,shard-003,348,27.22086532264467,78.70795763987753,38.78321143541604,65.61370009307052,99.31112569066818,32.65189525303465,14.625342926673426,True,0,True,0,93.60423092532595,0,116,1047768,68.4010317603039
2024-01-01 07:45:00,node-us-west-2b-02,us-west-2,2b,shard-004,415,27.58033178070965,79.5111175178678,60.46242139785209,99.55176339294917,143.39567992274812,32.867966333542036,22.638396952025253,True,0,False,8,89.56141284242089,0,72,1686125,26.999849874260995
2024-01-01 07:45:00,node-eu-west-1a-01,eu-west-1,1a,shard-002,202,23.715809536620526,42.023601033488205,48.82474682786146,41.528557045274034,71.6278926543372,14.251052946532212,8.775873904194691,True,0,False,8,90.7802683008887,0,142,3636792,35.70287025412762
2024-01-01 08:00:00,node-us-east-1a-01,us-east-1,1a,shard-001,781,35.44553380595209,43.3799047762411,36.37513928202519,176.76420186186195,220.32291251676676,60.28492554920693,36.68287273655342,True,0,True,0,93.28782523009144,0,123,2260605,84.75171825215402
2024-01-01 08:00:00,node-us-east-1b-02,us-east-1,1b,shard-002,162,22.989058436349897,59.90928587334576,46.464592860284505,35.671126668842675,57.85551591408132,12.732079156896495,8.715190725900198,True,0,False,24,89.66415216468305,0,499,3880216,98.37795847332737
2024-01-01 08:00:00,node-us-east-1c-03,us-east-1,1c,shard-001,513,30.469284991332596,72.54227640360489,60.85342799586567,95.72678815924914,148.6515494201385,48.445228081597136,30.118141282710422,True,0,False,34,93.37126695573056,0,468,4406789,21.15919666515852
2024-01-01 08:00:00,node-us-west-2a-01,us-west-2,2a,shard-003,158,23.25113856036479,54.79281031427695,39.92177876128275,34.62542636412274,46.585417782895846,13.153037052230225,9.237092434142948,True,0,True,0,94.69592688028219,0,231,3209588,74.07474939637117
2024-01-01 08:00:00,node-us-west-2b-02,us-west-2,2b,shard-004,184,22.972165378237207,64.07121055919812,31.037215958760186,40.02374716781414,58.74305748708413,14.357362034137068,10.406850938261792,True,0,False,30,94.96294523711606,0,295,2949452,84.86280298353158
2024-01-01 08:00:00,node-eu-west-1a-01,eu-west-1,1a,shard-002,627,33.18437904386549,42.43137899645508,54.08796102854971,129.64567206882498,170.8537167782024,50.74036154733374,29.70359247698593,True,0,False,17,93.91152068510297,0,407,1127478,29.523560538573285
2024-01-01 08:15:00,node-us-east-1a-01,us-east-1,1a,shard-001,729,31.704640591184862,67.70302040227031,60.897166912050196,165.20977476397448,254.4226663914844,53.89782967837655,30.703929129387504,True,0,True,0,88.91285608146296,0,258,4304022,82.76748742098198
2024-01-01 08:15:00,node-us-east-1b-02,us-east-1,1b,shard-002,754,32.14258411352337,54.145584312934986,42.08866596230098,154.83550313577342,258.39668136542224,52.54039815598941,31.647886733559044,True,0,False,31,96.82884120748764,0,87,3147740,98.08209151875771
2024-01-01 08:15:00,node-us-east-1c-03,us-east-1,1c,shard-001,432,28.703049776971238,60.782555529929,68.12990458252345,95.01574539596452,152.1892119757832,37.939177948494226,19.46980432351123,True,0,False,1,94.69196719108727,0,317,3977708,38.525563013439864
2024-01-01 08:15:00,node-us-west-2a-01,us-west-2,2a,shard-003,192,23.865636159678818,62.286818463384975,60.57411003253954,37.23054168188001,49.04091326145269,16.357214584336287,8.210899696311694,True,0,True,0,92.9549518305321,0,111,1060391,28.232151321407663
2024-01-01 08:15:00,node-us-west-2b-02,us-west-2,2b,shard-004,355,27.824271539120097,53.80345274659277,51.25164250031822,81.98851375540286,119.61934752740888,33.588348791210734,20.502273708742294,True,0,False,41,92.85891137329972,0,106,1160052,64.02657403093757
2024-01-01 08:15:00,node-eu-west-1a-01,eu-west-1,1a,shard-002,246,25.662345932615573,59.767661500484415,68.94166920028839,50.159028310187836,87.64180448444873,21.624948183865232,12.331184010238525,True,0,False,33,92.45799964541443,0,288,2547866,67.44137170928033
2024-01-01 08:30:00,node-us-east-1a-01,us-east-1,1a,shard-001,348,28.074840680153507,40.314423690384324,53.04492399106232,75.27760327744797,111.44061289561505,28.62876547374878,15.66076731959151,True,0,True,0,97.12348049101985,0,134,1864530,76.68383823369675
2024-01-01 08:30:00,node-us-east-1b-02,us-east-1,1b,shard-002,533,30.178902179979538,43.489732553617046,56.440000534615706,125.08857610475455,170.504903984331,38.47979173877514,26.33567265266517,True,0,False,44,92.62883567782218,0,340,3107207,28.546077645403976
2024-01-01 08:30:00,node-us-east-1c-03,us-east-1,1c,shard-001,232,24.687784635430365,65.69435577144,57.633652693658334,50.59811241384307,77.14135892556601,21.284164644058343,10.068951382158584,True,0,False,29,88.47559181097826,0,424,1139680,62.111793385701574
2024-01-01 08:30:00,node-us-west-2a-01,us-west-2,2a,shard-003,536,28.689602339103637,41.476400334645874,64.21134795026896,125.59185442977333,187.85966991690904,37.00438954664334,27.435701530561737,True,0,True,0,89.0421069150514,0,248,4696711,28.711273997914297
2024-01-01 08:30:00,node-us-west-2b-02,us-west-2,2b,shard-004,202,24.774099620647075,68.57976854848602,45.402693638674606,41.56064785531203,59.886009803740116,19.367001597175676,11.819866719412461,True,0,False,42,92.57523692133472,0,414,3835236,34.478909778301116
2024-01-01 08:30:00,node-eu-west-1a-01,eu-west-1,1a,shard-002,235,24.78540289929186,68.52262237839402,63.47532308849303,50.862396978623345,81.36046615370816,16.181250578635897,11.736651090373961,True,0,False,5,90.32285970590225,0,430,2112531,62.82646136665038
2024-01-01 08:45:00,node-us-east-1a-01,us-east-1,1a,shard-001,842,34.83714994590004,61.68597646445798,57.891466554876985,190.0649818287186,270.50479261168385,66.15261845005897,33.83925368372768,True,0,True,0,88.26824091730133,0,149,1569638,94.72204331926446
2024-01-01 08:45:00,node-us-east-1b-02,us-east-1,1b,shard-002,572,30.00655000380322,42.10224894198807,49.02163567955154,125.0430332554546,155.48177542401936,42.06096575725249,32.291188175898704,True,0,False,24,91.2918958265104,0,50,3995849,43.63818013000221
2024-01-01 08:45:00,node-us-east-1c-03,us-east-1,1c,shard-001,255,24.22141126060596,51.15779787913348,56.233059444439974,41.143892972202785,81.5220805873337,20.2491519632027,10.306050401249516,True,0,False,20,95.0166566464631,0,178,4823986,33.004276084784664
2024-01-01 08:45:00,node-us-west-2a-01,us-west-2,2a,shard-003,490,28.471741453539423,73.11810342911619,63.65356031667175,102.81027784980586,140.1765171000299,32.39290058948861,26.883012126002804,True,0,True,0,86.2696576624592,0,494,1531878,93.51533591742714
2024-01-01 08:45:00,node-us-west-2b-02,us-west-2,2b,shard-004,460,28.81820039540771,55.395163197331215,66.60025400193835,98.90507861435462,112.55833796632311,36.16689671466872,24.39137513792203,True,0,False,27,90.84300260590962,0,364,2450265,33.28021750810562
2024-01-01 08:45:00,node-eu-west-1a-01,eu-west-1,1a,shard-002,599,31.090797967029967,75.01584127871249,33.8677120642278,131.71442781583218,199.2648938235363,53.44442838795767,29.31107023542186,True,0,False,15,88.15923269856904,0,393,3179352,87.50302190944815
2024-01-01 09:00:00,node-us-east-1a-01,us-east-1,1a,shard-001,1221,47.86942340145869,64.2180803272395,61.25201247134885,253.04767317400643,398.0562819026848,108.80152924931606,69.21930043636698,True,0,True,0,86.48085341428636,1,241,4456306,37.62904366685295
2024-01-01 09:00:00,node-us-east-1b-02,us-east-1,1b,shard-002,1198,42.607586657816434,65.42969013088012,67.78597207052678,268.067937968165,302.63940027584664,97.01621669469672,68.40821825467793,True,0,False,4,85.52394550391675,1,347,3964109,39.65039522569753
2024-01-01 09:00:00,node-us-east-1c-03,us-east-1,1c,shard-001,2809,82.54321354153305,74.93391456830733,52.59583121044564,620.7265540246173,1005.7991320567949,207.56128996685587,144.109552158113,True,0,False,38,87.90944784188521,3,365,2329412,21.232244550615064
2024-01-01 09:00:00,node-us-west-2a-01,us-west-2,2a,shard-003,1737,56.98875845680358,49.34849599003172,41.65307229943085,401.9616832196217,597.8047963176947,163.4076103892941,95.58184384257571,True,0,True,0,85.51516419705298,2,246,3374869,83.1696180059607
2024-01-01 09:00:00,node-us-west-2b-02,us-west-2,2b,shard-004,1557,55.56604223524715,62.20613984521128,35.841965490914795,319.40368971921936,483.81764699693764,106.79512403692637,91.62939875505256,True,0,False,28,92.49280257735447,2,474,2587415,96.99424775040626
2024-01-01 09:00:00,node-eu-west-1a-01,eu-west-1,1a,shard-002,1517,49.08270608049171,69.61967412765293,35.03556108265126,297.18842074752604,408.8522204148209,114.2967081146655,80.93169689141062,True,0,False,30,86.67009883578078,2,219,4295770,55.976246952148315
2024-01-01 09:15:00,node-us-east-1a-01,us-east-1,1a,shard-001,1290,44.131878981478515,49.736717385780565,53.18109624636877,223.2831696121126,350.000083752928,111.1988554024481,59.46936253015667,True,0,True,0,85.6531021737694,0,430,1908589,82.16954319834836
2024-01-01 09:15:00,node-us-east-1b-02,us-east-1,1b,shard-002,2302,58.74545765216152,63.350282008654574,33.47718251956823,481.2670965252165,769.082437770724,195.39993951419086,120.49916525331321,True,0,False,45,87.16943163362542,2,500,4111023,47.788078813283704
2024-01-01 09:15:00,node-us-east-1c-03,us-east-1,1c,shard-001,2112,58.27641318933512,67.44111492601469,61.129565017320076,345.4598813988572,634.1921732221598,192.73471683640025,88.24451228146617,True,0,False,42,88.08226270998657,1,463,1995149,36.392263369000936
2024-01-01 09:15:00,node-us-west-2a-01,us-west-2,2a,shard-003,1723,55.916653760458956,48.90377303803713,50.769047670511455,398.59554634832347,574.2613633618332,127.09714232502216,76.0965285519413,True,0,True,0,91.22358820930475,1,311,1292829,32.684252559491455
2024-01-01 09:15:00,node-us-west-2b-02,us-west-2,2b,shard-004,874,35.66811928307211,62.164986560444284,34.94632290060184,157.29935363583755,231.9760942744271,71.32520132505464,42.44908983548527,True,0,False,39,86.70327075915259,0,460,1026366,28.120146074003927
2024-01-01 09:15:00,node-eu-west-1a-01,eu-west-1,1a,shard-002,656,31.743217980016123,59.5957442170661,57.278983424874234,107.28903279783617,161.11754506574837,46.45582680811732,27.488978746050247,True,0,False,32,86.48412399170965,0,244,2840207,94.29014368141674
2024-01-01 09:30:00,node-us-east-1a-01,us-east-1,1a,shard-001,1428,43.98989187302104,40.87565738992855,59.86010695160628,309.6881866091227,384.17843853855373,107.01520722344478,85.06277998300011,True,0,True,0,88.25854785154218,0,300,2670359,39.890423027288584
2024-01-01 09:30:00,node-us-east-1b-02,us-east-1,1b,shard-002,1146,47.08323320089799,44.949381258853116,39.008867479082554,238.38381512465534,399.793415337503,97.71794708568662,47.30584429980471,True,0,False,13,95.61385403188618,0,454,4911800,81.59928852035628
2024-01-01 09:30:00,node-us-east-1c-03,us-east-1,1c,shard-001,1754,53.46051212842871,62.75562659358974,62.56880727448246,343.60080853247973,559.3195729433473,156.47560596689786,97.06136207321529,True,0,False,6,91.18487942009409,2,470,4311909,96.22791701961296
2024-01-01 09:30:00,node-us-west-2a-01,us-west-2,2a,shard-003,1480,54.740818228811136,44.23188578836741,34.73558583861476,276.3400640074225,521.9556127749374,98.17565875751029,71.02544212523232,True,0,True,0,92.3688665418985,1,301,2640259,34.46286529197374
2024-01-01 09:30:00,node-us-west-2b-02,us-west-2,2b,shard-004,1612,45.875921923888605,44.23258474355756,52.712996670489645,324.4184396478761,476.86235642216485,119.96178838845721,73.24538632148726,True,0,False,26,89.29328390915414,2,255,4749217,85.69833576067325
2024-01-01 09:30:00,node-eu-west-1a-01,eu-west-1,1a,shard-002,1202,46.14766954874693,67.17529657101377,61.75719300287997,212.76327158739366,409.0616009135717,101.81182693468439,50.18206206917231,True,0,False,47,97.65815187710923,0,378,3033014,71.59963975487673
2024-01-01 09:45:00,node-us-east-1a-01,us-east-1,1a,shard-001,2003,62.117776319173664,70.82068737795107,39.74857922422069,384.0991732778034,566.8180802442088,159.63273081250517,86.2714314371854,True,0,True,0,91.80493702979379,1,216,3234732,40.67803795155099
2024-01-01 09:45:00,node-us-east-1b-02,us-east-1,1b,shard-002,1038,39.161641420723214,47.64812473351644,64.22800068360092,230.0752933511513,298.2092856017933,98.83607896920746,55.08835990912053,True,0,False,37,90.44589464397222,0,343,2734831,97.28047593453434
2024-01-01 09:45:00,node-us-east-1c-03,us-east-1,1c,shard-001,2846,76.59712320085472,63.101004271623445,50.54530402285239,592.7105819715338,875.944506142949,236.02773397743366,160.42415528701076,True,0,False,9,96.04748056355378,4,144,2526746,84.46041060478764
2024-01-01 09:45:00,node-us-west-2a-01,us-west-2,2a,shard-003,2247,64.0997942327013,71.84912280802217,41.97565678073302,462.67943998212365,560.4251608222725,196.23530796692557,120.0148094893789,True,0,True,0,87.49551770727155,2,281,4313389,96.41446561072895
2024-01-01 09:45:00,node-us-west-2b-02,us-west-2,2b,shard-004,451,28.946665736854477,61.00634613480375,69.70665683707986,86.76556800301061,130.0720903014545,31.55540894018322,25.511503349882652,False,117,False,8,90.05457094912262,0,190,2704754,89.58255037482236
2024-01-01 09:45:00,node-eu-west-1a-01,eu-west-1,1a,shard-002,871,39.08000277192485,66.67919447088747,65.73101612977939,140.20908737550323,241.71979769742526,64.69145981764473,43.37174793822098,True,0,False,28,88.82977426061902,0,168,3336961,85.86763103953311
2024-01-01 10:00:00,node-us-east-1a-01,us-east-1,1a,shard-001,1606,47.078991257752804,76.7923782139125,34.72735278145945,350.7111960915201,500.5684683269854,105.38022874142865,68.10985597782357,True,0,True,0,94.25180324184058,1,317,4440939,66.78987582927303
2024-01-01 10:00:00,node-us-east-1b-02,us-east-1,1b,shard-002,1232,44.522111075523284,70.25400577353679,55.66877182311875,289.6373675618759,378.7517845798246,83.30596257589488,50.31889108112098,True,0,False,46,85.007550055688,0,136,3194285,43.13958795453686
2024-01-01 10:00:00,node-us-east-1c-03,us-east-1,1c,shard-001,1059,45.404577835288805,48.128154673404126,51.592801635805934,195.4330870786603,354.41405989959424,69.3560494837051,56.01982616118177,True,0,False,1,93.13976060376127,1,464,1111672,64.72066644557033
2024-01-01 10:00:00,node-us-west-2a-01,us-west-2,2a,shard-003,695,36.676161968052455,63.69086718563131,35.599065783603194,150.6598457704155,189.9875611074023,64.8099077010824,33.02624232212279,True,0,True,0,93.83427776587376,0,491,1335585,64.30417703604881
2024-01-01 10:00:00,node-us-west-2b-02,us-west-2,2b,shard-004,611,34.07246518641872,64.87089753071383,33.85750709587685,124.42256575595935,173.44429152673254,56.24962147890298,33.2494040110073,True,0,False,9,91.39929915337008,0,309,3645154,95.02183194924284
2024-01-01 10:00:00,node-eu-west-1a-01,eu-west-1,1a,shard-002,776,36.30446130943281,71.97304159747645,41.09947274559006,130.80575694203213,268.732923927352,56.72662311700479,46.29786001177932,True,0,False,49,89.63901295007116,0,247,4843746,85.32457337996289
2024-01-01 10:15:00,node-us-east-1a-01,us-east-1,1a,shard-001,1412,46.38535432804267,47.46995695277833,46.700881985852746,243.81722750307804,376.49507607700525,99.82809641890599,82.19699096803006,True,0,True,0,95.95078657983007,0,400,2868748,36.96344221662102
2024-01-01 10:15:00,node-us-east-1b-02,us-east-1,1b,shard-002,2016,64.0261535686304,61.5913674575207,38.03790102891478,340.167462851213,671.3497984604322,169.30607488085454,119.59720972394105,True,0,False,19,92.64670876678208,1,58,4957274,55.71998338301779
2024-01-01 10:15:00,node-us-east-1c-03,us-east-1,1c,shard-001,2571,78.06104988997342,64.68475393061496,39.64886183802264,549.7993999977242,726.1045180075438,216.6388354143199,152.65307332337107,True,0,False,22,89.3265079740395,2,69,2064075,29.91565814487494
2024-01-01 10:15:00,node-us-west-2a-01,us-west-2,2a,shard-003,758,37.575807326614125,44.42852170815352,58.70926424404608,159.0290935213101,202.18630665351068,59.079877640020015,36.12606566884995,True,0,True,0,86.6745684317069,0,476,2971038,62.85178932482468
2024-01-01 10:15:00,node-us-west-2b-02,us-west-2,2b,shard-004,574,30.726669318568092,73.94622647267728,58.9080451429943,93.80240594086548,161.25755613114345,49.94428422284683,33.62077604615586,True,0,False,11,91.01718426999054,0,231,4172436,41.190699759812695
2024-01-01 10:15:00,node-eu-west-1a-01,eu-west-1,1a,shard-002,1473,44.28833462997528,50.84114967975161,60.661076614686536,251.1001480883787,374.07864674566616,109.49778356584909,62.13100448110811,True,0,False,48,96.0148848127029,0,322,3392120,69.99990623177618
2024-01-01 10:30:00,node-us-east-1a-01,us-east-1,1a,shard-001,3827,100.0,59.51791608297222,60.54126407784544,780.2033965635196,1109.5696553769185,365.37240611410243,209.21325532265834,True,0,True,0,89.45846185139065,4,337,2579235,47.75888638673584
2024-01-01 10:30:00,node-us-east-1b-02,us-east-1,1b,shard-002,2129,63.52345264425494,56.13888336618075,64.86110550811006,436.4260197820532,551.4198448077931,152.15035097710896,87.4712054112743,True,0,False,3,92.97430151459594,2,436,3639320,24.55804825705563
2024-01-01 10:30:00,node-us-east-1c-03,us-east-1,1c,shard-001,1223,43.30360705448577,76.13757324991332,64.6547404777424,226.1204702296734,420.7118000544702,107.16612823430627,63.298600230218305,True,0,False,25,90.84818519530516,1,377,1354864,94.23593657554919
2024-01-01 10:30:00,node-us-west-2a-01,us-west-2,2a,shard-003,1051,44.21571343018216,47.99359210595283,43.89032885142237,195.4989392368909,262.03000778742165,91.31788601503503,52.093624634995976,True,0,True,0,90.17743044288684,1,158,4907330,94.85527317966215
2024-01-01 10:30:00,node-us-west-2b-02,us-west-2,2b,shard-004,664,33.54907801689245,51.506249247297475,65.06809879933031,127.98898495222645,216.00484864933307,63.07439148799894,33.3951760250663,True,0,False,26,95.41990789093424,0,152,3248718,31.98695915713617
2024-01-01 10:30:00,node-eu-west-1a-01,eu-west-1,1a,shard-002,1379,49.046797311334494,63.65866538295358,68.34283577824834,303.3226770386617,423.1204328293675,124.51926104132481,76.97475003769458,True,0,False,6,88.3628725966497,1,154,1387646,46.30455384070211
2024-01-01 10:45:00,node-us-east-1a-01,us-east-1,1a,shard-001,2649,78.26795185578064,67.5958674835469,61.33931877565746,442.07180892224505,850.1261975568543,173.68800636257455,115.3549732637381,True,0,True,0,95.40475961362172,2,439,4906320,82.45348432871236
2024-01-01 10:45:00,node-us-east-1b-02,us-east-1,1b,shard-002,1772,57.18820582628418,60.46539784164703,64.01986340599609,394.3685897342093,464.8576690441568,164.6112458042215,91.271807857063,True,0,False,23,93.8570134936348,1,84,2695554,91.5311412323197
2024-01-01 10:45:00,node-us-east-1c-03,us-east-1,1c,shard-001,2393,64.0902647105744,40.0021006242401,33.71353818744654,419.2792784827592,723.8063136460838,221.82406652025776,130.23556189343319,True,0,False,49,90.92500430406044,1,130,1414741,51.956454894806285
2024-01-01 10:45:00,node-us-west-2a-01,us-west-2,2a,shard-003,703,34.02908692572522,60.60847404785933,41.84803021715565,150.1096647170308,221.01817338934117,54.244549739702535,41.76529074884765,True,0,True,0,97.75961353642043,0,162,3839121,38.66585793139705
2024-01-01 10:45:00,node-us-west-2b-02,us-west-2,2b,shard-004,1471,44.41898409004649,56.33118093919197,50.65081341089958,281.2531948838063,396.7431254477867,107.44108631572503,84.92143220115435,True,0,False,32,90.78010025379331,2,199,1032447,66.91208835670847
2024-01-01 10:45:00,node-eu-west-1a-01,eu-west-1,1a,shard-002,1416,46.71561336581172,68.53858632547315,34.86586653008091,233.03049791082367,505.6812452008609,91.26937140957473,56.99882654663711,True,0,False,47,96.67298795181857,1,487,3534894,67.13162889451948
2024-01-01 11:00:00,node-us-east-1a-01,us-east-1,1a,shard-001,3732,98.23624879034257,65.3414996473802,69.32387937295931,760.0824714746304,1269.8455835758614,241.34934183773424,183.80249180467408,True,0,True,0,95.20658875310714,2,188,1860095,55.795284844903925
2024-01-01 11:00:00,node-us-east-1b-02,us-east-1,1b,shard-002,3000,70.30127836596046,56.51976452559829,59.246907113505365,545.8497282005392,805.4815161110173,199.24472598218972,165.52864833964858,True,0,False,32,87.53998375973654,2,58,1569105,92.68831735519534
2024-01-01 11:00:00,node-us-east-1c-03,us-east-1,1c,shard-001,2566,79.42826041877662,45.47545435788714,40.72626651967091,603.1341898296567,891.3573363437966,226.1970584109168,124.2678902668817,True,0,False,43,85.29963463720046,3,218,1001159,56.996851848079956
2024-01-01 11:00:00,node-us-west-2a-01,us-west-2,2a,shard-003,2333,62.175325061757924,60.42786834226604,55.833479604497896,495.4929472990192,668.656625167596,168.0770894438385,139.17606708597174,True,0,True,0,92.45197075350585,1,140,3675668,69.26003365167077
2024-01-01 11:00:00,node-us-west-2b-02,us-west-2,2b,shard-004,1082,42.19844171784098,75.50558301156366,50.37981870594242,243.2044442681854,326.8183153871088,97.67879278175516,58.01816330050111,True,0,False,39,87.4399655812157,1,249,2005797,97.02925294679588
2024-01-01 11:00:00,node-eu-west-1a-01,eu-west-1,1a,shard-002,1977,62.55765003580614,52.17609983612584,31.474014098257385,380.8358010686862,494.96885360532315,160.9330405436356,96.9046641553014,True,0,False,36,95.84492724490624,1,465,4742780,98.68179581246345
2024-01-01 11:15:00,node-us-east-1a-01,us-east-1,1a,shard-001,888,41.280268117955,51.496761705483266,32.98683277561746,172.19522311859362,296.8633055532042,63.849485557986206,40.54565704318595,True,0,True,0,94.19024321666376,0,77,2850444,67.13026076548182
2024-01-01 11:15:00,node-us-east-1b-02,us-east-1,1b,shard-002,1371,49.879815072523385,53.35822780457818,38.775893405315855,264.7190149900461,402.9704084399979,130.88083793837936,81.81384877423545,True,0,False,25,93.65486771382348,1,209,4269582,97.35488894742859
2024-01-01 11:15:00,node-us-east-1c-03,us-east-1,1c,shard-001,2295,70.9065732551468,76.4354173147729,52.300473939856516,482.7288311833665,703.2315278667265,149.3386233057826,105.05608324317038,True,0,False,25,95.54732382753869,2,236,4887498,94.22097160052152
2024-01-01 11:15:00,node-us-west-2a-01,us-west-2,2a,shard-003,1694,51.17439424823638,56.832924362448054,69.83471126457056,279.2659421814027,538.6169651337576,159.9825318614371,70.69629880115419,True,0,True,0,92.84837497745006,1,243,4748010,74.83291191043362
2024-01-01 11:15:00,node-us-west-2b-02,us-west-2,2b,shard-004,1739,57.44463388790783,71.49050229514523,40.87367480631801,375.22139360185486,541.3718963637746,130.46249809006457,96.22582675743331,True,0,False,22,92.59156829587617,1,287,3239581,41.46086714259422
2024-01-01 11:15:00,node-eu-west-1a-01,eu-west-1,1a,shard-002,1182,45.44616160179643,51.15197197294453,40.26990599274877,274.095138214686,319.4225798845758,86.48547810066628,48.92170291726519,True,0,False,45,90.78873730183848,1,369,3324555,81.15579874254925
2024-01-01 11:30:00,node-us-east-1a-01,us-east-1,1a,shard-001,1651,57.990766980753094,77.5058899887459,61.146703055713814,267.59934996158955,406.68635813722733,133.8687814548894,94.71622822974055,True,0,True,0,94.99266535079788,1,322,4565117,24.791985656314417
2024-01-01 11:30:00,node-us-east-1b-02,us-east-1,1b,shard-002,2007,55.474935646428506,75.3119854598126,33.37649748358495,343.7974195321893,600.5364715392519,131.28405711544676,113.61628764022652,True,0,False,29,88.39601166868523,2,158,4429887,41.8466727906341
2024-01-01 11:30:00,node-us-east-1c-03,us-east-1,1c,shard-001,908,41.35352099844134,64.4045100382356,68.38667135079723,175.545210924802,249.84814485668934,76.08697764269043,37.797391244456556,True,0,False,23,89.13195622768744,1,149,1711809,49.61374265584563
2024-01-01 11:30:00,node-us-west-2a-01,us-west-2,2a,shard-003,1557,55.465707384780316,41.24730771870933,36.92123867082784,270.1214531142315,429.35405299920563,148.93936143313798,84.23432004209144,True,0,True,0,91.30825517040375,0,356,1479314,49.988584293559875
2024-01-01 11:30:00,node-us-west-2b-02,us-west-2,2b,shard-004,636,31.40940159643491,63.6249125697341,49.996442991714986,136.9129458018169,158.66122924178848,43.43928885056836,37.25087565384707,True,0,False,15,97.32558958921854,0,340,2375481,66.08618890832395
2024-01-01 11:30:00,node-eu-west-1a-01,eu-west-1,1a,shard-002,741,36.430687002918916,61.42735628825086,68.95831412326098,133.14505844922277,242.29422852434544,68.95657255568877,30.705718595579956,True,0,False,6,88.74703668240511,0,294,4707669,75.10223568323457
2024-01-01 11:45:00,node-us-east-1a-01,us-east-1,1a,shard-001,2890,74.57390142788385,79.66796921795247,63.62505090055355,526.3094906687624,927.1692340106044,258.08906246486885,173.07278441445413,True,0,True,0,92.96128598279346,3,201,2493876,60.03510678394596
2024-01-01 11:45:00,node-us-east-1b-02,us-east-1,1b,shard-002,1835,61.15225348484316,50.558365998504385,54.46107817881096,373.2628177183665,464.117770834083,153.80482296103764,83.52206897058805,True,0,False,28,88.7247383943175,0,411,2277922,32.41978160561512
2024-01-01 11:45:00,node-us-east-1c-03,us-east-1,1c,shard-001,1323,44.421136394571874,76.46049400250284,39.86703535064509,236.0650622043342,401.78910667675797,117.16669609546436,59.33737990929456,True,0,False,6,93.78584313646068,0,360,1037667,67.10822071599497
2024-01-01 11:45:00,node-us-west-2a-01,us-west-2,2a,shard-003,1477,51.5262286052264,68.24741870163098,65.25015741806908,338.14555693312946,385.72837453177647,140.4763907107928,88.22370964124808,True,0,True,0,93.86019322624456,0,146,2421218,20.346319701226605
2024-01-01 11:45:00,node-us-west-2b-02,us-west-2,2b,shard-004,1340,42.88934878162414,58.356713993361936,56.717118892662604,293.44780377110186,331.2757368233338,89.68694187037735,71.47238134762063,True,0,False,18,88.45359716987102,1,338,2673195,83.28308868949588
2024-01-01 11:45:00,node-eu-west-1a-01,eu-west-1,1a,shard-002,1399,47.74621911986875,63.29963403192305,50.05224490395985,269.0706716764542,371.3616271590796,116.70727521077303,82.08071145762699,True,0,False,20,87.37952839984159,0,123,3473347,49.752263191899566
2024-01-01 12:00:00,node-us-east-1a-01,us-east-1,1a,shard-001,1313,44.23238053401852,78.28032229330803,57.17266856018514,265.1725778790736,449.63233919971657,92.28315344946107,65.48458000375147,True,0,True,0,94.98834563505208,1,139,3558882,48.11094541941782
2024-01-01 12:00:00,node-us-east-1b-02,us-east-1,1b,shard-002,1649,50.88573548150268,51.63671287543117,34.98793659439173,293.4001336800578,581.1856190651338,108.90465159376107,75.8886565101378,True,0,False,41,96.93894744326452,1,459,3707992,44.35087668569358
2024-01-01 12:00:00,node-us-east-1c-03,us-east-1,1c,shard-001,2714,82.4825052364491,79.53365471387013,47.10894776543245,449.31319540107245,667.1437517398643,254.1821770462993,116.94861112307706,True,0,False,21,85.14416224870936,2,500,3312617,69.0887222466103
2024-01-01 12:00:00,node-us-west-2a-01,us-west-2,2a,shard-003,1784,58.204993280785885,74.85548933150572,55.07808919597683,360.0225003285818,620.3617488459614,123.34183548084857,93.42416965697957,True,0,True,0,97.06701615251417,1,425,2393319,96.1468933277443
2024-01-01 12:00:00,node-us-west-2b-02,us-west-2,2b,shard-004,1916,57.51285846116722,44.34983467948873,38.8470606672941,411.2950947149244,639.084680523337,176.0558192735283,87.37919224359545,True,0,False,16,97.49907142063792,2,357,3631958,23.233498446777034
2024-01-01 12:00:00,node-eu-west-1a-01,eu-west-1,1a,shard-002,1534,45.44898248554411,43.19821227131195,48.151203766436765,257.94710055145623,384.79190096162176,138.48191434089262,64.51549191561888,True,0,False,47,90.97696198359999,1,358,1496642,50.703155650050924
2024-01-01 12:15:00,node-us-east-1a-01,us-east-1,1a,shard-001,2264,71.32312777605489,66.17601494413219,65.45704723869338,418.82318508603464,691.1932388499796,161.4778352657968,101.47001558341302,True,0,True,0,88.29257825214997,2,460,1481660,78.22500213054144
2024-01-01 12:15:00,node-us-east-1b-02,us-east-1,1b,shard-002,877,35.60386204074132,76.79122987102258,37.458960437875575,153.84918272244266,269.9233873968855,62.51523754633486,49.829987615487155,True,0,False,17,93.14470795248977,0,207,3944179,45.10910001544129
2024-01-01 12:15:00,node-us-east-1c-03,us-east-1,1c,shard-001,1185,45.65145355827004,56.22823283874293,45.76428031221752,197.67599545349168,392.0408690717746,110.77890889938274,52.723490079149165,True,0,False,48,89.36329966165404,1,402,2290506,53.06570404076612
2024-01-01 12:15:00,node-us-west-2a-01,us-west-2,2a,shard-003,1570,52.89053952967585,58.14770763930164,34.72003583184421,342.9990473558481,438.3693532510204,142.1979539150649,83.59039825115293,True,0,True,0,90.56140781097952,1,462,1907388,65.03890173839144
2024-01-01 12:15:00,node-us-west-2b-02,us-west-2,2b,shard-004,1664,57.441117376534116,50.9653025043405,33.31710227810348,369.06289181565694,458.94837021886116,144.7499400139245,90.36094929259481,True,0,False,13,88.51696624623484,1,185,2789782,52.617865011134846
2024-01-01 12:15:00,node-eu-west-1a-01,eu-west-1,1a,shard-002,1828,51.23880456507759,69.40012217635933,61.06726917024034,421.13917080523817,642.4331885287045,158.6066749910937,108.96772499002437,True,0,False,23,87.96230183600325,1,174,1030046,66.3629409127914
2024-01-01 12:30:00,node-us-east-1a-01,us-east-1,1a,shard-001,1861,59.469115686359615,58.60384369873853,32.8312373740892,324.39864909754635,528.31668786219,154.57874196816138,110.28532022621981,True,0,True,0,88.7433572607703,2,388,3318740,79.509742471584
2024-01-01 12:30:00,node-us-east-1b-02,us-east-1,1b,shard-002,1143,43.60937387200448,64.94390118813382,31.843537614225777,194.34296216262786,330.63227783740643,91.25294315582356,56.30935244034691,True,0,False,40,97.57011119122791,1,224,4401367,38.06502808349937
2024-01-01 12:30:00,node-us-east-1c-03,us-east-1,1c,shard-001,3369,99.39868434309676,51.66172057178212,66.41218932205862,713.094905559195,1156.7823526980158,257.1240558151722,183.9388881730068,True,0,False,8,92.91153195498799,3,420,4545956,61.6026628225564
2024-01-01 12:30:00,node-us-west-2a-01,us-west-2,2a,shard-003,1808,54.80712096673192,58.5670772528737,32.18776730930572,333.89387070430945,446.04969926818933,130.57556683188145,84.83004255734932,True,0,True,0,89.12813714893417,1,234,2956047,25.347417369078027
2024-01-01 12:30:00,node-us-west-2b-02,us-west-2,2b,shard-004,1642,56.28473635665298,70.4003581930294,64.43471282156514,305.7041816903141,540.930136093998,114.09440217779748,85.1390585566208,True,0,False,5,88.69948911752014,1,136,1744140,22.174190258058346
2024-01-01 12:30:00,node-eu-west-1a-01,eu-west-1,1a,shard-002,1345,44.664312701558174,76.18996045288614,68.41809921198512,265.47651551949406,328.978527260743,111.41376253323588,69.12343444152205,True,0,False,46,89.7093843484557,0,137,2362396,87.69838658585047
2024-01-01 12:45:00,node-us-east-1a-01,us-east-1,1a,shard-001,1036,36.90277980341231,65.10913852375039,57.34383636312822,180.55158829247472,369.1771023353241,77.11080610434709,45.90655894774965,True,0,True,0,86.99652170611465,0,302,4255034,54.93370159843412
2024-01-01 12:45:00,node-us-east-1b-02,us-east-1,1b,shard-002,2040,61.847867106582065,77.21587114903087,47.203704496379444,383.6946595472169,510.5439198705962,167.59428377961416,109.39440936346205,True,0,False,42,87.427387975948,1,270,2100179,93.78159026843998
2024-01-01 12:45:00,node-us-east-1c-03,us-east-1,1c,shard-001,2168,64.83982614131648,60.030763323149706,53.6418031622906,478.986562279103,537.2089681410567,145.3873877524758,100.26374869145964,True,0,False,44,96.92621371813608,1,426,2000417,48.49417431524415
2024-01-01 12:45:00,node-us-west-2a-01,us-west-2,2a,shard-003,1274,42.674796770082395,49.321037451357775,41.56776490876538,279.4721490491941,369.58796665607264,92.51801247128067,62.05725528410495,True,0,True,0,92.89411867615112,1,128,4620853,21.021689164169366
2024-01-01 12:45:00,node-us-west-2b-02,us-west-2,2b,shard-004,1413,51.686527051709525,64.31187160007366,33.229447156975844,261.77063452367014,446.81765360741326,121.26851847502084,82.42342720221913,True,0,False,7,93.62982474573236,0,159,1377338,26.702489925747834
2024-01-01 12:45:00,node-eu-west-1a-01,eu-west-1,1a,shard-002,725,37.14620320321758,65.7876933919468,68.0509274975067,140.70314630004552,176.1733122232712,68.25332203745856,36.890293610523635,True,0,False,31,92.25702422168867,0,417,2286335,95.43735650031819
2024-01-01 13:00:00,node-us-east-1a-01,us-east-1,1a,shard-001,2543,72.35087185413971,52.55137746370707,63.67735757663842,605.5670130610172,761.6632433704739,240.58807245471405,120.97460719130326,True,0,True,0,96.06335637184057,2,133,4720981,97.95153077199065
2024-01-01 13:00:00,node-us-east-1b-02,us-east-1,1b,shard-002,3257,85.01973096435313,75.25538775798812,33.114337888061,761.7471769726004,1053.3695739062389,240.09489092934695,173.70593831015879,True,0,False,44,94.43384991962137,4,483,2672804,49.562190483785315
2024-01-01 13:00:00,node-us-east-1c-03,us-east-1,1c,shard-001,815,35.37428828477967,67.97671913981725,31.957808613782245,164.39059956527245,261.1567446672887,71.60857914867935,33.586154759925435,True,0,False,31,91.29324499735596,0,110,3675315,53.49030841794202
2024-01-01 13:00:00,node-us-west-2a-01,us-west-2,2a,shard-003,2078,56.633531259847324,70.18303675510936,60.905420385548275,423.27411370032166,611.4324178566546,158.97770914550307,113.40669817181123,True,0,True,0,90.1201377616721,2,56,1311887,42.11656135357332
2024-01-01 13:00:00,node-us-west-2b-02,us-west-2,2b,shard-004,1643,53.163763029044844,73.78002409099898,45.65602635672523,270.04596413916954,587.9373782814905,146.66706199859922,96.58673929329416,True,0,False,22,96.43323758253501,1,202,2515541,55.94015496589181
2024-01-01 13:00:00,node-eu-west-1a-01,eu-west-1,1a,shard-002,1983,55.30028650017286,71.60414927108522,48.604924973279736,448.5829976124062,674.457163294793,160.16090812973547,106.52798969066933,True,0,False,37,95.52754997937198,2,410,4087813,89.67857216404346
2024-01-01 13:15:00,node-us-east-1a-01,us-east-1,1a,shard-001,1282,42.60740911457947,50.578374525283934,69.24602716967549,206.9171045461478,411.0594472037337,88.23262502140504,68.04810973441086,True,0,True,0,97.69434099651686,0,275,1977562,63.74083085280036
2024-01-01 13:15:00,node-us-east-1b-02,us-east-1,1b,shard-002,2311,72.14185772253742,42.24597459956114,31.99155819664211,469.4376542511749,703.5835072212632,183.38375803174293,94.73788233293685,True,0,False,26,92.99062368917525,1,378,1364882,84.68859686761219
2024-01-01 13:15:00,node-us-east-1c-03,us-east-1,1c,shard-001,1327,47.23260430825853,56.61782895325934,37.39534208060028,301.5825248877514,319.2272083433989,107.14888835769449,62.82237597586471,True,0,False,34,85.17231400977045,0,470,2637590,84.85960649821382
2024-01-01 13:15:00,node-us-west-2a-01,us-west-2,2a,shard-003,2322,70.53910010130546,71.08603259268247,61.82351970781876,483.81032621485593,793.8134797737928,178.00572013337438,139.2179902698723,True,0,True,0,89.34688462152694,2,134,1807941,20.002377255644006
2024-01-01 13:15:00,node-us-west-2b-02,us-west-2,2b,shard-004,530,32.39921613967773,74.75264170762196,35.44897578862485,125.73456612465608,167.79571188375428,40.47147791073087,26.193204788627725,True,0,False,46,90.83406312773565,0,405,4497366,92.4595702419873
2024-01-01 13:15:00,node-eu-west-1a-01,eu-west-1,1a,shard-002,899,38.80855390456426,73.84552707066379,58.485692368599985,215.2121447753067,237.00837843149705,82.00206505819713,47.154852560213094,True,0,False,34,85.55315232531133,0,133,4377763,74.28982667748392
2024-01-01 13:30:00,node-us-east-1a-01,us-east-1,1a,shard-001,3254,72.76103639115914,63.440443067958995,55.235524548021914,779.1199541174882,1054.9035198287304,224.3082013635629,159.4291691074628,True,0,True,0,93.89989777358285,3,441,1849644,25.700674664455534
2024-01-01 13:30:00,node-us-east-1b-02,us-east-1,1b,shard-002,2051,55.901435307298755,60.95737986488388,49.67793869570497,477.9860150489819,617.6390855422751,158.01179054533117,89.5701698289637,True,0,False,4,95.93627422005511,1,185,2064643,39.76523420302289
2024-01-01 13:30:00,node-us-east-1c-03,us-east-1,1c,shard-001,1848,53.93282587166711,44.47121417386907,67.90988836235152,415.9597228420203,532.1146184483637,130.63690638799952,106.34818278189523,True,0,False,19,89.21066614490654,2,499,2240361,24.427255517547096
2024-01-01 13:30:00,node-us-west-2a-01,us-west-2,2a,shard-003,1069,38.728631452444716,75.70002868152949,51.24778858791193,252.37004977335693,265.89928905675674,94.31672876221306,53.85774750194999,True,0,True,0,95.34975560049634,1,203,2826494,80.542968773428
2024-01-01 13:30:00,node-us-west-2b-02,us-west-2,2b,shard-004,1681,60.023816427106,60.99045994207101,64.8673130956164,299.4722905537064,554.3231229400526,132.09161582345715,93.50278387014937,True,0,False,7,92.70072485967401,1,301,1132383,31.48525288152446
2024-01-01 13:30:00,node-eu-west-1a-01,eu-west-1,1a,shard-002,2068,67.15611735301171,43.07476859135528,59.96681399325214,488.2671180827274,724.0543292617119,188.32650298054222,94.18966613463269,True,0,False,40,97.78283097210485,2,55,4879866,73.85465294079296
2024-01-01 13:45:00,node-us-east-1a-01,us-east-1,1a,shard-001,2341,73.12320245349471,69.29284342412787,66.09917250142092,434.0897336346137,641.8931378795214,193.62439848833105,139.92712676857764,True,0,True,0,85.32048605500499,2,211,1315535,96.0079897581802
2024-01-01 13:45:00,node-us-east-1b-02,us-east-1,1b,shard-002,1026,41.91757584059073,71.47520535875321,41.13729634205723,243.1681959558081,331.40968644950544,97.00262240267558,60.419612726702795,True,0,False,48,88.1050007952331,1,362,4011907,74.74294157109597
2024-01-01 13:45:00,node-us-east-1c-03,us-east-1,1c,shard-001,1554,48.63621972779771,48.280276704727484,42.87312893276699,316.95288965627753,483.12361546318004,142.07989748776743,67.39399231141657,True,0,False,48,96.23477525198338,1,233,1885712,24.329167630188575
2024-01-01 13:45:00,node-us-west-2a-01,us-west-2,2a,shard-003,1448,54.30278986174775,63.72997886221264,67.75632866748694,338.322082056594,362.91047883928815,119.83169655762943,67.03738404487105,True,0,True,0,92.93038105896083,1,288,1779572,35.55182578552479
2024-01-01 13:45:00,node-us-west-2b-02,us-west-2,2b,shard-004,1521,47.42391861357192,68.22753023067045,64.3318500468722,300.78917758977514,374.7784696183511,109.78417471632633,66.9897742183386,True,0,False,30,88.04491157535378,1,401,1145620,96.85036682889626
2024-01-01 13:45:00,node-eu-west-1a-01,eu-west-1,1a,shard-002,895,35.11012783399345,43.04743149182478,36.01011102819782,160.16449574526345,236.19506542939314,67.1532373673888,40.6721739274714,True,0,False,1,93.93736615213675,0,444,3440021,49.14072416641561
2024-01-01 14:00:00,node-us-east-1a-01,us-east-1,1a,shard-001,2839,70.65637158979241,42.49440834686006,48.19865502725898,553.0533830804033,917.6267023698367,266.1255348634457,113.73114742073193,True,0,True,0,91.53808188919498,1,283,4971124,55.35418258097699
2024-01-01 14:00:00,node-us-east-1b-02,us-east-1,1b,shard-002,1334,50.02923721409208,64.37412210729921,31.946943059354034,227.1084531921923,409.3196682249184,108.25423695768701,72.40459838138382,True,0,False,31,97.11212059700563,1,183,3454999,72.91559529244157
2024-01-01 14:00:00,node-us-east-1c-03,us-east-1,1c,shard-001,2593,64.62687695685685,50.82345657611024,57.79645132513892,450.156295823168,808.1637695351775,239.47625681112015,151.2796002894154,True,0,False,41,95.02619030615088,3,176,3956631,26.4612616973357
2024-01-01 14:00:00,node-us-west-2a-01,us-west-2,2a,shard-003,1773,58.75243400754029,73.75089323173151,42.354710660315135,341.7657667360288,485.00059022896244,156.65872837087417,105.27218126328941,True,0,True,0,90.29539159492887,0,79,1073078,23.66761319479199
2024-01-01 14:00:00,node-us-west-2b-02,us-west-2,2b,shard-004,1891,50.76896091282192,69.90425893880342,54.337698460450866,439.46779916908616,671.7608969036789,126.9335273327807,97.83129823148361,True,0,False,37,93.51574546594202,2,172,1352898,64.57419721059054
2024-01-01 14:00:00,node-eu-west-1a-01,eu-west-1,1a,shard-002,2180,57.04805116067898,73.50479645018727,51.60016285689319,490.65995490359967,618.8404762962261,176.1162120956059,129.67035480587296,True,0,False,44,95.28619737289927,2,313,3180846,89.0152094827879
2024-01-01 14:15:00,node-us-east-1a-01,us-east-1,1a,shard-001,2026,59.72828093176611,52.455634856148116,56.013570062747675,456.95388492727176,675.0992954265321,136.3467255681978,81.7537632106303,True,0,True,0,88.97325059780749,1,406,3980908,82.29786670801869
2024-01-01 14:15:00,node-us-east-1b-02,us-east-1,1b,shard-002,1758,60.828860110152455,57.82992937774119,65.03129178045548,328.93206431182296,468.54334150811025,161.99794977720452,88.6604729054883,True,0,False,42,92.05489799269654,1,184,3383455,91.08483468186903
2024-01-01 14:15:00,node-us-east-1c-03,us-east-1,1c,shard-001,1988,56.092876146698934,69.87076362119542,68.9425709603384,349.23759477646837,674.4166375378678,133.77822418260584,81.11333794063864,True,0,False,44,86.98972827026961,1,413,2661314,84.16683078560607
2024-01-01 14:15:00,node-us-west-2a-01,us-west-2,2a,shard-003,1052,41.95277235740556,72.93983188186517,46.74595704110114,218.1106135459994,377.5857335395509,88.75943308925469,42.58166369600813,True,0,True,0,87.1442795176193,1,406,3608234,76.62697588053311
2024-01-01 14:15:00,node-us-west-2b-02,us-west-2,2b,shard-004,1190,40.42395427410961,70.9186994849745,37.560086349166674,233.49309816331728,339.21912097942254,111.40301722634369,69.92837852239198,True,0,False,17,88.10669556087444,1,261,3031506,41.523665909208304
2024-01-01 14:15:00,node-eu-west-1a-01,eu-west-1,1a,shard-002,1570,54.169579192684544,76.42706997191472,35.38132304784684,307.6128270504754,494.5552147145007,125.53281324612584,62.966440729911334,True,0,False,20,92.44419286900536,1,150,1090668,63.29577353831904
2024-01-01 14:30:00,node-us-east-1a-01,us-east-1,1a,shard-001,3014,85.6227149082019,76.81554039844795,59.139695107625016,671.0076186402249,743.0640307742913,201.38604220826687,141.76042304871814,True,0,True,0,97.94310916029131,1,451,3552976,45.99132753695887
2024-01-01 14:30:00,node-us-east-1b-02,us-east-1,1b,shard-002,1694,49.43872075505687,44.49455562226261,37.6830047250147,334.06646019444815,573.377824033124,145.40805642329056,87.96459926033603,True,0,False,26,86.3197946764233,1,174,4191219,73.48467038982928
2024-01-01 14:30:00,node-us-east-1c-03,us-east-1,1c,shard-001,1307,47.34233902020602,73.96154064228213,69.05509836945751,230.72396589526193,317.61123984217323,109.88804158178918,54.78073711130776,True,0,False,8,93.56528449393325,1,299,3578067,50.95741915409941
2024-01-01 14:30:00,node-us-west-2a-01,us-west-2,2a,shard-003,1714,59.88692742969265,43.24531353881514,48.16021431798246,296.03189579631317,574.062806826553,159.30831270801005,96.12491500450365,True,0,True,0,94.9468791146805,1,497,3928691,37.005803517289905
2024-01-01 14:30:00,node-us-west-2b-02,us-west-2,2b,shard-004,1546,47.61208630958569,67.14726749226713,47.64822524848793,346.1363141285253,379.64355525617754,110.15220933388487,77.70942073918098,True,0,False,45,97.02846186893932,1,394,3373448,56.23047991261353
2024-01-01 14:30:00,node-eu-west-1a-01,eu-west-1,1a,shard-002,1960,62.14793687765277,62.210691896960086,39.813184923459225,425.0240170793395,566.2176942889324,165.09395125007416,103.06785113579275,True,0,False,20,91.7985248306188,2,350,4739808,39.67214716366799
2024-01-01 14:45:00,node-us-east-1a-01,us-east-1,1a,shard-001,1141,43.5200206652388,59.457808036486796,67.32301748473228,221.28614723146822,281.79107907423224,95.0580753118919,64.5860338849024,True,0,True,0,94.82809487365122,1,250,4684386,58.47764921236191
2024-01-01 14:45:00,node-us-east-1b-02,us-east-1,1b,shard-002,2584,77.0104739733292,52.1523878521915,62.7743638418483,439.9547442222855,748.097868011837,174.26748177755664,120.85324629461259,True,0,False,1,85.38379778296805,2,136,2398412,82.64568213594852
2024-01-01 14:45:00,node-us-east-1c-03,us-east-1,1c,shard-001,2061,58.64249342065687,61.1718363901807,39.48166602973355,465.78975766072864,684.2896295640794,135.59800564380456,94.34305345908135,True,0,False,39,88.40248844198248,1,233,1157971,46.7975728002963
2024-01-01 14:45:00,node-us-west-2a-01,us-west-2,2a,shard-003,697,33.141351849282415,46.25272713378352,45.32583311206296,165.86604084205047,228.84795002803705,53.538596975724,36.41969539655828,True,0,True,0,96.95118467475655,0,387,1903080,54.77680205164446
2024-01-01 14:45:00,node-us-west-2b-02,us-west-2,2b,shard-004,798,32.96298556482405,43.21164146956574,47.14759061421858,142.73874337003662,266.16851013562365,58.96483305824234,46.074275395056425,True,0,False,38,91.54927910926301,0,205,1041660,93.16312920624203
2024-01-01 14:45:00,node-eu-west-1a-01,eu-west-1,1a,shard-002,1933,66.217655708259,79.02456114987112,54.262958811892666,428.85332105301444,539.4665859306681,136.3949941694757,80.4812368685323,True,0,False,2,97.95627612902625,2,206,4184068,65.29790065627373
2024-01-01 15:00:00,node-us-east-1a-01,us-east-1,1a,shard-001,3493,93.02463733115142,76.42853905572564,54.06816585692887,813.3019266189846,936.5417521784182,303.8626789800192,151.14419355649127,True,0,True,0,92.38209553689384,3,386,4766965,45.63829356923955
2024-01-01 15:00:00,node-us-east-1b-02,us-east-1,1b,shard-002,2152,62.57621889182648,68.37002843043416,48.379865705640825,459.3919098299637,662.9046876307709,165.32606515432397,93.95854613064405,True,0,False,19,93.35633649201756,1,137,1925941,40.682927974657545
2024-01-01 15:00:00,node-us-east-1c-03,us-east-1,1c,shard-001,1700,56.66823309735414,59.082748073066256,45.811916975188815,383.6995088727346,462.29883320558514,136.42873977333812,93.08650182199841,True,0,False,6,87.04771680221324,1,438,3972060,22.694945058740636
2024-01-01 15:00:00,node-us-west-2a-01,us-west-2,2a,shard-003,680,32.115140952766914,69.25634894549913,49.65085415901292,116.75809908571755,231.18077676173718,44.854893736446016,38.62895930192967,True,0,True,0,89.54823513095307,0,432,1502028,72.28730757839132
2024-01-01 15:00:00,node-us-west-2b-02,us-west-2,2b,shard-004,791,38.54891677260982,63.871846208628185,39.24377154619854,170.94402040790106,258.46527314712256,52.2541175539749,44.85219036426749,True,0,False,19,93.927566580047,0,307,4863180,86.00165241262296
2024-01-01 15:00:00,node-eu-west-1a-01,eu-west-1,1a,shard-002,1958,56.166279658099626,44.87439483143229,53.33993241898339,421.6627006966669,473.42639150149574,171.4928288317904,114.4459160452855,True,0,False,30,92.33846063493522,2,50,3459731,90.46942681808491
2024-01-01 15:15:00,node-us-east-1a-01,us-east-1,1a,shard-001,3526,79.06425745820484,41.14368218155539,45.63109125590785,616.9598763439221,1046.4476229128186,233.80288230232054,188.76722529938272,True,0,True,0,85.8537612666394,4,323,3307141,93.78251945819586
2024-01-01 15:15:00,node-us-east-1b-02,us-east-1,1b,shard-002,2439,70.61878085397464,45.140454633940294,38.894511884564665,582.0829864967968,586.0014242926042,207.5353254822491,106.05680975541617,True,0,False,36,94.26475026383201,2,451,2388833,28.43140244010863
2024-01-01 15:15:00,node-us-east-1c-03,us-east-1,1c,shard-001,1623,55.07143005066709,45.26734477567013,38.955913889982455,312.9113366173924,389.55467058823564,149.16672369901062,76.64268275992102,True,0,False,3,93.84939850147352,2,490,2757981,29.510776633699784
2024-01-01 15:15:00,node-us-west-2a-01,us-west-2,2a,shard-003,1746,48.70659048819368,50.07018553999479,51.359681675128826,300.44737592664677,458.7739937152459,118.55147151112065,103.95730599621201,True,0,True,0,95.4096339495134,1,421,3897718,32.54933847106864
2024-01-01 15:15:00,node-us-west-2b-02,us-west-2,2b,shard-004,1265,49.00846933747302,45.58629510476424,49.04292964954308,291.1332655185003,390.1823760028837,103.23782441102452,74.36378944194294,True,0,False,42,90.47059969768138,0,127,1318371,20.30170541619185
2024-01-01 15:15:00,node-eu-west-1a-01,eu-west-1,1a,shard-002,1101,37.93556406200172,73.26439739197318,59.91759331346762,233.31535219983647,366.93234920212825,77.78686873304054,65.00087342206079,True,0,False,46,97.82804822101964,1,281,4139164,26.439229879699777
2024-01-01 15:30:00,node-us-east-1a-01,us-east-1,1a,shard-001,2615,70.00384026748338,70.9128957447109,51.966466977493724,495.44427332587924,896.9182340896805,244.39118660404995,129.40309353687755,True,0,True,0,90.72437132660693,2,88,3406016,97.37184437896889
2024-01-01 15:30:00,node-us-east-1b-02,us-east-1,1b,shard-002,2209,66.97953900865596,60.00563870615243,49.76902931257938,364.69910913822434,767.2123204389181,183.1322233200124,124.02664333638724,True,0,False,40,85.29428694881001,2,188,2807965,78.83424031431976
2024-01-01 15:30:00,node-us-east-1c-03,us-east-1,1c,shard-001,1440,48.60300406073422,68.87587019383596,63.928546049708615,288.33009945885084,349.0742434112154,134.5003647109445,82.06626594392873,True,0,False,8,90.9830557433848,1,333,4367248,29.00997978173792
2024-01-01 15:30:00,node-us-west-2a-01,us-west-2,2a,shard-003,1519,55.138430437134126,52.102293334871646,41.23871642715373,327.9637809779898,451.4186521874154,142.0695724748036,64.04392783356288,True,0,True,0,86.34124764862689,1,491,3416192,68.93975168543795
2024-01-01 15:30:00,node-us-west-2b-02,us-west-2,2b,shard-004,1863,62.296166679910286,40.0581793633821,51.233718510575,444.9211432021423,639.5148491141974,176.58679322226104,107.86127335205066,True,0,False,19,93.70939997594621,1,130,2064155,44.05780543780666
2024-01-01 15:30:00,node-eu-west-1a-01,eu-west-1,1a,shard-002,2502,63.98996724887562,74.38552077006241,51.38611372936893,553.5776152209627,838.2212841039557,183.1694879500083,146.97590780867375,True,0,False,27,88.47026597727361,1,480,3156393,43.148538706751644
2024-01-01 15:45:00,node-us-east-1a-01,us-east-1,1a,shard-001,2531,79.08533687789607,51.839984518565515,65.13874203473071,511.2456002742259,714.4504917242998,174.59299226654593,145.66413340600388,True,0,True,0,88.53116577305225,3,461,2056869,35.99391097248361
2024-01-01 15:45:00,node-us-east-1b-02,us-east-1,1b,shard-002,1623,56.83483592440555,64.50917394735134,65.4502598760682,338.1749080463756,397.973037191165,142.5994061805701,96.24719419331358,True,0,False,22,94.73184106348694,1,76,3463596,88.62768284164264
2024-01-01 15:45:00,node-us-east-1c-03,us-east-1,1c,shard-001,2241,59.383970374547076,76.47121360793247,67.99474137277994,405.34823476249477,753.3258496083404,197.86274942496502,90.9735945569527,True,0,False,22,95.22927170774331,2,120,4342525,84.42236095364137
2024-01-01 15:45:00,node-us-west-2a-01,us-west-2,2a,shard-003,1096,45.97523733349828,49.118918547629946,31.731566433278328,259.6846126927742,303.26652553014367,95.2899206532996,44.23773911314695,True,0,True,0,93.84666904889633,0,459,2796496,72.53133589701062
2024-01-01 15:45:00,node-us-west-2b-02,us-west-2,2b,shard-004,953,35.546421592741815,44.44331636959553,58.82471724021473,172.81177260379522,330.1041921859883,68.25853389106257,52.366580117857275,True,0,False,6,88.64162446742269,0,216,1548363,68.23224826649218
2024-01-01 15:45:00,node-eu-west-1a-01,eu-west-1,1a,shard-002,2125,65.67538629991986,54.37566443052942,59.05449524515642,379.3550880204599,580.4675320670622,147.97186773541355,125.0436108570476,True,0,False,34,85.57529406620306,2,168,1282478,24.68541112956828
2024-01-01 16:00:00,node-us-east-1a-01,us-east-1,1a,shard-001,842,39.43644142499039,77.91410984832214,56.883489395713276,172.25374973658802,264.51007595206676,65.52788419119177,38.09206617471328,True,0,True,0,85.00284113800011,0,366,2579147,20.260229935231813
2024-01-01 16:00:00,node-us-east-1b-02,us-east-1,1b,shard-002,1738,58.318504813584475,79.18279881972695,56.618091798529335,337.27036590958784,421.94791376043923,111.38006368118572,101.46983749753846,True,0,False,4,88.58959720678294,1,53,3833867,61.15872850711037
2024-01-01 16:00:00,node-us-east-1c-03,us-east-1,1c,shard-001,1676,57.90865732458232,65.74402886870658,68.20406451361465,282.3009898222286,404.33576109505236,148.42106683968026,71.8066949066487,True,0,False,10,86.07410871638517,1,314,1131488,53.566375143088734
2024-01-01 16:00:00,node-us-west-2a-01,us-west-2,2a,shard-003,1276,43.342091277555,74.52807686078216,44.11002542386072,276.91976490839227,403.14652826070756,91.94644796923636,53.45000535461197,True,0,True,0,97.0892856366386,0,151,3526130,72.18710412120716
2024-01-01 16:00:00,node-us-west-2b-02,us-west-2,2b,shard-004,772,36.53427844177236,58.02287777592378,32.42790316041585,169.8431097027528,213.8548279175137,52.140434714193674,40.40298204558785,True,0,False,48,92.56097960953015,0,454,2718662,31.013360384285356
2024-01-01 16:00:00,node-eu-west-1a-01,eu-west-1,1a,shard-002,937,35.30597324941708,66.08750344407125,55.20421624533134,163.64632323198333,240.49465399052232,89.9368436257409,38.250009956626194,True,0,False,30,97.45449623249898,0,290,1123339,50.91017176051632
2024-01-01 16:15:00,node-us-east-1a-01,us-east-1,1a,shard-001,1171,48.03028788236922,47.916254153414506,46.400481467910595,270.2798321065402,362.10341743791463,96.62239776569776,55.310814516844424,True,0,True,0,95.10649126576243,0,404,2801514,87.78783106894346
2024-01-01 16:15:00,node-us-east-1b-02,us-east-1,1b,shard-002,1763,58.962822233691405,68.60217899746985,51.92105611586182,347.8551187662803,520.7387206890618,152.50844827457124,102.26757652638642,True,0,False,49,87.91455479927296,2,304,3716350,66.47780354188465
2024-01-01 16:15:00,node-us-east-1c-03,us-east-1,1c,shard-001,1236,43.75284684331221,74.36341466314421,37.85786771886408,224.23586250703167,423.6643390881853,84.1256276184923,71.604240846909,True,0,False,25,96.08276170916305,1,420,2233965,40.75878807912565
2024-01-01 16:15:00,node-us-west-2a-01,us-west-2,2a,shard-003,2416,68.85944336923623,70.99430447703861,69.70877037771744,562.8266378856366,836.6595584456599,163.19044544789182,101.8013907412853,True,0,True,0,86.11637496963951,3,446,3233751,75.06474956713134
2024-01-01 16:15:00,node-us-west-2b-02,us-west-2,2b,shard-004,1412,50.10700123507745,69.0323743330584,58.39268888441859,236.37001457426527,414.6591154810195,102.5646196418925,66.6550510271699,True,0,False,35,85.6242138900701,1,228,1529032,62.678700756391514
2024-01-01 16:15:00,node-eu-west-1a-01,eu-west-1,1a,shard-002,1579,56.643270517332724,74.23724393788524,32.974853041201506,373.1600422797242,397.1463545119992,104.76269553959287,68.87524416279658,True,0,False,19,86.510979136585,1,143,4884263,34.9615155102194
2024-01-01 16:30:00,node-us-east-1a-01,us-east-1,1a,shard-001,805,36.56053564924588,73.49515151859323,53.74129520849678,176.610756072403,222.7277314977,54.18777277834936,36.517103292451715,True,0,True,0,97.25985722323396,1,208,1761672,49.13466773918006
2024-01-01 16:30:00,node-us-east-1b-02,us-east-1,1b,shard-002,2227,60.14761553946516,65.86861855719496,33.12379654078828,423.78589154870485,729.1601025201444,191.6964330775316,123.03657612266134,True,0,False,19,88.10820503319722,1,299,1706745,25.31432340378508
2024-01-01 16:30:00,node-us-east-1c-03,us-east-1,1c,shard-001,1447,49.39987282507782,72.28701515592286,53.92044323087643,236.09418332610738,371.0064517640098,112.07983271446979,80.71834442322428,True,0,False,20,94.00920813082593,1,234,1348739,33.800437652125545
2024-01-01 16:30:00,node-us-west-2a-01,us-west-2,2a,shard-003,2184,70.79715626981726,73.51963986734617,30.10162400267721,499.95893319299387,673.4200372527793,208.7613633784563,90.14193366000158,True,0,True,0,94.76012346568686,2,67,1200537,66.3171897346588
2024-01-01 16:30:00,node-us-west-2b-02,us-west-2,2b,shard-004,1233,42.13683973248651,40.385981026445904,43.904322966589234,204.11591406811263,351.1152487812834,92.17169494928929,57.800146201977654,True,0,False,8,85.37336035041125,1,331,3574712,92.26046597312012
2024-01-01 16:30:00,node-eu-west-1a-01,eu-west-1,1a,shard-002,2641,82.10582954766855,58.39927561669659,35.97914000628995,482.1448497139107,653.4960918941988,179.5511794129979,148.95634526759136,True,0,False,19,91.36325111267797,3,171,4210621,30.938385173193986
2024-01-01 16:45:00,node-us-east-1a-01,us-east-1,1a,shard-001,2127,57.35208210137102,71.62224590371275,45.92479091628328,377.2355386453031,624.2639424322618,186.2381827365976,125.41670428573089,True,0,True,0,92.4325278693296,2,398,2018688,40.617918070396904
2024-01-01 16:45:00,node-us-east-1b-02,us-east-1,1b,shard-002,1747,60.49544706433109,62.445426235716255,32.56753638983192,353.7272288100322,549.1005342663293,150.46618159028108,71.69657846038623,True,0,False,40,92.25526299518732,1,476,2477496,35.1090205864362
2024-01-01 16:45:00,node-us-east-1c-03,us-east-1,1c,shard-001,1344,47.103663817459264,78.36418994411159,31.011195767326,289.9023231525781,369.15914272040277,89.9214910592173,67.27493599128613,True,0,False,31,89.96227531194853,1,428,1244743,88.10379419117406
2024-01-01 16:45:00,node-us-west-2a-01,us-west-2,2a,shard-003,2309,61.2405404786697,44.30932540797434,69.2514093528435,546.183577375229,751.056483471252,151.43748891459074,121.07973987871193,True,0,True,0,97.15093229453655,2,157,3359469,70.61035107593509
2024-01-01 16:45:00,node-us-west-2b-02,us-west-2,2b,shard-004,1562,57.24811049088223,56.44712656087738,42.430087438266646,341.1013137470068,515.7849577527414,131.59231808836014,71.71194078698524,True,0,False,17,95.6243016792105,1,131,2639936,53.782945465268035
2024-01-01 16:45:00,node-eu-west-1a-01,eu-west-1,1a,shard-002,1954,58.26331755069763,64.42344460136954,59.493435258888184,418.5570893109441,594.8804454533858,132.4806118757893,115.03635686559797,True,0,False,8,97.98643521825603,1,355,1808774,25.965858263561678
2024-01-01 17:00:00,node-us-east-1a-01,us-east-1,1a,shard-001,2949,84.94268902362116,62.3053941618214,56.46680548443385,576.0274856546641,765.2164709401407,193.31914327107856,154.5173070792918,True,0,True,0,85.8217851851665,3,282,3377160,44.45955384053501
2024-01-01 17:00:00,node-us-east-1b-02,us-east-1,1b,shard-002,2662,72.52762258895733,68.41273938605893,68.53019724433207,492.6055544273661,747.9995437289897,213.22217582253631,148.179592257465,True,0,False,37,87.34095839466139,3,131,3402193,37.021344987027625
2024-01-01 17:00:00,node-us-east-1c-03,us-east-1,1c,shard-001,1233,45.23744816556321,50.07979269939251,56.10389267862095,287.63659489571825,432.69177711452596,100.11809035816022,69.40226735190856,True,0,False,19,97.8726571957478,0,207,1155041,77.62774238374419
2024-01-01 17:00:00,node-us-west-2a-01,us-west-2,2a,shard-003,1964,53.46090365053414,59.15549057064564,62.47150540119393,391.8173908766662,588.4488509838574,157.69674927528567,83.59285097587963,True,0,True,0,93.58972553671124,1,171,4110061,68.96015575580157
2024-01-01 17:00:00,node-us-west-2b-02,us-west-2,2b,shard-004,1091,40.181228071466464,54.35328670008527,43.296020449323684,177.3366913498503,292.30364759245487,84.05618286496755,56.59503521766353,True,0,False,24,86.25257272872211,0,334,1133524,82.36567252245061
2024-01-01 17:00:00,node-eu-west-1a-01,eu-west-1,1a,shard-002,1918,51.820216023921276,76.87630309006019,38.34665783036742,408.29960561671436,477.8522953865863,169.66348482078837,83.2076715895608,True,0,False,31,96.35072657404244,2,400,2770959,24.286773028210725
2024-01-01 17:15:00,node-us-east-1a-01,us-east-1,1a,shard-001,1227,45.42459788012735,61.82850201298999,39.72132358019839,240.39554781852223,362.27851001365565,113.78835205782008,65.43320744263241,True,0,True,0,88.74199881673772,1,241,4976902,55.36015545462934
2024-01-01 17:15:00,node-us-east-1b-02,us-east-1,1b,shard-002,2016,61.64704226985909,48.79382843725165,48.982501616655014,369.11058586179115,502.0845431039673,193.18776443122238,80.99458336092002,True,0,False,21,86.11820278114878,1,288,4778427,70.53718545831616
2024-01-01 17:15:00,node-us-east-1c-03,us-east-1,1c,shard-001,2960,75.59091612093262,68.34658796679989,31.859702689140054,538.8426974164348,873.7178108119722,231.38977726009836,129.12416830099556,True,0,False,4,88.91006299667633,1,381,3055411,99.36520219466979
2024-01-01 17:15:00,node-us-west-2a-01,us-west-2,2a,shard-003,1072,42.62345721654451,51.542751690978726,38.600266419098844,201.48245857196653,300.3329623595347,95.29687211925402,46.61109657379696,True,0,True,0,87.74235219996521,1,66,4855937,28.8141785721264
2024-01-01 17:15:00,node-us-west-2b-02,us-west-2,2b,shard-004,566,30.596828957439882,64.47025690895845,43.97410275277624,109.17076076645482,178.63061097544326,46.33872588624709,30.509146163210016,True,0,False,41,92.32092571543022,0,223,4511858,84.63738189608497
2024-01-01 17:15:00,node-eu-west-1a-01,eu-west-1,1a,shard-002,1890,58.45502164486355,71.37703752801909,67.76007779014715,376.5665113270216,464.53295780174625,154.17207225992442,100.59600195739579,True,0,False,23,90.12619323612444,1,126,2343419,24.72426902134754
2024-01-01 17:30:00,node-us-east-1a-01,us-east-1,1a,shard-001,949,35.48697741814081,73.24637983887152,32.17973104836081,202.78141839589227,234.0739153426623,67.11038239828787,55.00791911953083,True,0,True,0,95.24045860976365,1,274,1987290,75.7633272350422
2024-01-01 17:30:00,node-us-east-1b-02,us-east-1,1b,shard-002,1635,58.8187286318788,60.29840512878289,59.84794238479126,295.24604712849225,498.42868282314504,143.98987644320044,75.09312812488226,True,0,False,10,91.77580289677465,1,125,2733648,39.37654549728532
2024-01-01 17:30:00,node-us-east-1c-03,us-east-1,1c,shard-001,2767,66.91428801248695,70.2466933074647,45.25659681593711,508.6605512704757,904.2522740395356,184.84465909785644,128.95869609935355,True,0,False,29,93.160539480421,1,394,2328006,22.185793891182417
2024-01-01 17:30:00,node-us-west-2a-01,us-west-2,2a,shard-003,1043,38.290976629268954,72.52629076179478,42.43661028538165,192.6564725853368,264.2868795048898,70.91176005152434,54.0117041136624,True,0,True,0,87.66442078792359,1,471,1348581,52.95715054336697
2024-01-01 17:30:00,node-us-west-2b-02,us-west-2,2b,shard-004,1865,62.24464021965911,69.1098421434228,62.04451181906412,408.11287407099735,593.5807014658211,123.45512069010535,78.99634566754045,True,0,False,11,96.77659071866768,2,331,3024841,96.53632795189738
2024-01-01 17:30:00,node-eu-west-1a-01,eu-west-1,1a,shard-002,2148,63.371984061375,62.82801695289716,31.907960507084265,445.65082767656645,516.6445697606664,194.40821117695216,88.1621971514461,True,0,False,25,95.1886874712945,2,482,2972161,66.54583479628047
2024-01-01 17:45:00,node-us-east-1a-01,us-east-1,1a,shard-001,915,38.22888643742708,73.1236315885833,36.66848544690212,199.1852353071542,221.99569746991966,61.01488450127211,45.23741570212685,True,0,True,0,94.7287187890311,0,194,4246802,53.38293351333154
2024-01-01 17:45:00,node-us-east-1b-02,us-east-1,1b,shard-002,975,35.600443597058714,47.155838784448925,33.193278661603365,193.20886409747564,306.15202129047174,78.47386745907535,43.164962388251624,True,0,False,48,90.64076954870497,0,465,1814865,66.46028350778185
2024-01-01 17:45:00,node-us-east-1c-03,us-east-1,1c,shard-001,1300,48.08629572448285,65.80859798030787,34.43950214883629,212.4909244122319,398.11501900900726,118.78222634711175,56.206125521448804,True,0,False,43,90.6139776020042,1,146,2655291,89.87705133296005
2024-01-01 17:45:00,node-us-west-2a-01,us-west-2,2a,shard-003,1195,48.261970064941636,48.235309418951665,63.26992231338144,243.85965531334602,351.06129308161,109.33712267304372,66.72788856834713,True,0,True,0,95.57143416685042,0,381,1731756,62.542172954411214
2024-01-01 17:45:00,node-us-west-2b-02,us-west-2,2b,shard-004,2141,54.280574910805555,67.24321541476435,60.73987902174164,471.4313117264445,694.9671677582643,184.54058950027792,107.51924712601556,True,0,False,20,95.17934262916499,2,492,3723103,38.918712889362006
2024-01-01 17:45:00,node-eu-west-1a-01,eu-west-1,1a,shard-002,1425,50.44941980094882,41.022065898401394,55.59936234341539,240.93804844140493,410.83703541874235,128.34423323244766,58.912556426433774,True,0,False,3,90.5553319059562,0,414,4826370,68.54742127899954
2024-01-01 18:00:00,node-us-east-1a-01,us-east-1,1a,shard-001,1510,48.79955545704961,79.10291000943775,66.11850289970926,319.74655020041024,512.2720822831674,113.0019449538257,89.17236590304226,True,0,True,0,87.95792759302992,1,457,3689777,57.54250564325829
2024-01-01 18:00:00,node-us-east-1b-02,us-east-1,1b,shard-002,2465,59.72530831808802,54.732688931582274,42.77160597461098,494.604819529521,667.590296137327,205.83025140284659,138.76925337880226,True,0,False,40,97.01479043631495,2,349,2429335,94.87652472007326
2024-01-01 18:00:00,node-us-east-1c-03,us-east-1,1c,shard-001,1132,44.40341511095368,42.15236455570953,54.23630302335569,218.81218180467204,389.3676464715431,96.88571771555713,67.31543508450986,True,0,False,26,97.0274982659617,0,80,4546199,80.483957384848
2024-01-01 18:00:00,node-us-west-2a-01,us-west-2,2a,shard-003,2376,74.30938096688607,70.94349033550776,32.28094923241806,476.80169408757206,616.9978016631421,211.37338890642383,139.977283406557,True,0,True,0,87.71419687805002,1,349,1065040,33.10579568984234
2024-01-01 18:00:00,node-us-west-2b-02,us-west-2,2b,shard-004,1069,45.002965142635674,60.754885840575184,36.20806042320929,201.47376725992575,326.5259665011098,85.8555355093467,50.54739058905656,True,0,False,2,94.61600299401238,1,466,4732775,39.296576747790795
2024-01-01 18:00:00,node-eu-west-1a-01,eu-west-1,1a,shard-002,1522,53.96902868876803,71.42270741363926,54.034529455507496,349.79138870780696,448.90219714172576,118.31481802431347,66.11929816201207,True,0,False,34,87.71872534405935,1,64,2782807,50.95072428750085
2024-01-01 18:15:00,node-us-east-1a-01,us-east-1,1a,shard-001,1863,51.269607660865496,49.41353811810729,65.83917038877019,411.15107355753526,518.8779684289578,144.49332288109917,102.20546038131296,True,0,True,0,97.31049106465493,1,362,4778901,94.3770338373167
2024-01-01 18:15:00,node-us-east-1b-02,us-east-1,1b,shard-002,1026,44.51423322018199,63.694738471315674,42.59407488346189,173.42505831272518,344.4925220984591,79.33813058297117,47.42524936016715,True,0,False,1,95.32619938472854,0,305,4728707,53.868352447142954
2024-01-01 18:15:00,node-us-east-1c-03,us-east-1,1c,shard-001,847,34.77390042001661,57.764594126811396,46.419806513159656,166.16681063792765,288.00229805553045,74.9321031041492,42.287847013587246,True,0,False,24,87.90780322385847,0,382,2448365,49.606828942442064
2024-01-01 18:15:00,node-us-west-2a-01,us-west-2,2a,shard-003,1705,56.91684388627973,58.68053453691521,30.449045018959637,374.6328534090216,426.380607784497,137.28613896360977,73.05476933632912,True,0,True,0,96.47625415157222,1,423,1972636,41.37800794831978
2024-01-01 18:15:00,node-us-west-2b-02,us-west-2,2b,shard-004,1208,39.607651979588724,74.67545665808922,68.44229366201606,282.04975814140107,353.51352839016687,84.78728947221745,52.924440336084835,True,0,False,16,87.87560916652062,1,210,4851843,82.73103658587459
2024-01-01 18:15:00,node-eu-west-1a-01,eu-west-1,1a,shard-002,1615,58.19843130159441,43.07846654608169,55.30303351409662,321.27781550031176,402.40562864938653,141.86675901579582,69.9598681510197,True,0,False,3,88.57920304039298,0,388,2289287,65.7067882027216
2024-01-01 18:30:00,node-us-east-1a-01,us-east-1,1a,shard-001,3384,100.0,48.82671020507578,41.9448302572856,714.2925376122803,932.1830633833957,272.13783219979103,195.12118129349756,True,0,True,0,91.37044658460233,2,271,4876105,99.20377079923296
2024-01-01 18:30:00,node-us-east-1b-02,us-east-1,1b,shard-002,804,38.37688173196582,55.70150016605399,38.39021481012946,165.06689840485848,228.43338089553313,60.879702594026476,38.465402853177515,True,0,False,41,86.19123651963808,1,122,3722898,49.65582165785836
2024-01-01 18:30:00,node-us-east-1c-03,us-east-1,1c,shard-001,1006,39.30869281047997,69.73716915416195,62.80253725230554,173.16761849917185,249.43769680410708,95.86405365794681,52.418337250926236,True,0,False,46,90.58078743581555,0,140,3750663,96.96088128195414
2024-01-01 18:30:00,node-us-west-2a-01,us-west-2,2a,shard-003,1868,59.58594144003699,77.82701513144956,49.46013226054865,332.2210057807229,666.9604169224697,141.9107655419694,105.58753084259239,True,0,True,0,92.54951414535877,0,405,3775661,91.83464614550515
2024-01-01 18:30:00,node-us-west-2b-02,us-west-2,2b,shard-004,614,30.695263039927156,53.03243188625288,43.48736011127481,111.29578385017778,160.67437165862745,40.47811138160907,33.19252976054191,True,0,False,14,89.77972452198095,0,292,3844614,46.516159833035545
2024-01-01 18:30:00,node-eu-west-1a-01,eu-west-1,1a,shard-002,941,39.15949444648754,76.04356464921216,51.468088950793785,200.882884442725,282.1199835920519,81.89273230249125,48.10356898289327,True,0,False,20,89.50626561711536,0,231,3239788,54.407997409560735
2024-01-01 18:45:00,node-us-east-1a-01,us-east-1,1a,shard-001,1501,53.90583275282654,41.59371753635994,65.08491136551689,317.2113790389483,391.9961486596355,134.64684425479751,81.09830994063853,True,0,True,0,89.03473294701408,2,238,3339516,73.94262553975295
2024-01-01 18:45:00,node-us-east-1b-02,us-east-1,1b,shard-002,1144,43.30047927012103,78.58235559405685,61.3227150225547,191.39816585234473,297.8666229079113,75.44127149371641,50.012445818977035,True,0,False,40,89.20841826401144,0,149,4904616,91.7889454718864
2024-01-01 18:45:00,node-us-east-1c-03,us-east-1,1c,shard-001,1935,61.278663109942165,55.24516896833033,65.1181833132475,348.66949613503266,529.9462705531749,165.10109899710727,88.85558101593,True,0,False,6,96.22667302803973,1,330,1293649,46.954654591324115
2024-01-01 18:45:00,node-us-west-2a-01,us-west-2,2a,shard-003,1753,58.23029925168885,69.45967666709117,46.35687326227914,327.756242113758,541.2333480104736,122.4214130099846,93.59097328409365,True,0,True,0,96.25777668835444,1,486,3899366,82.34047072146805
2024-01-01 18:45:00,node-us-west-2b-02,us-west-2,2b,shard-004,1664,51.734213170970506,53.056381182527836,37.67775186619853,291.20439921684334,510.33578389870195,153.86428259327923,79.79230981754452,True,0,False,20,92.19396941097435,2,391,3602803,34.70551056250331
2024-01-01 18:45:00,node-eu-west-1a-01,eu-west-1,1a,shard-002,1149,38.94923075758391,48.83008970741097,35.10533699274284,230.82640321136594,367.4879227405494,80.17060740357174,54.2882616344049,True,0,False,41,88.45475022929013,0,163,2294150,28.987027059620438
2024-01-01 19:00:00,node-us-east-1a-01,us-east-1,1a,shard-001,534,30.205423008043063,63.93623724676447,54.88493368135963,102.72817078300798,183.77316358138657,44.211825895385545,27.148868127327017,True,0,True,0,91.49213774173676,0,348,3679820,67.35789221141489
2024-01-01 19:00:00,node-us-east-1b-02,us-east-1,1b,shard-002,469,28.676531644843983,71.73420889062908,39.76630440891303,80.59855669805606,130.94796630754718,37.69785687761523,26.801400588696197,True,0,False,32,94.82596706575485,0,490,2680968,32.90628383620533
2024-01-01 19:00:00,node-us-east-1c-03,us-east-1,1c,shard-001,371,28.445558644726646,41.31699583775522,42.68624460890689,63.61467487200291,96.77939114288866,25.557904043314135,16.495727285508515,True,0,False,43,89.56715470238237,0,277,1004078,34.565199996752725
2024-01-01 19:00:00,node-us-west-2a-01,us-west-2,2a,shard-003,357,27.688195067355657,42.48591503803636,30.807311376869183,67.49412758018163,126.17390797785137,27.687747209481913,14.379081017279928,True,0,True,0,97.1007129549657,0,124,3805914,33.197609071406234
2024-01-01 19:00:00,node-us-west-2b-02,us-west-2,2b,shard-004,324,27.71883789985813,78.00652584645567,30.98767064467078,72.83798095314786,108.96928397976275,26.938979051477236,14.817746105416363,True,0,False,14,94.51911547764725,0,402,1144531,88.68472944772671
2024-01-01 19:00:00,node-eu-west-1a-01,eu-west-1,1a,shard-002,485,28.485636692540364,41.934964802310375,44.21858197481606,110.60988607787692,127.07006330755732,32.99404723014028,22.96600824743138,True,0,False,34,88.7020482001742,0,175,1882775,80.19260181167898
2024-01-01 19:15:00,node-us-east-1a-01,us-east-1,1a,shard-001,675,31.866078593337527,47.80178488247823,57.69228183030949,128.91694377595692,195.6411568310225,56.261855279809055,36.36569116641355,True,0,True,0,97.93707875893406,0,486,4540088,52.762971766722444
2024-01-01 19:15:00,node-us-east-1b-02,us-east-1,1b,shard-002,305,24.949541053205188,51.64562328749411,45.03320847314344,49.582313391187974,83.0220070244685,22.960714313839432,17.326601557661895,True,0,False,9,97.40996470210467,0,212,1086382,99.54341675530306
2024-01-01 19:15:00,node-us-east-1c-03,us-east-1,1c,shard-001,423,27.43716622929875,52.048687083843106,67.31961740775603,80.6070694549187,115.8391157252484,37.3747181911914,20.687773080481165,True,0,False,45,92.78778479640472,0,367,4093409,70.29131986297674
2024-01-01 19:15:00,node-us-west-2a-01,us-west-2,2a,shard-003,306,25.54992898307884,49.31479765919785,35.043379947905024,57.47899906960325,90.20822619754266,27.42751072020284,16.31948171708439,True,0,True,0,85.77032029445,0,264,3055660,56.38552413862193
2024-01-01 19:15:00,node-us-west-2b-02,us-west-2,2b,shard-004,302,25.00596511446274,65.26666393781177,68.4269061335468,58.97628281273567,101.60911864320381,20.853753680282882,14.3570578757272,True,0,False,13,96.09886888814451,0,479,1397851,47.59719810183189
2024-01-01 19:15:00,node-eu-west-1a-01,eu-west-1,1a,shard-002,138,23.277481616519506,70.01528018345698,49.64210501453541,28.57994405291949,48.65698151537432,12.770016003439338,6.504166206411596,True,0,False,17,86.23920348770577,0,140,4067167,67.44332219050891
2024-01-01 19:30:00,node-us-east-1a-01,us-east-1,1a,shard-001,239,24.909186392715654,78.28933831484741,67.1067124778323,52.28291607631302,80.55860920091925,19.67441932536447,10.941790778955959,True,0,True,0,96.98016174400792,0,402,3521737,30.670926296017427
2024-01-01 19:30:00,node-us-east-1b-02,us-east-1,1b,shard-002,312,25.283712665505128,73.81198258783482,30.085792028965308,53.260383478252955,110.0729397076284,20.713814226749868,17.956486573542666,True,0,False,13,94.21481310708299,0,159,1075833,31.38397172998208
2024-01-01 19:30:00,node-us-east-1c-03,us-east-1,1c,shard-001,585,30.120115781626765,79.23225086498752,39.61939305465282,97.27253260301791,184.57900999963266,49.776466385648874,24.298374981790083,True,0,False,22,90.69970236838742,0,488,4873262,99.12201768009494
2024-01-01 19:30:00,node-us-west-2a-01,us-west-2,2a,shard-003,585,30.969060310688786,67.98355362190777,36.51532700746532,114.11506114653132,161.99244130417986,38.37726770869369,23.73455588436118,True,0,True,0,85.20702925238187,0,359,1782137,91.25273255631582
2024-01-01 19:30:00,node-us-west-2b-02,us-west-2,2b,shard-004,301,26.22659982711087,45.85560961574571,32.12943184726043,68.34664328690883,106.09819435250401,22.884725328936486,13.260574995158589,True,0,False,22,93.37925868269423,0,482,4418748,37.34024283017562
2024-01-01 19:30:00,node-eu-west-1a-01,eu-west-1,1a,shard-002,231,23.737277657055206,54.27492338210939,58.562328441252,43.78125787204938,82.09751102781271,15.657679156533801,10.352645575340258,True,0,False,10,93.25597134184449,0,117,1563413,20.89790659182361
2024-01-01 19:45:00,node-us-east-1a-01,us-east-1,1a,shard-001,578,32.800217589127904,47.676449128883476,30.782611768870346,112.1501573188248,203.54463549967338,38.529869234794305,34.0179360154782,True,0,True,0,97.96376822094936,0,434,3943414,91.67392672224888
2024-01-01 19:45:00,node-us-east-1b-02,us-east-1,1b,shard-002,204,24.078351656024974,72.02666629757147,31.26301375390458,33.805997915350325,56.63852247602288,14.77876527602348,8.432877008068173,True,0,False,1,96.93565461351564,0,419,4782762,32.27849082220171
2024-01-01 19:45:00,node-us-east-1c-03,us-east-1,1c,shard-001,310,27.111579644478212,43.35509346568159,37.32984921120944,70.41581350551282,78.77886030298245,21.64013810150481,16.645949826742598,True,0,False,37,87.37634508345802,0,175,2032926,39.055208716908595
2024-01-01 19:45:00,node-us-west-2a-01,us-west-2,2a,shard-003,436,29.13820522303654,76.50376211856434,65.7397026140936,69.82679765794212,123.42085741397496,36.12186143796041,22.05564969268763,True,0,True,0,88.32752533357852,0,59,4783069,31.612281215826272
2024-01-01 19:45:00,node-us-west-2b-02,us-west-2,2b,shard-004,132,23.02401696369644,57.34956803953076,57.756980000938825,23.37996402534472,36.889832185603424,10.868015542611085,7.645546475071981,True,0,False,2,86.37163082148561,0,306,1926539,54.08223184044674
2024-01-01 19:45:00,node-eu-west-1a-01,eu-west-1,1a,shard-002,522,31.804603331511196,48.92142179301407,32.77680504000585,111.9356284987419,126.47689744788397,33.68292443265598,27.576180382094098,True,0,False,41,85.4449796736195,0,454,3429694,35.781493287559286
2024-01-01 20:00:00,node-us-east-1a-01,us-east-1,1a,shard-001,192,24.44797499499483,66.30031084139503,43.914489397917194,30.90752070471872,56.77005206191652,14.713115768158362,7.789888224946331,True,0,True,0,91.26789554705164,0,434,4697717,35.25758494757169
2024-01-01 20:00:00,node-us-east-1b-02,us-east-1,1b,shard-002,482,29.111020587528746,63.59971535520124,61.16772872843343,78.61557732850802,137.67599948511904,35.23662785584503,20.13104633439819,True,0,False,40,88.5649762982287,0,144,3851450,42.24492406373594
2024-01-01 20:00:00,node-us-east-1c-03,us-east-1,1c,shard-001,475,28.31698095066467,60.152226705996746,55.009321084318046,78.49237683907938,141.1216942233343,41.46819269433489,24.477211800242753,True,0,False,26,97.25404856864581,0,156,1447278,54.228031269437395
2024-01-01 20:00:00,node-us-west-2a-01,us-west-2,2a,shard-003,397,29.510149632645494,57.68829949730195,68.60056006687677,82.92093204093537,116.57696154636493,36.41341568034626,23.366887496691245,True,0,True,0,93.3933313044271,0,169,2090178,62.00395515681908
2024-01-01 20:00:00,node-us-west-2b-02,us-west-2,2b,shard-004,144,22.97918217447515,45.19323529365404,64.24472187425826,33.019716150288566,40.00698381191203,13.583767282081887,6.793624795438042,True,0,False,18,87.01995409320564,0,433,4750905,63.40642651070738
2024-01-01 20:00:00,node-eu-west-1a-01,eu-west-1,1a,shard-002,204,23.55228368325867,76.4490902373902,50.96449036292253,38.32407464915876,69.15412940397853,13.653953617343003,8.475004626270252,True,0,False,20,89.9467105837259,0,463,4496427,38.56661761984743
2024-01-01 20:15:00,node-us-east-1a-01,us-east-1,1a,shard-001,839,36.04454310316542,59.31070587158777,48.13088747544561,150.94435850837036,296.04995546881077,72.26362824338875,44.08332831676875,True,0,True,0,85.70044382658267,1,464,2578933,78.2223108532626
2024-01-01 20:15:00,node-us-east-1b-02,us-east-1,1b,shard-002,180,23.421352983112005,42.13804924414993,43.819666930203525,39.0104567368124,54.24845335858351,13.66253896439043,10.161166559583734,True,0,False,10,85.79362286373068,0,406,2962492,38.542941845347244
2024-01-01 20:15:00,node-us-east-1c-03,us-east-1,1c,shard-001,560,28.979009656502914,59.374718667708194,57.07257683022487,109.85779183925713,135.12840702426348,47.59648206394282,32.166438960746746,True,0,False,16,88.05826511445768,0,354,4497415,65.76209138652293
2024-01-01 20:15:00,node-us-west-2a-01,us-west-2,2a,shard-003,633,34.12631419501732,65.74397891642248,38.984388114777076,148.938882544873,196.21989900735008,50.1181761462771,27.989334228828714,True,0,True,0,91.54630949700338,0,375,4363563,40.71157802080228
2024-01-01 20:15:00,node-us-west-2b-02,us-west-2,2b,shard-004,154,22.964560300630573,45.79051161195126,36.872396588063374,25.335704805714087,54.00980073615114,14.55190785410503,8.57179046090339,True,0,False,28,86.21447721954696,0,176,1665828,76.06415408040213
2024-01-01 20:15:00,node-eu-west-1a-01,eu-west-1,1a,shard-002,543,32.618000894740454,72.79777188790717,44.40128762028722,129.58242590483596,157.687223526324,38.32925732481128,26.323181017571162,True,0,False,37,92.99106150675671,0,298,3232167,75.7745729341456
2024-01-01 20:30:00,node-us-east-1a-01,us-east-1,1a,shard-001,810,35.47976937189934,71.92928845890722,42.25324430472847,153.87064214258936,198.54111950495243,63.74204114433059,38.12745614816234,True,0,True,0,90.48518804375742,1,435,2307116,32.00194634397303
2024-01-01 20:30:00,node-us-east-1b-02,us-east-1,1b,shard-002,578,31.14102081168801,68.84389668840991,51.565274638099346,109.9177405327827,167.4330160599499,47.70674106268678,25.558144153707495,True,0,False,20,93.68545198575107,0,278,4081609,87.56334458072675
2024-01-01 20:30:00,node-us-east-1c-03,us-east-1,1c,shard-001,626,32.81301646051533,57.394166561583006,36.071917650505284,116.87192130137393,221.17637772279073,58.5911915668753,25.468382127882375,True,0,False,26,91.14185993419143,0,362,2775832,43.56636027742999
2024-01-01 20:30:00,node-us-west-2a-01,us-west-2,2a,shard-003,208,24.632496754610095,44.896999940997155,44.54872684566722,39.93357293029721,52.596231671441146,15.304830882040683,12.024629202976607,True,0,True,0,94.96141019807297,0,405,2916607,75.79650854580152
2024-01-01 20:30:00,node-us-west-2b-02,us-west-2,2b,shard-004,111,22.152320413433095,51.166244552718844,50.13735180371714,23.41031126783683,29.503416889862322,7.24571318858683,5.230770599132622,True,0,False,29,92.71149682336093,0,235,4945771,63.95152063989211
2024-01-01 20:30:00,node-eu-west-1a-01,eu-west-1,1a,shard-002,517,31.005672467689017,68.21962387025404,36.554076959044785,123.84206484104021,181.39358465773157,45.26023055613911,22.23146232809823,True,0,False,12,86.78244764061606,0,241,3467867,99.30853696760175
2024-01-01 20:45:00,node-us-east-1a-01,us-east-1,1a,shard-001,597,34.27104217539693,79.95130986906818,63.846662338143915,105.78870293040075,207.4076116246529,43.764770461744284,24.34304543924597,True,0,True,0,93.394545462661,0,380,4634272,38.44235654248288
2024-01-01 20:45:00,node-us-east-1b-02,us-east-1,1b,shard-002,288,24.784045258610092,68.927932802286,52.822969129012144,58.11045966794024,95.60754316319493,22.649027097839628,11.799393865696132,True,0,False,44,92.0151360570777,0,442,3642127,99.76466246516073
2024-01-01 20:45:00,node-us-east-1c-03,us-east-1,1c,shard-001,187,23.00554277368936,63.062183126871616,44.736327077555885,41.853916932302276,52.333783207720764,16.764439161807196,10.588092621808588,True,0,False,33,93.54892019188956,0,124,2410034,57.92779812581193
2024-01-01 20:45:00,node-us-west-2a-01,us-west-2,2a,shard-003,401,28.52643704966995,79.43479072168051,47.27645885098097,65.4317993489296,129.08081132699397,31.07102974191741,17.81634524198062,True,0,True,0,92.3971196032388,0,175,4839743,94.84467342221991
2024-01-01 20:45:00,node-us-west-2b-02,us-west-2,2b,shard-004,238,24.49680876728293,62.75626970160053,47.50176196870178,46.393440516903446,67.30591757522107,17.63140760748705,11.630472686175862,True,0,False,13,86.47436975044621,0,268,1443793,76.16769751956542
2024-01-01 20:45:00,node-eu-west-1a-01,eu-west-1,1a,shard-002,476,28.634061332656813,50.785309231555246,65.20019686202389,86.93623337638087,166.22482231729737,36.96177900415983,24.23067165267469,True,0,False,36,89.45985153241011,0,128,3169593,52.10000314485391
2024-01-01 21:00:00,node-us-east-1a-01,us-east-1,1a,shard-001,169,22.736217725053805,68.41361716695076,46.057677551590245,31.970192967923452,47.37217727036501,16.08272144510163,8.8213620920197,True,0,True,0,95.63827769420993,0,180,1442996,51.747604506294635
2024-01-01 21:00:00,node-us-east-1b-02,us-east-1,1b,shard-002,549,30.07673189164552,63.1558997601777,35.32339082421831,106.25540265579068,157.13822049172373,45.464082939073236,25.979287632244286,True,0,False,38,87.36346736518394,0,98,2296815,59.16857044329908
2024-01-01 21:00:00,node-us-east-1c-03,us-east-1,1c,shard-001,372,27.52854665280284,40.5581630083139,64.54933772917454,88.6933445736376,112.91075909779448,35.11580557068119,17.192512210489866,True,0,False,47,97.7005800351735,0,153,4298649,63.897717085693216
2024-01-01 21:00:00,node-us-west-2a-01,us-west-2,2a,shard-003,448,27.642338834125383,62.92290465630789,53.31261921426042,86.92532692298941,113.40661537175323,42.515574000228966,24.724244236136656,True,0,True,0,85.01368417358222,0,408,1395155,68.94667277150067
2024-01-01 21:00:00,node-us-west-2b-02,us-west-2,2b,shard-004,118,22.497950917807188,59.7210832504978,61.91818495416183,28.026221632251954,35.457390978542485,9.839829407028848,5.163702024595382,True,0,False,46,85.42052283461973,0,317,1521801,85.94639565353529
2024-01-01 21:00:00,node-eu-west-1a-01,eu-west-1,1a,shard-002,198,23.557155484091112,40.45385342596599,59.30647335014875,31.807827704865165,70.62183324824134,18.45216279663915,10.169258435191791,True,0,False,13,88.5367306291109,0,457,4413656,66.44268001107973
2024-01-01 21:15:00,node-us-east-1a-01,us-east-1,1a,shard-001,210,24.334476534592937,55.03813084086665,30.57685556538576,40.2597043351421,58.921123223851055,14.161951491472717,10.722221838325353,True,0,True,0,96.46963748129491,0,391,1972188,44.32889143395584
2024-01-01 21:15:00,node-us-east-1b-02,us-east-1,1b,shard-002,530,32.42375665771276,48.79165138699432,37.40479998623462,92.84647545546358,175.15836547461572,40.83422491599293,28.136197753758548,True,0,False,10,87.72232525835642,0,273,2579965,44.01703304244908
2024-01-01 21:15:00,node-us-east-1c-03,us-east-1,1c,shard-001,345,27.96956671951692,41.56388449275877,46.32017819406475,65.41525897301676,120.10240626821832,24.35614970976024,17.49393766451322,True,0,False,33,97.15861323463625,0,292,2073941,22.336882525618904
2024-01-01 21:15:00,node-us-west-2a-01,us-west-2,2a,shard-003,523,28.951114099380753,52.16769213062261,34.00303530407719,98.41814246987241,162.56147853167792,43.94256677157277,21.157181614073092,True,0,True,0,94.70681619158027,0,102,4760789,69.84319154817553
2024-01-01 21:15:00,node-us-west-2b-02,us-west-2,2b,shard-004,305,26.60710250958197,43.43019295938662,47.04820688388921,66.84950988905798,79.35435824141493,22.690835630104196,17.440362470396874,True,0,False,24,87.12512842689281,0,409,1573481,53.43920697462203
2024-01-01 21:15:00,node-eu-west-1a-01,eu-west-1,1a,shard-002,358,27.935857508507446,47.59304916263653,37.53975568315674,59.361482998299984,98.2089762534946,33.39584281958432,19.140013711217403,True,0,False,5,96.51060228555572,0,300,1431123,22.462565728421666
2024-01-01 21:30:00,node-us-east-1a-01,us-east-1,1a,shard-001,200,23.65770548356377,69.28580358517641,64.89800443868484,34.690040508831636,68.9186151841253,15.400872439079162,11.893452574516527,True,0,True,0,94.52406440353025,0,98,2450197,58.38338717047313
2024-01-01 21:30:00,node-us-east-1b-02,us-east-1,1b,shard-002,696,33.602293670562965,72.87843659431475,52.479757537770084,113.25242890009584,245.92653918667523,60.87294219846227,41.01226475408384,True,0,False,18,86.01883400998103,0,245,2267931,62.03843020965057
2024-01-01 21:30:00,node-us-east-1c-03,us-east-1,1c,shard-001,607,33.47850601481056,45.36508059977292,45.61736253762959,98.33125107996733,213.21234702904772,49.17784784206733,35.10301277374956,True,0,False,4,92.33232058334957,0,208,1083203,43.04097234405777
2024-01-01 21:30:00,node-us-west-2a-01,us-west-2,2a,shard-003,580,32.088156331864525,72.00821416010982,68.84658033331512,104.49836952127264,158.91802401900551,48.67149044437017,31.50509601759927,True,0,True,0,88.93369277931578,0,197,4296581,50.06810949005196
2024-01-01 21:30:00,node-us-west-2b-02,us-west-2,2b,shard-004,117,22.274320233858152,75.29022004810584,53.66139833365856,24.71870602030079,32.21152526061451,8.112273280652577,5.383937988752869,True,0,False,23,86.90526980183859,0,91,4876402,52.36290329581014
2024-01-01 21:30:00,node-eu-west-1a-01,eu-west-1,1a,shard-002,200,24.783804144898685,78.65298837124834,61.13310087500546,45.24644737858612,52.55033312970097,14.09689248524686,11.178559544805521,True,0,False,11,96.07693907306341,0,199,2819447,22.875494010637503
2024-01-01 21:45:00,node-us-east-1a-01,us-east-1,1a,shard-001,331,27.389486837481854,56.51431405112961,37.90561507099562,64.8544127649725,85.02872544625478,26.01952114091859,19.185923736747597,True,0,True,0,85.31530131224355,0,480,4709372,55.707824716596754
2024-01-01 21:45:00,node-us-east-1b-02,us-east-1,1b,shard-002,384,27.840672171125252,61.63956133921617,51.57922482747561,67.96142069809169,111.3227588524092,34.92660945523776,17.997233577250128,True,0,False,3,86.85785113625812,0,314,3404043,40.87753233533175
2024-01-01 21:45:00,node-us-east-1c-03,us-east-1,1c,shard-001,390,27.235339587050095,65.55015408963895,56.57029758165773,63.6718681533401,112.15779401321956,30.305734681137736,18.901521707477308,True,0,False,27,93.36886321725675,0,63,4152901,67.11819704733563
2024-01-01 21:45:00,node-us-west-2a-01,us-west-2,2a,shard-003,280,25.379892378464227,47.36710855958853,51.64368017798502,61.37336490186556,96.69437407802687,23.513443938551784,12.047407416686502,True,0,True,0,96.70973662668383,0,200,3503835,51.529677757752765
2024-01-01 21:45:00,node-us-west-2b-02,us-west-2,2b,shard-004,151,23.308292137611552,59.72252549250152,64.82640325998378,24.50329498881378,47.0835230863167,10.122022190164719,8.135874857383982,True,0,False,32,96.02691864427634,0,384,4742179,72.70849560802941
2024-01-01 21:45:00,node-eu-west-1a-01,eu-west-1,1a,shard-002,468,29.058274109814192,64.03983682239294,30.88620406681334,78.66598169424017,159.4545819444506,39.524253445209844,24.736598640518547,True,0,False,43,95.91890273120842,0,285,4578464,69.47189277723533
2024-01-01 22:00:00,node-us-east-1a-01,us-east-1,1a,shard-001,715,33.32201325075431,59.45050934815653,55.11657324544052,168.21798546539816,239.92717691248382,55.5197102921325,37.89303881627885,True,0,True,0,85.09023741026586,0,145,1424399,61.080970964552996
2024-01-01 22:00:00,node-us-east-1b-02,us-east-1,1b,shard-002,319,26.570825304960973,70.81990021482387,43.79248622828473,70.7581265416379,114.50082302157243,29.95112367148279,17.86317735589628,True,0,False,27,89.04358644892453,0,465,1557515,27.017070430923553
2024-01-01 22:00:00,node-us-east-1c-03,us-east-1,1c,shard-001,497,29.628101143748832,65.92243150470976,30.98341847345006,109.64804198731915,151.30961437143168,46.10802724069879,20.15545092384533,True,0,False,44,95.74874104087142,0,293,3312015,23.15924461667228
2024-01-01 22:00:00,node-us-west-2a-01,us-west-2,2a,shard-003,152,23.07358641424141,57.5537273206409,66.61150992111311,31.056122787838728,43.80152030164715,13.813514500253435,8.041489437044449,True,0,True,0,96.0072876942837,0,356,3822884,77.36070790553111
2024-01-01 22:00:00,node-us-west-2b-02,us-west-2,2b,shard-004,504,32.03279095242635,51.31385541542419,36.51550822612613,101.22198147646618,141.14516421669816,32.29230873153812,21.156772912728442,True,0,False,30,94.76758200338872,0,255,3288473,39.16323106082778
2024-01-01 22:00:00,node-eu-west-1a-01,eu-west-1,1a,shard-002,350,27.37142752699108,45.749471911909986,57.64759425210528,57.741097178238064,112.2011755335058,29.071344112227774,16.01929571766431,True,0,False,25,91.44922851130613,0,369,3795768,78.06302149871735
2024-01-01 22:15:00,node-us-east-1a-01,us-east-1,1a,shard-001,564,32.81111713205366,53.21674550101605,50.71371629758467,111.01137413959097,168.6742653697944,42.675985527601966,28.55620736379876,True,0,True,0,88.86576988450649,0,208,3989531,96.32311421926148
2024-01-01 22:15:00,node-us-east-1b-02,us-east-1,1b,shard-002,763,34.97209357683018,62.51372709287882,54.887452409100646,133.2965651486677,212.7541076074001,60.372556691182254,30.528524315512527,True,0,False,19,91.92220071951608,1,284,1697388,74.43484128202381
2024-01-01 22:15:00,node-us-east-1c-03,us-east-1,1c,shard-001,450,30.400827346059966,54.250055567449195,37.31409305930783,85.12004014946051,130.6960670006929,36.281283176922145,20.571276913661055,True,0,False,37,94.01231542759395,0,347,3836524,47.68544915763858
2024-01-01 22:15:00,node-us-west-2a-01,us-west-2,2a,shard-003,214,23.522877500361673,64.09764641269693,46.90805958568451,49.89525304784549,66.43691478415055,15.388176845847592,9.67383788314079,True,0,True,0,86.76463725289476,0,72,3116891,42.4215733979825
2024-01-01 22:15:00,node-us-west-2b-02,us-west-2,2b,shard-004,255,25.56269264358937,70.55282510253062,62.442605486297374,52.42039067395048,85.90424051189613,16.816123778483433,15.191041765055797,True,0,False,42,95.92393989109647,0,471,4524885,24.0124160007353
2024-01-01 22:15:00,node-eu-west-1a-01,eu-west-1,1a,shard-002,116,22.215074008668868,56.37614951382605,60.94564696013416,24.52903031157731,38.21191857174377,8.81852213743608,6.359796445918032,True,0,False,45,90.65231631748449,0,388,1464038,76.18944367429773
2024-01-01 22:30:00,node-us-east-1a-01,us-east-1,1a,shard-001,625,33.92347983414986,75.68913124984059,46.75896624921194,140.83410769702448,218.1472667206078,53.20116338740824,26.237719344117114,True,0,True,0,85.96546701908122,0,113,2164334,39.296424099207314
2024-01-01 22:30:00,node-us-east-1b-02,us-east-1,1b,shard-002,658,32.36898592443236,65.25771177777777,61.295325059185544,147.9288707887849,182.12149260453398,59.882105284111105,37.422284367733255,True,0,False,17,94.01778103313963,0,263,1871688,28.46554946262672
2024-01-01 22:30:00,node-us-east-1c-03,us-east-1,1c,shard-001,480,30.18171545911315,79.877230099015,48.38890307971902,81.17186750351756,169.24247444855334,35.43116709071414,19.26143675257884,True,0,False,35,91.73305580672418,0,171,1051784,39.690897950623345
2024-01-01 22:30:00,node-us-west-2a-01,us-west-2,2a,shard-003,247,24.386024035250713,47.69594887420395,36.937900455880744,39.88048759755374,71.69339470842124,16.756992858526417,13.230715294178284,True,0,True,0,91.2464820453152,0,373,4045006,90.204803313672
2024-01-01 22:30:00,node-us-west-2b-02,us-west-2,2b,shard-004,361,26.74505937298872,53.8902646823354,52.46832789688564,79.92229972082154,127.79614337431103,34.29992224252218,20.01761426277469,True,0,False,2,93.46693922058385,0,65,4285459,69.59310173568988
2024-01-01 22:30:00,node-eu-west-1a-01,eu-west-1,1a,shard-002,418,28.352919855599154,76.18028133392573,39.646490646939654,68.94713044761778,132.07136531888824,32.47458257795349,20.28979335432997,True,0,False,43,94.53689430509499,0,205,3364244,64.93781538198533
2024-01-01 22:45:00,node-us-east-1a-01,us-east-1,1a,shard-001,341,27.745700464921054,43.88957753239008,59.01951477865184,78.22540751508348,110.62771552359649,27.642974342235433,15.972901868993405,True,0,True,0,90.67881971910059,0,420,1638634,83.64873340349612
2024-01-01 22:45:00,node-us-east-1b-02,us-east-1,1b,shard-002,253,24.395105565699218,64.99617982887692,52.906282636855806,41.139191389167976,69.78240030730821,22.1745356003909,12.24988253587203,True,0,False,9,89.24919754748899,0,135,3606461,43.999898641543936
2024-01-01 22:45:00,node-us-east-1c-03,us-east-1,1c,shard-001,587,32.84807906613355,41.43849658192809,56.3425029559654,128.66364105605865,167.242029249884,42.49809217615033,25.466243875569315,True,0,False,32,93.48301813684667,0,201,2254209,28.89686100325062
2024-01-01 22:45:00,node-us-west-2a-01,us-west-2,2a,shard-003,413,28.168633682110045,43.05155813284942,69.98121479958516,85.75894114233633,127.10205218174018,37.54853305350378,16.632998094178433,True,0,True,0,87.81535705620826,0,147,4120942,80.11411525332039
2024-01-01 22:45:00,node-us-west-2b-02,us-west-2,2b,shard-004,275,25.1206341071438,56.157353377394244,46.7646538324587,44.393895750399956,73.09487655317706,23.272625722054972,11.48973749334476,True,0,False,14,97.255729647427,0,319,4794424,96.9424082561728
2024-01-01 22:45:00,node-eu-west-1a-01,eu-west-1,1a,shard-002,575,33.59127286971106,65.01320654601979,57.491933870358025,113.67032934424819,203.4577120938623,39.556693148136745,32.70997043148266,True,0,False,31,93.24595548063716,0,126,1968522,92.09429775479522
2024-01-01 23:00:00,node-us-east-1a-01,us-east-1,1a,shard-001,636,35.1962033562804,51.113748175280946,59.51266127455097,116.68820804063297,202.0419442424407,50.92181451375393,25.737412521270663,True,0,True,0,97.19257136873567,0,315,3446548,25.01216667331848
2024-01-01 23:00:00,node-us-east-1b-02,us-east-1,1b,shard-002,714,34.546681750404744,54.71028621408885,36.68033345823872,145.6592936524795,205.80062564531053,46.731447398506006,40.75205833345145,True,0,False,42,86.9697489699057,0,179,1500291,43.469894109827166
2024-01-01 23:00:00,node-us-east-1c-03,us-east-1,1c,shard-001,136,22.723763073954412,51.58694716091779,39.821887108716616,22.356321266064775,39.99210184572625,9.860279270366098,7.7645072531568005,True,0,False,36,88.70493361584893,0,256,2962919,69.09778543216862
2024-01-01 23:00:00,node-us-west-2a-01,us-west-2,2a,shard-003,411,26.625877264520984,40.08166032534603,33.75008010150388,92.02607988749403,136.5460341972369,32.42213312783757,20.80639880493065,True,0,True,0,85.7980693150341,0,317,2710601,54.48948773547901
2024-01-01 23:00:00,node-us-west-2b-02,us-west-2,2b,shard-004,317,26.500540003530947,75.62754947762784,42.80395084063312,68.51858063590967,90.2400622071442,25.44824667688875,13.671591560591526,True,0,False,29,88.32440020563642,0,58,1409721,38.48818434862204
2024-01-01 23:00:00,node-eu-west-1a-01,eu-west-1,1a,shard-002,277,25.24376746359284,68.83502869788035,57.73434632270625,52.90114846280455,97.9594242493932,20.676599505937865,11.270308800808113,True,0,False,33,89.73858970406982,0,297,3168655,88.01757133304777
2024-01-01 23:15:00,node-us-east-1a-01,us-east-1,1a,shard-001,235,25.047000737602644,41.02225430167963,54.77310879455998,46.51961173134349,71.96308275240729,22.15220489258079,12.436414007139787,True,0,True,0,87.9684301220508,0,496,4446723,76.03979233428225
2024-01-01 23:15:00,node-us-east-1b-02,us-east-1,1b,shard-002,700,34.74085253780753,54.758146646967774,68.20299804480752,134.96971312601804,207.70686725728348,47.90285554745546,41.69065980447574,True,0,False,49,85.29708108076044,0,144,2436807,54.78304629612328
2024-01-01 23:15:00,node-us-east-1c-03,us-east-1,1c,shard-001,701,34.15640206241134,41.301185416786865,69.64035950021318,136.16870323157082,182.86676314022577,64.11752951192082,41.07843787003324,True,0,False,11,97.20446245296914,0,216,2299248,72.59166802695934
2024-01-01 23:15:00,node-us-west-2a-01,us-west-2,2a,shard-003,472,29.871735562697292,47.7965970955952,68.90717123805611,103.60259553545434,132.4222526882131,40.782314054331046,21.45112049741444,True,0,True,0,88.2879485966675,0,261,3915660,23.25002927451297
2024-01-01 23:15:00,node-us-west-2b-02,us-west-2,2b,shard-004,357,27.282314700637716,71.7104656791862,31.524702795302794,68.6538565499576,100.19656281202316,32.70954024911475,18.655050044263184,True,0,False,8,86.50001193975106,0,258,3685742,57.48173895651128
2024-01-01 23:15:00,node-eu-west-1a-01,eu-west-1,1a,shard-002,147,23.382171310048015,46.831202131424156,69.04365356816838,25.84162495060894,35.64254324202131,12.528495667094722,7.5409130886259685,True,0,False,15,85.25729464758342,0,63,1305418,97.88590000233168
2024-01-01 23:30:00,node-us-east-1a-01,us-east-1,1a,shard-001,290,24.943071652508294,43.50906298819749,33.83679248854909,66.04625051311541,74.78627670162254,24.917569765063384,13.880422683820154,True,0,True,0,95.74702462402907,0,182,2768358,84.57119537324442
2024-01-01 23:30:00,node-us-east-1b-02,us-east-1,1b,shard-002,610,30.279873194769422,40.8528759251254,47.62355625315418,97.69335685525999,205.63979161894818,44.08816144544224,34.524106991297586,True,0,False,6,90.53035531885922,0,346,2995269,28.616542622244925
2024-01-01 23:30:00,node-us-east-1c-03,us-east-1,1c,shard-001,498,31.172510681897563,46.283684471916565,60.60941873685385,90.03056736204046,132.2895680436997,37.30072641877461,22.060641478177264,True,0,False,33,85.09999134171403,0,132,3086674,72.1133826887369
2024-01-01 23:30:00,node-us-west-2a-01,us-west-2,2a,shard-003,211,24.918032156586985,42.84361182267092,65.02587913340463,43.83474260547084,56.88104107390575,14.273447714000428,12.469477877289384,True,0,True,0,87.7027092871554,0,140,1908636,84.07980094269489
2024-01-01 23:30:00,node-us-west-2b-02,us-west-2,2b,shard-004,453,29.765795161243073,52.51075759244647,57.715627355996325,78.25042986090303,161.7519800665254,39.063265107198305,21.63035969748172,True,0,False,13,90.00470260284179,0,110,3058798,75.79455466759094
2024-01-01 23:30:00,node-eu-west-1a-01,eu-west-1,1a,shard-002,130,22.132559875661443,68.29101482899866,40.915404056623444,27.509676140180712,40.12918901033143,11.265719984104553,5.768207001013783,True,0,False,17,95.4510031846663,0,344,4475814,89.2187039669872
2024-01-01 23:45:00,node-us-east-1a-01,us-east-1,1a,shard-001,931,35.04040642499388,62.18953691767066,45.177716405512,164.2944669183435,268.01115641210833,84.92287053443934,43.358249437151756,True,0,True,0,94.13112870944995,0,162,2370482,80.57688212792372
2024-01-01 23:45:00,node-us-east-1b-02,us-east-1,1b,shard-002,548,32.50196506587251,50.19376711633119,35.14668031739489,121.23024290233928,165.0557162529893,42.6648286252409,23.48983945336121,True,0,False,21,95.04194467268621,0,260,1226618,64.60402483700665
2024-01-01 23:45:00,node-us-east-1c-03,us-east-1,1c,shard-001,554,29.655449411165602,78.7067932169215,42.43682881457874,126.62412556239367,161.03837078405076,36.88226673650355,24.765720901780533,True,0,False,32,86.40127346473673,0,294,2589392,50.88820772087772
2024-01-01 23:45:00,node-us-west-2a-01,us-west-2,2a,shard-003,576,30.191689194147884,57.76884311503109,54.90883293094224,99.3077605865295,179.7116159052593,41.512199969520616,33.157313838173174,True,0,True,0,85.11019879262254,0,354,4624887,61.953283066265605
2024-01-01 23:45:00,node-us-west-2b-02,us-west-2,2b,shard-004,339,28.070598238280503,62.03349495009695,41.13243012421037,72.95022764668799,92.0363625164995,28.580575893754627,15.641758895161908,True,0,False,23,88.99876534603789,0,373,2108774,99.94506797631033
2024-01-01 23:45:00,node-eu-west-1a-01,eu-west-1,1a,shard-002,141,22.3826617095255,78.02460967605685,67.49977833936308,23.491821142968938,34.274680189639184,11.854181025636217,7.364859440749954,True,0,False,26,89.24695340200796,0,358,4935225,97.86095658539374
2024-01-02 00:00:00,node-us-east-1a-01,us-east-1,1a,shard-001,613,33.221365451218105,60.95371701740237,68.76786149737552,101.58597780791172,209.55730001661487,54.16876724845439,30.22754504633806,True,0,True,0,95.86141157827956,0,167,2605575,29.634228605975245
2024-01-02 00:00:00,node-us-east-1b-02,us-east-1,1b,shard-002,264,26.18893399478004,56.34494436787477,46.787660916308525,42.6649698871216,68.36254594849892,20.423828039531507,12.676327450849914,True,0,False,48,88.99035748131871,0,254,1326261,89.08037207156303
2024-01-02 00:00:00,node-us-east-1c-03,us-east-1,1c,shard-001,148,23.24547323153053,47.96361389740396,44.061484091794206,26.44174014105891,42.67683479212965,12.225724530008467,7.3337802779446,True,0,False,31,94.12722910817989,0,373,1128704,49.753234405409835
2024-01-02 00:00:00,node-us-west-2a-01,us-west-2,2a,shard-003,357,28.320810759821363,65.56639857267956,67.19817478510095,73.9762877571661,100.1477189188856,31.66663518175494,20.91255858825064,True,0,True,0,97.5203450886643,0,100,2494250,50.45068279434492
2024-01-02 00:00:00,node-us-west-2b-02,us-west-2,2b,shard-004,241,24.194916438988265,50.160441413921504,40.31096968152655,46.41504727482426,64.26773384412324,17.07853901230372,9.71103822932246,True,0,False,13,88.65765959445405,0,381,4955521,46.646327855116965
2024-01-02 00:00:00,node-eu-west-1a-01,eu-west-1,1a,shard-002,402,29.42977893166895,57.6867399079343,49.28250187457912,69.67148445555937,136.23936798278498,32.63209355186035,19.08396433712068,True,0,False,12,93.61537628707462,0,326,2195942,83.80442908071785
2024-01-02 00:15:00,node-us-east-1a-01,us-east-1,1a,shard-001,416,27.76756281510709,49.146977734074255,61.07256002150428,99.45811351245888,102.57226711406166,36.568103532114876,18.113931445771616,True,0,True,0,88.84106698988265,0,92,4677928,55.94543241127542
2024-01-02 00:15:00,node-us-east-1b-02,us-east-1,1b,shard-002,373,26.12826674000212,65.66818652430109,52.61221611529995,69.85370128931436,128.68078671592454,29.733561558950587,22.304985010017223,True,0,False,45,96.19939727446108,0,447,4557166,76.88199535390928
2024-01-02 00:15:00,node-us-east-1c-03,us-east-1,1c,shard-001,334,26.022054838187515,68.55408838865182,68.06482709365017,70.00047365565264,106.77725984553385,22.053256862095438,19.596479606850966,True,0,False,24,88.95875420193667,0,217,3920405,44.39859260427124
2024-01-02 00:15:00,node-us-west-2a-01,us-west-2,2a,shard-003,534,28.581794173121487,53.83645226123819,30.18434107718023,115.65821105038769,132.21029356162546,36.9310513098765,26.256543752026435,True,0,True,0,88.50766303254025,0,232,2383002,66.51113996108174
2024-01-02 00:15:00,node-us-west-2b-02,us-west-2,2b,shard-004,486,28.33278627287885,48.801556488701706,38.519551847771616,94.81591625172233,143.35256180250153,31.388993352427182,27.311410578068244,True,0,False,25,90.70087930276264,0,274,2358445,77.35170769457821
2024-01-02 00:15:00,node-eu-west-1a-01,eu-west-1,1a,shard-002,513,28.380538333712693,47.279044014429296,68.38538417857275,110.26107435899762,131.5745079941464,37.82712940104312,22.671153622310772,True,0,False,34,87.12746024272168,0,242,1223176,61.400113709587
2024-01-02 00:30:00,node-us-east-1a-01,us-east-1,1a,shard-001,439,29.13557172277244,67.69557100373963,35.01885967661043,91.35038170391735,117.84844089343052,41.48943268796132,18.623711274905,True,0,True,0,89.42551711350985,0,59,1079228,22.17849224229834
2024-01-02 00:30:00,node-us-east-1b-02,us-east-1,1b,shard-002,522,31.083141925780026,72.60706344310645,37.50216527222085,111.9857425493024,128.79279598718833,42.265095533091994,30.675548385315558,True,0,False,49,93.30699511445741,0,119,4913526,40.41977033874169
2024-01-02 00:30:00,node-us-east-1c-03,us-east-1,1c,shard-001,255,25.07349444705455,40.927709769145224,54.88840995561496,58.54247199587753,69.87872684502784,24.1513106762926,11.360783086960623,True,0,False,50,96.56482268464886,0,129,1836768,64.41001326307588
2024-01-02 00:30:00,node-us-west-2a-01,us-west-2,2a,shard-003,122,22.60397707373049,53.26068841327688,41.753752759116225,26.716507076559612,37.02333278730411,11.528843271244282,7.0464299258206875,True,0,True,0,92.29960817897589,0,258,2108727,29.70432092774976
2024-01-02 00:30:00,node-us-west-2b-02,us-west-2,2b,shard-004,518,29.659344437427798,74.25340146652043,40.868623264713115,96.52481121154133,159.25891285619898,37.01589327484994,30.58029147287373,False,24,False,25,85.32928629785323,0,369,1245158,82.17140702633645
2024-01-02 00:30:00,node-eu-west-1a-01,eu-west-1,1a,shard-002,309,27.41583377902257,61.69990189124982,59.0960329530014,66.75684673242664,74.31719736151831,24.410517637156932,15.440607528475239,True,0,False,48,90.40577361491707,0,356,1686245,27.04050593368902
2024-01-02 00:45:00,node-us-east-1a-01,us-east-1,1a,shard-001,728,32.48618027882657,44.39754050755211,56.73776674902918,146.05147235959478,192.59511485870624,64.57025598550047,29.310601968969305,True,0,True,0,91.94586906419514,0,247,1191835,61.15297857426129
2024-01-02 00:45:00,node-us-east-1b-02,us-east-1,1b,shard-002,192,23.94498727439207,69.86200330616236,54.32055070509042,40.67885432107032,50.62875129319808,13.367832511267308,9.351376414406966,True,0,False,31,86.56073253545334,0,178,4851089,67.352789660345
2024-01-02 00:45:00,node-us-east-1c-03,us-east-1,1c,shard-001,201,23.332295440652327,55.603395350386194,59.64921161163014,38.84019788100192,66.52367015657902,13.802369034902982,8.629628327158372,True,0,False,21,88.4848240947471,0,240,1789577,40.056885640316935
2024-01-02 00:45:00,node-us-west-2a-01,us-west-2,2a,shard-003,274,26.085797589393,52.51222091370783,52.79863966342656,62.08393989750412,80.88743496806057,19.35873740296956,14.373532293284635,True,0,True,0,97.47014070901783,0,347,1315681,52.26438977916655
2024-01-02 00:45:00,node-us-west-2b-02,us-west-2,2b,shard-004,380,26.23968561639771,43.289376197851624,41.36144971260677,70.07570934042309,119.15674440772534,24.998371817373854,21.85136955807157,True,0,False,7,94.59018017263458,0,444,4742817,25.668344129919134
2024-01-02 00:45:00,node-eu-west-1a-01,eu-west-1,1a,shard-002,516,28.408048963608046,50.99568047750267,69.11910639541787,107.61686638402284,148.14527306823865,40.08337957602072,21.80992087722307,True,0,False,30,90.8032739208941,0,64,2358885,55.493552637289625
2024-01-02 01:00:00,node-us-east-1a-01,us-east-1,1a,shard-001,355,27.95755047757298,65.08485162350141,56.634418072712776,58.38364602128361,113.79085802787674,25.195417510193284,17.808510977293526,True,0,True,0,90.88430180625774,0,365,1219981,86.31849719015577
2024-01-02 01:00:00,node-us-east-1b-02,us-east-1,1b,shard-002,752,37.58305371513978,79.83347717437391,68.55530529838067,135.6955662331539,223.63428524924572,49.3610968888424,41.264114298588645,True,0,False,25,92.32724753773827,0,192,3416414,34.73943378776078
2024-01-02 01:00:00,node-us-east-1c-03,us-east-1,1c,shard-001,495,30.38641918899093,62.04306382434483,62.711253160677046,94.8465505404488,152.06868370399334,47.50545799469202,23.45411065841553,True,0,False,25,89.37653030220311,0,423,2165166,36.04921526453658
2024-01-02 01:00:00,node-us-west-2a-01,us-west-2,2a,shard-003,209,24.350894845274226,44.938434280662484,51.03923982594154,39.62979073719465,61.82358356641765,13.643150158652267,10.49224131119625,True,0,True,0,93.46774696859147,0,420,3656898,30.941936341363345
2024-01-02 01:00:00,node-us-west-2b-02,us-west-2,2b,shard-004,101,21.945825530053288,44.610231082123946,51.578813817429804,18.257009961079753,24.87937850368882,8.251998185958776,4.675189346597136,True,0,False,33,95.41850040924352,0,345,2317254,95.1597977572696
2024-01-02 01:00:00,node-eu-west-1a-01,eu-west-1,1a,shard-002,284,26.14789952324054,55.99762406956567,49.11864501055716,54.68925227028216,74.86319494466983,19.71405774983609,12.07130601085129,True,0,False,24,97.23057357480307,0,281,3046452,54.98893290003486
2024-01-02 01:15:00,node-us-east-1a-01,us-east-1,1a,shard-001,818,34.086677660164895,48.092823688962945,52.918304341672524,181.07081032669444,287.7780892615667,62.789628299988614,41.07524937903794,True,0,True,0,93.60227863824977,0,352,2811210,64.63083872914378
2024-01-02 01:15:00,node-us-east-1b-02,us-east-1,1b,shard-002,458,28.464863448783237,73.51722115995886,48.95678140896229,73.30488882374885,140.83314580561284,30.073360911455726,27.05784953807789,True,0,False,19,87.82048195310274,0,263,3191295,66.40255658771576
2024-01-02 01:15:00,node-us-east-1c-03,us-east-1,1c,shard-001,376,28.783514226143282,78.35111132708109,51.22206345204211,75.03373180593097,102.52008357383161,25.734680159710322,21.67798753795469,True,0,False,14,89.53316775992377,0,185,1953573,90.59970475449313
2024-01-02 01:15:00,node-us-west-2a-01,us-west-2,2a,shard-003,622,32.23067282903608,67.84877718290318,34.79221722136422,112.08026480870885,152.3072194650754,46.821953307059495,31.550175604315793,True,0,True,0,96.64494522431102,0,50,4671459,57.364654744506
2024-01-02 01:15:00,node-us-west-2b-02,us-west-2,2b,shard-004,493,29.482014322130105,44.71474066545475,53.42975535035714,106.58706928110239,151.80970344431003,36.04690100333057,25.491228785615473,True,0,False,6,88.74052298787664,0,465,3150983,68.03537242304546
2024-01-02 01:15:00,node-eu-west-1a-01,eu-west-1,1a,shard-002,321,26.43532468100583,78.84457861149752,55.15318368870308,63.200741529660796,100.14908720357825,22.145289163594107,16.811284143664455,True,0,False,8,85.81406192064787,0,349,4811041,78.7197352493821
2024-01-02 01:30:00,node-us-east-1a-01,us-east-1,1a,shard-001,334,26.458381815141173,74.57556429960744,38.422841512338714,63.852119071207674,100.5717611378678,31.80969752817059,19.851749610581034,True,0,True,0,97.19596222465614,0,221,3506504,88.85654336759593
2024-01-02 01:30:00,node-us-east-1b-02,us-east-1,1b,shard-002,275,26.162628446417575,79.33913095387163,60.4368564424489,65.48564813946258,98.76944644169083,25.898347773515972,12.027007642221495,True,0,False,30,95.26399957387122,0,337,1995923,29.85069548357359
2024-01-02 01:30:00,node-us-east-1c-03,us-east-1,1c,shard-001,551,30.149046628218997,40.03460175038148,47.89873114202871,97.4072418190554,180.28373530322753,45.83280846957453,28.081111096060415,True,0,False,25,86.40683399138872,0,202,1903952,58.47354280580482
2024-01-02 01:30:00,node-us-west-2a-01,us-west-2,2a,shard-003,469,29.849747917285473,43.08549978005991,31.89630313110748,100.90765250619026,137.28792619983304,42.96767961189312,23.499236134100236,True,0,True,0,93.26363082413869,0,346,1899494,21.51958944361897
2024-01-02 01:30:00,node-us-west-2b-02,us-west-2,2b,shard-004,310,27.134480952084097,78.04976412148324,51.90298752485186,61.6785645180738,88.22931072673443,26.191934579488223,14.741518531185655,True,0,False,49,87.64434194263292,0,422,2710327,31.78819420663426
2024-01-02 01:30:00,node-eu-west-1a-01,eu-west-1,1a,shard-002,409,26.690116239809278,69.05977495725955,38.378731639347926,72.56593217087737,118.73730303518956,28.6272027808323,22.590126459265964,True,0,False,22,97.98898841611172,0,150,4260596,96.66234269272613
2024-01-02 01:45:00,node-us-east-1a-01,us-east-1,1a,shard-001,453,29.250434632302735,63.94485531061764,36.48405958917709,91.57721383195121,142.9439596944619,37.90942753104173,22.612703246580043,True,0,True,0,88.75059020470847,0,485,3470285,69.10832444845462
2024-01-02 01:45:00,node-us-east-1b-02,us-east-1,1b,shard-002,279,25.645147803828596,78.45963086284561,32.574651271375856,57.921718891724815,69.8961438259248,19.694598347685236,15.655308072836625,True,0,False,18,92.24198795398569,0,332,4142512,48.01328964129073
2024-01-02 01:45:00,node-us-east-1c-03,us-east-1,1c,shard-001,571,30.887214375707394,48.809811724585074,31.415635285980557,109.13012562242179,166.55147261512786,44.28820774357314,31.683016324838714,True,0,False,30,91.73945932386746,0,368,1867983,41.69304599028487
2024-01-02 01:45:00,node-us-west-2a-01,us-west-2,2a,shard-003,640,34.208193958146836,47.05438008988039,55.46023946494912,139.72507019556085,173.17355745829275,59.70909092901314,31.5529296395574,True,0,True,0,90.76718588882649,0,248,1959344,96.43561056573667
2024-01-02 01:45:00,node-us-west-2b-02,us-west-2,2b,shard-004,250,25.40270778692046,57.83365102597088,34.75698978230361,59.572145749149286,84.35305237625329,21.993036647237677,10.851377720595801,True,0,False,48,94.75735087899497,0,296,2636417,20.45937551990025
2024-01-02 01:45:00,node-eu-west-1a-01,eu-west-1,1a,shard-002,364,26.008792011922672,56.84796153234279,53.91961338261076,59.62429323612794,126.10078145827043,27.58234305966241,16.361923650099435,True,0,False,30,87.26051525024448,0,374,4813545,76.43324539780042
2024-01-02 02:00:00,node-us-east-1a-01,us-east-1,1a,shard-001,501,28.289506735047862,60.23785428106058,37.06115381288468,117.40550590775942,176.06759881587988,45.18902770347496,21.204038080865388,True,0,True,0,97.94576519657642,0,189,1920313,23.14336973240076
2024-01-02 02:00:00,node-us-east-1b-02,us-east-1,1b,shard-002,612,33.99081305808789,71.6542585075844,57.99037977098702,122.73948055916249,155.30993711469054,47.312032077471606,29.370931918225484,True,0,False,8,96.93490544601518,0,154,1413861,79.59248881650984
2024-01-02 02:00:00,node-us-east-1c-03,us-east-1,1c,shard-001,451,30.671107898795782,56.41359900390224,69.22731902574016,101.24256514509436,133.69820873346043,37.62016595568255,26.973254219066103,True,0,False,7,93.28384349293583,0,448,1007996,30.729046150770174
2024-01-02 02:00:00,node-us-west-2a-01,us-west-2,2a,shard-003,505,29.656923586416966,44.70374517042272,47.21687723674207,94.35652047540842,151.17463172145384,41.56087373954996,22.257182462497802,True,0,True,0,86.53615477783868,0,119,2764999,24.197069716865496
2024-01-02 02:00:00,node-us-west-2b-02,us-west-2,2b,shard-004,323,26.065342111209933,61.227148062432654,58.65846847017635,76.34812071207243,101.61087066479905,26.500759207276218,19.34720233875027,True,0,False,26,92.78332797589111,0,310,3587133,67.78591804072273
2024-01-02 02:00:00,node-eu-west-1a-01,eu-west-1,1a,shard-002,558,29.26933058009734,61.42103175943022,36.79277807564837,98.30275330351952,164.13475037479952,43.61529057892854,23.84180812983284,True,0,False,23,94.25592703758919,0,379,4961217,52.70028899518469
2024-01-02 02:15:00,node-us-east-1a-01,us-east-1,1a,shard-001,443,28.60307134363,43.74243522002242,40.11569869663322,103.42084104078644,126.79270406554816,37.32421874605812,20.382705319982847,True,0,True,0,96.51107338228584,0,471,3090330,33.94778451655678
2024-01-02 02:15:00,node-us-east-1b-02,us-east-1,1b,shard-002,498,30.622122083134002,56.53936355658638,54.84575344701123,105.62402436879381,145.6417556316325,43.35532412320173,22.982319496781884,True,0,False,7,97.47817610986289,0,233,1904113,83.2354897827135
2024-01-02 02:15:00,node-us-east-1c-03,us-east-1,1c,shard-001,199,24.527492218796073,50.26629680977085,47.18287431150297,42.40300661240278,51.322032191396104,15.288674612239058,10.335841828888567,True,0,False,39,87.14980165810907,0,372,1909373,27.064085534684068
2024-01-02 02:15:00,node-us-west-2a-01,us-west-2,2a,shard-003,302,25.61250036961261,76.35860853185407,44.71941844384836,57.017819469213755,87.12058990512435,27.16874523577197,13.208511165311823,True,0,True,0,86.01028233198683,0,221,2590939,95.09183966491784
2024-01-02 02:15:00,node-us-west-2b-02,us-west-2,2b,shard-004,176,23.42142387666665,45.266023501118624,54.05103762270843,41.14012181361027,55.66046057064014,15.288353366148401,8.986800097409345,False,87,False,24,90.32647711308641,0,209,2422910,22.184011333372435
2024-01-02 02:15:00,node-eu-west-1a-01,eu-west-1,1a,shard-002,535,30.555659616762227,54.40906675659845,39.254682927845465,105.19464393313322,141.18767894606233,37.62802282881349,26.650682803274883,True,0,False,35,96.59151602454503,0,203,3262158,91.11429143526814
2024-01-02 02:30:00,node-us-east-1a-01,us-east-1,1a,shard-001,221,24.35520621197288,68.72709488789005,64.25683508845783,40.50602301006113,59.75192745531198,17.806049480860334,10.418996811872477,True,0,True,0,96.79647383828822,0,126,4816984,36.201414506868865
2024-01-02 02:30:00,node-us-east-1b-02,us-east-1,1b,shard-002,618,32.02828633260179,43.90280158819574,66.81335892382324,116.64603208433493,154.74694456910532,57.184495482474,25.042603168945927,True,0,False,22,97.52059570581403,0,66,3174717,34.068369816143694
2024-01-02 02:30:00,node-us-east-1c-03,us-east-1,1c,shard-001,182,24.288917093171438,53.853800697976645,41.96325977012533,40.56523066192875,46.30007011042555,15.814459611387337,8.156771939746903,True,0,False,10,93.81251873927773,0,405,4390688,61.9105577800249
2024-01-02 02:30:00,node-us-west-2a-01,us-west-2,2a,shard-003,141,22.757699086134913,48.28411452540272,45.616049906770115,27.17583342131827,39.47955509581113,9.509626293643995,7.716354868565909,True,0,True,0,97.1167168650781,0,423,3475347,67.07027706246564
2024-01-02 02:30:00,node-us-west-2b-02,us-west-2,2b,shard-004,414,29.040458722938183,49.52831416905859,51.844363842217305,96.98117396226732,104.61210411943085,39.60311785159985,18.268480721958923,True,0,False,41,97.76984974722708,0,460,4278311,86.57433848439379
2024-01-02 02:30:00,node-eu-west-1a-01,eu-west-1,1a,shard-002,109,21.99707080443297,63.84347739215639,59.24626823276047,21.151943994840998,31.551548838646205,7.01390708221419,6.487698317200338,True,0,False,16,85.79168538412377,0,133,3308935,36.79696497952074
2024-01-02 02:45:00,node-us-east-1a-01,us-east-1,1a,shard-001,525,30.7549624088783,75.15764105761167,52.49540720507477,122.06486393516371,165.6621396067362,37.79495553354083,28.999890387851327,True,0,True,0,92.22056639692465,0,316,2415655,27.206058341919295
2024-01-02 02:45:00,node-us-east-1b-02,us-east-1,1b,shard-002,490,31.470981218649996,77.19490287661404,53.77006105608367,100.54310512918163,156.64155274692666,34.76183511428117,28.6778670666646,True,0,False,4,95.46938946447352,0,147,2730964,35.10480088960434
2024-01-02 02:45:00,node-us-east-1c-03,us-east-1,1c,shard-001,744,34.986336076436395,52.77699021489788,57.60833831153391,121.28490003287989,225.41315424532652,64.4340516678938,41.77144393501495,True,0,False,47,87.08276086032636,0,399,3083598,92.13585343498568
2024-01-02 02:45:00,node-us-west-2a-01,us-west-2,2a,shard-003,286,26.25570370642397,73.28490753233632,52.70931790561795,57.97346494098708,72.39122006909112,22.76270656146411,14.26500818346215,True,0,True,0,95.65091132297597,0,71,4916825,21.30898640823326
2024-01-02 02:45:00,node-us-west-2b-02,us-west-2,2b,shard-004,231,23.925053296674403,70.96405879869653,48.216363689550725,54.19723393874201,64.96634401497458,17.99923782371799,13.490651391064523,True,0,False,15,96.10741888624719,0,359,1362926,99.50331432764044
2024-01-02 02:45:00,node-eu-west-1a-01,eu-west-1,1a,shard-002,582,31.497565133187074,47.13984124990388,53.859059052592215,98.11717973975637,180.0644760005555,49.75910274101546,27.97547528488575,True,0,False,18,87.81374124018684,0,496,2590779,23.100319555634776
2024-01-02 03:00:00,node-us-east-1a-01,us-east-1,1a,shard-001,242,25.752869726175277,53.0958836177101,62.330148986367554,57.878194359431134,75.07169540298558,18.455113578726067,11.840219839204686,True,0,True,0,87.34376949461257,0,446,2803822,85.35225540451309
2024-01-02 03:00:00,node-us-east-1b-02,us-east-1,1b,shard-002,462,30.192368346582747,63.00706257583562,44.08149422813688,85.86895535099106,128.0009204945175,36.88505803591678,18.654963730439253,True,0,False,36,97.84259299418406,0,314,1965765,80.73364817571742
2024-01-02 03:00:00,node-us-east-1c-03,us-east-1,1c,shard-001,260,24.944632323944752,56.96423249448299,50.9762310004178,47.759993839953744,74.77862703255846,24.309538051453046,11.025257691101064,True,0,False,38,97.1163296186616,0,395,2046991,62.669652396475264
2024-01-02 03:00:00,node-us-west-2a-01,us-west-2,2a,shard-003,431,30.018786138900854,75.94216020002074,41.59417421046122,83.64208944623685,135.46936799120067,28.716054988735745,25.536525760269782,True,0,True,0,97.72440716602358,0,299,3003000,81.86274839222631
2024-01-02 03:00:00,node-us-west-2b-02,us-west-2,2b,shard-004,346,27.75289094269006,64.59488184148142,38.79041103337383,63.71434452713489,98.41603847148207,28.349953075781052,14.120373906157237,True,0,False,16,96.72264293434505,0,349,4801823,96.94251413774147
2024-01-02 03:00:00,node-eu-west-1a-01,eu-west-1,1a,shard-002,205,23.443181289037273,72.34840222813375,63.25013705131959,44.05216018481281,60.08377754964633,15.567583869894111,11.342259877776389,True,0,False,4,93.22323595108733,0,141,4885518,75.1579892271039
2024-01-02 03:15:00,node-us-east-1a-01,us-east-1,1a,shard-001,492,28.020123594734308,45.94002431359012,62.273467410451595,90.89330989703313,127.79557878583827,39.37162682527778,28.855801396876657,True,0,True,0,93.34084349235209,0,143,1284745,86.03003208206415
2024-01-02 03:15:00,node-us-east-1b-02,us-east-1,1b,shard-002,379,26.945401050506682,64.43502950100756,46.24128113266626,70.58475946100005,119.04675283203171,32.221699482539016,22.030919213127845,True,0,False,1,89.59830667951914,0,260,4650496,33.79884742412955
2024-01-02 03:15:00,node-us-east-1c-03,us-east-1,1c,shard-001,597,30.03208206809588,54.097038855600644,64.9711052070778,133.68290285616695,150.18020808883983,51.9331860375092,35.53526357400995,True,0,False,49,88.90724893084216,0,364,3048389,59.84883857519219
2024-01-02 03:15:00,node-us-west-2a-01,us-west-2,2a,shard-003,447,28.345287050006334,52.19521653541347,69.62309673903151,79.67095522238567,149.72170214392065,39.896682663945946,20.770099140347522,True,0,True,0,94.4443243179041,0,381,1802194,97.36559933393175
2024-01-02 03:15:00,node-us-west-2b-02,us-west-2,2b,shard-004,136,22.841902122868582,56.245184393014235,34.78558790648758,28.994236740822224,41.41558525096591,10.23956342691121,5.773550215557328,True,0,False,20,95.33038211369588,0,496,3409825,61.424539802108
2024-01-02 03:15:00,node-eu-west-1a-01,eu-west-1,1a,shard-002,508,28.362078808250047,49.28890558204169,68.7440922441076,99.62889966757051,135.9259019049612,40.697664532743666,25.84821407616269,True,0,False,2,88.6946721771873,0,172,4313184,35.01772080800472
2024-01-02 03:30:00,node-us-east-1a-01,us-east-1,1a,shard-001,323,27.612218689155114,47.0951962548366,44.7823011251739,53.23121743478382,78.83530563393933,21.242175552859898,18.71765485408462,True,0,True,0,96.83264795715039,0,319,1417865,97.2688528834817
2024-01-02 03:30:00,node-us-east-1b-02,us-east-1,1b,shard-002,453,29.009504488092936,75.46420142192733,64.34473138571722,105.39790352795815,141.25976026968826,32.139791657870816,25.736384141927985,True,0,False,35,92.69204546263568,0,448,1172360,58.339275730703235
2024-01-02 03:30:00,node-us-east-1c-03,us-east-1,1c,shard-001,260,25.877440838121935,65.9171828826969,33.88462640126904,49.9415073529191,75.7531603729357,17.212405213052342,10.577425510612995,True,0,False,49,85.08729345277456,0,451,4106408,73.61247199830342
2024-01-02 03:30:00,node-us-west-2a-01,us-west-2,2a,shard-003,241,24.50161602698506,52.846586371077876,46.77275367696628,43.08386496474206,67.48363265275894,15.757392957678682,11.151646524597028,True,0,True,0,95.77657835663628,0,79,1485502,28.16726824179731
2024-01-02 03:30:00,node-us-west-2b-02,us-west-2,2b,shard-004,272,25.536680514171426,77.78643976158091,50.90173621692452,47.20705106847186,81.83539849442825,25.438455152877665,14.936549650948251,True,0,False,20,97.47946893940794,0,128,4202840,92.25238230851258
2024-01-02 03:30:00,node-eu-west-1a-01,eu-west-1,1a,shard-002,129,22.413902275732944,44.39970081922459,67.93632913787746,27.18284953359422,46.17996780094233,8.722697632524225,5.32584718459819,True,0,False,7,97.83913340926489,0,484,1419572,94.77047582149031
2024-01-02 03:45:00,node-us-east-1a-01,us-east-1,1a,shard-001,934,39.68551975256675,60.07974609348643,67.78126048918884,171.3229473376549,318.05127078495696,86.89657311403847,40.620655354835876,True,0,True,0,90.45223724902174,1,80,2608046,26.606925236140473
2024-01-02 03:45:00,node-us-east-1b-02,us-east-1,1b,shard-002,488,30.48822511422906,50.37630021402792,41.14086599423723,79.77895234372336,167.60776365129342,34.85837398492918,22.968137822788876,True,0,False,8,93.36424632202653,0,190,4317008,33.86449186652547
2024-01-02 03:45:00,node-us-east-1c-03,us-east-1,1c,shard-001,149,23.05753989188008,54.880359514945454,45.940015407032845,31.859284352477232,49.12937805355272,11.871946171983813,6.086345717060364,True,0,False,32,86.42251334228217,0,440,4662000,76.18397582631464
2024-01-02 03:45:00,node-us-west-2a-01,us-west-2,2a,shard-003,342,28.02834937186163,51.920858743552955,52.695554978483884,81.30843952125362,119.24286912076485,32.13060533510011,19.897443279469577,True,0,True,0,88.95289160332965,0,56,3532365,49.99909807607443
2024-01-02 03:45:00,node-us-west-2b-02,us-west-2,2b,shard-004,298,26.349425152821873,70.22708210268578,54.62784653156143,61.98712789333506,93.90766673410509,27.863530236630183,15.015410246383109,True,0,False,26,94.18936924256987,0,383,3378379,50.661480573813414
2024-01-02 03:45:00,node-eu-west-1a-01,eu-west-1,1a,shard-002,230,24.628828242176695,76.33055315183157,66.0586301869409,42.798154356201394,57.941730651689234,21.092088598092914,10.359137499134139,True,0,False,43,86.34202709245251,0,488,4334775,27.412524272725214
2024-01-02 04:00:00,node-us-east-1a-01,us-east-1,1a,shard-001,773,38.39974620333841,69.8203563543354,69.9446211118049,128.02804019800934,191.8983076196643,54.17855735561741,41.744447870908324,True,0,True,0,88.37007700770943,0,206,1209245,41.06319037782424
2024-01-02 04:00:00,node-us-east-1b-02,us-east-1,1b,shard-002,387,29.08581501576498,50.79817680883066,56.001407707741016,63.64702653765795,125.04815363439997,29.55778029506962,17.104698513144164,True,0,False,1,94.34745706146988,0,54,4126983,41.694726074179684
2024-01-02 04:00:00,node-us-east-1c-03,us-east-1,1c,shard-001,345,27.563964511686017,48.44176091834332,69.81231330399407,59.85048064033608,102.02133495133484,25.718755368473797,16.3004333222218,True,0,False,46,88.16942328357582,0,380,2781521,86.45828371160457
2024-01-02 04:00:00,node-us-west-2a-01,us-west-2,2a,shard-003,174,23.266206675360014,70.60017998337165,57.310845595753676,32.99036133093569,52.6682364123568,15.185483150884503,10.394054568598992,True,0,True,0,93.83132903904975,0,334,1182737,39.74604260905299
2024-01-02 04:00:00,node-us-west-2b-02,us-west-2,2b,shard-004,430,29.149929222887376,76.50580186191613,63.813397698394176,95.03676935529823,104.53775518063726,35.40059593117615,25.139241342926795,True,0,False,3,92.84952909475493,0,395,1022935,69.69082003361387
2024-01-02 04:00:00,node-eu-west-1a-01,eu-west-1,1a,shard-002,468,28.03003303316749,71.76241749813508,64.31918339522224,89.34478334587672,123.68554412170332,35.34730744869416,22.001223086301618,True,0,False,33,89.0901612935479,0,450,1587331,44.2369790185776
2024-01-02 04:15:00,node-us-east-1a-01,us-east-1,1a,shard-001,893,39.40810857163116,52.20545502358158,69.49439996339895,209.65147574147448,303.6410695167167,69.37110739063272,50.56612211741603,True,0,True,0,92.23671252188026,0,198,1164959,48.28667503401596
2024-01-02 04:15:00,node-us-east-1b-02,us-east-1,1b,shard-002,473,29.614979520428363,45.764901265082,50.07105973806115,88.64557986872545,148.53900854392953,36.755728614402216,23.65331252490793,True,0,False,50,92.7498951116714,0,109,3673320,98.57077344184476
2024-01-02 04:15:00,node-us-east-1c-03,us-east-1,1c,shard-001,541,32.6770635278156,45.1605321635694,53.485116849854734,102.38456776257442,177.13073003345175,37.32261852758245,25.99801186840918,True,0,False,41,92.41344911354285,0,68,3406559,45.09219306103704
2024-01-02 04:15:00,node-us-west-2a-01,us-west-2,2a,shard-003,437,29.699557999544787,68.13415389013014,65.73924206950326,81.96670032573444,156.80555035124559,40.764273077772856,17.574381033484755,True,0,True,0,89.16464518130734,0,112,2218892,84.98384170484363
2024-01-02 04:15:00,node-us-west-2b-02,us-west-2,2b,shard-004,437,30.200612056528072,41.5997717054759,64.57780139370972,94.72362415641832,125.97753093756967,35.00175424743046,19.629042206398744,True,0,False,6,94.32463199626321,0,135,1231686,50.09682648169711
2024-01-02 04:15:00,node-eu-west-1a-01,eu-west-1,1a,shard-002,408,27.541503910791356,69.21093276433218,34.00458609994155,80.0753342860071,145.01012684273147,30.183536221180688,16.405032391279295,True,0,False,34,92.07773430394266,0,463,1500346,84.15956221240907
2024-01-02 04:30:00,node-us-east-1a-01,us-east-1,1a,shard-001,408,26.851045772588275,67.2167653221376,52.28580593037991,80.33113273658635,142.18248349551857,36.74695539367361,21.06013369166274,True,0,True,0,86.00773729897749,0,303,2405622,83.10839394382822
2024-01-02 04:30:00,node-us-east-1b-02,us-east-1,1b,shard-002,563,33.04599072050169,67.46842252248094,47.881415090894635,109.07852012215335,179.25630390799867,38.492218866159995,33.17718173477279,True,0,False,20,97.17590799028494,0,448,3725399,25.481385041385025
2024-01-02 04:30:00,node-us-east-1c-03,us-east-1,1c,shard-001,310,26.66163674658225,59.041035320561825,53.58100954371584,59.82705283171104,111.36907444591589,22.97284075676305,13.547249809530188,True,0,False,24,96.14431284515977,0,209,4517006,88.66056421967328
2024-01-02 04:30:00,node-us-west-2a-01,us-west-2,2a,shard-003,277,25.35937932273597,75.04884201446983,31.431124379789885,45.23985278953221,93.63176275606504,20.764288167746432,14.441621101617034,True,0,True,0,95.9959435787976,0,169,1205286,76.06532367757282
2024-01-02 04:30:00,node-us-west-2b-02,us-west-2,2b,shard-004,387,26.313867526156503,50.81328478816512,44.187996311827916,73.26637816815551,118.31088100398156,28.421189628278928,15.604165039998115,True,0,False,4,95.19487202327471,0,486,1257508,99.87798883649906
2024-01-02 04:30:00,node-eu-west-1a-01,eu-west-1,1a,shard-002,502,31.01883098464375,47.31663500341232,69.46701625758408,85.30269275700972,165.3129033612353,40.79231466387066,27.3714543653083,True,0,False,7,94.60019767492183,0,180,4285617,63.63108429071367
2024-01-02 04:45:00,node-us-east-1a-01,us-east-1,1a,shard-001,474,27.609166047872517,56.74300622362562,60.35621484324977,84.55718557468755,169.40104038202196,32.68610238212248,27.123909667964575,True,0,True,0,93.74453986313398,0,393,2404658,24.16765828878278
2024-01-02 04:45:00,node-us-east-1b-02,us-east-1,1b,shard-002,605,32.89791739488323,68.99976828259558,31.68642165496847,112.94182050949925,161.80888044867083,53.28982068778886,29.987856568216262,True,0,False,11,89.48028218794755,0,373,4543181,99.22474999080623
2024-01-02 04:45:00,node-us-east-1c-03,us-east-1,1c,shard-001,739,37.62981825721866,49.24054229862002,46.14333042283686,121.36932236796304,261.19430984862174,70.59330090897885,40.91119311209602,True,0,False,23,92.87187136124845,0,181,1701368,40.27225902270796
2024-01-02 04:45:00,node-us-west-2a-01,us-west-2,2a,shard-003,533,32.595267748635614,64.69677700920025,64.09611174659636,88.26358033127299,142.57736668560412,35.83085960961363,23.483262119748062,True,0,True,0,88.48931399873442,0,218,4618552,86.15870588061229
2024-01-02 04:45:00,node-us-west-2b-02,us-west-2,2b,shard-004,342,26.40408934574824,43.46365240684016,65.32430817850991,58.00172349993022,123.00761713682819,23.313651098341953,20.37957820081666,True,0,False,50,87.43247770746953,0,113,1645867,51.09042556595706
2024-01-02 04:45:00,node-eu-west-1a-01,eu-west-1,1a,shard-002,282,25.938149490181747,60.58957962522096,44.29683562644346,48.87311304925454,70.98515472582172,18.94244055326987,15.494600111537247,True,0,False,45,87.53288873253273,0,178,3433429,75.39328018429914
2024-01-02 05:00:00,node-us-east-1a-01,us-east-1,1a,shard-001,690,32.279996932499245,42.88153386318572,35.825638620519086,137.64580523041667,243.1163954697732,53.047984254659625,36.78063898269452,True,0,True,0,96.55129132931256,1,62,1041920,22.84539240368896
2024-01-02 05:00:00,node-us-east-1b-02,us-east-1,1b,shard-002,480,30.87024661580262,48.781571511153956,50.743772166690064,110.46424148519003,137.7977474960327,35.02203965699747,26.11618813926864,True,0,False,46,87.45032593644109,0,279,1448984,54.02945217636875
2024-01-02 05:00:00,node-us-east-1c-03,us-east-1,1c,shard-001,402,26.699270078404734,61.6183500728353,42.07848417116944,65.53224135137414,136.11317749395758,25.980697433518152,19.276565800703327,True,0,False,36,92.99599454583534,0,475,4233969,97.65504807568452
2024-01-02 05:00:00,node-us-west-2a-01,us-west-2,2a,shard-003,508,28.167058692794225,66.60612124253223,53.142686651649484,101.68151758755889,134.21985099309236,35.802351941617175,28.56649764398484,True,0,True,0,97.17387021444527,0,427,3833731,86.24525112680868
2024-01-02 05:00:00,node-us-west-2b-02,us-west-2,2b,shard-004,410,27.968576891759003,79.16959126735637,57.711201109960534,78.19617211886109,123.56261975854372,37.14537883036484,21.961658413738604,True,0,False,12,95.10045914466153,0,128,2092961,41.172142753522
2024-01-02 05:00:00,node-eu-west-1a-01,eu-west-1,1a,shard-002,195,24.086562274689356,42.791231299999204,34.29424692399713,32.85504932201599,54.194471363091786,14.786849809949985,8.998035853792814,True,0,False,3,89.89214829645722,0,451,3300989,81.2689670781416
2024-01-02 05:15:00,node-us-east-1a-01,us-east-1,1a,shard-001,886,40.171548050378995,48.19606611003756,63.3895399889278,184.95944708011612,227.39289761240155,64.0946577879731,47.2027701646583,True,0,True,0,86.95433979980446,0,204,4115629,50.52865642329461
2024-01-02 05:15:00,node-us-east-1b-02,us-east-1,1b,shard-002,643,35.14474497235842,67.23987734711311,42.961884919528075,117.44946205276595,186.00328321198214,48.20509680275913,31.814950004294612,True,0,False,6,88.3610252089814,0,91,2837237,98.14185769204867
2024-01-02 05:15:00,node-us-east-1c-03,us-east-1,1c,shard-001,500,28.731938636193245,46.48614147857483,52.1038237968119,90.64833416285597,160.5743085694544,34.74304933644741,25.313280433196617,True,0,False,46,93.56280338624109,0,496,4517362,99.32969498759601
2024-01-02 05:15:00,node-us-west-2a-01,us-west-2,2a,shard-003,376,28.51088117700371,71.81386857894643,50.33107183713699,78.56449229058617,129.7178242460833,31.005128821978,19.63249360625838,True,0,True,0,88.0647832258681,0,284,1754980,44.28378999731137
2024-01-02 05:15:00,node-us-west-2b-02,us-west-2,2b,shard-004,171,23.71756485575083,51.26177700650632,60.020942986489885,36.60593526176133,56.94925001241194,16.20142967345663,8.066778273106404,True,0,False,42,91.17559472728247,0,340,1576077,51.03210083780037
2024-01-02 05:15:00,node-eu-west-1a-01,eu-west-1,1a,shard-002,309,26.64940782846135,41.0094840783455,44.89037972661633,65.01395871378114,84.78307212205098,26.438563678184522,12.46569867138361,True,0,False,20,86.89727857622785,0,468,4507198,22.016940006608927
2024-01-02 05:30:00,node-us-east-1a-01,us-east-1,1a,shard-001,285,25.017043551963496,76.6259614359567,69.75038011274565,53.343805337857475,87.59974641105886,26.883993613220458,15.041791005068816,True,0,True,0,94.58377119298352,0,359,3286034,60.49689637548168
2024-01-02 05:30:00,node-us-east-1b-02,us-east-1,1b,shard-002,714,33.02634879302347,50.42854754650611,36.188436169433274,156.52487598074856,238.68790237088504,54.124942513760665,30.193251102257566,True,0,False,25,86.51020786193106,0,236,1058363,86.0699522581705
2024-01-02 05:30:00,node-us-east-1c-03,us-east-1,1c,shard-001,339,26.373483272779772,54.61162372753487,53.031694045876684,56.5889095007555,99.92858497378963,23.908456168541534,16.198637503597904,True,0,False,47,97.89957786711257,0,296,2129449,69.87490248805064
2024-01-02 05:30:00,node-us-west-2a-01,us-west-2,2a,shard-003,437,28.770067354020746,75.88748388854809,49.78193813405456,83.23232689075918,150.20343443157475,41.160584046684406,20.907747683364597,True,0,True,0,89.27592707352755,0,129,1632776,78.08830082309485
2024-01-02 05:30:00,node-us-west-2b-02,us-west-2,2b,shard-004,416,27.973116328977618,57.553072867452926,50.82663691745875,80.60035545577291,132.4817199181552,27.910383696151868,22.76484807047683,True,0,False,9,86.59487015453018,0,329,1951663,84.55318601446254
2024-01-02 05:30:00,node-eu-west-1a-01,eu-west-1,1a,shard-002,529,30.833731529190445,78.84246210653299,46.952014032589275,109.22801328291288,172.65620062132803,45.65659286873612,24.10321434307521,True,0,False,19,88.20669922057259,0,238,4305575,21.961014294427102
2024-01-02 05:45:00,node-us-east-1a-01,us-east-1,1a,shard-001,303,26.29394151301062,69.59677072287145,68.01988966536044,56.03472818159657,95.82944785141869,21.313694067464375,14.54808787597014,True,0,True,0,88.78867865999709,0,407,2072705,52.969189318588796
2024-01-02 05:45:00,node-us-east-1b-02,us-east-1,1b,shard-002,132,22.69413800504867,50.02084341262488,35.944043777996946,25.530911517001353,33.335138495434286,8.958612965506044,6.004287454896033,True,0,False,30,93.70150096507328,0,59,1844762,52.36406809744441
2024-01-02 05:45:00,node-us-east-1c-03,us-east-1,1c,shard-001,206,23.92910920749395,79.50330771115654,40.430116550293675,33.931000457316664,63.64670411178879,19.070873462896856,8.366122874158078,True,0,False,31,97.36576471858729,0,457,2512136,49.204370885484956
2024-01-02 05:45:00,node-us-west-2a-01,us-west-2,2a,shard-003,512,28.53048338725039,59.79521135456082,48.33348497000345,100.49958715488484,152.8086576807707,37.65324902544979,27.869000224406058,True,0,True,0,90.97154636134745,0,403,2434853,91.36925065603353
2024-01-02 05:45:00,node-us-west-2b-02,us-west-2,2b,shard-004,300,26.64431563100746,53.56329419536111,38.93421791558133,68.22998343239679,87.51123944249844,26.612978391171517,17.689330159604786,True,0,False,3,94.34646536566713,0,117,1858764,36.49215153797816
2024-01-02 05:45:00,node-eu-west-1a-01,eu-west-1,1a,shard-002,361,28.433068488663622,40.18105925352379,31.446443402501036,60.70737945385303,100.06413776162924,34.64801384368231,18.15971356208636,True,0,False,29,96.35716685907043,0,423,3848563,51.36779430504827
2024-01-02 06:00:00,node-us-east-1a-01,us-east-1,1a,shard-001,521,31.204668136225933,41.240893741615984,45.272905351984726,96.1051345688069,177.76217638792662,36.55554429690805,22.350603628340544,True,0,True,0,90.07479582504664,0,227,3726035,44.785555027244975
2024-01-02 06:00:00,node-us-east-1b-02,us-east-1,1b,shard-002,678,31.516217611570045,78.81243176946442,55.63346038963226,155.3531907827948,217.70810100653856,49.37132860882008,31.94765632565508,True,0,False,40,86.71216291265131,0,176,2624157,40.01177157176588
2024-01-02 06:00:00,node-us-east-1c-03,us-east-1,1c,shard-001,453,30.458964818258444,57.75619094827393,63.293988036651854,92.64818704079845,133.63861356174706,41.101668316115116,21.037345910878592,True,0,False,14,96.84892314728154,0,213,4335556,44.72561230814727
2024-01-02 06:00:00,node-us-west-2a-01,us-west-2,2a,shard-003,536,31.364193949081034,73.42668532373307,61.97598404303703,92.19567574706029,135.53465435581464,44.074827068410286,24.071009783249178,True,0,True,0,94.17326879067691,0,129,4907482,63.55730988724354
2024-01-02 06:00:00,node-us-west-2b-02,us-west-2,2b,shard-004,200,23.5718369801461,66.1751078769336,53.42278639390137,36.133675928607076,49.06767908622345,18.420497727436928,9.844948325154405,True,0,False,3,90.24188169905287,0,388,4344436,97.46536939944963
2024-01-02 06:00:00,node-eu-west-1a-01,eu-west-1,1a,shard-002,404,28.16337992387541,51.61150281489435,31.38316883960256,90.2175982313267,132.40132662719662,29.57975504606597,16.71439435580306,True,0,False,43,89.79734694003973,0,253,3033056,48.6842462034383
2024-01-02 06:15:00,node-us-east-1a-01,us-east-1,1a,shard-001,533,31.00704410977624,76.56759447526522,43.52250272631917,103.18643336515602,141.05414445752888,39.26705989329174,22.719835953586365,True,0,True,0,85.15164479930095,0,318,3586479,39.64415622901551
2024-01-02 06:15:00,node-us-east-1b-02,us-east-1,1b,shard-002,719,33.16310512847341,42.175803809535466,68.93837620962904,122.8158496155933,218.94010602187927,48.782573599822946,36.87506991128346,True,0,False,18,87.1217169883531,0,181,1885441,48.82299413964664
2024-01-02 06:15:00,node-us-east-1c-03,us-east-1,1c,shard-001,511,28.463135602315624,53.23917592415071,35.60162593463632,103.99959727885681,151.6778099714236,36.538729156755856,25.827710878592967,True,0,False,27,93.77017393330621,0,63,3015145,85.83093193614681
2024-01-02 06:15:00,node-us-west-2a-01,us-west-2,2a,shard-003,519,31.439515616091924,67.29591115211446,44.62036289254289,93.31575066042103,158.74747102336954,40.52244398599031,24.988738336550004,True,0,True,0,90.80902161177939,0,277,2068727,56.87967951747923
2024-01-02 06:15:00,node-us-west-2b-02,us-west-2,2b,shard-004,192,23.270777567579625,59.983650148463134,36.04891323376398,39.8347784341012,61.963351875267506,14.73507002862621,7.780192285994114,True,0,False,21,87.51157432648755,0,425,2892465,82.3220080455698
2024-01-02 06:15:00,node-eu-west-1a-01,eu-west-1,1a,shard-002,426,26.915090354054772,73.8838706755333,64.76940073794665,81.56189124765363,108.00429548705604,36.76456137759766,17.442232981507576,True,0,False,5,85.82373488708632,0,299,4782305,33.57039413488569
2024-01-02 06:30:00,node-us-east-1a-01,us-east-1,1a,shard-001,566,30.088171088602365,79.98975240008066,54.70428306460449,108.6452667404533,159.73619284349704,51.03434684149003,31.846530087549848,True,0,True,0,88.04839734697586,0,443,2279548,97.59239512288949
2024-01-02 06:30:00,node-us-east-1b-02,us-east-1,1b,shard-002,545,29.419748253916843,70.03257525192878,67.49597002276757,113.98857393303993,141.32147869013497,35.86224335631931,32.48142599952317,True,0,False,24,87.79613283896369,0,96,3903831,76.54352850442964
2024-01-02 06:30:00,node-us-east-1c-03,us-east-1,1c,shard-001,399,29.21400712846738,69.4832211761888,47.34934363918373,88.79692741960325,99.14434855170587,31.69860623317919,20.64894916676695,True,0,False,39,89.37800272154519,0,130,4301297,51.39647478441872
2024-01-02 06:30:00,node-us-west-2a-01,us-west-2,2a,shard-003,349,27.264673121853967,51.35622186787772,56.8568164947058,80.59483736960003,85.14425398277245,24.156511180527563,18.593803724775633,True,0,True,0,89.91165860096424,0,293,4308862,24.077804855369386
2024-01-02 06:30:00,node-us-west-2b-02,us-west-2,2b,shard-004,357,28.454377497875875,76.56983491795985,47.42085458838842,58.51431027664871,89.92317179014613,29.867937437622516,18.19906899809348,True,0,False,46,88.53451560242588,0,60,3463280,84.60642389288307
2024-01-02 06:30:00,node-eu-west-1a-01,eu-west-1,1a,shard-002,229,24.5439855254568,51.75319361995411,34.990479770770804,45.90195644287428,66.6416216817325,17.637265776634095,10.847896388860397,True,0,False,5,88.14882704279181,0,244,2073187,21.174923934724372
2024-01-02 06:45:00,node-us-east-1a-01,us-east-1,1a,shard-001,752,33.21707063722455,75.21351881907368,68.38779811948244,169.78996073142363,215.94203824457588,55.91000723511562,37.837944875937694,True,0,True,0,91.61637519808082,0,111,3473778,47.62119902175251
2024-01-02 06:45:00,node-us-east-1b-02,us-east-1,1b,shard-002,469,27.84419369868721,46.30570022898993,49.79663979202597,102.21202068090714,118.027056287399,30.77741249987709,25.269979778730278,True,0,False,18,96.78138847744306,0,293,1047115,87.1428398010107
2024-01-02 06:45:00,node-us-east-1c-03,us-east-1,1c,shard-001,393,28.998124722259043,76.41568953126094,58.991134114250464,83.79034301022647,125.84343824446488,25.352757573002673,16.28028455047834,True,0,False,40,91.27696086008467,0,493,1293755,22.74493601351982
2024-01-02 06:45:00,node-us-west-2a-01,us-west-2,2a,shard-003,636,34.162907567775605,48.882625334532605,39.65407555243273,141.45685062831606,206.07028179262278,42.591519806504564,37.314895274284524,True,0,True,0,94.21237039645817,0,105,2056070,69.2964217600909
2024-01-02 06:45:00,node-us-west-2b-02,us-west-2,2b,shard-004,364,25.90036951309772,59.04700555371113,66.56924374328015,59.372007304567454,103.65275069186546,29.90265047411191,16.619533281931474,True,0,False,27,86.30308789178373,0,500,1049538,64.83497377627941
2024-01-02 06:45:00,node-eu-west-1a-01,eu-west-1,1a,shard-002,162,23.662236061315678,75.95326696565428,36.43382155635185,30.008006907712105,47.18185633436072,11.869979171218004,6.788784678335695,True,0,False,49,92.2557028573582,0,175,3375784,37.18022555004623
2024-01-02 07:00:00,node-us-east-1a-01,us-east-1,1a,shard-001,792,35.66266186811423,70.31701930917401,59.960605362896665,128.49809248993924,195.7263653544915,70.7616968404099,35.88792821689391,True,0,True,0,94.5466082471469,0,186,2800645,44.63457379094365
2024-01-02 07:00:00,node-us-east-1b-02,us-east-1,1b,shard-002,590,30.737147630493638,71.78318318909044,52.904855873299184,97.65929244412638,158.4895508562705,47.70483452814099,33.293570231899764,True,0,False,49,90.86988290569025,0,241,3734790,81.95422366647918
2024-01-02 07:00:00,node-us-east-1c-03,us-east-1,1c,shard-001,464,28.59948857088558,56.555482791710006,46.90690713915296,96.14199216276516,127.49556529365339,39.5148644445303,23.27427390391653,True,0,False,41,92.72119077607096,0,214,2089445,37.46449273091062
2024-01-02 07:00:00,node-us-west-2a-01,us-west-2,2a,shard-003,397,27.439850611807906,58.25354214773397,65.00594310089127,78.82777353383686,126.82813957183971,32.069057656744,23.5617138408448,True,0,True,0,93.0397629728678,0,365,4046901,27.820352849055972
2024-01-02 07:00:00,node-us-west-2b-02,us-west-2,2b,shard-004,167,23.740338751544552,63.420808677102656,33.288864501301745,30.92784994942563,54.749867676989766,11.207272651922297,7.291986064735908,True,0,False,19,86.77219677991376,0,351,1399750,58.7316613881708
2024-01-02 07:00:00,node-eu-west-1a-01,eu-west-1,1a,shard-002,134,22.743242828395257,59.59499387994342,32.295303381206296,28.382695382710374,35.980684320505816,11.123770541744484,5.56750333419713,True,0,False,13,88.49062887992504,0,266,2095168,38.13178655812705
2024-01-02 07:15:00,node-us-east-1a-01,us-east-1,1a,shard-001,950,42.70065774912964,77.96254444316689,52.35317786312062,163.7151714716856,337.030598630983,75.79831109207848,44.573788221165785,True,0,True,0,90.84974954356674,0,137,3730290,22.992773167097962
2024-01-02 07:15:00,node-us-east-1b-02,us-east-1,1b,shard-002,711,33.17174328470581,58.42582525664486,65.22123381228535,149.65133605068502,190.07621826040452,61.48708949446914,32.61309689612598,True,0,False,16,90.37826240447433,0,393,1850373,83.06295976902544
2024-01-02 07:15:00,node-us-east-1c-03,us-east-1,1c,shard-001,222,24.2885595342052,62.51278595210735,33.731040580020256,47.818763898091085,68.86631530064871,14.589090988841894,10.723216030280632,True,0,False,40,92.56714762185676,0,279,3601199,82.19602261809975
2024-01-02 07:15:00,node-us-west-2a-01,us-west-2,2a,shard-003,355,26.636015276440418,50.404004752322834,48.039579276187396,57.096291609743076,91.20260275454538,24.998486670055662,19.05798668255381,True,0,True,0,94.03937245562214,0,137,2262387,55.87054712600285
2024-01-02 07:15:00,node-us-west-2b-02,us-west-2,2b,shard-004,541,29.109097128120915,78.14720564415754,60.25038786812364,92.40116280780322,134.2563731625135,36.89904755855077,22.814545699678142,True,0,False,10,89.12996703813585,0,449,3421998,67.08178335429868
2024-01-02 07:15:00,node-eu-west-1a-01,eu-west-1,1a,shard-002,182,23.675509342114058,74.38958570908798,32.08930878265615,31.636479923811198,48.67756859323124,15.160929916031941,7.649641197220728,True,0,False,35,90.75784944520467,0,163,2173936,97.23013775756294
2024-01-02 07:30:00,node-us-east-1a-01,us-east-1,1a,shard-001,726,35.36279392938656,57.911589712660515,38.51412593538126,120.21506922277062,218.18493893601655,68.32221413916753,39.80744656232767,True,0,True,0,89.92122210589099,0,409,2491153,31.67273284184061
2024-01-02 07:30:00,node-us-east-1b-02,us-east-1,1b,shard-002,402,27.738569127400844,45.363370091483716,31.47710768134074,83.12415277088313,105.89416270019021,35.927338522845886,20.33778842378361,True,0,False,25,86.1423108941459,0,397,2866986,92.38343347952903
2024-01-02 07:30:00,node-us-east-1c-03,us-east-1,1c,shard-001,605,33.263762677902065,51.8384338761437,44.08873131333836,103.41147862249835,161.83032220406378,54.02609760035138,28.056731797400886,True,0,False,4,96.8237003178827,0,255,4906271,30.562866158283278
2024-01-02 07:30:00,node-us-west-2a-01,us-west-2,2a,shard-003,424,27.246519052307832,51.35624417515514,49.88362465052155,81.98102249907201,134.49870926031124,29.072688981991675,23.994164549926467,True,0,True,0,95.08420582852081,0,210,4425619,42.81203580164836
2024-01-02 07:30:00,node-us-west-2b-02,us-west-2,2b,shard-004,423,29.002856743536494,61.15797300989921,51.90685844559955,77.79793613345637,132.6575679659039,29.02921597735907,20.839057188971736,True,0,False,27,97.09377801093271,0,136,4265105,21.052443218591854
2024-01-02 07:30:00,node-eu-west-1a-01,eu-west-1,1a,shard-002,313,26.009931398012586,65.43618481683028,30.439044414821904,53.08263580128607,88.89802350229661,26.952044139902522,13.739835828030104,True,0,False,44,88.00913836003542,0,450,3838135,97.5472204936915
2024-01-02 07:45:00,node-us-east-1a-01,us-east-1,1a,shard-001,404,27.528839551317553,79.00581425455053,43.587589937355574,71.74868790091307,128.92613415205832,34.03913940951731,21.581635744599104,True,0,True,0,95.98599201043065,0,279,2365395,95.20841370220244
2024-01-02 07:45:00,node-us-east-1b-02,us-east-1,1b,shard-002,556,30.89439811304849,73.49428939061656,59.33418115206038,122.7354168589785,154.97188003838843,43.87993823220413,22.858215193897504,True,0,False,36,95.83814303562961,0,304,4078334,66.02784933999838
2024-01-02 07:45:00,node-us-east-1c-03,us-east-1,1c,shard-001,446,27.285747608063243,66.20112397704727,38.745359596205056,95.34312751691007,111.40602817724306,29.965132052790707,20.919076203735614,True,0,False,34,85.3020556161742,0,280,2068335,44.8865379871052
2024-01-02 07:45:00,node-us-west-2a-01,us-west-2,2a,shard-003,170,23.139780626524384,41.4962417889449,37.385151311196594,40.46324329463621,42.09580451550452,16.137834918951405,7.681536793385106,True,0,True,0,86.37058448036623,0,94,3192721,44.84860665432208
2024-01-02 07:45:00,node-us-west-2b-02,us-west-2,2b,shard-004,180,23.427127642628484,78.43667553218654,33.583986738742134,33.832499392371915,57.36263577140349,14.109426827985816,9.140624213622717,True,0,False,24,85.72387929939836,0,113,3919838,89.99714315047524
2024-01-02 07:45:00,node-eu-west-1a-01,eu-west-1,1a,shard-002,469,28.97660252235775,73.9702311109687,53.83555905780342,83.53082810950015,167.02505859473493,38.797521287939986,21.726306540722003,True,0,False,48,94.59087506989803,0,167,4052779,30.38241713009417
2024-01-02 08:00:00,node-us-east-1a-01,us-east-1,1a,shard-001,360,26.38900426704998,47.870943928334356,55.96810157475902,70.36843699523031,87.77816525386048,25.736632445827905,14.749824909518608,True,0,True,0,86.24655030686439,0,221,2091377,38.5243783196313
2024-01-02 08:00:00,node-us-east-1b-02,us-east-1,1b,shard-002,561,29.853908522830103,52.2488739127629,67.01033747653088,115.21717083392602,187.28304424557172,45.0373545885323,27.75386978558175,True,0,False,42,90.53483609098824,0,466,1302296,65.56359124785531
2024-01-02 08:00:00,node-us-east-1c-03,us-east-1,1c,shard-001,623,32.95722476833229,47.3565287078802,31.988818032057907,126.22999158840575,216.51874777427406,45.980289433083804,33.50471985697789,True,0,False,13,93.40682827798095,0,313,1096248,74.40332245115808
2024-01-02 08:00:00,node-us-west-2a-01,us-west-2,2a,shard-003,609,31.607683409092147,75.13960756663518,43.572152212862676,102.20304927074206,191.0447479260722,55.52653068852671,26.4204390438749,True,0,True,0,97.41210966685469,0,379,1902023,79.5272704072365
2024-01-02 08:00:00,node-us-west-2b-02,us-west-2,2b,shard-004,177,22.862512496529064,56.042469191478745,50.526125032998735,34.354597622019604,45.13811263983596,13.0430496212109,10.57050390194154,True,0,False,36,95.89808473556491,0,306,4295869,40.83652257849978
2024-01-02 08:00:00,node-eu-west-1a-01,eu-west-1,1a,shard-002,119,22.309337299574374,72.70358279892031,57.69723801142311,22.57220495381745,38.909722182070695,8.200292596363319,5.5227264501577285,True,0,False,21,89.54238830747975,0,448,4058005,63.67471573005223
2024-01-02 08:15:00,node-us-east-1a-01,us-east-1,1a,shard-001,515,29.67925364574547,76.78765503882518,66.98791669124822,100.04339797154758,170.16752467883126,45.76869404180372,26.505705099194415,True,0,True,0,85.44128676728532,0,316,3055214,84.44341793187354
2024-01-02 08:15:00,node-us-east-1b-02,us-east-1,1b,shard-002,275,25.605685213344906,74.64999165423296,30.74485848446832,44.78786041143587,75.92118502754131,24.790655144020658,13.846676098956616,True,0,False,46,97.62374970984399,0,263,4038711,96.08949725413544
2024-01-02 08:15:00,node-us-east-1c-03,us-east-1,1c,shard-001,199,23.554613529109048,45.103317558525895,62.87456673017739,38.5512127990221,52.97819197057331,16.09927864689512,11.064345301961048,True,0,False,44,96.59096043486272,0,303,1390336,24.453971020928886
2024-01-02 08:15:00,node-us-west-2a-01,us-west-2,2a,shard-003,423,28.962665722042868,61.99824684790523,56.86594278322266,96.15209948052014,121.04610951098203,34.75821259351496,18.0424557178417,True,0,True,0,92.5091972547331,0,325,1447678,26.34421121542254
2024-01-02 08:15:00,node-us-west-2b-02,us-west-2,2b,shard-004,141,22.672124987649827,76.81332512551518,32.30348079516462,26.624314117669574,40.58910851956103,13.00561290122623,7.397300188148462,True,0,False,14,95.88032145910447,0,490,1826008,29.59802728642023
2024-01-02 08:15:00,node-eu-west-1a-01,eu-west-1,1a,shard-002,203,23.442804286081785,66.47964190242821,67.75227565598631,36.498483329143006,50.43241776008801,18.697949630790255,11.222397748339429,True,0,False,40,88.01975697286547,0,487,2287381,23.76031092065009
2024-01-02 08:30:00,node-us-east-1a-01,us-east-1,1a,shard-001,770,37.40472373975537,77.270172675331,36.82775015924469,138.70692895599322,213.12103522097956,53.06142743315507,36.845372056364454,True,0,True,0,87.06084944779762,0,59,4028688,67.89811218626315
2024-01-02 08:30:00,node-us-east-1b-02,us-east-1,1b,shard-002,271,26.32257732639888,43.77851409854606,41.85338195938597,53.48136277832664,74.03672964245548,22.802277247286998,14.974829625301345,True,0,False,32,93.94863274773594,0,381,1866721,65.03590507549168
2024-01-02 08:30:00,node-us-east-1c-03,us-east-1,1c,shard-001,448,28.009409090074243,69.92987299103308,49.29829579903139,91.90870041987695,139.1946774540498,28.807844852716716,20.9588450284444,True,0,False,8,90.51099384743159,0,393,2435666,87.9409840819304
2024-01-02 08:30:00,node-us-west-2a-01,us-west-2,2a,shard-003,118,22.383517812921777,56.552809398077926,46.6663124482772,25.48357064238447,34.57808956852628,10.05025826586609,5.785580540284092,True,0,True,0,91.32064943700229,0,154,3976877,64.38387241260958
2024-01-02 08:30:00,node-us-west-2b-02,us-west-2,2b,shard-004,426,27.390188662517232,53.694444396471695,46.194271007312395,85.20654729024875,110.39359096657456,27.591584905576056,21.12049100635207,True,0,False,49,91.69276116021113,0,357,3587947,36.531742855489526
2024-01-02 08:30:00,node-eu-west-1a-01,eu-west-1,1a,shard-002,223,25.325691788583594,58.29147080982915,54.963143752292446,38.155662079169645,79.92278651002657,16.57402298062913,11.368872967856934,True,0,False,38,94.00933119654957,0,183,1423941,82.91553953540075
2024-01-02 08:45:00,node-us-east-1a-01,us-east-1,1a,shard-001,347,27.542459163507793,44.227959120039216,47.79113902440185,69.76305305499397,92.20573966963977,28.35720768105751,19.560688236784262,True,0,True,0,92.87366183833845,0,451,4512383,28.09765502380257
2024-01-02 08:45:00,node-us-east-1b-02,us-east-1,1b,shard-002,265,25.8640878903621,72.81930391526338,50.28743610023419,53.671048601630204,90.52924879558219,24.86634506814949,15.82255529302814,True,0,False,22,90.86720491223716,0,332,2486338,66.43717011073491
2024-01-02 08:45:00,node-us-east-1c-03,us-east-1,1c,shard-001,268,24.772976692309545,57.96747351635727,35.17096742792795,59.073290619465354,73.20546698131434,18.21200112508303,15.163243278958756,True,0,False,33,91.80083227922553,0,381,4458488,62.688000562512926
2024-01-02 08:45:00,node-us-west-2a-01,us-west-2,2a,shard-003,669,31.555373498328887,43.930937850684,44.44104372752933,144.63060724267115,187.25389706499126,53.02499941039125,32.09743362184061,True,0,True,0,94.93773063229321,0,51,3508531,41.496930090221454
2024-01-02 08:45:00,node-us-west-2b-02,us-west-2,2b,shard-004,464,30.730758373754327,41.019696538950974,68.90689024620826,109.58650687048369,119.19067303964265,30.22867552221757,22.302843675389695,True,0,False,18,87.77899852856387,0,273,3886676,21.909023169955127
2024-01-02 08:45:00,node-eu-west-1a-01,eu-west-1,1a,shard-002,628,32.07728243828166,57.682085800411365,38.39646820740759,123.4619272833092,202.39298121031598,54.70700323749203,36.37146042052203,True,0,False,10,89.52556770336187,0,259,3184110,28.431605682960218
2024-01-02 09:00:00,node-us-east-1a-01,us-east-1,1a,shard-001,1785,57.204595374115364,75.69138427428493,51.0270400085016,398.5791706342936,446.77606297494475,114.39124271512343,81.68463040197113,True,0,True,0,85.62508788757172,1,152,3467508,68.49071501832259
2024-01-02 09:00:00,node-us-east-1b-02,us-east-1,1b,shard-002,1139,44.246770673302215,59.3621852884403,37.29619813904988,182.6089175385373,311.33382511785624,106.02063746242456,66.84623401202066,True,0,False,30,97.71093289720663,1,402,1458395,24.88565244275966
2024-01-02 09:00:00,node-us-east-1c-03,us-east-1,1c,shard-001,999,41.989328060590054,64.37048444654162,69.39502823486211,192.69776862461373,359.1732813592236,77.8802890696011,45.91238779288164,True,0,False,1,89.40701813100156,1,413,1572043,81.22596851358516
2024-01-02 09:00:00,node-us-west-2a-01,us-west-2,2a,shard-003,640,34.864551939108026,63.90545702300206,65.28271980177934,126.28655555199586,187.973807517826,48.73340556342199,29.627742128880225,True,0,True,0,94.70102268003397,0,374,1566411,92.04417831730994
2024-01-02 09:00:00,node-us-west-2b-02,us-west-2,2b,shard-004,1335,45.28470229866018,64.57761943194707,40.93409798539489,271.24204438911795,457.152361666946,90.7777632825061,79.67627137142728,True,0,False,17,93.71822361356058,1,299,3071490,84.61000938205017
2024-01-02 09:00:00,node-eu-west-1a-01,eu-west-1,1a,shard-002,1947,55.70223240678443,54.278837213492636,31.203402241803822,405.24588733715245,686.62368823895,146.61248373742757,89.30839371467644,True,0,False,14,88.08971111024967,2,485,4864054,52.80969882838326
2024-01-02 09:15:00,node-us-east-1a-01,us-east-1,1a,shard-001,1737,55.99110380849379,56.455268865174425,40.7284255357271,414.0880036851906,444.821494667413,147.46755562539846,72.7318788212254,True,0,True,0,97.65502384088083,1,73,1821111,77.05072728925064
2024-01-02 09:15:00,node-us-east-1b-02,us-east-1,1b,shard-002,1957,63.26223328805156,46.987163348202664,41.66459725667765,369.51902630767813,692.8581480413451,143.76378210887543,95.99402637195873,True,0,False,26,86.31743520939364,2,51,2462065,20.303707070781847
2024-01-02 09:15:00,node-us-east-1c-03,us-east-1,1c,shard-001,2076,63.14264932771009,49.51991341865051,32.209451958003335,490.56579631339457,522.0024427751817,181.97250233699106,124.21926292546821,True,0,False,33,95.2506767303186,1,297,1604382,45.3529463600534
2024-01-02 09:15:00,node-us-west-2a-01,us-west-2,2a,shard-003,2034,57.290287769599985,60.97491616378082,64.81590791460665,469.1427511896079,638.0290808063636,160.85297965248486,119.30763419450547,True,0,True,0,94.88132635653984,1,269,2947127,63.09015534061527
2024-01-02 09:15:00,node-us-west-2b-02,us-west-2,2b,shard-004,1227,42.06728086945496,78.1806986075773,53.52497602463637,257.3579084922526,312.1452411558172,86.20949263525226,58.25069639721572,True,0,False,17,95.04096680610996,1,492,2214279,81.66172708366909
2024-01-02 09:15:00,node-eu-west-1a-01,eu-west-1,1a,shard-002,1171,38.80887739372715,75.28892744737863,34.982298470522906,218.23628878752967,358.8500002190528,80.73537530954529,49.02225817941954,True,0,False,14,89.82813834139243,0,251,4999627,91.67540965635091
2024-01-02 09:30:00,node-us-east-1a-01,us-east-1,1a,shard-001,1628,47.870976200840126,55.28191730489677,54.32539373551228,298.35504601369536,528.7129737285887,105.83455367006724,92.48448598029495,True,0,True,0,91.53237121955789,1,429,1063684,34.90138496767321
2024-01-02 09:30:00,node-us-east-1b-02,us-east-1,1b,shard-002,1210,41.70210122267838,71.36324568747102,51.09182224416539,232.86413033229974,407.17239197184176,82.05266071687356,69.92042723299029,True,0,False,15,86.3239934812821,1,416,2845198,72.39236668474337
2024-01-02 09:30:00,node-us-east-1c-03,us-east-1,1c,shard-001,1631,56.17591441112049,76.48080016731521,64.2784404125167,284.73227956872904,482.60422967958857,120.56316063651974,87.4483824118533,True,0,False,49,96.21869812032386,1,274,3190729,27.432771278737942
2024-01-02 09:30:00,node-us-west-2a-01,us-west-2,2a,shard-003,590,31.60216180899233,70.53012951057973,61.246583593817405,106.41480185618693,208.6062792521781,53.58912431815931,31.408652731123688,True,0,True,0,92.6895755682759,0,270,2282654,38.48030484675181
2024-01-02 09:30:00,node-us-west-2b-02,us-west-2,2b,shard-004,791,35.43322272228231,71.35927031539359,63.986871450143845,130.66146286644928,280.6574911555021,74.72486998826642,37.77857672318918,True,0,False,25,97.68395366015972,0,279,4095111,91.13222515383588
2024-01-02 09:30:00,node-eu-west-1a-01,eu-west-1,1a,shard-002,818,35.93622655732146,52.809197914689996,39.45868389898179,140.64725957123193,203.5720117879879,72.56644045989486,48.23253312630331,True,0,False,9,95.2768765340914,0,489,2592225,30.8476239613924
2024-01-02 09:45:00,node-us-east-1a-01,us-east-1,1a,shard-001,2729,65.07143316827873,73.13013494094133,42.15755465815067,651.5259152596674,749.6009635165898,175.01895150511834,124.25902351301049,True,0,True,0,96.72123731498601,2,202,2714023,76.46743358731037
2024-01-02 09:45:00,node-us-east-1b-02,us-east-1,1b,shard-002,850,34.40917290820475,63.20343051942853,42.04416906302967,195.67021880530817,284.38362073235794,69.26884468166081,45.78322014462002,True,0,False,3,97.6264619362884,1,214,4527119,40.73510964917749
2024-01-02 09:45:00,node-us-east-1c-03,us-east-1,1c,shard-001,1996,54.17459207702843,64.33361559263372,32.423248314211,447.4247074560971,621.3049411561688,182.93499924510044,90.20340116021148,True,0,False,18,85.75468541289163,1,219,1228664,60.908358584732
2024-01-02 09:45:00,node-us-west-2a-01,us-west-2,2a,shard-003,759,37.642765128041034,76.54729081357301,55.59457838277309,159.69740041343573,227.07309813668863,62.29858541730622,44.604712352772516,True,0,True,0,85.56704473079031,0,144,1043424,44.971687071257634
2024-01-02 09:45:00,node-us-west-2b-02,us-west-2,2b,shard-004,1151,45.65262132953986,59.611288491076486,44.09245308027726,214.5335692147199,288.57704575055305,82.71499150347712,65.45939307141931,True,0,False,43,91.31820104033373,1,354,3955929,62.042327882694025
2024-01-02 09:45:00,node-eu-west-1a-01,eu-west-1,1a,shard-002,613,30.179208662019825,73.15508208430107,61.695937567546906,116.98447952435514,218.03846431879347,48.419267949151966,30.385207396831543,True,0,False,18,85.21006543150078,0,433,1363888,56.44198229083551
2024-01-02 10:00:00,node-us-east-1a-01,us-east-1,1a,shard-001,3284,73.85708678669148,57.920220036813035,67.21824758332535,694.299109787425,1135.427358137017,285.62802771041044,134.2931871041185,True,0,True,0,87.06921513023863,4,423,3486250,58.15449144752438
2024-01-02 10:00:00,node-us-east-1b-02,us-east-1,1b,shard-002,2255,65.85657140975113,55.777791317410085,51.895057225497226,451.83763701688406,541.6991229557325,179.53349224449687,97.11882021521785,True,0,False,35,92.8077475649,1,343,3869597,36.54170288946106
2024-01-02 10:00:00,node-us-east-1c-03,us-east-1,1c,shard-001,1935,59.85452502945417,41.1954190585659,46.80816547851898,311.88144163610525,659.0256533167698,168.1113687386775,97.06145738976511,True,0,False,18,93.61344555699259,1,225,1979039,33.58020223219708
2024-01-02 10:00:00,node-us-west-2a-01,us-west-2,2a,shard-003,1835,62.71417007086411,59.585656551153946,58.6152995097914,400.23836157013415,506.88675475960537,141.18885990307538,82.07765402118581,True,0,True,0,88.70295648686619,1,210,3599594,57.558321456556385
2024-01-02 10:00:00,node-us-west-2b-02,us-west-2,2b,shard-004,619,31.239361646800084,66.2164359679783,33.83168222515345,109.7157335011326,169.87198973066168,55.90410636451387,30.082370190496803,True,0,False,3,86.22356216125895,0,414,3364534,87.81614698173823
2024-01-02 10:00:00,node-eu-west-1a-01,eu-west-1,1a,shard-002,1316,50.13081156821201,70.3496685228967,36.658316726168714,217.97615146429217,461.1884286630751,103.68047333517902,72.81866242060097,True,0,False,8,95.50626550708704,1,431,4918614,38.89717016944543
2024-01-02 10:15:00,node-us-east-1a-01,us-east-1,1a,shard-001,3641,81.86027010849007,42.178178030945396,45.39521783077498,646.2517909690872,1294.3868824421133,311.6126247636044,149.33194347131874,True,0,True,0,85.4929645515322,2,163,3460518,27.385299205596148
2024-01-02 10:15:00,node-us-east-1b-02,us-east-1,1b,shard-002,2010,52.467432378655666,63.327932110716354,32.014991940351514,444.85541451974046,593.457714722029,156.28677395704102,112.07406194875968,True,0,False,48,97.61773907414354,2,188,3372703,26.937245904432405
2024-01-02 10:15:00,node-us-east-1c-03,us-east-1,1c,shard-001,2810,72.45831077677136,47.70181425577759,33.907520401721094,494.36369850189664,899.4486138342484,222.5102949059608,115.93334554338591,True,0,False,27,93.92300418204292,1,144,1916726,48.25516687388546
2024-01-02 10:15:00,node-us-west-2a-01,us-west-2,2a,shard-003,2086,54.365582526936166,78.40548730074663,38.70327848784423,496.5598032429137,737.2402684232454,193.10674076287182,120.6413355941077,True,0,True,0,86.95318611673429,2,87,1375712,65.67715429899071
2024-01-02 10:15:00,node-us-west-2b-02,us-west-2,2b,shard-004,1383,49.472708753685566,41.73946631197046,37.97012633473204,303.73859601321004,394.1812424330677,128.2211992819213,80.25059144370036,True,0,False,4,87.18904125256324,0,405,2924557,24.00392075642707
2024-01-02 10:15:00,node-eu-west-1a-01,eu-west-1,1a,shard-002,2059,56.6656598288035,76.24225628809765,61.34023588537596,361.05639557677074,586.9048590725923,175.65483449174656,113.33702301762979,True,0,False,41,85.12952011063584,1,415,1653953,76.74933961559387
2024-01-02 10:30:00,node-us-east-1a-01,us-east-1,1a,shard-001,1969,62.86338216220386,72.39919845927365,47.98472266061038,341.1734953891088,705.7418194060502,148.5785437124376,80.59710419112498,True,0,True,0,87.98368877891208,1,349,2820873,23.1961957658784
2024-01-02 10:30:00,node-us-east-1b-02,us-east-1,1b,shard-002,834,37.64840861104629,58.49131855779902,68.05777879223807,150.5112332359105,283.0836644454465,75.30031623357256,34.15370685391729,True,0,False,4,91.32605946082467,1,436,1522713,23.56848267527522
2024-01-02 10:30:00,node-us-east-1c-03,us-east-1,1c,shard-001,1478,53.21221044613687,70.12077159444655,36.27331523769975,286.11553675872585,433.49850539266845,113.48557078366314,64.3688243098089,True,0,False,3,85.59433056110201,0,85,4452135,54.49252908889356
2024-01-02 10:30:00,node-us-west-2a-01,us-west-2,2a,shard-003,1196,43.145637837221,42.74047777173234,33.55113137316937,248.95724690692288,299.8666938814597,95.50693266609366,53.82827648426247,True,0,True,0,94.49080091530095,1,170,3834924,56.83145709412938
2024-01-02 10:30:00,node-us-west-2b-02,us-west-2,2b,shard-004,1220,41.1921412875642,70.6234430804136,46.66629844680375,280.00096909080605,432.1899400773716,88.53249041323616,56.36783651925286,True,0,False,46,93.95839882801384,1,87,1658055,67.18706057300052
2024-01-02 10:30:00,node-eu-west-1a-01,eu-west-1,1a,shard-002,2154,55.72461214930888,71.56343150364631,52.18092443484352,438.26339979682655,584.6072833800055,163.66914813892038,105.49262408510633,True,0,False,27,89.08599862464477,2,155,4617863,39.86400786232605
2024-01-02 10:45:00,node-us-east-1a-01,us-east-1,1a,shard-001,2463,72.8190983156183,77.23590833720549,45.16697726809216,399.8860906712011,767.6359402655722,218.692388817334,125.3669871140584,True,0,True,0,88.0543394459285,2,285,4465193,71.53951994612166
2024-01-02 10:45:00,node-us-east-1b-02,us-east-1,1b,shard-002,1658,53.59626549637478,73.79289093365307,69.49572001129008,309.81188635407506,439.20339022226204,157.46041853985957,94.13221806837554,True,0,False,31,85.98523467385489,2,174,3777647,80.9880276572072
2024-01-02 10:45:00,node-us-east-1c-03,us-east-1,1c,shard-001,2428,67.20052690587806,52.98152556108202,58.7137161496587,562.7136931121033,813.169786521275,172.5093825349812,131.89427693019817,True,0,False,14,94.9050449380216,2,91,3391500,53.687079727696236
2024-01-02 10:45:00,node-us-west-2a-01,us-west-2,2a,shard-003,720,36.633800566080595,62.31367099211395,53.26919995580173,117.55518843795622,197.50589838121184,53.1041883836453,35.96688308460005,True,0,True,0,97.40718371232555,0,420,4910618,74.05057053765533
2024-01-02 10:45:00,node-us-west-2b-02,us-west-2,2b,shard-004,1529,55.77476369971948,45.40976100576203,46.32908496430629,326.63499580772907,501.0629447603767,137.7911186503062,90.91406394410957,True,0,False,31,91.58706320588877,1,457,1690011,99.32943574611869
2024-01-02 10:45:00,node-eu-west-1a-01,eu-west-1,1a,shard-002,1790,62.05155668487159,66.29273985533824,38.19880937806776,385.2462710978679,585.3622766489195,133.5877731541373,76.23036970322545,True,0,False,22,90.08023883416647,2,211,4793889,74.61552413526184
2024-01-02 11:00:00,node-us-east-1a-01,us-east-1,1a,shard-001,3083,90.9372860317421,78.27605191941169,69.10342828082995,736.6606709691139,1012.6733610846682,248.81366120753276,152.75458256975708,True,0,True,0,91.07806078532975,1,208,1795049,56.55683602993718
2024-01-02 11:00:00,node-us-east-1b-02,us-east-1,1b,shard-002,2198,68.41003301372578,54.45799117645473,44.398444402807016,437.44740050511274,532.1540123933921,176.41430194332105,120.11340393795473,True,0,False,50,94.64278015054629,2,197,2339178,40.7834445103081
2024-01-02 11:00:00,node-us-east-1c-03,us-east-1,1c,shard-001,1891,58.14619972487195,57.174249073934554,50.07555675548581,308.66562646752527,597.3383423473424,123.57071983251991,112.31494494088602,True,0,False,10,90.82130021334116,1,463,1376894,78.05634933418513
2024-01-02 11:00:00,node-us-west-2a-01,us-west-2,2a,shard-003,2149,71.3851420333886,65.99731699005403,51.608089249191636,413.33553512035223,631.0365706676753,198.64549285928038,101.84708655058569,True,0,True,0,90.12458971109739,1,151,2030525,25.619492597707804
2024-01-02 11:00:00,node-us-west-2b-02,us-west-2,2b,shard-004,1754,48.89700769952262,40.98349049962025,47.17888825185874,327.8125753573521,630.8704691537732,145.1381649661245,102.91637879353814,True,0,False,41,94.98356368313765,1,295,4199786,52.798692214044024
2024-01-02 11:00:00,node-eu-west-1a-01,eu-west-1,1a,shard-002,2028,53.816774291386224,59.0479680976821,58.49440183924205,411.2463053144337,680.7912477292116,194.66892674515663,82.72334922555162,True,0,False,38,92.25255927076918,2,339,1968893,61.37845353778844
2024-01-02 11:15:00,node-us-east-1a-01,us-east-1,1a,shard-001,2602,70.42637236297895,68.08349589077558,31.2866313055792,490.5749089485496,777.051093074036,237.92730468298706,151.2128369881759,True,0,True,0,93.77829028522306,1,458,4454891,34.2915853416842
2024-01-02 11:15:00,node-us-east-1b-02,us-east-1,1b,shard-002,1844,57.345359207775985,71.56837019610593,69.67674401330589,415.3946674862988,465.91362722788045,136.30082370854512,95.14882557342646,True,0,False,38,96.74021898522255,1,264,3701520,24.509104931014456
2024-01-02 11:15:00,node-us-east-1c-03,us-east-1,1c,shard-001,2371,58.823594598568974,63.48664435185527,42.67630404672225,420.74336594174406,817.0065452363352,177.74642513561471,105.82960786092237,True,0,False,27,94.18330651651074,2,246,4939272,78.97509317892283
2024-01-02 11:15:00,node-us-west-2a-01,us-west-2,2a,shard-003,998,40.73860098249227,52.94026386944087,62.3231793177968,226.7350813920939,246.021120383384,91.21179701281557,47.02859467764809,True,0,True,0,93.73040628294473,0,94,2383405,28.555982599503082
2024-01-02 11:15:00,node-us-west-2b-02,us-west-2,2b,shard-004,1986,60.37153460187165,46.02689281288172,41.74203279513429,335.70914502287775,685.2520491444079,156.67995716916812,97.36963080605595,True,0,False,34,95.31370181916301,1,69,3708361,60.502229816993264
2024-01-02 11:15:00,node-eu-west-1a-01,eu-west-1,1a,shard-002,1792,51.36811753843401,45.08980793259663,35.07053149771457,381.8528322173594,541.5131534298303,161.54686794810732,104.39685092564353,True,0,False,5,91.45051285476487,2,325,2084323,33.299393885632625
2024-01-02 11:30:00,node-us-east-1a-01,us-east-1,1a,shard-001,1062,43.17609524065684,79.70398413206115,48.0065267035114,228.2463640038744,330.9179767120709,75.88239121820175,55.04246714495138,True,0,True,0,92.32373044304185,1,80,4710630,92.16697658203523
2024-01-02 11:30:00,node-us-east-1b-02,us-east-1,1b,shard-002,2210,60.60685692294861,49.68575212025146,53.10550823079255,452.7052541503223,681.2646906963793,179.9950314605346,112.65362415362529,True,0,False,27,85.4529203733069,2,120,3235869,90.50064992355308
2024-01-02 11:30:00,node-us-east-1c-03,us-east-1,1c,shard-001,1356,44.71181848203926,43.17002865980492,34.04699223371891,279.4398005995134,449.68039395934227,104.89597355343504,79.85141107174242,True,0,False,1,90.23211155165761,1,224,4637062,82.32541027634348
2024-01-02 11:30:00,node-us-west-2a-01,us-west-2,2a,shard-003,1278,47.575686881426414,46.526958738707464,55.29137306974235,237.62415999017708,334.00133553045026,108.38633794729692,73.40469055851977,True,0,True,0,89.27826014980191,1,445,4907908,39.865649766668696
2024-01-02 11:30:00,node-us-west-2b-02,us-west-2,2b,shard-004,666,35.96584435636215,75.53927324964343,40.21412069933441,146.4320410847442,235.03290877894418,63.305270714891556,35.339110974526236,True,0,False,20,87.21231384148945,0,58,2642815,82.13061940444854
2024-01-02 11:30:00,node-eu-west-1a-01,eu-west-1,1a,shard-002,1055,42.83556026562884,51.04785880395285,39.22374025427102,245.1378755827005,355.21200002469686,68.89693268688816,49.69460190681178,True,0,False,10,90.489022164175,0,124,2120502,89.02929677099989
2024-01-02 11:45:00,node-us-east-1a-01,us-east-1,1a,shard-001,3111,81.67865423595866,53.82623105611125,36.682690593042736,618.5247609573203,1099.560606882455,292.4618292906331,148.83134510029285,True,0,True,0,92.48617032432021,1,440,3706705,88.00301549560837
2024-01-02 11:45:00,node-us-east-1b-02,us-east-1,1b,shard-002,3093,73.79638435204237,52.152275749346984,48.88674496074076,655.0885790672529,1091.7093550722163,252.02455110524457,145.65111208854518,True,0,False,24,87.87596134646263,4,118,1153648,27.461711052131843
2024-01-02 11:45:00,node-us-east-1c-03,us-east-1,1c,shard-001,902,41.40452752021267,71.8025813536552,49.09424995239308,165.33573315479322,226.05602185386377,85.57555923263756,37.12719386912765,True,0,False,15,91.80932704631668,0,280,2442203,95.79675937644906
2024-01-02 11:45:00,node-us-west-2a-01,us-west-2,2a,shard-003,1758,52.090408073731204,62.634268411847074,32.288432764035136,338.02132187401924,434.96522278910527,118.16501649968214,72.8816995999697,True,0,True,0,86.62590543512248,2,390,1400252,61.32439698778462
2024-01-02 11:45:00,node-us-west-2b-02,us-west-2,2b,shard-004,1188,46.243964414931796,61.096113465004024,65.75072619568506,279.1850861321636,381.3915380075194,83.73477255503808,59.53465135415452,True,0,False,13,97.10145721438792,1,335,3268334,64.21187628616184
2024-01-02 11:45:00,node-eu-west-1a-01,eu-west-1,1a,shard-002,1687,58.8857123905978,68.78109922251929,52.88411111552031,370.1934474697289,419.7897656195415,136.57659917383074,81.97896043049847,True,0,False,44,88.19754857804116,1,160,4261061,83.33728031672928
2024-01-02 12:00:00,node-us-east-1a-01,us-east-1,1a,shard-001,3244,77.03408637642576,68.1428299916563,52.15732099479048,731.0638754104453,1070.9777324237257,225.67838836491217,147.91496231583747,True,0,True,0,87.94150886881098,2,84,4754788,61.715974475367226
2024-01-02 12:00:00,node-us-east-1b-02,us-east-1,1b,shard-002,2627,78.92347901238705,71.46655214861559,66.56993082719306,504.55768995465655,825.6065720468833,175.69176477897113,145.51776357768432,False,67,False,45,88.3617579489132,2,104,2620117,49.490591905798304
2024-01-02 12:00:00,node-us-east-1c-03,us-east-1,1c,shard-001,1045,41.41892117545332,41.96933733413173,39.81447215390814,225.60268166482552,286.02503349223053,70.75816180250666,55.72886674316963,True,0,False,48,88.13710940296919,1,139,2257997,23.330812968723606
2024-01-02 12:00:00,node-us-west-2a-01,us-west-2,2a,shard-003,1643,51.17110734149058,73.63276470711693,49.46088225277147,297.0746811097664,437.7440287133065,117.30082527438297,91.74368216586873,True,0,True,0,89.7208263404587,2,411,2790217,59.90915446651121
2024-01-02 12:00:00,node-us-west-2b-02,us-west-2,2b,shard-004,1197,44.42676551055194,46.583290105825064,67.75669556896142,235.4119944234112,399.1719868259981,111.43797916601815,64.50330744135933,True,0,False,2,85.25898499053271,1,348,2427053,49.80117657780434
2024-01-02 12:00:00,node-eu-west-1a-01,eu-west-1,1a,shard-002,1064,38.589410440857776,63.41468747514003,32.81046415123501,211.81867833603556,354.3890455829259,79.87223427289666,62.37285247523606,True,0,False,27,91.35949158651812,1,185,4554670,84.2891468510936
2024-01-02 12:15:00,node-us-east-1a-01,us-east-1,1a,shard-001,3765,96.62396621662909,58.06551591872918,63.08503340430288,733.7183437169101,1045.1997056723,309.3961172372085,218.50222896049036,True,0,True,0,93.10551164677892,5,169,3076442,60.64377469603046
2024-01-02 12:15:00,node-us-east-1b-02,us-east-1,1b,shard-002,2181,65.80037098040816,41.9085769002996,35.705801840265934,377.6121818324683,714.8465933984382,207.63019463586355,115.40215342612447,True,0,False,26,93.86238128836945,2,413,1849224,28.735219819764968
2024-01-02 12:15:00,node-us-east-1c-03,us-east-1,1c,shard-001,790,32.982733939553626,63.664770913382014,43.33051491927816,159.3839815155469,262.7436322240966,75.3137487815038,45.204078124802145,True,0,False,43,94.5999837947628,0,155,3857168,47.9755066966942
2024-01-02 12:15:00,node-us-west-2a-01,us-west-2,2a,shard-003,1870,54.88906547738639,69.30083923442596,65.11482050090206,354.64703545330116,634.0609098178788,142.35264486638118,106.78832575473592,True,0,True,0,97.03074815357431,1,148,1213292,78.16716930603616
2024-01-02 12:15:00,node-us-west-2b-02,us-west-2,2b,shard-004,1555,46.27986093668693,42.79422856174207,34.78868676160858,349.5363181435962,392.90424711034035,114.67340009559854,82.69903830060956,True,0,False,26,87.33856202447322,1,59,2185604,37.05913965257618
2024-01-02 12:15:00,node-eu-west-1a-01,eu-west-1,1a,shard-002,2463,76.05200165223027,46.06530767000854,55.055037309591626,544.5672857528539,614.7562179623169,176.60247145315023,112.425204034162,True,0,False,22,90.44454269213288,1,54,2491713,62.72432180250387
2024-01-02 12:30:00,node-us-east-1a-01,us-east-1,1a,shard-001,2633,79.70318351390348,75.32583288385212,68.32687109446775,429.0113121952855,859.9343545016708,220.591632098101,126.35291781372725,True,0,True,0,85.9717379395617,2,410,2530263,74.93614605768124
2024-01-02 12:30:00,node-us-east-1b-02,us-east-1,1b,shard-002,1800,55.65173049312496,59.478207074489404,63.08881797065783,297.0991283518726,453.7808841818636,172.42172654219502,85.13455921075965,True,0,False,44,85.60344062960866,0,302,4985087,92.4398245384499
2024-01-02 12:30:00,node-us-east-1c-03,us-east-1,1c,shard-001,1966,60.7405643058831,65.81585804744073,64.60112881668297,319.50792248832556,687.684692808346,150.97096821709232,83.14675763327755,True,0,False,29,92.13780470958824,1,447,2277580,46.840866651441864
2024-01-02 12:30:00,node-us-west-2a-01,us-west-2,2a,shard-003,1647,50.74097121991941,74.07065810054367,56.09629428634572,272.84009418293454,515.8731564132042,119.93295242851913,82.79676317241275,True,0,True,0,97.75121874184259,1,216,1483668,22.999354670341212
2024-01-02 12:30:00,node-us-west-2b-02,us-west-2,2b,shard-004,1434,52.32583388021302,60.65090314751984,35.74571146185425,249.52228700288097,376.4501496928089,132.03514975144213,59.506868908440055,True,0,False,50,93.52936723543914,1,375,3317367,79.02981452290481
2024-01-02 12:30:00,node-eu-west-1a-01,eu-west-1,1a,shard-002,2223,58.33810614897034,50.07017186726191,46.45579964727625,490.79387735657366,677.4874326276284,207.10717001526166,128.52069246867757,True,0,False,29,88.98590197634358,2,213,3809985,41.82529940280003
2024-01-02 12:45:00,node-us-east-1a-01,us-east-1,1a,shard-001,1442,53.259035176701445,54.84222542561389,63.04285078040159,306.32020607233545,459.6423953583964,128.15057564649567,61.6990504048056,True,0,True,0,88.16162816075823,0,149,2683985,82.87339650232605
2024-01-02 12:45:00,node-us-east-1b-02,us-east-1,1b,shard-002,1623,53.77264773970182,55.054593962623315,59.853466881062495,277.97527626672615,411.98621542468703,116.64977536425704,78.94812761516819,True,0,False,40,90.75767715005372,1,425,3104750,77.5260494721256
2024-01-02 12:45:00,node-us-east-1c-03,us-east-1,1c,shard-001,1515,53.4828088925558,79.57206255544519,48.886961640552634,266.4097057028022,450.95135126041066,128.21441130210502,76.36797282943459,True,0,False,8,91.06840870883342,1,424,2513041,90.60112843621928
2024-01-02 12:45:00,node-us-west-2a-01,us-west-2,2a,shard-003,2137,64.70927650817782,40.526976602027744,48.580405730694636,495.00770291966694,513.8269127370291,177.773042657968,95.74922867527656,True,0,True,0,89.83560944835514,2,209,1836739,26.163093209700705
2024-01-02 12:45:00,node-us-west-2b-02,us-west-2,2b,shard-004,1858,56.36119351126117,54.17192772507964,61.856922051034864,339.5679112406597,618.939057096242,148.13459391990037,81.97359731445239,True,0,False,19,96.9335797293543,2,278,1244122,82.59101362588295
2024-01-02 12:45:00,node-eu-west-1a-01,eu-west-1,1a,shard-002,943,40.13362935347787,72.8230510857943,46.346515252730775,166.95985754078953,272.325447256233,67.92800426590769,43.80128036312134,True,0,False,38,95.9073673223947,0,354,2782975,36.44510786072611
2024-01-02 13:00:00,node-us-east-1a-01,us-east-1,1a,shard-001,2721,82.38443996749534,40.57635156766747,61.09010224973384,453.640450513174,703.1964721053191,178.62099775576496,156.0350705617321,True,0,True,0,93.28941887993591,3,470,1629833,72.76251302291587
2024-01-02 13:00:00,node-us-east-1b-02,us-east-1,1b,shard-002,2055,67.76281754963563,46.019772668345745,52.144125216985756,473.34253241507,603.9298584133602,197.1456581068776,93.41643513423104,True,0,False,5,91.97211243702988,1,276,4510554,55.485582444433746
2024-01-02 13:00:00,node-us-east-1c-03,us-east-1,1c,shard-001,662,34.11748681411267,73.78012548430164,60.52487086191244,148.45681026140693,237.77932584742183,56.69752047774383,31.463397774123937,True,0,False,16,89.9858916957897,0,154,3036431,73.01526765239585
2024-01-02 13:00:00,node-us-west-2a-01,us-west-2,2a,shard-003,1167,42.77819911269892,69.33899826097964,33.83890576309157,259.53355069524173,311.007338465147,111.27330453727264,64.40867470884541,True,0,True,0,86.79450671429134,0,370,3914982,96.85847899030719
2024-01-02 13:00:00,node-us-west-2b-02,us-west-2,2b,shard-004,1028,36.63283913535808,60.56020616855528,65.3886698321833,167.6093126761096,277.9531377959554,87.75669725243037,49.75837930541878,True,0,False,2,95.16441039481201,0,420,2830471,94.03966004519735
2024-01-02 13:00:00,node-eu-west-1a-01,eu-west-1,1a,shard-002,1763,59.492891258737,79.03906953114047,61.251514589886256,368.7689028032701,569.6828332924977,147.00353282631482,88.20621130883306,True,0,False,14,86.5002175361719,2,145,3835859,96.30322860776428
2024-01-02 13:15:00,node-us-east-1a-01,us-east-1,1a,shard-001,2658,68.93014545661174,61.25874747857317,56.924076015671915,471.5772806803254,705.945962093697,172.92201597655483,133.7767355073714,True,0,True,0,89.2759063989818,3,450,2977043,91.48694916526415
2024-01-02 13:15:00,node-us-east-1b-02,us-east-1,1b,shard-002,1620,51.7256333897628,45.80261664131507,51.28376269278715,339.0759930971815,402.8216999792243,135.36176359178006,79.75947978785297,True,0,False,23,87.56949380892694,1,216,4685314,54.208683682385335
2024-01-02 13:15:00,node-us-east-1c-03,us-east-1,1c,shard-001,3244,95.51522853127327,56.30095153868281,32.55191283339298,668.1926572189943,1087.8047353605818,242.3224701556525,155.20721828563737,True,0,False,4,96.67626925567173,1,218,2365214,54.076981136312135
2024-01-02 13:15:00,node-us-west-2a-01,us-west-2,2a,shard-003,1521,44.82925489778009,60.39390517878818,31.257611077413834,301.7694824664506,373.2632109557442,133.1261663652728,87.64254053315669,True,0,True,0,87.47977301801252,1,147,3332490,84.17746043864442
2024-01-02 13:15:00,node-us-west-2b-02,us-west-2,2b,shard-004,1523,54.979785641208046,46.25061227161963,42.6991735953785,337.3095764896388,402.10069419324776,117.8801232625985,66.31009766414832,True,0,False,23,92.29871680051264,0,430,1430114,21.7836457624907
2024-01-02 13:15:00,node-eu-west-1a-01,eu-west-1,1a,shard-002,1693,55.29223511565492,64.86749502416178,64.1739932033694,284.22665143408443,420.47239164683356,128.06051960791822,71.4014907593099,True,0,False,4,91.53941906714218,1,332,1194664,87.37931683443031
2024-01-02 13:30:00,node-us-east-1a-01,us-east-1,1a,shard-001,1399,51.4261204288956,40.661916470719085,63.14441450297624,264.1264286843468,480.0804191750199,131.26658162992288,57.67764526263359,True,0,True,0,96.20964779343751,1,163,3993325,25.777226497895658
2024-01-02 13:30:00,node-us-east-1b-02,us-east-1,1b,shard-002,979,42.079701960174376,58.474050724473884,69.10315092810497,159.12254302771876,249.53592320130625,87.77431924495578,43.08617340401856,True,0,False,22,86.06110754248657,1,159,2995096,40.15475940220203
2024-01-02 13:30:00,node-us-east-1c-03,us-east-1,1c,shard-001,2743,83.34205073535455,61.740920554602575,41.82440479008241,553.3952974592434,695.2108866194964,187.2900605512652,117.17119625746268,True,0,False,11,96.14655650767786,3,190,3842559,80.53018066719542
2024-01-02 13:30:00,node-us-west-2a-01,us-west-2,2a,shard-003,2256,62.61514329998786,67.59953658941366,66.84513828300521,444.89921736319184,680.6335983362578,171.34308775366924,106.71706362478672,True,0,True,0,86.03650768324792,2,80,4431058,22.173112745046744
2024-01-02 13:30:00,node-us-west-2b-02,us-west-2,2b,shard-004,1003,41.01272518645987,67.66301901033404,51.28222373458705,165.40403573060297,342.45653972685324,78.454254418569,52.51685600167855,True,0,False,6,95.67034828314407,0,327,1613427,67.4877840245235
2024-01-02 13:30:00,node-eu-west-1a-01,eu-west-1,1a,shard-002,1464,46.9245536401222,68.43105246278176,35.008196424871024,269.9539903086353,375.6587967348508,133.26714980218784,87.57140997425282,True,0,False,10,94.56222668971625,0,153,1279254,81.61431908681654
2024-01-02 13:45:00,node-us-east-1a-01,us-east-1,1a,shard-001,3581,100.0,59.58233607814115,48.33044008697024,842.1842188418099,1041.877094160475,313.17203962015844,174.7288942765116,True,0,True,0,89.07320586433023,3,452,2027000,49.91645719675266
2024-01-02 13:45:00,node-us-east-1b-02,us-east-1,1b,shard-002,1705,53.30601607659293,77.22406599781357,45.22096560687275,316.7779129322981,499.2236968153648,147.20585159659495,75.16119087131743,True,0,False,48,97.96824665421822,2,320,1141017,76.37819389788189
2024-01-02 13:45:00,node-us-east-1c-03,us-east-1,1c,shard-001,2552,66.18366178697339,48.62368851789066,57.84936850837673,605.8339735924815,826.8944869873213,167.13574014216093,112.76559640924788,True,0,False,29,91.75670783261343,2,77,4959617,27.044108438784676
2024-01-02 13:45:00,node-us-west-2a-01,us-west-2,2a,shard-003,2093,58.497816731280764,75.51059935524722,36.54777067773634,447.6343036368553,645.6178123239054,165.84783580546534,93.59371414512486,True,0,True,0,97.15567794639702,2,155,2998752,38.242163745260015
2024-01-02 13:45:00,node-us-west-2b-02,us-west-2,2b,shard-004,625,34.83763939750126,62.03661318224654,35.55595922226967,136.10757475322222,206.80067861150098,55.970108600860755,33.85713489027589,True,0,False,9,85.00830686612049,0,428,1107405,80.72884125600189
2024-01-02 13:45:00,node-eu-west-1a-01,eu-west-1,1a,shard-002,1183,38.96827216611425,79.92161984586036,68.10241552969751,242.58652225357721,410.2106465465023,91.18094690781787,63.687120280540775,True,0,False,4,94.7102492101962,0,476,3279888,38.522721205324224
2024-01-02 14:00:00,node-us-east-1a-01,us-east-1,1a,shard-001,993,37.71482372193548,74.07450431351009,46.17858427548657,190.60840203265698,267.96000003999745,93.7066411373064,43.9437389127456,True,0,True,0,87.89280760700919,0,480,1183768,44.92449124341853
2024-01-02 14:00:00,node-us-east-1b-02,us-east-1,1b,shard-002,2971,68.11200044788532,49.64883802209421,54.99416349392876,640.0016372470908,811.3286381325447,252.30273095925452,147.39533273709608,True,0,False,39,87.99834950879344,2,322,1721215,82.87412130824825
2024-01-02 14:00:00,node-us-east-1c-03,us-east-1,1c,shard-001,882,35.811362260645424,40.13456237890986,69.3984649950053,189.49042796129075,231.7036174122424,74.28992468673054,40.949662810012946,True,0,False,39,88.31391593622577,0,443,3021519,89.90975268165298
2024-01-02 14:00:00,node-us-west-2a-01,us-west-2,2a,shard-003,2175,65.10583212162356,55.52831005247356,58.55552657632796,488.08907697103433,576.4602803908716,187.85403197755096,118.66857755247926,True,0,True,0,90.57178116252092,2,76,2940333,21.231647758587158
2024-01-02 14:00:00,node-us-west-2b-02,us-west-2,2b,shard-004,543,31.739361166063723,60.71980780363838,59.888819283943675,102.22357537564805,175.67940456323313,51.558428385666204,28.851118237715873,True,0,False,43,89.76097570604482,0,169,1961328,74.85345729017361
2024-01-02 14:00:00,node-eu-west-1a-01,eu-west-1,1a,shard-002,1191,41.15578542899962,40.40994159494394,33.775805410079364,201.58420524266165,328.955437095677,102.34554320808898,69.88113122696174,True,0,False,38,94.34462289630689,1,431,1042960,66.88853043610001
2024-01-02 14:15:00,node-us-east-1a-01,us-east-1,1a,shard-001,1924,53.97139306984708,52.635589286750815,34.92375275769653,414.1529629828936,630.8725397552586,148.36942185549873,97.37379811535283,True,0,True,0,85.00690750207431,1,240,3271366,86.55765271838301
2024-01-02 14:15:00,node-us-east-1b-02,us-east-1,1b,shard-002,1469,53.92706617219759,48.15710381771242,45.642589165878135,295.25148328240516,514.5873036114621,117.47656807425274,61.2047795898917,True,0,False,22,94.3411273198785,0,485,3382672,97.85062516193805
2024-01-02 14:15:00,node-us-east-1c-03,us-east-1,1c,shard-001,1306,49.60842936319034,61.95203615951702,47.82584701136898,271.8503889502432,403.15748665213033,119.62306251878755,76.5731018859568,True,0,False,42,89.79800151434478,0,268,4341100,33.512562446507715
2024-01-02 14:15:00,node-us-west-2a-01,us-west-2,2a,shard-003,883,38.06311797476566,54.62202074105786,43.62799616680515,205.18741999028262,262.1320346054176,61.66605112675814,39.958095117649535,True,0,True,0,91.79613424856075,1,125,2594233,50.05495360215058
2024-01-02 14:15:00,node-us-west-2b-02,us-west-2,2b,shard-004,919,40.76567569859471,71.03309933220629,31.45585003687664,193.48830320579572,313.2026486812862,73.5724160239444,40.27282655939784,True,0,False,48,87.64457097125442,0,202,1375520,67.1891161237047
2024-01-02 14:15:00,node-eu-west-1a-01,eu-west-1,1a,shard-002,2195,65.39960255617004,44.30089751209018,36.95534223459211,477.8404367523661,740.9830310322794,187.47243877382095,95.02330188138667,True,0,False,33,96.03746738400929,3,374,1252044,59.62977913069773
2024-01-02 14:30:00,node-us-east-1a-01,us-east-1,1a,shard-001,1283,48.20354235602444,47.79861037386556,65.90182258132077,232.68075821398915,437.58645982520164,113.85188777238494,52.00315223256426,True,0,True,0,94.25607096698545,0,288,4634930,92.62990523014213
2024-01-02 14:30:00,node-us-east-1b-02,us-east-1,1b,shard-002,1625,47.36765337004664,45.297477332971134,37.5493961953518,332.06684253092135,476.8945311420287,137.5796223651786,92.98639325657332,True,0,False,43,89.86690887226383,1,286,1340769,65.95241681994717
2024-01-02 14:30:00,node-us-east-1c-03,us-east-1,1c,shard-001,2307,62.28235191228994,78.35095348022952,44.90727369010833,451.4436247928249,677.5957073575652,163.38908475552196,116.28977613168448,True,0,False,21,96.49540268753015,2,397,2664539,25.981593376298562
2024-01-02 14:30:00,node-us-west-2a-01,us-west-2,2a,shard-003,2371,65.37778088159206,57.23196091665588,51.244804547823875,382.12554847988713,597.7115566805306,200.67977818374487,115.54253430991294,True,0,True,0,90.60357574659822,3,306,4246550,46.51673185480847
2024-01-02 14:30:00,node-us-west-2b-02,us-west-2,2b,shard-004,865,34.386437137013004,73.02214795000862,41.60382263899531,195.14559343973298,218.18095344550687,81.1390438170826,50.18459967924659,True,0,False,15,92.42090351995664,0,307,4789649,47.77337176394511
2024-01-02 14:30:00,node-eu-west-1a-01,eu-west-1,1a,shard-002,1464,52.05665159295378,43.48989928404643,38.56214803579771,241.3655778994093,517.571987968156,111.18227240388111,69.76189075482499,True,0,False,37,90.23490457785637,1,421,3936454,31.024074693142225
2024-01-02 14:45:00,node-us-east-1a-01,us-east-1,1a,shard-001,1507,55.288599279525556,68.14559824797489,46.02841597066818,343.379387584913,393.0966784145528,111.09301316198422,62.48479120423549,True,0,True,0,86.36009756471228,1,64,3105942,38.813467834835905
2024-01-02 14:45:00,node-us-east-1b-02,us-east-1,1b,shard-002,2048,65.21816727120995,52.5871969650965,44.29869330829411,331.6117109986198,573.6183535747208,187.7220245160315,115.48530724045345,True,0,False,35,90.38792156543755,2,459,3844954,40.16605485108141
2024-01-02 14:45:00,node-us-east-1c-03,us-east-1,1c,shard-001,1919,65.95901141422004,42.19372493533498,44.26016341209817,343.6465737046919,550.4162644843435,179.29449334686785,99.81347336004798,True,0,False,10,96.79894644801604,1,178,1054599,43.81716420205041
2024-01-02 14:45:00,node-us-west-2a-01,us-west-2,2a,shard-003,1268,41.59868050787611,43.78801602895528,63.76875353371665,235.6658291141866,367.20750641097027,120.55836143169874,75.56797684114274,True,0,True,0,88.08718189895382,0,91,3900212,46.61264146764189
2024-01-02 14:45:00,node-us-west-2b-02,us-west-2,2b,shard-004,1736,60.10647433928319,51.01795762009493,34.48473226589106,361.5549320250651,551.233307900686,116.53862558692387,99.41397400973031,True,0,False,15,85.34988194808844,1,53,3890670,82.5764111232329
2024-01-02 14:45:00,node-eu-west-1a-01,eu-west-1,1a,shard-002,1642,55.61824029509762,66.73783183230245,36.71879802306552,390.49889149987797,430.24401127990785,119.36110865004962,70.00368255463384,True,0,False,47,85.89810016230378,0,290,3054440,88.09805511303571
2024-01-02 15:00:00,node-us-east-1a-01,us-east-1,1a,shard-001,983,39.74780193607924,60.679478239584455,67.98797212118788,159.6064151254136,309.978265635535,89.98614552901195,56.79726865883454,True,0,True,0,95.73814612551017,1,254,1312955,64.94909681860372
2024-01-02 15:00:00,node-us-east-1b-02,us-east-1,1b,shard-002,1411,49.53874086386699,43.92440534865527,61.020283032289775,249.80305671499374,448.240999428477,112.79910010740932,63.17228043906767,True,0,False,20,94.03777051466494,0,449,2226583,92.39168107074434
2024-01-02 15:00:00,node-us-east-1c-03,us-east-1,1c,shard-001,1528,47.83863956912918,78.37793100626789,55.352596798882615,304.61338482323197,457.19766745302707,104.70025556584596,81.26656870405922,True,0,False,2,92.59407982400663,1,127,3816194,85.6368390015298
2024-01-02 15:00:00,node-us-west-2a-01,us-west-2,2a,shard-003,2212,70.86011503223668,68.3129492022345,60.87054701260588,354.83519441442536,659.4653613282146,185.90961162162455,113.72852566191649,True,0,True,0,86.31446387751528,3,448,3441034,78.16298662216471
2024-01-02 15:00:00,node-us-west-2b-02,us-west-2,2b,shard-004,522,30.81447807139895,76.04996212703419,61.62934946029637,119.58123680244034,183.5296949334899,33.94668898956713,25.97774264663381,True,0,False,27,94.71687896513305,0,329,4510942,34.58623406745098
2024-01-02 15:00:00,node-eu-west-1a-01,eu-west-1,1a,shard-002,1038,43.25977841554035,76.80174813043855,60.65034759236602,183.4631123603388,368.6133567784798,74.3442149555465,50.20683587849633,True,0,False,34,93.89769699449594,1,234,1951177,83.1931495553551
2024-01-02 15:15:00,node-us-east-1a-01,us-east-1,1a,shard-001,3388,89.13859614228355,52.807434761671175,62.82830938710206,578.01846687255,819.4734239155957,273.2018604133544,156.03944768279155,True,0,True,0,93.85015871649709,2,381,2869825,45.95338607103061
2024-01-02 15:15:00,node-us-east-1b-02,us-east-1,1b,shard-002,1161,43.774701538373336,79.83385578711807,47.0447072201325,222.44850141135768,364.0047260716272,94.7215163188137,67.84037981080516,True,0,False,35,87.3057979131999,1,479,4546336,63.82495265788113
2024-01-02 15:15:00,node-us-east-1c-03,us-east-1,1c,shard-001,1768,58.8073341314596,40.26926122786967,60.53746536685732,344.1054639819686,510.742052200758,146.11916733304403,87.82962351737974,True,0,False,47,92.68836854443792,2,216,1485675,86.2303639972773
2024-01-02 15:15:00,node-us-west-2a-01,us-west-2,2a,shard-003,1000,43.82737866777152,68.71282430997377,48.3996448920624,238.54729594928276,290.4164604207948,87.51748307418933,55.83719400486581,False,237,True,0,93.97435480184663,1,234,2921020,29.023916533213352
2024-01-02 15:15:00,node-us-west-2b-02,us-west-2,2b,shard-004,831,35.76317239642779,67.97870549013442,66.12081298882035,168.74877624799066,262.12070885832003,76.01601748712991,46.49608633614438,True,0,False,8,85.6362146150671,0,317,2597903,48.18132013964209
2024-01-02 15:15:00,node-eu-west-1a-01,eu-west-1,1a,shard-002,1358,49.92301208158189,40.57445959430095,57.61605336521467,274.84740896836314,371.90194574165514,115.51285604383395,60.633016162981576,True,0,False,50,96.81664003737993,0,105,3196990,59.58209806933585
2024-01-02 15:30:00,node-us-east-1a-01,us-east-1,1a,shard-001,809,36.001629323526714,54.20649133758333,40.46257707585576,150.86793530288475,221.51151021942107,71.36629933459001,46.06883558644168,True,0,True,0,88.52285128226029,0,464,2258482,98.76184580658436
2024-01-02 15:30:00,node-us-east-1b-02,us-east-1,1b,shard-002,1273,42.94350489028206,79.40574886637296,68.76655873900035,277.9472504180123,370.1511494654561,106.29645963746573,73.72903429093184,True,0,False,39,90.63621128790436,1,495,2685716,83.30319628890089
2024-01-02 15:30:00,node-us-east-1c-03,us-east-1,1c,shard-001,2540,61.180704706015106,78.6480592718353,50.37509600160609,422.3707898303682,666.7319450936998,184.57393935147715,132.07659419757138,True,0,False,11,96.78750431528181,2,395,4715969,76.89939314878941
2024-01-02 15:30:00,node-us-west-2a-01,us-west-2,2a,shard-003,1417,47.18000328476335,45.25918631334597,45.18624507512742,285.36625781453324,366.5866414269971,110.9327013901284,57.537899512466524,True,0,True,0,86.34025171395592,0,265,1660180,85.37302970871042
2024-01-02 15:30:00,node-us-west-2b-02,us-west-2,2b,shard-004,1060,41.268131794169214,52.7831410861174,39.96482784467484,244.3929860208718,285.00541060642314,97.13816365849185,52.46235393937222,True,0,False,37,86.8366933203701,0,496,4229932,46.26930534434279
2024-01-02 15:30:00,node-eu-west-1a-01,eu-west-1,1a,shard-002,1052,37.66951076577201,71.06026845446819,52.48296777693388,221.70503242326666,369.7992898571101,86.38068098039889,60.012874873303936,True,0,False,31,95.79977805847219,1,149,3154718,84.09964899985171
2024-01-02 15:45:00,node-us-east-1a-01,us-east-1,1a,shard-001,1375,49.94237947765709,57.76336376712098,32.62299995946699,325.8615317379883,418.0890566859287,107.24115590527276,64.2686808569425,True,0,True,0,95.45381722795257,1,446,3104544,89.46273750966456
2024-01-02 15:45:00,node-us-east-1b-02,us-east-1,1b,shard-002,2454,75.75481224518919,41.32081133793894,56.668701728549905,507.89328329824684,627.0553984916252,234.77172050000092,130.26658177305163,True,0,False,12,89.72653980080946,3,164,3698224,39.23952921019279
2024-01-02 15:45:00,node-us-east-1c-03,us-east-1,1c,shard-001,1391,44.14905949267678,41.4756835335439,44.18255775756212,305.86025906369093,459.5081788707978,92.93974663300058,55.85828557675962,True,0,False,38,94.62334020304365,1,401,2680653,77.10637402920744
2024-01-02 15:45:00,node-us-west-2a-01,us-west-2,2a,shard-003,1190,44.091847019525694,64.6916473953723,48.577812598658646,231.11525261700652,376.510224136112,106.81210547960691,71.26636857397213,True,0,True,0,95.26943807080602,1,198,2567198,98.57154682800267
2024-01-02 15:45:00,node-us-west-2b-02,us-west-2,2b,shard-004,641,34.513776351236686,50.03458971730183,55.12824857360638,125.64571372724704,228.70290543890326,60.60575682941393,33.922580354935256,True,0,False,36,97.76877094935801,0,319,4504365,39.10102245232815
2024-01-02 15:45:00,node-eu-west-1a-01,eu-west-1,1a,shard-002,1895,53.683850957505875,74.6424039843562,68.06099203404071,440.47158389380087,544.6505612354423,171.08772908252863,98.14690010712678,True,0,False,45,95.58398240691436,1,98,2215543,96.98611189782082
2024-01-02 16:00:00,node-us-east-1a-01,us-east-1,1a,shard-001,1509,53.08274523030384,53.41724307468451,67.03474392815833,287.2920716948937,490.1244112228046,136.67006436868863,85.46647983285341,True,0,True,0,92.4967051285614,0,466,3948431,35.85772928278577
2024-01-02 16:00:00,node-us-east-1b-02,us-east-1,1b,shard-002,1731,60.73712037496574,70.71176355731654,62.53789774137394,394.39858573681937,492.25853101310946,121.29284619250828,81.46013861166482,True,0,False,23,97.75122914665663,2,111,2377565,29.278630259388834
2024-01-02 16:00:00,node-us-east-1c-03,us-east-1,1c,shard-001,2014,60.53270237962569,52.8396012223437,69.162763984524,328.03245670088853,678.9372266461091,184.29971226454924,109.12651855865762,True,0,False,23,91.71209508300012,1,428,4066420,69.47947731645118
2024-01-02 16:00:00,node-us-west-2a-01,us-west-2,2a,shard-003,1864,62.03819334370298,72.8675887211748,42.406574891960574,301.73001605409746,462.2391314750992,158.2304669180078,96.3228330600778,True,0,True,0,88.55395716588777,2,63,4818849,74.11671176584139
2024-01-02 16:00:00,node-us-west-2b-02,us-west-2,2b,shard-004,1476,50.468707401705466,66.02051488337499,53.396480261362456,272.62775709032746,421.9806015204734,112.12990444485406,81.18391212919397,True,0,False,22,90.04147666973506,1,265,4482845,66.08038455946948
2024-01-02 16:00:00,node-eu-west-1a-01,eu-west-1,1a,shard-002,1125,44.48363474834629,70.32721339189867,67.3877359455076,185.91880867378754,393.0627213349231,106.8949187952383,51.98435839975342,True,0,False,11,92.45892526872316,0,248,4890374,26.531438872642248
2024-01-02 16:15:00,node-us-east-1a-01,us-east-1,1a,shard-001,2867,77.12932518032645,60.291852828874056,62.71763275619967,659.2846307687007,997.7321087151595,246.82363815124887,133.36269598255814,True,0,True,0,85.98557226811916,1,157,4364053,47.35989414340101
2024-01-02 16:15:00,node-us-east-1b-02,us-east-1,1b,shard-002,860,39.840586548137864,62.28034592811268,48.51800561109473,201.87755672689855,259.4491692949241,64.4654864409416,48.98657287064307,True,0,False,2,88.60108175724702,0,450,2147435,20.05546141375082
2024-01-02 16:15:00,node-us-east-1c-03,us-east-1,1c,shard-001,1827,50.933205509820354,66.21595057436046,49.48149089701225,335.29005791287204,614.2251019354884,142.33244214998274,105.39083729265104,True,0,False,15,91.50818460834373,2,72,2343167,85.7135229657022
2024-01-02 16:15:00,node-us-west-2a-01,us-west-2,2a,shard-003,1171,39.77249434445679,64.35442728059564,36.92987238212575,278.64851076888584,325.1908715767789,108.721874566013,52.00194509296069,True,0,True,0,88.62498560949386,0,491,3741325,29.655471682374987
2024-01-02 16:15:00,node-us-west-2b-02,us-west-2,2b,shard-004,1145,46.61285903320055,41.17091071379644,62.1567262543205,244.3072896242655,285.4491515033735,96.26045629951174,67.50101801504536,True,0,False,19,94.92318828370102,0,88,3639774,48.70816264310797
2024-01-02 16:15:00,node-eu-west-1a-01,eu-west-1,1a,shard-002,889,41.26883286845782,59.55553159670058,49.78093932978318,142.60550927189004,262.40575406631524,57.484435800970026,44.45460583687377,True,0,False,46,91.07587180156433,0,306,3569286,68.14894150745458
2024-01-02 16:30:00,node-us-east-1a-01,us-east-1,1a,shard-001,2024,68.07101776282337,54.88327109069459,36.084634264502135,467.3508858550385,701.6056797622455,151.96112759669867,94.57248625024502,True,0,True,0,86.56431926712551,2,91,4697240,68.18890142013039
2024-01-02 16:30:00,node-us-east-1b-02,us-east-1,1b,shard-002,850,34.019540891172895,44.843654129191734,60.88218742602617,188.75903511793558,291.0118830086273,72.60564556858569,36.429221998239555,True,0,False,31,89.12480315518127,0,210,1214006,95.17112437802525
2024-01-02 16:30:00,node-us-east-1c-03,us-east-1,1c,shard-001,2258,56.8487819514772,60.18686213927343,32.59541303679881,371.94624388849286,718.773957032397,214.34118891219327,111.7300395962776,True,0,False,50,94.81627225833181,1,253,3562226,94.07166778030606
2024-01-02 16:30:00,node-us-west-2a-01,us-west-2,2a,shard-003,1390,43.74091846337477,51.66109243628604,56.61523948597826,244.5940800351462,356.44064593554424,89.71451708212123,66.94525925133917,True,0,True,0,94.58304298561121,1,332,3163275,70.3407172252372
2024-01-02 16:30:00,node-us-west-2b-02,us-west-2,2b,shard-004,853,35.087710934923685,44.191203408831406,68.67638593587036,194.3716335970788,291.2136093554357,68.69630315279937,43.62009860363162,True,0,False,43,96.22297308521308,0,348,3793237,51.73518681055326
2024-01-02 16:30:00,node-eu-west-1a-01,eu-west-1,1a,shard-002,1299,41.35119169297589,69.707303169885,37.264110283192224,289.408000510939,465.61093555660415,95.33452846937023,65.92287810430564,True,0,False,27,86.7008388341001,0,407,4907744,93.53390455911283
2024-01-02 16:45:00,node-us-east-1a-01,us-east-1,1a,shard-001,3293,83.30922261390317,74.31894450523356,68.24868644779392,642.0303924521468,1071.4213593109716,250.19623056292266,176.59558586167654,True,0,True,0,88.20411560218082,4,298,2076598,71.62580746672803
2024-01-02 16:45:00,node-us-east-1b-02,us-east-1,1b,shard-002,1676,47.88263901004056,42.64928952766989,41.48075885328432,306.7252210763728,512.107189699924,154.2874560342583,87.32990489201616,True,0,False,8,95.92263192358033,1,229,3187526,40.39873506218849
2024-01-02 16:45:00,node-us-east-1c-03,us-east-1,1c,shard-001,2273,57.19359364685518,58.21610014998308,48.41540312453351,413.1633058069663,711.5783785762417,168.81906681799597,129.06501417046718,True,0,False,4,94.25722770146902,1,179,1566505,73.08965095136823
2024-01-02 16:45:00,node-us-west-2a-01,us-west-2,2a,shard-003,1126,41.17212323533555,77.32138244388402,34.70650531130723,209.18233886626265,326.0051646670418,100.29540142202684,51.82809808820739,True,0,True,0,95.8106655801709,1,168,4538162,56.32514990491217
2024-01-02 16:45:00,node-us-west-2b-02,us-west-2,2b,shard-004,760,35.35859602023777,46.163119314900186,32.62396907957311,148.1979893077733,183.598382104909,48.76341706706769,37.31773376158295,True,0,False,44,88.60470284568788,0,489,3792894,82.35803865197944
2024-01-02 16:45:00,node-eu-west-1a-01,eu-west-1,1a,shard-002,2424,70.43579702862985,64.22630791537247,44.92852358426562,467.2118771645121,641.1969535747851,225.46411788568406,135.9820421918914,True,0,False,37,88.06590230749727,2,221,1128610,56.74356796535997
2024-01-02 17:00:00,node-us-east-1a-01,us-east-1,1a,shard-001,2217,62.63208057606328,55.82789461298813,52.91514925559542,389.47960713668533,704.4185188245162,194.25306454896509,99.51219198662912,True,0,True,0,93.51310937247051,1,500,1540074,51.11461231853613
2024-01-02 17:00:00,node-us-east-1b-02,us-east-1,1b,shard-002,1564,47.61849155707393,66.02341035312449,60.19236978814243,281.1611138448696,392.0136831501149,122.60007640539973,89.45771165057003,True,0,False,13,86.99137648946233,2,413,1969883,43.08584759177232
2024-01-02 17:00:00,node-us-east-1c-03,us-east-1,1c,shard-001,1682,52.27621785216258,49.88921502448751,30.330584079885604,310.3212505056556,467.66095151446507,155.24291832844074,76.10867824022752,True,0,False,24,87.00465929718169,0,340,3449787,36.753060183332224
2024-01-02 17:00:00,node-us-west-2a-01,us-west-2,2a,shard-003,1173,38.999138550135456,46.842907323729584,69.63754474449175,256.84282030618954,405.50065651293255,88.84857946822811,70.05252948730592,True,0,True,0,93.89403509319342,1,352,1004587,54.40116816085113
2024-01-02 17:00:00,node-us-west-2b-02,us-west-2,2b,shard-004,1181,40.400824348387914,55.5492557083413,44.26476176453282,269.2716404486012,310.41771286140437,108.47860054517224,51.4037297369469,True,0,False,49,90.77276374902915,0,299,4922519,66.48310962756804
2024-01-02 17:00:00,node-eu-west-1a-01,eu-west-1,1a,shard-002,2071,63.18426692741895,59.94931343569646,49.96669437297551,457.8363995597707,737.0606344408021,135.55896751396833,92.79481159498951,True,0,False,8,91.0909185367232,1,323,3270170,52.49432676861065
2024-01-02 17:15:00,node-us-east-1a-01,us-east-1,1a,shard-001,2283,64.92530218236385,56.89698800969286,43.00691755633081,436.6863376257117,562.6056693790317,212.38150012013227,92.87289791149728,True,0,True,0,95.46234098181299,2,283,1370539,24.243098099956484
2024-01-02 17:15:00,node-us-east-1b-02,us-east-1,1b,shard-002,2754,78.82232735975471,62.685213740887384,43.56977430416578,591.9314223245515,969.9920758827326,186.85185001501975,165.08299997563591,True,0,False,8,92.33298202122356,3,448,2245708,71.56847355265674
2024-01-02 17:15:00,node-us-east-1c-03,us-east-1,1c,shard-001,2585,67.38926343599331,48.289971373027925,44.139494760944885,430.98693524818043,727.8644758518818,226.8876424746275,136.17510053793427,True,0,False,1,92.12771339354475,3,155,4735701,46.46956981487176
2024-01-02 17:15:00,node-us-west-2a-01,us-west-2,2a,shard-003,770,35.90884830874229,59.4518164994774,54.61087105607283,175.8699562459338,233.98447737498543,66.75195756783701,37.15869349782009,True,0,True,0,87.3605311267612,0,193,2922486,96.42180965000384
2024-01-02 17:15:00,node-us-west-2b-02,us-west-2,2b,shard-004,1295,44.02371646022553,46.57577395576611,42.064398248139895,304.34397995783064,311.15026828544217,102.22230813058823,62.69726629887275,True,0,False,41,89.49898270566531,0,143,3005639,88.84156432662847
2024-01-02 17:15:00,node-eu-west-1a-01,eu-west-1,1a,shard-002,2318,73.42315742278566,50.91186000601249,41.48030738887894,483.9158224403123,723.5233578043651,195.4081728256162,120.56487862982748,True,0,False,18,93.70986515046175,1,173,4279161,38.25096205766204
2024-01-02 17:30:00,node-us-east-1a-01,us-east-1,1a,shard-001,3070,82.17252187818823,65.21213494889825,49.94773921412353,613.7455307803579,919.1256884373032,212.64759160827188,166.12981405560063,True,0,True,0,96.60488410666935,2,408,4893649,27.82459557795508
2024-01-02 17:30:00,node-us-east-1b-02,us-east-1,1b,shard-002,925,36.46448713890773,56.719071854212125,36.83707069162836,216.87643564845865,304.23036797119903,75.07777490191665,40.98827627663227,True,0,False,26,92.29004845633459,1,268,3184999,98.19073192962395
2024-01-02 17:30:00,node-us-east-1c-03,us-east-1,1c,shard-001,1980,60.41390469951972,49.17616007623083,44.99552473899536,422.40985878249296,645.871831116155,173.89881132233634,79.34514925475041,True,0,False,31,95.92007567756376,2,98,2102232,23.275108812084724
2024-01-02 17:30:00,node-us-west-2a-01,us-west-2,2a,shard-003,1165,39.40309868255132,48.90329925613507,41.52760054664509,233.45885782880026,291.87427356586846,74.7725398067847,67.57600191054749,True,0,True,0,92.53111810340009,1,294,2909126,42.95112512738715
2024-01-02 17:30:00,node-us-west-2b-02,us-west-2,2b,shard-004,621,31.406062848016234,59.41528497615063,43.194919425901986,128.06132916295743,213.20084388506274,47.972950020417635,31.409282203736428,True,0,False,18,92.88290592909631,0,220,4188921,62.20603791383254
2024-01-02 17:30:00,node-eu-west-1a-01,eu-west-1,1a,shard-002,1399,50.00114876238845,75.75179078826469,58.66138568215242,254.13245084015873,386.39238673747616,118.43360252133935,57.43524475187114,True,0,False,44,90.28834314756408,1,161,1699652,77.80963991536804
2024-01-02 17:45:00,node-us-east-1a-01,us-east-1,1a,shard-001,2314,57.83174063772274,78.97901024901302,60.41993572812595,426.610309768513,572.5135011553132,219.79000660469816,122.72988571381075,True,0,True,0,89.53343170387554,1,361,3549116,25.41984061386775
2024-01-02 17:45:00,node-us-east-1b-02,us-east-1,1b,shard-002,2941,71.921851487017,75.65302823720259,53.80004960930035,568.393828753311,730.486104409336,268.40091865358704,154.05452565717442,True,0,False,43,95.87698315027333,2,365,2807878,45.617348280389166
2024-01-02 17:45:00,node-us-east-1c-03,us-east-1,1c,shard-001,1156,42.418684398925976,75.30009227470751,33.62148304148555,229.5259976924263,294.6831240219331,84.00007154278163,57.20158181056327,True,0,False,20,90.8108471479875,0,243,3538055,20.838916371360536
2024-01-02 17:45:00,node-us-west-2a-01,us-west-2,2a,shard-003,1070,40.06051529894063,47.86223847805412,41.64929895949571,244.3678153917272,326.0784302690069,77.00017544819504,58.575731663766575,True,0,True,0,89.95273503529147,1,215,2271151,48.97190919225849
2024-01-02 17:45:00,node-us-west-2b-02,us-west-2,2b,shard-004,1301,43.9828731071004,75.3617078674954,39.48395629442797,278.0836169943474,356.4981374074472,108.9767151699841,75.63099199479232,True,0,False,19,85.79216805544402,0,211,2832952,86.59343703896067
2024-01-02 17:45:00,node-eu-west-1a-01,eu-west-1,1a,shard-002,1119,42.23965200434006,79.40836647171685,64.85097488204946,198.43331458853163,334.42948635107473,92.72088141857182,47.58360976513414,True,0,False,31,96.77840701480359,0,169,4013370,61.72797545171282
2024-01-02 18:00:00,node-us-east-1a-01,us-east-1,1a,shard-001,1273,42.54567186475289,54.05078868504337,59.78471336769937,244.15957902499565,380.29169902487126,107.14482504256087,56.365280972285696,True,0,True,0,97.8677001593731,1,353,1059203,91.48887474170465
2024-01-02 18:00:00,node-us-east-1b-02,us-east-1,1b,shard-002,852,35.972427910662994,41.17662159871811,51.27702195401213,169.10525873881627,209.44795731623663,64.0625514976113,39.778532650136896,True,0,False,19,90.27502227378115,0,192,3701509,94.4721874981224
2024-01-02 18:00:00,node-us-east-1c-03,us-east-1,1c,shard-001,870,37.19823951244712,42.531418005890686,63.66890224427404,170.9673995533749,292.8404362749171,67.00856080104161,39.18108982017314,True,0,False,23,96.51543406932367,0,218,3789006,20.68745474892691
2024-01-02 18:00:00,node-us-west-2a-01,us-west-2,2a,shard-003,1679,54.152499372541904,60.87325148986543,39.66892425484549,402.3759979730763,579.1606528518168,132.98293914281447,68.11143427315315,True,0,True,0,91.59846356049499,1,480,4546258,75.41776714550232
2024-01-02 18:00:00,node-us-west-2b-02,us-west-2,2b,shard-004,671,33.3788900541442,79.84506253686698,66.39837840910927,152.72284271766145,179.1106697729249,52.49966580741082,30.370806000692667,True,0,False,9,89.63274005565331,0,345,4986101,79.48890657251613
2024-01-02 18:00:00,node-eu-west-1a-01,eu-west-1,1a,shard-002,1256,42.2800209762655,48.62325880292993,48.4272020405637,230.28468263937665,448.32995261105214,109.56779061840378,73.40423171313266,True,0,False,34,91.3871160809389,0,357,2127126,51.72077897480627
2024-01-02 18:15:00,node-us-east-1a-01,us-east-1,1a,shard-001,2984,87.16603650837159,51.33952802480023,47.19618090775779,582.5911654273896,1071.0780744316908,228.40840367811015,152.1875452632807,True,0,True,0,93.96599474461709,1,71,3992709,67.71943952275765
2024-01-02 18:15:00,node-us-east-1b-02,us-east-1,1b,shard-002,1621,57.289865852632154,76.77566477148913,45.35109193728253,373.28537810602944,479.6089445685345,142.3762894512755,67.22516566190363,True,0,False,40,93.06732014416109,1,480,1029308,23.96035164984174
2024-01-02 18:15:00,node-us-east-1c-03,us-east-1,1c,shard-001,2102,59.76306516799366,49.82204006703813,48.13881281963185,381.88892264208937,592.0340654417024,192.8061921894469,105.03079977118671,True,0,False,29,93.4678333030393,2,178,3626112,83.80369999194241
2024-01-02 18:15:00,node-us-west-2a-01,us-west-2,2a,shard-003,1426,45.31646058253634,61.72975622395774,50.74991383524207,278.4863521705899,347.8166179094608,114.34436334725488,60.364828943599335,True,0,True,0,97.0209602064351,1,195,1571415,33.67275271496964
2024-01-02 18:15:00,node-us-west-2b-02,us-west-2,2b,shard-004,1741,53.605174693565864,65.1496083415501,37.37193190594175,370.3806599024524,470.53513482280096,146.54482529204932,72.17355146449731,True,0,False,1,93.2969239988188,1,399,4175872,40.171784831237865
2024-01-02 18:15:00,node-eu-west-1a-01,eu-west-1,1a,shard-002,691,33.330317623956844,62.31555928227867,54.7005993791887,146.7040582295164,248.00163047226187,47.12433237423447,31.014490111082555,True,0,False,43,97.26941961299613,0,316,4439725,63.0423717997635
2024-01-02 18:30:00,node-us-east-1a-01,us-east-1,1a,shard-001,1909,58.079817516254764,44.583655527426906,68.44759984832598,355.9323508148718,487.982525837412,147.71822305910533,82.01906020768385,True,0,True,0,94.11593800571798,2,449,3092139,90.81778048570601
2024-01-02 18:30:00,node-us-east-1b-02,us-east-1,1b,shard-002,2273,66.97880622877612,49.617630915894466,40.43695006160034,439.3946107091673,784.1560775558037,196.7230231160862,103.63038707808855,True,0,False,3,96.22502905704839,1,96,2060451,30.08374092606994
2024-01-02 18:30:00,node-us-east-1c-03,us-east-1,1c,shard-001,1886,56.789144277487765,54.801290496933134,62.99814164156472,439.44859784580945,481.9107420877327,155.96208409017538,76.63967546793509,True,0,False,22,91.55552804229163,2,98,3790694,93.84481920529812
2024-01-02 18:30:00,node-us-west-2a-01,us-west-2,2a,shard-003,1729,52.71127142169521,57.582809963261056,51.39345053653882,339.67905428733,419.9612514553886,140.6063516737208,81.08941571738882,True,0,True,0,95.26242885247733,1,249,3925032,90.58055234934685
2024-01-02 18:30:00,node-us-west-2b-02,us-west-2,2b,shard-004,1224,44.10343220781272,42.21200654594535,46.73286201693986,233.4589365222431,355.78606940887187,99.06767446926483,61.49553896107797,True,0,False,7,94.78838354978419,0,486,1573576,38.71291778015633
2024-01-02 18:30:00,node-eu-west-1a-01,eu-west-1,1a,shard-002,1369,52.12293431440552,57.77377926713648,41.92371769458072,268.53151729072573,474.9255718310408,100.94479006096513,66.20571400036484,True,0,False,37,87.67217892277259,1,207,4942661,60.18388621177096
2024-01-02 18:45:00,node-us-east-1a-01,us-east-1,1a,shard-001,3625,100.0,75.40542960850017,52.616903804664005,601.8785732545613,1272.6018995689108,344.494931754077,145.93317279232414,True,0,True,0,91.81185548287168,5,391,1899378,85.28378245250991
2024-01-02 18:45:00,node-us-east-1b-02,us-east-1,1b,shard-002,2493,78.82842383463296,53.21975083969434,44.906851495912946,491.6339138228387,700.9880728948465,205.21349824737487,112.07489372852912,True,0,False,16,92.73952550489206,1,426,2174658,45.80135656749111
2024-01-02 18:45:00,node-us-east-1c-03,us-east-1,1c,shard-001,1025,40.039644694309274,44.073246644040374,52.90416786891634,203.76026598179303,250.80991476781276,80.18583039411523,50.04891973491933,True,0,False,16,85.28343236087377,1,89,4666788,36.42780597051278
2024-01-02 18:45:00,node-us-west-2a-01,us-west-2,2a,shard-003,775,34.167541925478574,78.86787438013755,62.75468249430723,163.14561037784287,229.73270205391722,69.99783967491878,42.34038875439995,True,0,True,0,85.59530603764523,0,275,3508961,85.8160953905823
2024-01-02 18:45:00,node-us-west-2b-02,us-west-2,2b,shard-004,617,34.13670222242123,58.739681128504515,32.80952011904467,103.1700437196247,149.38642820510572,40.61943424293065,34.620546221632054,True,0,False,9,93.65220288995934,0,443,3099558,31.91967363280203
2024-01-02 18:45:00,node-eu-west-1a-01,eu-west-1,1a,shard-002,877,39.66520279976482,61.512257905671746,53.10839756026831,173.45452580344312,218.36916285687286,65.95633008777958,49.76829512587047,True,0,False,6,92.95362026284576,0,392,3035601,84.4527618951206
2024-01-02 19:00:00,node-us-east-1a-01,us-east-1,1a,shard-001,526,29.799985831194967,49.771087707958536,38.68100002980101,99.67926719093975,169.36128207094947,41.799158507510256,30.082953368343798,True,0,True,0,90.02283450541651,0,206,2641627,66.3696211866449
2024-01-02 19:00:00,node-us-east-1b-02,us-east-1,1b,shard-002,413,29.70282905547372,54.519538394662646,38.708672107825315,80.31532166790895,101.89687729135389,34.52249820848179,24.112803114364745,True,0,False,37,95.6523173162077,0,467,1447306,69.68679287792992
2024-01-02 19:00:00,node-us-east-1c-03,us-east-1,1c,shard-001,357,27.41454846195479,59.08830448029266,48.30772787969142,70.8047085893543,93.1140373609057,31.063691158999013,20.830418764813462,True,0,False,50,86.04257653811315,0,398,4724395,26.524780614710373
2024-01-02 19:00:00,node-us-west-2a-01,us-west-2,2a,shard-003,137,22.396511500646238,54.614025271253624,47.55159546196285,31.195054481820215,39.33774902862125,11.67466682726628,7.671835088177087,True,0,True,0,85.96764579577521,0,312,1819980,59.53382539005758
2024-01-02 19:00:00,node-us-west-2b-02,us-west-2,2b,shard-004,102,21.84513842005072,67.35983203567149,52.27840223312812,21.908962719702707,31.98244724929746,8.094486730033452,5.954725269734022,True,0,False,19,92.27023765505687,0,150,2788938,40.261235353885354
2024-01-02 19:00:00,node-eu-west-1a-01,eu-west-1,1a,shard-002,326,25.84273519309658,58.91462389634802,35.17847468550269,66.12595808778138,92.61316031923351,22.363795790873017,13.081997596761953,True,0,False,48,87.97020345992802,0,81,1346035,87.58028011196328
2024-01-02 19:15:00,node-us-east-1a-01,us-east-1,1a,shard-001,576,31.504225463428774,43.23204188099334,56.66005730417729,109.58852094264235,203.64532969345922,52.109123870023794,23.667896120327534,True,0,True,0,93.71198891106519,0,323,1711683,50.663831071022884
2024-01-02 19:15:00,node-us-east-1b-02,us-east-1,1b,shard-002,684,35.71453861098283,69.06826436844227,62.83310339949305,142.35802075082933,227.18814714124957,65.59766319810262,29.89602374126404,True,0,False,1,97.63205506164803,0,73,3146315,41.378598178622426
2024-01-02 19:15:00,node-us-east-1c-03,us-east-1,1c,shard-001,671,31.49192570827548,59.045409449402605,35.46983274399264,142.7660923378638,211.54885956227037,57.47866030964973,35.14851909987634,True,0,False,6,89.06459578277378,0,184,4455609,28.938419936617727
2024-01-02 19:15:00,node-us-west-2a-01,us-west-2,2a,shard-003,245,25.57189962770714,76.24072262792865,42.36252574731374,44.46686210548951,83.88425316944596,16.476476956599562,11.39276794530889,True,0,True,0,97.43499599808935,0,361,2813403,85.78922357511848
2024-01-02 19:15:00,node-us-west-2b-02,us-west-2,2b,shard-004,240,25.74212919363984,53.2438130675727,49.886411619615316,44.520959225604656,69.77113363491405,18.759180111822708,10.6683251044321,True,0,False,32,96.38820748519869,0,203,2527754,68.79046626858846
2024-01-02 19:15:00,node-eu-west-1a-01,eu-west-1,1a,shard-002,507,32.14553108176122,63.22361073450582,35.607991236550504,105.40412218320128,134.29248046798077,43.05838543600557,23.820316272156155,True,0,False,40,86.55684560073624,0,351,4338078,89.27221234754316
2024-01-02 19:30:00,node-us-east-1a-01,us-east-1,1a,shard-001,864,35.021482204457115,52.606074898335336,66.97915816694393,150.10036243608513,256.7866346144699,67.01815485874975,40.43516641888073,True,0,True,0,96.66678606566389,0,413,3147980,48.674811199398604
2024-01-02 19:30:00,node-us-east-1b-02,us-east-1,1b,shard-002,302,26.994995223299462,73.67723263518943,35.846521534617786,69.50198903485203,77.1472526406667,20.759282438732694,14.449053746443456,True,0,False,34,86.79586291962885,0,232,3745328,51.53699188155262
2024-01-02 19:30:00,node-us-east-1c-03,us-east-1,1c,shard-001,712,32.51297364203306,77.79352184273557,57.47844304098146,145.07543846075362,237.083878831964,58.85738643799743,36.66095681901326,True,0,False,22,87.0528411629924,0,455,1099660,25.370409722605523
2024-01-02 19:30:00,node-us-west-2a-01,us-west-2,2a,shard-003,248,24.904568679305477,42.394133505342275,44.18906768783998,50.89417852977141,81.24539713700193,23.50113127621243,12.242597219443848,True,0,True,0,89.48791728498105,0,64,3234512,34.89471053132298
2024-01-02 19:30:00,node-us-west-2b-02,us-west-2,2b,shard-004,101,22.259873013209535,78.32471326894165,35.59266155922276,19.035956200875127,31.439559954477897,8.01941760430213,4.395270550078572,True,0,False,39,86.27622969325644,0,290,4074424,90.67357924940549
2024-01-02 19:30:00,node-eu-west-1a-01,eu-west-1,1a,shard-002,199,23.45601609038901,68.3896765450945,67.27753562094757,36.48601574719148,60.13266309607492,13.373506452866721,11.166941233621632,True,0,False,33,86.92211590756068,0,133,3535836,46.668937473219145
2024-01-02 19:45:00,node-us-east-1a-01,us-east-1,1a,shard-001,510,31.972123716836123,46.04764488677807,44.576876499548455,87.19371816069054,178.83937530417793,36.85476620880005,22.105585030158835,True,0,True,0,88.13504589669579,0,135,1976010,70.04609825742668
2024-01-02 19:45:00,node-us-east-1b-02,us-east-1,1b,shard-002,251,25.403622689566006,70.75033457510187,47.32306755621664,53.917432445498825,63.090609670818324,22.488027424837636,14.753110999850628,True,0,False,17,95.88404067206302,0,60,2663981,57.73383202257148
2024-01-02 19:45:00,node-us-east-1c-03,us-east-1,1c,shard-001,314,26.219164367259637,64.59305943585315,67.85981775744264,71.66204948723224,82.30624185165253,24.31547487502033,16.873338923924315,True,0,False,17,92.11724330386465,0,135,1826756,80.72992257330351
2024-01-02 19:45:00,node-us-west-2a-01,us-west-2,2a,shard-003,564,32.672925075163676,40.729557434412065,61.32247376474908,115.5874564363849,149.93195683824445,51.347882880543516,22.837274081467697,True,0,True,0,88.42937313250722,0,232,2459163,96.25401816349425
2024-01-02 19:45:00,node-us-west-2b-02,us-west-2,2b,shard-004,262,25.94055108945996,56.463521234793006,60.05702494097305,52.80954314590829,91.9643712301959,22.653398317606104,14.387160563324663,True,0,False,27,85.46559242404449,0,252,4577254,65.95196060914972
2024-01-02 19:45:00,node-eu-west-1a-01,eu-west-1,1a,shard-002,322,26.39177892914587,77.0915857241596,36.79294802771018,59.15619819903449,85.09376765765147,25.044386643591423,16.169722016534816,True,0,False,44,88.30842238397761,0,286,4844578,90.73689990773767
2024-01-02 20:00:00,node-us-east-1a-01,us-east-1,1a,shard-001,302,25.053273984034032,44.42070781391321,66.77177265226001,70.5606920771699,92.17894120973433,22.325377913362708,14.487597202811424,True,0,True,0,94.91686784267752,0,190,2677473,84.59625002358611
2024-01-02 20:00:00,node-us-east-1b-02,us-east-1,1b,shard-002,426,27.059223416860124,76.05925140991728,36.887544785923865,101.57582474729607,139.46820659396886,34.80547857690288,19.782338990955132,True,0,False,25,91.24592015006408,0,151,1055819,91.77344963137436
2024-01-02 20:00:00,node-us-east-1c-03,us-east-1,1c,shard-001,494,30.085192995108226,56.5467891078562,57.66930505501692,85.5789218645418,176.43537710525942,36.52651022879679,23.742950445297087,True,0,False,3,91.90685828758966,0,116,1657475,77.01188564516809
2024-01-02 20:00:00,node-us-west-2a-01,us-west-2,2a,shard-003,144,23.252055984057172,68.64071640248878,42.6065680619506,33.11246738487118,38.3893669808132,9.630949214338191,5.924730622138379,True,0,True,0,97.40346100535676,0,474,2316789,31.786385371738277
2024-01-02 20:00:00,node-us-west-2b-02,us-west-2,2b,shard-004,465,30.525104256011378,71.81551421118179,34.84528478690721,81.21995437760484,122.31341854489682,34.18754778253873,25.576051184635837,True,0,False,46,94.0516335031904,0,188,3514555,71.0323200954141
2024-01-02 20:00:00,node-eu-west-1a-01,eu-west-1,1a,shard-002,532,29.041236064571667,54.240385477428504,48.321172101594044,103.39626586733914,143.39271658381242,44.32549149208973,25.313940940934398,True,0,False,36,85.15076863900333,0,462,4747342,87.04017006881422
2024-01-02 20:15:00,node-us-east-1a-01,us-east-1,1a,shard-001,709,36.70814171742982,43.89143065028502,38.18499100052773,119.25531286014086,181.18428050328143,62.17243867135552,29.35834863771974,True,0,True,0,85.42741224004735,0,484,2944517,43.82575818903583
2024-01-02 20:15:00,node-us-east-1b-02,us-east-1,1b,shard-002,202,23.798357512066396,77.13436315185297,52.39897665142074,34.78390771907632,62.35748665241252,16.223144080180628,9.105992082116325,True,0,False,35,97.18220329403647,0,449,1951655,31.330715486849847
2024-01-02 20:15:00,node-us-east-1c-03,us-east-1,1c,shard-001,194,24.36016312533815,75.85569771040386,57.18633829303724,37.72528735092945,60.36599373337237,14.446315590431889,11.33756187672072,True,0,False,6,94.78341983577252,0,62,1419579,33.828005634840814
2024-01-02 20:15:00,node-us-west-2a-01,us-west-2,2a,shard-003,324,27.445809157916308,75.39904257299766,50.5363920898373,57.122524308856285,90.40333914828098,21.293053625652462,17.01126767309623,True,0,True,0,97.57534053582027,0,364,2453287,54.08357218249251
2024-01-02 20:15:00,node-us-west-2b-02,us-west-2,2b,shard-004,440,29.489504295358596,42.654244794361155,41.944484323006506,99.56384361634943,128.10078136858166,34.47563187923203,19.66692944370423,True,0,False,20,97.56287300015103,0,180,1155444,61.13628795260476
2024-01-02 20:15:00,node-eu-west-1a-01,eu-west-1,1a,shard-002,304,26.33120632116854,49.124147927686785,33.05314211535439,62.282933230708814,107.25739653983513,26.488293171052263,16.19890381047546,True,0,False,45,92.12255066151835,0,432,2116016,85.60865024197591
2024-01-02 20:30:00,node-us-east-1a-01,us-east-1,1a,shard-001,760,35.92853468079733,51.783171374681295,38.12585158707854,148.1211938316917,235.07930679221496,51.479846962662506,32.996573068573284,True,0,True,0,97.19733185777224,1,63,1718439,41.03146256821059
2024-01-02 20:30:00,node-us-east-1b-02,us-east-1,1b,shard-002,289,25.505056928828104,55.77343804079089,46.55735509866332,46.59786327215317,72.70634475339158,25.040025737853593,14.88444901449453,True,0,False,18,93.69346716492781,0,367,2840382,58.9828918241694
2024-01-02 20:30:00,node-us-east-1c-03,us-east-1,1c,shard-001,393,28.168993809443453,70.81055757454916,36.52777098044191,93.79260768787488,107.9472611962614,33.22163885862459,20.079308680958757,True,0,False,10,91.26303023425737,0,284,1098468,21.688748478110355
2024-01-02 20:30:00,node-us-west-2a-01,us-west-2,2a,shard-003,458,30.38155602233745,66.10055098113243,32.258344761462276,106.08222092137221,124.20572405062386,32.115042330724776,20.723989327353788,True,0,True,0,86.7957367961437,0,200,3924267,72.3556483845932
2024-01-02 20:30:00,node-us-west-2b-02,us-west-2,2b,shard-004,169,23.951658806537733,74.51886610691363,48.97485687776757,29.632662610791055,59.026976160992454,11.967514912784791,7.4417399207263735,True,0,False,22,91.43811001462987,0,256,2264884,50.27633087786028
2024-01-02 20:30:00,node-eu-west-1a-01,eu-west-1,1a,shard-002,282,25.825101963588715,45.16074788856249,38.30912739993792,67.09447049661674,100.594526850559,20.418416547531532,16.01175466310463,True,0,False,24,87.44922291160879,0,452,1745617,65.13240355995046
2024-01-02 20:45:00,node-us-east-1a-01,us-east-1,1a,shard-001,844,39.19595652475374,65.72515372040242,44.750438768585084,167.105858991586,299.4814091776828,66.6702634757597,47.87752148738207,True,0,True,0,94.32450384838398,0,434,2068500,51.07963922929211
2024-01-02 20:45:00,node-us-east-1b-02,us-east-1,1b,shard-002,503,30.18215724699904,74.01822658867161,36.517041220575194,92.03842167754333,160.38651656459072,39.78119146557211,24.728073456642594,True,0,False,10,87.14507769232388,0,335,3861313,78.6551861492088
2024-01-02 20:45:00,node-us-east-1c-03,us-east-1,1c,shard-001,685,33.77341274813297,70.98006956650056,63.240675864538886,135.64689772011695,244.99927841343265,59.286511326585035,29.960487754479082,True,0,False,28,92.37963587204186,0,164,2669229,84.82982772257873
2024-01-02 20:45:00,node-us-west-2a-01,us-west-2,2a,shard-003,228,23.654602825882595,46.09033966475802,65.65554634134881,51.40192181980982,75.25717025994439,20.354567704375523,13.073975445207802,True,0,True,0,95.73333991359448,0,51,4611722,49.71114646785657
2024-01-02 20:45:00,node-us-west-2b-02,us-west-2,2b,shard-004,356,27.205133285022953,61.305266582630686,52.646186646842736,83.84667168965812,122.49570971604886,29.4757007476705,18.72553388806425,True,0,False,17,97.47882768338992,0,143,1619106,81.87750352241929
2024-01-02 20:45:00,node-eu-west-1a-01,eu-west-1,1a,shard-002,269,26.284355184857148,65.79248598750281,38.54241027036141,60.062352954130915,92.4759370264521,24.36150384405001,12.912919594489459,True,0,False,2,89.51005619074476,0,377,4994240,51.78083080588303
2024-01-02 21:00:00,node-us-east-1a-01,us-east-1,1a,shard-001,854,38.39768881083657,67.74960506774356,68.9492176204736,184.83611343422348,243.29623952840768,61.151280496186,36.91626279789718,True,0,True,0,95.81899500588551,1,292,1580645,42.87033934954038
2024-01-02 21:00:00,node-us-east-1b-02,us-east-1,1b,shard-002,558,30.967037478766407,56.6068696722602,45.8135975188087,95.01083181550146,170.92583100327798,36.41537484282011,31.947271992905986,True,0,False,39,92.58084094351972,0,460,1827146,66.50086451091977
2024-01-02 21:00:00,node-us-east-1c-03,us-east-1,1c,shard-001,306,24.912782253296214,78.3500530928643,30.076179661725575,70.03738409584643,101.21421843948345,24.55087949963037,18.348676164643134,True,0,False,38,89.09813767013338,0,398,2421926,59.616549879672654
2024-01-02 21:00:00,node-us-west-2a-01,us-west-2,2a,shard-003,126,22.17221782937759,78.07318367877293,57.38576528687041,25.499487477128255,40.311863548674786,11.019614979787226,5.849251476344611,True,0,True,0,86.24454643511116,0,128,3934859,80.20899923949273
2024-01-02 21:00:00,node-us-west-2b-02,us-west-2,2b,shard-004,152,23.30052780822683,72.64199359385645,34.9741225600734,32.638278398342024,44.40235505229719,12.49752066142716,6.137878748500132,True,0,False,36,87.26300910801076,0,194,4617594,65.08506383433073
2024-01-02 21:00:00,node-eu-west-1a-01,eu-west-1,1a,shard-002,143,22.4408089909589,62.47131571199088,58.3766382683072,30.858847936141657,43.410891728066666,12.94267400158368,8.464924221794071,True,0,False,23,85.49816797092693,0,335,3803818,68.36080154498784
2024-01-02 21:15:00,node-us-east-1a-01,us-east-1,1a,shard-001,798,33.4516350670728,51.76271805917101,61.24231006069318,176.10402103256507,230.83798236447745,62.03078752413105,43.97398003763969,True,0,True,0,85.8134091067162,1,218,4565420,29.9744394155885
2024-01-02 21:15:00,node-us-east-1b-02,us-east-1,1b,shard-002,241,25.32642140443136,50.96062263899252,50.06335292285202,57.646892206850616,85.02667790581663,16.542842841226502,11.070790416580945,True,0,False,3,91.22666898710965,0,374,3837912,25.30484048612432
2024-01-02 21:15:00,node-us-east-1c-03,us-east-1,1c,shard-001,377,27.60542028637142,41.011510936129085,57.65086320030389,72.0909666420524,122.42641780168319,32.55394271187923,18.076984828976215,False,110,False,3,90.4920293400471,0,389,3974518,50.2122647649071
2024-01-02 21:15:00,node-us-west-2a-01,us-west-2,2a,shard-003,401,28.27418699482358,70.50293318829273,57.71542480894624,72.96452141621893,108.66608493753827,28.314107996699246,16.163133524439008,True,0,True,0,92.10123767953729,0,314,4432201,29.517462947037814
2024-01-02 21:15:00,node-us-west-2b-02,us-west-2,2b,shard-004,268,24.720306746709127,43.005378399403035,60.96891468438646,53.25078741775863,82.91323512050855,20.96423347566445,15.705205154933523,True,0,False,35,97.5424628691439,0,322,1744781,28.113026226247992
2024-01-02 21:15:00,node-eu-west-1a-01,eu-west-1,1a,shard-002,368,28.824764907219816,77.16154586494673,57.26023049383659,70.42868232170538,88.53410718015962,32.757702739400415,15.802683112361144,True,0,False,17,93.7336766175506,0,497,3420509,77.94301413189883
2024-01-02 21:30:00,node-us-east-1a-01,us-east-1,1a,shard-001,265,25.663035767882224,56.60318300596026,31.671656508609743,45.79517793152486,90.42557662113819,23.487299896379763,12.088556747558423,True,0,True,0,93.99493283968744,0,64,1801841,73.19269778254193
2024-01-02 21:30:00,node-us-east-1b-02,us-east-1,1b,shard-002,507,28.63173256079277,47.70818433618935,49.88513646205047,98.897139981873,172.28105337460116,36.41412570482315,26.677006926214226,True,0,False,7,92.57533152168352,0,471,3695306,89.89477681943882
2024-01-02 21:30:00,node-us-east-1c-03,us-east-1,1c,shard-001,311,25.125716823531135,67.90778923564444,46.45292426072875,51.995555621212105,104.24784160329085,29.794877359451636,17.739262753719284,True,0,False,18,94.8894853690704,0,334,4067488,42.38984439221064
2024-01-02 21:30:00,node-us-west-2a-01,us-west-2,2a,shard-003,564,29.89502693646905,45.32536838169163,49.7800228781112,104.15658306372275,184.06889210659347,40.08515414819774,33.61523431079927,True,0,True,0,85.83676015641953,0,71,4012005,85.02712321024174
2024-01-02 21:30:00,node-us-west-2b-02,us-west-2,2b,shard-004,159,23.508168541299057,78.66228783183928,46.17439595614263,35.75746047625985,46.24618279856363,14.940098729200853,6.909839890167536,True,0,False,27,87.81311347176509,0,449,4017819,97.48381885799861
2024-01-02 21:30:00,node-eu-west-1a-01,eu-west-1,1a,shard-002,205,23.76799644094834,64.93698256421838,31.153641328344882,37.82362804814412,66.76434221962228,18.195631925109513,11.935846515422917,True,0,False,34,92.77483875168602,0,379,3889805,92.56389111759374
2024-01-02 21:45:00,node-us-east-1a-01,us-east-1,1a,shard-001,477,28.914051573552754,51.789880112023305,45.59355035731339,104.73134100538657,154.15524227683028,39.25780572168842,25.78670491949031,True,0,True,0,91.82850275125267,0,395,4715396,53.04221927571349
2024-01-02 21:45:00,node-us-east-1b-02,us-east-1,1b,shard-002,742,31.98240566983436,50.35297496230775,54.11105029021326,170.19726997997907,227.0950173567113,58.69234602420435,44.36309068672273,True,0,False,42,97.91777983613572,0,140,2874997,28.581356221515613
2024-01-02 21:45:00,node-us-east-1c-03,us-east-1,1c,shard-001,658,34.838525385381715,56.83833206056541,32.411019147056386,140.17198332946435,159.55361820759092,58.65491015627888,36.2741046822731,True,0,False,32,93.3166096793838,0,246,4436199,80.0815189137831
2024-01-02 21:45:00,node-us-west-2a-01,us-west-2,2a,shard-003,233,24.6625456664652,74.21657398167261,34.85494497298945,40.48621235780191,66.70972343065183,19.502592566478203,12.140119613777625,True,0,True,0,85.23244556185068,0,409,4822074,98.3667800093218
2024-01-02 21:45:00,node-us-west-2b-02,us-west-2,2b,shard-004,122,22.636843258205953,70.90725678001337,44.61550146535859,25.658605189163517,40.02245674662105,10.612157984892175,5.382376537989,True,0,False,23,86.59772448986854,0,169,1774047,93.88852334062472
2024-01-02 21:45:00,node-eu-west-1a-01,eu-west-1,1a,shard-002,429,28.383181874231028,71.34766929776902,34.60034556460856,77.14093447298681,108.84288058580952,37.83766455935322,22.412266336466583,True,0,False,27,87.21361334936873,0,158,3780093,79.68008127832101
2024-01-02 22:00:00,node-us-east-1a-01,us-east-1,1a,shard-001,643,34.72851668789502,54.11447425081981,48.430895939907515,107.13585838312932,201.6897256328758,45.948278334217434,27.255081471175487,True,0,True,0,89.89550363222824,0,66,2546870,48.9152585143668
2024-01-02 22:00:00,node-us-east-1b-02,us-east-1,1b,shard-002,678,31.912742904491363,61.33501196475643,63.95180167363756,141.0274475885651,237.5252339908469,51.91890377803886,29.97492081326291,True,0,False,35,89.75252803954697,1,424,4165360,38.46485989899215
2024-01-02 22:00:00,node-us-east-1c-03,us-east-1,1c,shard-001,669,33.65621350543598,73.13095147593256,45.581782512398135,141.8635670440161,182.69914128961216,56.04005306661927,30.90589739731569,True,0,False,21,96.20651753680716,0,341,2307448,78.08012906901311
2024-01-02 22:00:00,node-us-west-2a-01,us-west-2,2a,shard-003,178,23.366136948601415,49.540615443811724,34.38883744823292,38.48050486988954,58.24988941994335,12.061130851824286,8.955731255513921,True,0,True,0,90.53219048945253,0,272,1956715,59.69979643878383
2024-01-02 22:00:00,node-us-west-2b-02,us-west-2,2b,shard-004,209,24.580175669142783,55.20786297442141,41.88837054384339,48.19290734612282,71.59742326009169,18.224731670498787,10.051190586787808,True,0,False,48,87.10740067504898,0,496,2375293,64.68153473944241
2024-01-02 22:00:00,node-eu-west-1a-01,eu-west-1,1a,shard-002,249,24.971199180922515,43.498796078768706,50.67974031267964,42.561507713353826,68.4785129586918,18.37354711689246,11.296837083841973,True,0,False,42,92.563271362526,0,152,4435684,88.03588354906981
2024-01-02 22:15:00,node-us-east-1a-01,us-east-1,1a,shard-001,226,24.77993246825593,75.28422631364202,44.19558516563973,41.04972935814263,74.63557338418906,17.80432890398846,9.144454299297006,True,0,True,0,85.62680487181208,0,482,1181544,55.47720720070737
2024-01-02 22:15:00,node-us-east-1b-02,us-east-1,1b,shard-002,249,24.57095617791045,49.32471449233892,67.16364152945641,41.9541330392949,88.97244620806424,17.17649687890554,11.882785712802692,True,0,False,38,94.15653884541467,0,464,2080494,54.99055734231761
2024-01-02 22:15:00,node-us-east-1c-03,us-east-1,1c,shard-001,479,31.444363852667863,69.86480732390493,37.53765655952489,84.80496012150324,129.8758213018628,43.67364790452553,27.267449689455084,True,0,False,49,86.14753753870863,0,422,2513656,92.01278888655914
2024-01-02 22:15:00,node-us-west-2a-01,us-west-2,2a,shard-003,587,33.15166411408849,56.709527410255824,46.14035360051856,108.41053026329256,189.13144820016157,46.51394698118873,27.386663521387884,True,0,True,0,97.40528913958775,0,60,4288412,96.35069182178296
2024-01-02 22:15:00,node-us-west-2b-02,us-west-2,2b,shard-004,122,22.224789387155283,59.41201405415714,50.902643702969854,23.83913284511217,42.24911999658325,9.737362405152359,6.939907053157818,True,0,False,1,94.11156345251497,0,444,3319682,53.021065593773365
2024-01-02 22:15:00,node-eu-west-1a-01,eu-west-1,1a,shard-002,190,23.26635592247457,40.86734641757608,43.549587156769825,31.470951908036263,62.06073925405397,15.377654165812665,7.8252536439311315,True,0,False,24,91.3972928915069,0,117,1266752,51.80424382712126
2024-01-02 22:30:00,node-us-east-1a-01,us-east-1,1a,shard-001,895,34.47125148125593,55.49415662183147,39.785544574320895,145.7583019986133,289.66696330819315,67.33588602467447,36.958549897331665,True,0,True,0,86.44167506647759,0,393,3315978,65.10333747238971
2024-01-02 22:30:00,node-us-east-1b-02,us-east-1,1b,shard-002,320,27.45225830921132,59.969445991793656,49.55295195196297,55.18726404418416,111.9405867790049,24.395615920365344,13.436185721993724,True,0,False,45,90.96620506328765,0,218,4706557,50.17692040989039
2024-01-02 22:30:00,node-us-east-1c-03,us-east-1,1c,shard-001,719,34.59150954057479,59.98117863789161,64.20038067768968,134.98064072395792,206.66228508035098,64.6534356616234,36.83199260110325,True,0,False,44,93.4280180517405,0,499,2669104,23.013632887068056
2024-01-02 22:30:00,node-us-west-2a-01,us-west-2,2a,shard-003,124,22.745145989000946,46.68881780940763,56.29224976486529,23.464778490237023,44.378406700896065,8.580663189230048,5.629536156379168,True,0,True,0,92.305974616447,0,309,2751253,22.622905858734484
2024-01-02 22:30:00,node-us-west-2b-02,us-west-2,2b,shard-004,111,22.49048886210182,56.635373485558986,51.521528503649066,22.74425598628939,26.897725851715258,9.593451392360873,4.954049136969746,True,0,False,39,96.33124843523731,0,374,2513138,71.27359450576611
2024-01-02 22:30:00,node-eu-west-1a-01,eu-west-1,1a,shard-002,235,24.24224025720701,57.669471310776466,64.12881487850538,50.084076159233696,81.76984780090052,17.197549927533597,13.581457603706857,True,0,False,43,94.2457025045066,0,497,3759444,59.90934290105815
2024-01-02 22:45:00,node-us-east-1a-01,us-east-1,1a,shard-001,869,39.7578864030271,65.91979229191105,32.83218953406324,143.29886408686306,211.3660478459943,82.28261336672834,37.61445901882818,True,0,True,0,94.87873216500404,0,78,2717020,42.637842433511466
2024-01-02 22:45:00,node-us-east-1b-02,us-east-1,1b,shard-002,702,35.1540198461916,42.33761170771891,49.20632407717946,168.15416917486243,184.6829081061933,46.67464834998876,38.97531909519394,True,0,False,50,92.98300078127765,0,294,1967954,39.54654172297169
2024-01-02 22:45:00,node-us-east-1c-03,us-east-1,1c,shard-001,446,27.96242464726304,78.50658570808154,48.9287011938752,95.8609216692356,151.20976913464915,31.670477264332124,24.599124576737495,True,0,False,17,87.84732292929259,0,270,3580356,71.6342597566976
2024-01-02 22:45:00,node-us-west-2a-01,us-west-2,2a,shard-003,520,30.914497220502426,65.37209578420541,32.96196539378535,113.69626195533836,150.2744234964472,37.23158691869391,22.92442181595053,True,0,True,0,85.06014348691846,0,281,3466750,50.83208404901532
2024-01-02 22:45:00,node-us-west-2b-02,us-west-2,2b,shard-004,453,28.546535836955133,42.96267538006716,63.87584478712934,83.14352250179145,152.98306679416564,29.275876328172284,19.656065636917244,True,0,False,29,91.1905793951983,0,253,4161903,33.23824793967602
2024-01-02 22:45:00,node-eu-west-1a-01,eu-west-1,1a,shard-002,234,25.366678918243636,50.285446427595545,52.26770103060311,42.997446478323006,73.17642940342147,17.66207661110686,10.693108729541779,True,0,False,18,94.48062698432955,0,433,4600196,74.78971568159534
2024-01-02 23:00:00,node-us-east-1a-01,us-east-1,1a,shard-001,849,35.730920069418076,56.15944846224562,48.751975474573,143.8538542157111,237.27911032795868,58.39877222756519,46.513665670055886,True,0,True,0,95.92632765837648,0,497,3672683,52.03279942844655
2024-01-02 23:00:00,node-us-east-1b-02,us-east-1,1b,shard-002,689,34.31952272778473,45.620954096487765,64.45756605768652,140.9898041004283,199.80895366488775,61.08023112348397,39.22235670390304,True,0,False,49,92.88920464461137,0,400,2099239,99.89403095497076
2024-01-02 23:00:00,node-us-east-1c-03,us-east-1,1c,shard-001,740,33.89188504265853,71.18401521442914,36.21199125030261,135.50045903948686,204.94420716145467,63.18315986932055,37.5646549496845,True,0,False,3,90.81237746877105,1,466,3686559,84.19583940597994
2024-01-02 23:00:00,node-us-west-2a-01,us-west-2,2a,shard-003,319,27.4387662420833,67.10632720907867,65.4885682321279,75.05108561750666,93.42841321209131,25.7191642143488,18.863364664432527,True,0,True,0,86.94215042034436,0,374,1450272,62.39568476293046
2024-01-02 23:00:00,node-us-west-2b-02,us-west-2,2b,shard-004,351,28.080891353007978,55.610786147452586,44.10933512604747,83.55871267168801,90.8486971977331,23.487899754699598,19.861291489067945,True,0,False,45,92.82878861435564,0,61,1522688,80.26342332103803
2024-01-02 23:00:00,node-eu-west-1a-01,eu-west-1,1a,shard-002,414,28.305780266295585,54.814751378460365,31.806237933121434,92.12337606667238,100.47032771241915,29.458721475399592,21.466168754037508,True,0,False,8,96.65310564585255,0,488,4598732,30.90525224192948
2024-01-02 23:15:00,node-us-east-1a-01,us-east-1,1a,shard-001,297,27.008500886210022,72.01829000254571,36.7555216177696,62.625950621847025,101.60706003580954,19.7350442616933,13.405469932021365,True,0,True,0,95.2630051896528,0,314,1845897,73.52038667630762
2024-01-02 23:15:00,node-us-east-1b-02,us-east-1,1b,shard-002,331,25.726007763271333,75.5897200570153,37.62012673178407,57.1062703999299,116.93668712211704,22.369364041704323,19.121463426270946,True,0,False,5,92.46876444066262,0,360,4877172,50.52705246269463
2024-01-02 23:15:00,node-us-east-1c-03,us-east-1,1c,shard-001,632,35.12950966757501,47.49076737084968,69.71694478091692,143.99842523758102,163.3394004748096,48.82011176458842,33.246116839902385,True,0,False,18,88.17870445165526,0,51,2729250,47.919164953121424
2024-01-02 23:15:00,node-us-west-2a-01,us-west-2,2a,shard-003,622,31.263425659533663,68.29566552477968,46.23723007768205,129.7446940612101,205.9573090339492,56.64541274596871,36.99959770783451,True,0,True,0,89.77378502117462,0,179,2433076,97.11236312033293
2024-01-02 23:15:00,node-us-west-2b-02,us-west-2,2b,shard-004,343,26.98613939142765,71.83273447147727,47.14655111639631,69.32670616380848,94.30924230184313,26.79115982230733,20.51779937801871,True,0,False,42,97.25660190626584,0,324,3758765,28.240228361573124
2024-01-02 23:15:00,node-eu-west-1a-01,eu-west-1,1a,shard-002,475,29.612495261763442,49.74292575257034,63.67713949497516,101.81875406809,126.12488983650566,38.41294413668034,20.676126717582044,True,0,False,36,93.92970221886851,0,222,3005186,75.75378510650523
2024-01-02 23:30:00,node-us-east-1a-01,us-east-1,1a,shard-001,801,36.74067980024381,40.86286451454343,56.651856732587035,129.03156085800234,259.9428295563393,59.89773072933109,40.49887640021505,True,0,True,0,97.74475512572472,1,322,4775958,22.01047605326952
2024-01-02 23:30:00,node-us-east-1b-02,us-east-1,1b,shard-002,282,26.43793136067145,75.46658647664673,53.95229671929921,55.783739638529106,86.75055232916759,25.500724608449634,13.912856251044781,True,0,False,14,89.48689271951889,0,177,1915551,85.98911027337286
2024-01-02 23:30:00,node-us-east-1c-03,us-east-1,1c,shard-001,769,35.38763684995471,41.02239673334096,47.89784213750112,134.9131192772206,255.52309204518167,68.27963391004401,37.154310164254134,True,0,False,16,96.6315385634549,1,400,1838519,46.60141258399449
2024-01-02 23:30:00,node-us-west-2a-01,us-west-2,2a,shard-003,316,27.14119972083401,76.19061792026002,31.17722383752926,59.17056262597845,78.55707354200723,24.50952850721823,13.284453788456341,True,0,True,0,95.66943537971885,0,420,4105154,94.55026122232762
2024-01-02 23:30:00,node-us-west-2b-02,us-west-2,2b,shard-004,364,26.17750031129136,51.27388907100877,39.86547679165883,62.1261887984685,125.62763473053826,30.72302294132524,16.682744842839334,True,0,False,44,88.16249173492558,0,353,1634566,95.33443247873299
2024-01-02 23:30:00,node-eu-west-1a-01,eu-west-1,1a,shard-002,547,29.896805985519784,49.362873964530266,31.210007777348743,109.2176405761149,171.1169677681343,50.89015550082683,23.117429780277874,True,0,False,5,87.12530718760338,0,167,3085651,30.64416996972593
2024-01-02 23:45:00,node-us-east-1a-01,us-east-1,1a,shard-001,537,31.454091715963266,77.4479907196602,57.28362596932146,88.39521306916298,191.78451119334122,36.90600947817665,26.04318904442283,True,0,True,0,91.40751504863167,0,351,3412796,79.63483678823334
2024-01-02 23:45:00,node-us-east-1b-02,us-east-1,1b,shard-002,758,34.54831183199524,56.52827918318541,66.82828550437621,155.33467451785364,239.50229997384375,56.90344782005731,45.34955998780825,True,0,False,47,90.86553753418067,0,406,2820319,59.266454753690745
2024-01-02 23:45:00,node-us-east-1c-03,us-east-1,1c,shard-001,143,23.19499000039968,67.57994132968439,44.68901679090931,26.219335899072203,51.06871892594387,12.521468715064813,5.788921582721546,True,0,False,42,95.95454431930908,0,109,4627224,34.2300666876476
2024-01-02 23:45:00,node-us-west-2a-01,us-west-2,2a,shard-003,459,30.17210605848497,52.43317798677192,30.425208700560333,100.39831344627206,147.32022743832403,33.74891923365876,18.921739858290895,True,0,True,0,94.0394638574182,0,112,1756745,30.41951720280113
2024-01-02 23:45:00,node-us-west-2b-02,us-west-2,2b,shard-004,278,26.27545308213046,70.33040923132296,61.97145507520185,46.284555902181395,92.22516644847522,19.95302707071552,13.757386202555049,True,0,False,36,86.58931822596396,0,100,1688096,48.1065188105682
2024-01-02 23:45:00,node-eu-west-1a-01,eu-west-1,1a,shard-002,334,26.72768470358937,50.78200497337636,43.57470594907477,57.12344927477705,83.16952967133608,25.714598318979764,17.37791318917013,True,0,False,10,93.13858099139652,0,63,3284606,86.25369027438659
2024-01-03 00:00:00,node-us-east-1a-01,us-east-1,1a,shard-001,408,27.24696865987845,44.08549694900363,60.061689108050736,94.56440452062371,122.46287987267135,31.692873612013457,17.81793336965765,True,0,True,0,89.80038516431551,0,177,2209245,34.396361293866164
2024-01-03 00:00:00,node-us-east-1b-02,us-east-1,1b,shard-002,593,31.89630071154923,45.659030417641425,35.6664649639253,104.82919720418101,207.30151163959854,55.991912399559254,27.332863640468297,True,0,False,27,89.45015115557993,0,129,3945793,94.37665578008664
2024-01-03 00:00:00,node-us-east-1c-03,us-east-1,1c,shard-001,713,32.48507186211476,44.41876444018942,37.33434085612132,128.33297388837178,251.60691201981115,59.9390308303917,37.65738346982499,True,0,False,27,92.80497088322987,0,255,1059776,62.77202743027328
2024-01-03 00:00:00,node-us-west-2a-01,us-west-2,2a,shard-003,562,31.06737391860275,67.76163677001702,54.647403963157686,97.44107042649749,180.40248360416078,39.922690331080226,28.850104267727218,True,0,True,0,86.69549980228581,0,390,4039356,70.08923983483558
2024-01-03 00:00:00,node-us-west-2b-02,us-west-2,2b,shard-004,288,25.035807354970487,60.46632391195128,67.67120899759027,51.11677942636932,82.032423297352,20.40616597890684,16.074636565817414,True,0,False,33,97.8203000246563,0,158,4391605,84.26967786864046
2024-01-03 00:00:00,node-eu-west-1a-01,eu-west-1,1a,shard-002,274,24.52817307573858,57.794726492753625,59.05247962295301,49.47934785643148,66.83967430347424,19.04055464500368,13.609450870927377,True,0,False,6,85.45838437944863,0,62,3307627,62.46180361477475
2024-01-03 00:15:00,node-us-east-1a-01,us-east-1,1a,shard-001,383,28.333801566463627,52.328633118600145,31.375115414942904,83.89551535389057,107.19575658878756,28.33317241169864,21.37644493557854,True,0,True,0,94.22819550921447,0,175,2630407,58.67493796586971
2024-01-03 00:15:00,node-us-east-1b-02,us-east-1,1b,shard-002,749,35.45758080581875,66.25213153747447,31.981177993636237,166.7864453236428,256.15038150281333,51.36210461094179,39.33486940614242,True,0,False,25,89.35287311987291,0,220,4349097,90.5330877469026
2024-01-03 00:15:00,node-us-east-1c-03,us-east-1,1c,shard-001,308,27.333328298359618,63.53162798848533,61.872930879876925,53.185685993099256,97.17168872172294,27.08834737164675,17.193592458900184,True,0,False,6,96.56890490656201,0,320,1287251,81.51312990439702
2024-01-03 00:15:00,node-us-west-2a-01,us-west-2,2a,shard-003,243,25.100517946919346,55.19931442141167,31.571944149651863,41.51258931254451,70.48104078382131,16.026160366090515,11.37901135246712,True,0,True,0,94.79184128896291,0,81,2671752,22.192858700178498
2024-01-03 00:15:00,node-us-west-2b-02,us-west-2,2b,shard-004,362,27.38669673238084,50.40377189796971,59.382645983982606,85.17365834509629,96.20440896845982,30.751826268030957,15.323058171885696,True,0,False,2,85.83306972538284,0,473,2885521,78.65980487408987
2024-01-03 00:15:00,node-eu-west-1a-01,eu-west-1,1a,shard-002,184,24.326628293594343,58.187179335328985,58.10146623752736,38.711967380519006,59.41925223672721,14.034052164158311,8.355799192377821,True,0,False,22,97.7346574086786,0,165,3487112,61.184862919620436
2024-01-03 00:30:00,node-us-east-1a-01,us-east-1,1a,shard-001,776,37.94363905933339,55.6918044293009,34.21406220144741,157.6856726246728,213.1070216150913,65.69739025382815,34.22340509943946,True,0,True,0,91.96351525880165,0,485,3764930,39.36246437291742
2024-01-03 00:30:00,node-us-east-1b-02,us-east-1,1b,shard-002,701,35.472498717657835,73.90988433083209,54.813828553599414,142.77471541100746,217.04102770178042,63.96102284719605,39.27074001392824,True,0,False,4,95.74839801435331,0,79,1066805,38.51822428673411
2024-01-03 00:30:00,node-us-east-1c-03,us-east-1,1c,shard-001,185,23.128653456223603,68.8944941957964,54.39919629888904,38.77221661771423,52.22480065500332,16.26114195464457,8.891190404038444,True,0,False,5,90.94706419699837,0,54,2011668,45.76989387779845
2024-01-03 00:30:00,node-us-west-2a-01,us-west-2,2a,shard-003,445,28.29762895353545,53.22378363305312,41.86456455451713,99.39655503823833,134.36512209531978,30.846577538802112,22.19631395822869,True,0,True,0,86.61198855456072,0,78,3963872,36.71667623679261
2024-01-03 00:30:00,node-us-west-2b-02,us-west-2,2b,shard-004,306,27.31254211881906,74.11369888799507,47.837425622817484,51.10449823503182,101.21678084364352,25.33791374341049,13.072344194037461,True,0,False,29,93.3237527081148,0,169,2495726,27.091830272551203
2024-01-03 00:30:00,node-eu-west-1a-01,eu-west-1,1a,shard-002,597,30.794363102226832,58.287618312086934,37.389963208321625,112.91016330158052,162.15031329348378,48.577604239924426,27.241200955350408,True,0,False,11,87.57854688330431,0,87,3666141,41.41022158354967
2024-01-03 00:45:00,node-us-east-1a-01,us-east-1,1a,shard-001,549,30.817883626123415,42.62376024003072,32.973937937770295,93.4091090488003,185.71895529977886,51.1333316876009,25.59198210575658,True,0,True,0,91.39167459359068,0,435,3897981,46.89483098292476
2024-01-03 00:45:00,node-us-east-1b-02,us-east-1,1b,shard-002,511,30.071093844562427,61.592147778792196,62.15596395776275,113.44709658909223,177.5866848998763,45.36038050063264,27.189849792153602,True,0,False,47,92.67612140275706,0,246,3219453,57.26963141349955
2024-01-03 00:45:00,node-us-east-1c-03,us-east-1,1c,shard-001,279,24.600330201366663,44.86873434188581,32.714293167715375,46.14694549455983,69.13056656133271,19.775398847331342,12.194810491160784,True,0,False,50,91.88145129740141,0,362,2727358,55.50793391655037
2024-01-03 00:45:00,node-us-west-2a-01,us-west-2,2a,shard-003,279,25.57510320901187,48.40886022807388,54.02445944997933,53.44517047735769,85.91685382772222,22.171281012652745,16.67208303678915,True,0,True,0,94.85796983604573,0,151,2450409,40.89219823810636
2024-01-03 00:45:00,node-us-west-2b-02,us-west-2,2b,shard-004,330,27.718214396072003,52.90364691190103,68.92002809891363,77.71753873102854,116.29315471661252,30.475537581067382,17.99845531090517,True,0,False,37,90.54267624210969,0,185,3812690,60.464130070667544
2024-01-03 00:45:00,node-eu-west-1a-01,eu-west-1,1a,shard-002,296,25.711682743412716,54.0044737197378,40.01764701857027,62.678428072539994,73.34217293985125,27.804917069888585,16.239068820935515,True,0,False,48,91.21684983314287,0,290,2236940,37.63910110099868
2024-01-03 01:00:00,node-us-east-1a-01,us-east-1,1a,shard-001,198,23.859381078822313,75.51586452367759,30.02518639140531,37.908447421037465,66.1850550864594,15.046038316670911,8.859594654102986,True,0,True,0,96.29298412689845,0,160,4416518,62.726281427602686
2024-01-03 01:00:00,node-us-east-1b-02,us-east-1,1b,shard-002,339,25.89923883096142,43.81108975033812,46.359491199083585,61.39478573575039,113.5761898725808,24.00778104058621,14.55845851491395,True,0,False,30,86.80647807172647,0,492,1148582,62.979272306792986
2024-01-03 01:00:00,node-us-east-1c-03,us-east-1,1c,shard-001,752,34.32639755571505,55.17970710569938,30.324555028829398,146.59126687865293,266.2364464811045,55.19780460979762,44.314295004755564,True,0,False,29,91.73465506060234,1,485,1882795,92.45983495967151
2024-01-03 01:00:00,node-us-west-2a-01,us-west-2,2a,shard-003,187,24.14876550930579,55.6669629889069,62.72007226812057,41.61608572401248,66.74437284837617,14.34372631666873,7.968290505483292,True,0,True,0,95.45809484329334,0,123,4994193,78.19519878983027
2024-01-03 01:00:00,node-us-west-2b-02,us-west-2,2b,shard-004,233,25.39615596962778,78.07937377741982,51.180398821361656,50.004624445598644,57.35573726365383,19.921089983396644,12.554770989734921,True,0,False,16,91.05349728131539,0,83,1619688,48.259449430464365
2024-01-03 01:00:00,node-eu-west-1a-01,eu-west-1,1a,shard-002,218,25.13930886224991,51.50445957101201,69.25413167537428,50.18516170726644,70.90326498179311,15.644172008787034,9.63184682702852,True,0,False,45,85.63434843060145,0,56,2379097,39.658129597900576
2024-01-03 01:15:00,node-us-east-1a-01,us-east-1,1a,shard-001,480,28.072176897723615,77.76336111969417,46.75863888714379,95.78285393758769,154.07132415458713,30.895796828122762,22.315892346072193,True,0,True,0,96.76743616861239,0,63,4410001,52.554377774885104
2024-01-03 01:15:00,node-us-east-1b-02,us-east-1,1b,shard-002,470,31.17404925783658,47.85803552006171,42.94073720258074,87.25154407829115,119.7710318973742,38.850580731423655,26.435385007802086,True,0,False,24,87.61944391564484,0,291,4474463,74.62043738404645
2024-01-03 01:15:00,node-us-east-1c-03,us-east-1,1c,shard-001,639,30.485642043533147,65.08122722955216,30.517585054809988,121.24787970007965,213.5521540907864,54.699385411494426,30.449243978740075,True,0,False,21,90.72278315923953,0,54,3849628,29.958415627742873
2024-01-03 01:15:00,node-us-west-2a-01,us-west-2,2a,shard-003,661,31.538923677721804,65.60682207998624,40.97432385268715,128.5101091194279,161.1009038926701,48.65791529144628,37.16802110801404,True,0,True,0,87.84911542540851,0,85,1299251,58.80887895900252
2024-01-03 01:15:00,node-us-west-2b-02,us-west-2,2b,shard-004,167,23.51789624939435,45.75772350979297,66.78412294818489,28.55058975408013,49.42515139252223,12.12023011666083,7.730060547193774,True,0,False,14,87.38837456152945,0,253,1712749,96.97027034082625
2024-01-03 01:15:00,node-eu-west-1a-01,eu-west-1,1a,shard-002,466,27.58117926973761,73.53813824125044,53.252565420095536,108.50977341059016,130.39330112812326,29.911870965572614,26.887467045679795,True,0,False,4,90.76048777267147,0,156,3950009,80.07679116533319
2024-01-03 01:30:00,node-us-east-1a-01,us-east-1,1a,shard-001,362,28.299076544951564,74.78914163127197,45.21493031945572,85.66928043086685,116.21626922609573,27.43170514177487,15.361718333816738,True,0,True,0,87.05427957158135,0,396,2219636,84.99459601737794
2024-01-03 01:30:00,node-us-east-1b-02,us-east-1,1b,shard-002,770,37.247806100300835,42.33849086556279,57.14006646794066,125.09070834903571,239.2104817093636,59.12619308713798,45.36780458378734,True,0,False,14,92.73568748959362,0,478,3249359,88.78065888841478
2024-01-03 01:30:00,node-us-east-1c-03,us-east-1,1c,shard-001,201,24.4631933440077,41.22733178954292,30.694465270786196,35.93863968857139,52.90227861366045,18.76728589377779,11.645010278379878,True,0,False,42,93.28620551344561,0,379,4678830,75.81521226658708
2024-01-03 01:30:00,node-us-west-2a-01,us-west-2,2a,shard-003,387,27.967719024309584,40.89596494651669,59.79851888826721,83.61422129043754,122.04402947499804,28.5589208739538,15.766661169224788,True,0,True,0,96.42979174863424,0,136,1918156,64.97418937289127
2024-01-03 01:30:00,node-us-west-2b-02,us-west-2,2b,shard-004,478,27.973839752253404,43.90510167153388,56.71004664181755,103.20037798203049,144.1902001216408,33.87465367008145,26.650085381261366,True,0,False,30,91.35596498625624,0,82,1208265,55.596661291761265
2024-01-03 01:30:00,node-eu-west-1a-01,eu-west-1,1a,shard-002,309,27.32921067523228,72.92451349449689,50.35076642260513,51.16171531917802,107.8552674900705,28.13071863173421,12.655428097556124,True,0,False,17,96.36656062200979,0,86,3790687,71.05088515587636
2024-01-03 01:45:00,node-us-east-1a-01,us-east-1,1a,shard-001,571,32.099314246882884,78.95836863615854,55.75006233909981,128.9150392311367,145.83921796664643,44.951938463530674,34.06181318946034,True,0,True,0,86.18383303800294,0,86,1183499,57.2190956923087
2024-01-03 01:45:00,node-us-east-1b-02,us-east-1,1b,shard-002,700,34.67313406963587,51.414803840247735,62.544396664389176,140.20613986818051,174.38015130310174,62.13976865991597,32.45096201692243,True,0,False,47,96.5614467933878,0,335,3623952,81.84101091214964
2024-01-03 01:45:00,node-us-east-1c-03,us-east-1,1c,shard-001,541,32.83680503964619,69.39025676451058,44.01697660795401,117.6999447248046,191.7023358329334,38.533863812945064,29.279799903842676,True,0,False,30,85.52528608540476,0,97,1103119,53.99696091788315
2024-01-03 01:45:00,node-us-west-2a-01,us-west-2,2a,shard-003,142,23.150458193685605,63.39674317756106,68.5957339432315,30.770258689303205,42.98987014972662,13.491615748341914,7.250732238886047,True,0,True,0,92.80661023178425,0,410,1128647,69.98040088345428
2024-01-03 01:45:00,node-us-west-2b-02,us-west-2,2b,shard-004,133,22.599032759954447,43.985380600773155,34.144670966754695,27.034952741374124,37.99852584373303,8.939016378593944,7.132820394439089,True,0,False,21,95.77970804883668,0,461,1443295,73.39978416320244
2024-01-03 01:45:00,node-eu-west-1a-01,eu-west-1,1a,shard-002,421,26.909037815015026,60.94373130512611,39.314571389076995,70.87727497603164,118.07404074442758,35.1977486057833,22.968220548005235,True,0,False,20,88.3045529940953,0,452,3137253,89.05651378153563
2024-01-03 02:00:00,node-us-east-1a-01,us-east-1,1a,shard-001,186,24.391945154309816,46.082876000875586,69.4048509440084,34.438933821806046,48.393092063396594,16.27559046822593,8.526219648478603,True,0,True,0,90.78129152144265,0,148,1550941,42.58103058049849
2024-01-03 02:00:00,node-us-east-1b-02,us-east-1,1b,shard-002,714,36.59529487909587,58.572350044090264,41.82950539993777,117.73452566343269,239.49759360968608,57.02946953749105,37.52898388468001,True,0,False,36,95.85718588368269,1,459,4591575,43.62796466020286
2024-01-03 02:00:00,node-us-east-1c-03,us-east-1,1c,shard-001,693,35.87032547080618,77.53846406543805,38.87824189668525,140.41007640923766,184.71178856275375,60.68370892270137,35.30938527893623,True,0,False,12,88.74590211911192,0,58,2774602,96.11802225565714
2024-01-03 02:00:00,node-us-west-2a-01,us-west-2,2a,shard-003,513,28.503063919735773,69.59073927528325,36.63387406908609,85.32431089810075,157.260232943922,37.60227231292865,21.95148181875191,True,0,True,0,94.61928519424282,0,230,4659058,59.236718587738125
2024-01-03 02:00:00,node-us-west-2b-02,us-west-2,2b,shard-004,535,28.91685226908525,75.01957794475874,45.16610929260567,86.00855925694006,152.6771304645069,46.714945550555136,23.057595245764396,True,0,False,39,87.41705234296863,0,203,1816923,88.07644314100077
2024-01-03 02:00:00,node-eu-west-1a-01,eu-west-1,1a,shard-002,316,27.03672285444147,73.86702223122133,49.24286057877002,71.79832061519004,96.25481428425995,20.47888003744138,14.066925693059938,True,0,False,13,95.6505551832933,0,325,4672853,80.08591958857937
2024-01-03 02:15:00,node-us-east-1a-01,us-east-1,1a,shard-001,639,32.33108252058222,62.903524714475864,45.37273698339901,107.44377452354425,227.4487934370955,49.788927445889165,34.564360799130704,True,0,True,0,93.15314603646516,0,98,3571620,35.954267845258336
2024-01-03 02:15:00,node-us-east-1b-02,us-east-1,1b,shard-002,594,30.199172823387997,55.44880415028616,40.392132228779616,137.0059510065768,171.97047444155302,39.463220663892585,33.107138902806476,True,0,False,46,85.46647325145985,0,323,4144848,27.50840703962682
2024-01-03 02:15:00,node-us-east-1c-03,us-east-1,1c,shard-001,529,28.81141806882715,63.58791253486329,57.3464594471118,92.47548579228909,171.9306910912108,36.07829488743778,28.112579417105934,True,0,False,15,92.87198240974142,0,205,3145801,49.92183333022336
2024-01-03 02:15:00,node-us-west-2a-01,us-west-2,2a,shard-003,567,32.27378681293947,72.8068861329049,43.136572490539585,115.29241514934087,180.01807263148078,37.6975651842532,32.92652657111044,True,0,True,0,87.90941516828667,0,55,3513762,63.00768197644053
2024-01-03 02:15:00,node-us-west-2b-02,us-west-2,2b,shard-004,335,26.451858740073142,45.25755754867586,61.387908143262955,76.61859575956561,113.14122727298731,25.392499948866366,18.526404481295117,True,0,False,40,90.14659490376813,0,262,1756798,26.13626899157138
2024-01-03 02:15:00,node-eu-west-1a-01,eu-west-1,1a,shard-002,443,29.878687967665027,58.2109498219604,40.18256320424793,89.28196031397253,142.8509200750178,40.86437584945235,20.665013422701136,True,0,False,12,85.78673116693292,0,69,3804635,27.630253772430684
2024-01-03 02:30:00,node-us-east-1a-01,us-east-1,1a,shard-001,340,25.511111148079415,75.76052023416963,60.159202277627436,62.526173002425054,117.64904158647646,30.342066288822554,19.43832519012292,True,0,True,0,85.29918783811338,0,195,4484765,81.47655904321942
2024-01-03 02:30:00,node-us-east-1b-02,us-east-1,1b,shard-002,697,34.01314503624811,41.611032173655225,69.07854069643898,151.54655422467735,201.2054188661485,44.625609558907456,33.25037294120524,True,0,False,23,90.98902933835004,0,220,2925732,23.297111777676793
2024-01-03 02:30:00,node-us-east-1c-03,us-east-1,1c,shard-001,471,29.18220420887004,55.92176415424559,64.72318615091146,109.40395834383015,151.54172175583165,36.15244659119741,27.956703129424657,True,0,False,17,86.69193941604716,0,413,1114110,72.5906048023743
2024-01-03 02:30:00,node-us-west-2a-01,us-west-2,2a,shard-003,619,32.80828269667391,75.7420273078844,53.547342739899,143.64975464084173,221.7521428487985,55.11903955323357,36.01016992641999,True,0,True,0,88.35490929546573,0,289,1830556,42.445680482486495
2024-01-03 02:30:00,node-us-west-2b-02,us-west-2,2b,shard-004,180,23.912473327339853,54.768736700067016,46.40700182858724,37.34786514978287,45.92541278870533,13.117580811030416,7.315460061763284,True,0,False,50,90.60330281357838,0,320,2743365,98.59317093488548
2024-01-03 02:30:00,node-eu-west-1a-01,eu-west-1,1a,shard-002,578,29.511717222181254,74.50298410965199,31.547818993138613,98.81052390906852,149.92978864331826,50.28447435797935,24.013815117019835,True,0,False,22,86.75167592223289,0,230,1648464,38.055293493421246
2024-01-03 02:45:00,node-us-east-1a-01,us-east-1,1a,shard-001,859,36.03736444222954,51.70590757059265,69.23528655440242,161.15949803528122,267.5622017695334,68.15287621287224,44.27815725850686,True,0,True,0,93.57188700622143,1,475,1627964,94.96666055465967
2024-01-03 02:45:00,node-us-east-1b-02,us-east-1,1b,shard-002,426,28.643088953420907,57.36319201589645,51.59065471095293,84.09475630642396,113.40331762933454,34.53511049428342,17.24727229035326,True,0,False,17,88.39219885664473,0,170,2437365,50.915143810137636
2024-01-03 02:45:00,node-us-east-1c-03,us-east-1,1c,shard-001,577,30.337890613497628,75.84191630430516,42.47040747885319,137.75522509678294,181.77937605319042,44.796365603548075,33.76318535430766,True,0,False,48,89.46624773061488,0,447,2863271,93.87197408793594
2024-01-03 02:45:00,node-us-west-2a-01,us-west-2,2a,shard-003,432,28.64717393140875,42.033185378795416,65.9546532112349,96.18907187767995,122.77106209190477,34.909585840542285,22.37905605208291,True,0,True,0,92.09409118950916,0,399,1127921,76.60809645907692
2024-01-03 02:45:00,node-us-west-2b-02,us-west-2,2b,shard-004,480,30.297964136830554,52.42597525643393,64.16022410079232,95.90883098198815,146.39092974132635,41.97638013752495,22.98499614426859,True,0,False,46,96.78799361864245,0,139,3333569,92.44866745883796
2024-01-03 02:45:00,node-eu-west-1a-01,eu-west-1,1a,shard-002,312,25.160149684966036,71.85041131756539,32.37267071053628,68.29274159038916,111.39737509267992,23.51052408472653,18.684708324139752,True,0,False,3,88.66003304073902,0,352,1947344,36.08641181501214
2024-01-03 03:00:00,node-us-east-1a-01,us-east-1,1a,shard-001,244,25.73621877559891,55.097972556803235,51.780403795731644,43.01914107695499,68.18631079751924,23.031424481113337,12.518975388768393,True,0,True,0,92.53778958148504,0,172,3124366,40.76755830448193
2024-01-03 03:00:00,node-us-east-1b-02,us-east-1,1b,shard-002,437,28.26869202584693,63.13017617035399,55.19320634315914,104.54148736205853,118.58047407294602,28.59586924020222,21.586412863791658,True,0,False,49,94.68922277930687,0,321,4829955,44.47715802116791
2024-01-03 03:00:00,node-us-east-1c-03,us-east-1,1c,shard-001,412,29.510092008807348,48.93166199313427,52.451494961295005,67.83887450893897,136.23645462159098,38.896767550271036,23.20029142555759,True,0,False,23,93.3786646120088,0,129,4871227,22.770653366290148
2024-01-03 03:00:00,node-us-west-2a-01,us-west-2,2a,shard-003,205,23.741554000965646,49.68414882264461,52.368444010576845,46.165902325629645,71.84380784838814,15.90146972626893,8.21503945662564,True,0,True,0,86.52538897679159,0,420,4800168,91.86216717512738
2024-01-03 03:00:00,node-us-west-2b-02,us-west-2,2b,shard-004,264,24.354840256795516,78.13391820976526,53.77832613878782,59.677864060285316,78.10822484536367,20.6181119450419,14.741837464310876,True,0,False,43,96.4313538422224,0,115,4258128,21.885939830935108
2024-01-03 03:00:00,node-eu-west-1a-01,eu-west-1,1a,shard-002,170,23.579374107808157,60.4636843823543,34.06495750100069,36.30782047922895,49.20671669761832,11.829734946417748,8.23341977722292,True,0,False,38,85.68761580825861,0,378,2701177,94.53322946873011
2024-01-03 03:15:00,node-us-east-1a-01,us-east-1,1a,shard-001,708,34.53689972945368,47.23556010800701,35.38223764366956,140.03386496750434,235.50008888325345,65.62653420935997,41.962328489953805,True,0,True,0,97.89959888872288,1,277,4863231,75.64800434845564
2024-01-03 03:15:00,node-us-east-1b-02,us-east-1,1b,shard-002,561,32.74575559483699,71.75202314189809,33.8593666639369,119.73457668548592,186.3830725040699,45.506472468046994,26.642452861782147,True,0,False,40,97.47568560386746,0,112,1349565,67.85049376101742
2024-01-03 03:15:00,node-us-east-1c-03,us-east-1,1c,shard-001,542,31.612143903140137,54.676459740829365,51.505028959459,109.83321276965957,158.76778828077508,44.04181348687861,31.72860229858064,True,0,False,42,94.70540324332256,0,415,2388979,26.758692324793245
2024-01-03 03:15:00,node-us-west-2a-01,us-west-2,2a,shard-003,231,24.90081541765524,61.01282531242208,56.44782326806976,49.345165075727685,70.50457134492055,21.896095024041344,10.157102195035423,True,0,True,0,88.21603404571248,0,117,1752894,82.33727681811757
2024-01-03 03:15:00,node-us-west-2b-02,us-west-2,2b,shard-004,86,21.63630416426093,68.52964498670342,46.92142763454141,20.044001125457473,29.390367714257096,6.126519087609283,3.518533125067322,True,0,False,4,86.15989233084575,0,308,2188620,54.707212410720665
2024-01-03 03:15:00,node-eu-west-1a-01,eu-west-1,1a,shard-002,443,27.384750489853463,46.537612437575355,39.94160987731007,88.76011943720071,132.42597234324265,32.36303459243168,18.720237321024875,True,0,False,30,95.13391644685336,0,480,3733779,97.99750484357448
2024-01-03 03:30:00,node-us-east-1a-01,us-east-1,1a,shard-001,585,30.03864349829899,73.77247275997992,37.67354305065065,130.89436417934493,172.1463571015263,42.95381045428027,31.496008029164607,True,0,True,0,94.82102113568746,0,89,2928929,59.178841862959814
2024-01-03 03:30:00,node-us-east-1b-02,us-east-1,1b,shard-002,176,23.176909358034838,69.84443204198301,53.71271043521867,36.09641083376005,49.67810355755088,15.357396831867224,7.341775436010053,True,0,False,49,95.92357765363897,0,460,1107321,22.147304980150267
2024-01-03 03:30:00,node-us-east-1c-03,us-east-1,1c,shard-001,438,29.618047331778968,66.70980943669345,64.26517269582929,90.37540821388662,154.923918686393,42.02679734601664,19.98966185995382,True,0,False,22,95.86218459450969,0,222,4453628,37.64189655649481
2024-01-03 03:30:00,node-us-west-2a-01,us-west-2,2a,shard-003,144,22.966400796132245,59.02973644819335,37.20350837965662,29.871248530514432,51.50646852234338,9.644860716083766,8.137002189941663,True,0,True,0,87.21459010368616,0,359,2778380,49.923236266119744
2024-01-03 03:30:00,node-us-west-2b-02,us-west-2,2b,shard-004,265,25.60467017552339,78.62864839830445,31.22982674643749,52.41958447900702,82.11388475861654,24.398905889457197,10.62510458100491,True,0,False,32,91.23048174691115,0,98,2879024,49.55712267641615
2024-01-03 03:30:00,node-eu-west-1a-01,eu-west-1,1a,shard-002,297,25.70858683475117,57.47241761391258,45.96925826448984,56.14573372126736,85.83748879526631,28.076937273393447,14.087365824481795,True,0,False,1,85.29818251525708,0,110,1516531,66.00869019897631
2024-01-03 03:45:00,node-us-east-1a-01,us-east-1,1a,shard-001,632,34.094770277932206,66.61099720904687,59.50721824880043,116.1602679927166,183.18489136424256,44.07930927343438,32.48796680704071,True,0,True,0,92.45674352752529,0,89,3960620,71.4846951239803
2024-01-03 03:45:00,node-us-east-1b-02,us-east-1,1b,shard-002,327,25.592046528514253,57.67813676610925,52.859641057457665,62.45247505288418,109.79944306816921,23.10955806383515,19.008419659856468,True,0,False,16,93.21765179396664,0,183,1125210,50.017872960174344
2024-01-03 03:45:00,node-us-east-1c-03,us-east-1,1c,shard-001,552,30.917577724003817,74.47485800667563,31.65018228675946,98.42916042839425,170.33847219769984,48.77719908533495,24.395422842097613,True,0,False,13,89.69406679353837,0,327,3471725,65.2872541916222
2024-01-03 03:45:00,node-us-west-2a-01,us-west-2,2a,shard-003,165,22.794787863834888,49.077691830560546,44.3049583053819,37.264922191299064,46.975676833758286,14.358818841926697,8.431094126893706,True,0,True,0,93.27586666433886,0,74,4250629,73.55013817617454
2024-01-03 03:45:00,node-us-west-2b-02,us-west-2,2b,shard-004,295,25.883460415918428,60.25642237669233,51.85981263593959,52.30458435125915,72.66086089320024,26.37210984547713,14.40280151527958,True,0,False,24,86.30629197130102,0,210,2958848,42.00448134060483
2024-01-03 03:45:00,node-eu-west-1a-01,eu-west-1,1a,shard-002,428,29.31041000915871,44.90452430853719,30.05279739390005,73.58675161745458,112.60930497703475,28.633835914468253,23.805512251565233,True,0,False,26,91.42707152494687,0,367,4404578,64.10067852205725
2024-01-03 04:00:00,node-us-east-1a-01,us-east-1,1a,shard-001,537,30.555916537102007,62.91995854633069,54.09868020113348,124.05002662137882,191.11404261389293,36.65414712249802,27.360782105471365,False,205,True,0,96.72316390046961,0,446,4682844,98.38764081133202
2024-01-03 04:00:00,node-us-east-1b-02,us-east-1,1b,shard-002,354,28.27999065091862,63.32256503963329,45.410157737750524,66.20606079353246,105.28171052841819,30.40890960954481,14.515129002847432,True,0,False,10,88.46511291081443,0,449,1030832,65.52300497183198
2024-01-03 04:00:00,node-us-east-1c-03,us-east-1,1c,shard-001,326,27.522197800286612,64.87382491651852,44.16575627515151,77.89446345908554,111.06504585917337,25.85271645513506,16.524891864834913,True,0,False,3,96.91057631403872,0,340,4595526,82.71902995281874
2024-01-03 04:00:00,node-us-west-2a-01,us-west-2,2a,shard-003,324,27.52240549400006,55.235785342625476,58.01485934570695,63.72314901955075,91.29930307208197,27.24842001627649,16.120432199485947,True,0,True,0,93.27445034160151,0,176,2617740,75.4995945156287
2024-01-03 04:00:00,node-us-west-2b-02,us-west-2,2b,shard-004,200,23.490890832258536,66.49393896174142,33.23047328150643,34.383459670214485,48.9252720553078,13.770792887156498,8.418857333203889,True,0,False,32,94.03655656842142,0,465,1941761,33.53625482269124
2024-01-03 04:00:00,node-eu-west-1a-01,eu-west-1,1a,shard-002,448,30.291284365284092,47.09537111880094,42.63794044735077,76.1215633422066,120.5746552738504,42.93831579167691,18.992763994000065,True,0,False,32,85.79408445381695,0,297,3627893,81.90211279656108
2024-01-03 04:15:00,node-us-east-1a-01,us-east-1,1a,shard-001,431,28.34688398768457,71.7029752837129,45.10293815761753,97.94994110626006,140.89651880348632,32.383328863153025,18.657087201472812,True,0,True,0,86.99505916412228,0,164,4524071,38.15459888237923
2024-01-03 04:15:00,node-us-east-1b-02,us-east-1,1b,shard-002,293,26.304263149523905,57.957374254467524,42.70588611302367,62.897905641623744,101.01350480057295,25.405648845306118,16.75801858127486,True,0,False,19,96.9914536582204,0,268,1692548,68.05128754158036
2024-01-03 04:15:00,node-us-east-1c-03,us-east-1,1c,shard-001,238,24.695130598610035,72.40574701273468,45.15909549073015,53.511486450048515,72.93219121833715,20.032962381304095,12.803403968659955,True,0,False,43,91.84945317607279,0,50,3320996,43.697957025663705
2024-01-03 04:15:00,node-us-west-2a-01,us-west-2,2a,shard-003,344,26.612480514426494,42.46618368081671,37.434063084507784,65.63393755156305,116.02223841525968,22.434282824808257,18.316092686796,True,0,True,0,91.67016041726767,0,305,4943480,97.42127803076157
2024-01-03 04:15:00,node-us-west-2b-02,us-west-2,2b,shard-004,537,32.40470271958153,52.08219552667014,30.85374512313027,92.5203957460928,132.0328551986672,48.862194397547995,27.49056663529888,True,0,False,43,85.28077898844035,0,99,1742259,71.70816872927301
2024-01-03 04:15:00,node-eu-west-1a-01,eu-west-1,1a,shard-002,374,26.343946573635066,60.82051477368303,35.90403397717052,66.8682841651471,105.21480880758759,24.653070634216085,22.274448096971383,True,0,False,11,92.35240636290057,0,475,3479524,81.60977264974711
2024-01-03 04:30:00,node-us-east-1a-01,us-east-1,1a,shard-001,699,33.16455127265593,69.51556982162681,68.6167350841263,165.65944056400306,208.70350320280676,51.37393925160499,36.24707144520548,True,0,True,0,86.00120115787826,0,181,3290861,56.712610554542294
2024-01-03 04:30:00,node-us-east-1b-02,us-east-1,1b,shard-002,435,28.09428188663562,78.1303094014514,39.86427207063767,79.80045476971516,153.05623885862187,37.3524153739862,18.73475594717201,True,0,False,42,92.1317879219182,0,343,2999399,64.35712957418275
2024-01-03 04:30:00,node-us-east-1c-03,us-east-1,1c,shard-001,418,29.153850049972604,59.42484136804746,41.42315632667827,93.90683854640308,127.16471840078073,31.82450139599934,22.445573045284803,True,0,False,1,92.28943113960321,0,72,4152951,93.98726128808171
2024-01-03 04:30:00,node-us-west-2a-01,us-west-2,2a,shard-003,350,27.088121026817063,41.87572572859674,57.23880658234608,65.52078291097713,125.6320017786747,24.098065897847565,20.30356094228879,True,0,True,0,93.13073536750855,0,324,1702777,57.549024229089156
2024-01-03 04:30:00,node-us-west-2b-02,us-west-2,2b,shard-004,174,22.788318485409626,78.07632120613746,33.927227962278096,34.9584912672673,45.565522683158264,13.797279839777353,10.18980621869775,True,0,False,44,91.38540944686291,0,135,4745488,39.37123145991866
2024-01-03 04:30:00,node-eu-west-1a-01,eu-west-1,1a,shard-002,515,31.945448663339683,57.416395715516764,42.50645870335552,115.2793005344682,170.87640341569744,41.370360725217346,22.832522463781043,False,74,False,42,90.32822514045087,0,150,2229423,57.335346167343545
2024-01-03 04:45:00,node-us-east-1a-01,us-east-1,1a,shard-001,480,31.10322618007496,59.55422230552017,66.83392592210339,112.85701623562764,130.06761123674067,37.9904634559197,19.696073515670918,True,0,True,0,88.6764736244505,0,483,4896070,75.79053568458907
2024-01-03 04:45:00,node-us-east-1b-02,us-east-1,1b,shard-002,420,28.58206685922975,61.46437437176057,54.95637740748465,76.75246389102016,151.00948429439757,36.25564834435277,17.544138049825666,True,0,False,23,86.79824704235934,0,399,1108604,40.90721625828397
2024-01-03 04:45:00,node-us-east-1c-03,us-east-1,1c,shard-001,323,26.506303698864187,42.992282037323754,34.55590910186732,53.29618518577368,103.98716221367323,20.983823917350993,13.022541265835365,True,0,False,33,88.48539427617271,0,469,1576614,97.68334322952028
2024-01-03 04:45:00,node-us-west-2a-01,us-west-2,2a,shard-003,388,27.00529406400588,64.0845357683198,43.713816971658474,77.82286605824405,124.93176316481488,25.480913230137887,19.60812164997632,True,0,True,0,96.60281149369017,0,197,1519005,77.0509903346844
2024-01-03 04:45:00,node-us-west-2b-02,us-west-2,2b,shard-004,295,25.732356003271573,51.14328598345351,43.50254795699631,54.94698335962167,87.65777305513514,27.856955268367106,15.309705607462654,True,0,False,48,86.52870000092794,0,243,3456382,27.611711013000324
2024-01-03 04:45:00,node-eu-west-1a-01,eu-west-1,1a,shard-002,520,31.60550044371806,66.05059557297817,46.934930596298,109.5072629965419,176.17244628754779,45.79102171329643,23.037234827918226,True,0,False,29,96.2538920750906,0,173,4250926,96.20609095486917
2024-01-03 05:00:00,node-us-east-1a-01,us-east-1,1a,shard-001,226,25.036920785377454,56.13387532438442,56.430236230576156,39.00556406944626,72.0923109115979,21.42249049722794,9.914312007926632,True,0,True,0,92.40339988107085,0,437,3289737,53.2485832594741
2024-01-03 05:00:00,node-us-east-1b-02,us-east-1,1b,shard-002,200,24.02449368247887,61.93593659949602,64.27908567891157,44.221046554417455,65.97199868220221,13.545759462056495,11.441094248352147,True,0,False,42,90.22926020390408,0,267,2500095,26.00256846331132
2024-01-03 05:00:00,node-us-east-1c-03,us-east-1,1c,shard-001,649,30.99886946414165,63.73979218360927,40.02781669485155,118.1881454816237,160.1654556319626,45.94971337400928,32.7761985416363,True,0,False,49,93.19854926605113,0,459,3871894,42.27695677838704
2024-01-03 05:00:00,node-us-west-2a-01,us-west-2,2a,shard-003,575,30.27770545278142,73.22542618709517,68.85713702690344,133.93398477641168,200.45376101789938,54.14668321636596,31.296059220929227,True,0,True,0,95.36944114730501,0,333,4080084,37.62932752974757
2024-01-03 05:00:00,node-us-west-2b-02,us-west-2,2b,shard-004,231,24.992146850442005,76.40883345291074,42.32101284736079,42.40342201857368,63.32211013671995,16.76972320663706,12.682779715111476,True,0,False,14,90.7765813991991,0,318,2505485,61.264505989252925
2024-01-03 05:00:00,node-eu-west-1a-01,eu-west-1,1a,shard-002,298,26.64965737777305,66.56490007633866,40.479550925179645,70.73806104609011,103.0839228744073,21.75906047143648,15.220698352709737,True,0,False,23,85.38818128656118,0,404,4693597,45.63776050065491
2024-01-03 05:15:00,node-us-east-1a-01,us-east-1,1a,shard-001,725,33.255032446774266,77.67999857209345,67.62453651134413,151.83747113743325,191.06664434056307,69.52757169823987,34.26807220917948,True,0,True,0,87.77286868798544,0,176,4717533,46.691337264364975
2024-01-03 05:15:00,node-us-east-1b-02,us-east-1,1b,shard-002,164,23.09194397836382,51.81363504379496,48.471175361458826,38.07682567526957,44.11284707213182,13.779847486953942,7.846388148729006,True,0,False,32,90.85849195703886,0,224,4884247,92.65936424060288
2024-01-03 05:15:00,node-us-east-1c-03,us-east-1,1c,shard-001,327,26.18687789516583,65.55873841128272,49.00134175815223,53.010134492958265,99.5517089504934,30.678480704912964,14.309332888334717,True,0,False,31,88.21273132693729,0,255,1901777,79.40382002186246
2024-01-03 05:15:00,node-us-west-2a-01,us-west-2,2a,shard-003,504,28.413794623450244,60.80950147260249,58.931795042145424,82.92586383388854,168.9053761925983,37.603106584813204,28.643039954313263,True,0,True,0,90.63308475032291,0,157,4409992,82.5129746718751
2024-01-03 05:15:00,node-us-west-2b-02,us-west-2,2b,shard-004,119,22.180407764545862,74.36382173126756,57.06823205225854,21.378187430455323,29.49523713060829,7.76598742084806,6.065512908011027,True,0,False,30,96.93903306779734,0,226,3758380,43.61805086294591
2024-01-03 05:15:00,node-eu-west-1a-01,eu-west-1,1a,shard-002,342,26.47272083534796,40.58605246979131,33.792557917831346,66.36366598226353,82.43922327932184,29.65212988342715,14.154915870698025,True,0,False,41,90.73620073689263,0,396,1322768,78.73198964320301
2024-01-03 05:30:00,node-us-east-1a-01,us-east-1,1a,shard-001,168,23.549626775892953,63.464084792958246,41.685701139927694,32.20193277073817,45.324844148731074,13.150936944632404,8.080860103935962,True,0,True,0,87.43685626106081,0,367,2606950,24.436085967485425
2024-01-03 05:30:00,node-us-east-1b-02,us-east-1,1b,shard-002,736,34.942334703212296,43.00191591660742,36.36693469336326,173.0167875536559,220.36001438273445,59.1500362899868,42.79554747491877,True,0,False,9,97.81684221523683,0,423,3144070,34.114557232214054
2024-01-03 05:30:00,node-us-east-1c-03,us-east-1,1c,shard-001,461,27.68381761892583,68.34026067294154,37.187494100627404,100.28404178543403,111.41844759620317,30.53446640174585,21.085954053398968,True,0,False,14,94.4153217806433,0,449,4082023,73.48709119955296
2024-01-03 05:30:00,node-us-west-2a-01,us-west-2,2a,shard-003,123,22.484025054336318,62.43181774348031,32.787171588666546,24.06252705225509,38.80756329116903,9.801140786855367,6.556583523086624,True,0,True,0,95.02551157964206,0,204,4558920,91.55394911355128
2024-01-03 05:30:00,node-us-west-2b-02,us-west-2,2b,shard-004,415,28.46544971220053,67.134872488989,44.85894786538528,87.62732553685511,118.47031189165482,32.07129749035999,20.642089203576887,True,0,False,11,87.85344936550628,0,341,1873866,97.1218750057598
2024-01-03 05:30:00,node-eu-west-1a-01,eu-west-1,1a,shard-002,508,28.704284160327894,54.61902819706047,68.37250256880768,113.33490564644264,181.1352544252609,42.82015837416622,21.32956042089559,True,0,False,38,92.74525312363971,0,393,2309814,23.873996040573537
2024-01-03 05:45:00,node-us-east-1a-01,us-east-1,1a,shard-001,372,27.589413981644892,72.78216059187973,63.012101908833664,67.9358169691544,120.57366103642734,26.46536668128212,16.396942482762608,True,0,True,0,94.01088947310195,0,298,3792562,92.63416009486545
2024-01-03 05:45:00,node-us-east-1b-02,us-east-1,1b,shard-002,608,30.145617680188607,49.26209463553235,39.64742551859125,100.63015130393036,159.06382207580904,46.23003902235378,31.883059385391434,True,0,False,46,94.45756506805223,0,346,1846240,64.24100037785779
2024-01-03 05:45:00,node-us-east-1c-03,us-east-1,1c,shard-001,272,24.778279841660805,51.76041656082772,59.76082480665568,51.51990014821075,69.65747767080147,21.866513383639504,12.781878633735252,True,0,False,34,89.21635715034341,0,275,3363758,55.27033367126012
2024-01-03 05:45:00,node-us-west-2a-01,us-west-2,2a,shard-003,156,23.152802349046308,59.97946922238595,42.21187880281826,36.75074702259516,41.51464755105328,11.032154401613122,8.822439909606,True,0,True,0,96.05558489143216,0,215,3900901,38.6189560364886
2024-01-03 05:45:00,node-us-west-2b-02,us-west-2,2b,shard-004,230,24.652147495914154,50.82463500975986,64.52553746558141,43.79518076008347,62.65970165329632,18.721070683514622,12.064878624164459,True,0,False,6,93.05621267328196,0,73,3186673,67.03378853590735
2024-01-03 05:45:00,node-eu-west-1a-01,eu-west-1,1a,shard-002,311,26.935783000494144,50.77802004974757,63.17553840954969,50.19549228543092,82.879380529529,25.95439760731788,18.20462259053956,True,0,False,38,94.57793665615229,0,253,3367781,87.61666194312599
2024-01-03 06:00:00,node-us-east-1a-01,us-east-1,1a,shard-001,321,27.27831977258466,44.283871672256026,42.69398374304712,67.785458227851,95.13846539134178,27.116540611681653,17.76999279342802,True,0,True,0,96.15391863932939,0,380,1701347,99.4924549204257
2024-01-03 06:00:00,node-us-east-1b-02,us-east-1,1b,shard-002,624,30.3028602518581,44.27632908717873,54.098375972493365,110.36438026081622,176.7434276149323,41.501735542679974,34.83091018548836,True,0,False,38,97.50643255798397,0,229,3025712,45.256180452286
2024-01-03 06:00:00,node-us-east-1c-03,us-east-1,1c,shard-001,557,32.838321875501364,65.80935455460249,66.30635921650624,127.61209677776426,156.6942168469601,41.66840885991358,23.82552361850677,True,0,False,47,92.28217064769666,0,299,1343054,20.937853685490175
2024-01-03 06:00:00,node-us-west-2a-01,us-west-2,2a,shard-003,574,33.54148849039131,44.16339617398881,43.10177098851281,121.70054108402817,158.29702730923034,48.12521211755542,28.09464982658231,True,0,True,0,95.98317076191412,0,467,4971380,25.49545877053226
2024-01-03 06:00:00,node-us-west-2b-02,us-west-2,2b,shard-004,362,26.543514839838608,63.998263074790955,41.39371131748917,72.98177915139466,129.03499755328903,24.372934306496127,17.66554893983312,True,0,False,22,90.58752602085728,0,429,3382750,27.444654672451392
2024-01-03 06:00:00,node-eu-west-1a-01,eu-west-1,1a,shard-002,244,25.226271459212622,45.710490358132425,40.10352068092155,53.64818086274799,72.56876935109817,19.80742746833231,13.082314341589653,True,0,False,38,91.56684008110601,0,221,2477871,88.70177455190378
2024-01-03 06:15:00,node-us-east-1a-01,us-east-1,1a,shard-001,294,25.335707203358705,71.0022440504668,58.62962038097798,54.813502137374726,104.03504682656813,19.793270314159795,17.06133468873565,True,0,True,0,97.81381501703167,0,279,2875141,57.72918472737307
2024-01-03 06:15:00,node-us-east-1b-02,us-east-1,1b,shard-002,252,25.53767444990799,75.89635591675801,49.58407155250693,52.306295017317495,73.25733384962803,18.477635250857205,11.920916623559553,True,0,False,3,86.59496651985334,0,256,4538124,71.71081182660762
2024-01-03 06:15:00,node-us-east-1c-03,us-east-1,1c,shard-001,721,35.789189851141685,60.16150532958358,50.53301817583848,119.29640751744815,227.35718136555016,52.08953084799529,41.53763448359037,True,0,False,29,85.15962070339913,0,77,1997490,84.07512900186929
2024-01-03 06:15:00,node-us-west-2a-01,us-west-2,2a,shard-003,325,25.970754248073497,69.70239047192626,51.6095575830241,63.89918931121191,108.72016785288959,29.2966060276245,18.35172034186887,True,0,True,0,89.44343128297902,0,309,1991870,77.80269215713489
2024-01-03 06:15:00,node-us-west-2b-02,us-west-2,2b,shard-004,132,22.805823229150413,74.84890302378287,47.51581391966651,26.79420470309008,39.996104505839284,9.079687939072054,5.978266506882814,True,0,False,42,91.80565540266136,0,217,2346480,82.25027428152285
2024-01-03 06:15:00,node-eu-west-1a-01,eu-west-1,1a,shard-002,162,23.41530536199915,58.11450709619047,63.16129465681363,27.013361363568013,43.763216930239324,13.90610217949037,6.721799324177023,True,0,False,16,92.90041063882146,0,313,2149167,95.3241377375134
2024-01-03 06:30:00,node-us-east-1a-01,us-east-1,1a,shard-001,773,34.63276573269984,67.19826245243416,66.06403524824492,144.89359539362457,277.13388726383215,54.16928931012928,41.93679323413703,True,0,True,0,94.10083345473639,0,417,1293248,62.76367183022985
2024-01-03 06:30:00,node-us-east-1b-02,us-east-1,1b,shard-002,599,32.96532498523399,42.33329927814979,36.31144998421294,139.95312967193755,200.45645993171246,55.61285959624268,28.889489989577008,True,0,False,42,96.21877750610457,0,127,3605166,88.07873042415545
2024-01-03 06:30:00,node-us-east-1c-03,us-east-1,1c,shard-001,610,34.57687880117458,75.81589728676727,35.343040533618534,140.1935885902218,201.30815205397676,40.00382785200237,31.899280313709443,True,0,False,15,89.42086737002059,0,264,3195793,37.17959030517476
2024-01-03 06:30:00,node-us-west-2a-01,us-west-2,2a,shard-003,588,33.120230849995025,44.8052530874677,31.948319641317422,127.85672278229922,197.41983569480527,41.247132463124935,30.239877205114375,True,0,True,0,92.88362367770199,0,241,3995269,43.83690962608944
2024-01-03 06:30:00,node-us-west-2b-02,us-west-2,2b,shard-004,446,28.56371367743806,73.79151047228163,66.6898108980372,96.16211867006017,137.0367753033795,42.46305271685116,20.9792412324017,True,0,False,1,96.15226522119127,0,78,2791416,39.37267198431443
2024-01-03 06:30:00,node-eu-west-1a-01,eu-west-1,1a,shard-002,231,23.73916631871915,79.81466530677898,68.07160733379308,37.29448650878371,78.50084133046758,16.25809324306478,11.691195498437876,True,0,False,37,88.65146761101641,0,148,2203327,52.448741938045686
2024-01-03 06:45:00,node-us-east-1a-01,us-east-1,1a,shard-001,157,22.969427434620933,68.69519158926883,50.94560919284784,36.66346218786164,47.80791730348758,14.370803980693255,9.189740628549016,True,0,True,0,85.15265642571019,0,250,3401355,25.80753208362152
2024-01-03 06:45:00,node-us-east-1b-02,us-east-1,1b,shard-002,542,32.28292460948808,45.1728888159149,43.42710164978449,101.93032463513187,185.8913275372779,46.787808374444694,25.911060061476825,True,0,False,18,93.46456721659258,0,272,2571751,51.42407081502924
2024-01-03 06:45:00,node-us-east-1c-03,us-east-1,1c,shard-001,645,31.67476376346098,58.51915781284984,34.275523099711805,153.5946766809843,170.42268321443905,49.46904685528861,35.48704357514944,True,0,False,42,89.77522067398134,0,233,1785412,55.41546457010061
2024-01-03 06:45:00,node-us-west-2a-01,us-west-2,2a,shard-003,324,25.87354114092881,63.454591528120375,68.6544395947411,72.1934316293359,96.35510863723522,24.488140537350812,16.37505353934219,True,0,True,0,92.6629486327565,0,165,4161666,38.43563653224283
2024-01-03 06:45:00,node-us-west-2b-02,us-west-2,2b,shard-004,225,24.973693499023035,78.55791176078887,65.30299197239935,42.287668947501395,66.03208169656344,21.246329682255332,12.109803486771396,True,0,False,6,87.74991603076353,0,162,3543634,71.62113188815405
2024-01-03 06:45:00,node-eu-west-1a-01,eu-west-1,1a,shard-002,270,25.15907026161822,52.966494731824184,51.99790754993007,57.55579905860654,75.05208384971239,23.798079730420667,15.368076667572046,True,0,False,18,87.41816749921271,0,317,4695308,37.17246245552274
2024-01-03 07:00:00,node-us-east-1a-01,us-east-1,1a,shard-001,549,32.32190073222065,77.85558304674998,30.547145235255442,116.43389354437204,154.60268961112456,50.22345346429461,23.563842945916246,True,0,True,0,92.93613861987527,0,283,2745468,49.34469677717385
2024-01-03 07:00:00,node-us-east-1b-02,us-east-1,1b,shard-002,394,26.929538584627352,67.62148771014628,33.26070772802818,74.49177468039518,130.87513093400324,33.56899209494397,17.458279614506722,True,0,False,11,88.76283475004232,0,84,2320796,38.210109826001464
2024-01-03 07:00:00,node-us-east-1c-03,us-east-1,1c,shard-001,385,26.604646000642287,42.49355472971573,43.4462316374719,90.4450706785511,121.5047027053867,26.481629942457758,22.336649982452528,True,0,False,31,89.37091792505922,0,244,1937575,85.00567752918802
2024-01-03 07:00:00,node-us-west-2a-01,us-west-2,2a,shard-003,160,22.998779962466493,71.3974999953563,58.99785897940643,26.703667122234084,56.44289159685799,12.31903298314274,8.941251931181434,True,0,True,0,91.65181181198466,0,409,3002104,88.4395333221863
2024-01-03 07:00:00,node-us-west-2b-02,us-west-2,2b,shard-004,474,27.941570328979328,42.17989553772979,61.70673299825886,104.98244148087612,117.37141553501897,43.733541941517544,27.816564796927317,True,0,False,48,94.33919959374171,0,457,3785928,91.36138454060341
2024-01-03 07:00:00,node-eu-west-1a-01,eu-west-1,1a,shard-002,561,30.44328070083363,56.63978418791827,61.040880609973485,130.7544233664016,165.65493662697233,52.00968030154432,31.521276994675894,True,0,False,20,90.03791244345481,0,373,2422349,67.79100200377879
2024-01-03 07:15:00,node-us-east-1a-01,us-east-1,1a,shard-001,752,37.518460616829785,63.55227416464944,57.716115323489646,126.60950433383752,227.32741682987475,70.09774968818598,33.81400666901466,True,0,True,0,90.97116272210219,0,145,4475354,58.41433854090952
2024-01-03 07:15:00,node-us-east-1b-02,us-east-1,1b,shard-002,464,30.18853767204682,52.82104375457255,44.797816683458805,78.85833983205232,159.59596167208343,42.57164284086452,27.02535899176755,True,0,False,11,94.12656240960119,0,479,1904087,51.86027053149749
2024-01-03 07:15:00,node-us-east-1c-03,us-east-1,1c,shard-001,448,28.81637553981871,74.37179368030422,60.438245754807255,105.06310585238603,133.50078025999642,30.437494816688975,24.49527822573639,True,0,False,1,96.44709045107507,0,290,4166728,82.33202644290894
2024-01-03 07:15:00,node-us-west-2a-01,us-west-2,2a,shard-003,210,24.524870416915828,45.03711078978559,67.2239453115469,40.9826565060449,66.14397022074117,17.474417316821977,10.855942771483702,True,0,True,0,88.84413671446919,0,240,1308707,73.4919136672896
2024-01-03 07:15:00,node-us-west-2b-02,us-west-2,2b,shard-004,388,28.290498137711463,68.47415258864197,37.56691050219863,68.13655342763619,115.60868756111103,35.05897417102393,16.340142850437932,True,0,False,7,94.92689076494494,0,153,3350950,68.92905086465395
2024-01-03 07:15:00,node-eu-west-1a-01,eu-west-1,1a,shard-002,490,27.935621687126094,74.67228990428265,57.18268171061228,87.93137624640562,173.36375270830433,43.904587868379124,25.643058403804368,True,0,False,33,92.77182495266057,0,450,4965355,71.96917021529886
2024-01-03 07:30:00,node-us-east-1a-01,us-east-1,1a,shard-001,666,30.69777025823219,51.826754446832666,68.98257197473964,131.68056801669456,232.7292957468239,51.03682269378192,32.62474605819958,True,0,True,0,97.73740984920671,0,279,3313778,40.824159128595035
2024-01-03 07:30:00,node-us-east-1b-02,us-east-1,1b,shard-002,596,30.99405582651606,60.71027274588155,50.977741832081605,129.60192924884882,172.86144723426028,39.930525614366175,34.8360939427338,True,0,False,50,85.36339813969124,0,102,2841545,62.72719430592717
2024-01-03 07:30:00,node-us-east-1c-03,us-east-1,1c,shard-001,179,24.279715721490035,49.364949096007,61.08369289035225,38.741021678564735,61.33800732624622,13.044703759932766,8.86504895704633,True,0,False,36,87.86158857274238,0,459,4612808,75.78674956009766
2024-01-03 07:30:00,node-us-west-2a-01,us-west-2,2a,shard-003,343,27.932802586821417,47.661727369128656,66.85790259887935,81.20710465478449,92.50676696380897,26.58354055706462,15.507683193156922,True,0,True,0,92.10711633091128,0,179,3679126,66.37620792636514
2024-01-03 07:30:00,node-us-west-2b-02,us-west-2,2b,shard-004,327,26.392310009137002,61.33305983077748,62.932160071687825,75.13958072161279,110.14504757830659,28.172022763071627,14.172915468407894,True,0,False,21,86.22394887264657,0,390,2086022,69.74059233028099
2024-01-03 07:30:00,node-eu-west-1a-01,eu-west-1,1a,shard-002,259,25.996851582471756,42.17757955410069,66.19594607247232,51.6076051816686,82.08081376877512,18.608665271460104,15.076826110750872,True,0,False,19,85.63022516703163,0,358,2309530,33.86239078745345
2024-01-03 07:45:00,node-us-east-1a-01,us-east-1,1a,shard-001,308,25.282921276381835,41.87454573894754,64.29312687557754,66.63129761416836,95.33835119248916,22.22289490549873,12.935970144540402,True,0,True,0,86.52604422343644,0,143,4990224,25.3648302780839
2024-01-03 07:45:00,node-us-east-1b-02,us-east-1,1b,shard-002,546,29.83552369631983,79.1153493223363,55.251226018392316,106.88697752577997,135.95281335688333,38.34272989801881,30.78738939481821,True,0,False,43,88.61589455489433,0,483,4588094,94.12043581668226
2024-01-03 07:45:00,node-us-east-1c-03,us-east-1,1c,shard-001,651,32.11188486694032,79.21504845012106,68.42427141535083,126.7161064972774,181.0979603204841,61.44283374897619,32.42597587504542,True,0,False,31,91.58558962845306,0,446,2045874,49.3864589686541
2024-01-03 07:45:00,node-us-west-2a-01,us-west-2,2a,shard-003,408,27.853177593869134,49.57043454516859,68.83998084915919,67.7576685753259,127.6033219990627,33.63381617385783,20.618629494920118,True,0,True,0,90.16077184617546,0,132,2654589,91.00563719313443
2024-01-03 07:45:00,node-us-west-2b-02,us-west-2,2b,shard-004,317,25.34044392831801,59.030251706026405,60.410893766827144,67.47935527999105,105.133242611866,25.149608754643683,15.913331498222362,True,0,False,19,90.71804232752926,0,475,1876115,30.742063210130137
2024-01-03 07:45:00,node-eu-west-1a-01,eu-west-1,1a,shard-002,443,29.122585751789835,45.040623267612055,51.31206837735293,80.23700830216315,154.99410695968731,32.79390280048199,21.169687620293832,True,0,False,44,95.37802109619568,0,206,2779389,43.452629055782445
2024-01-03 08:00:00,node-us-east-1a-01,us-east-1,1a,shard-001,208,24.08189188713663,51.26892426788826,42.25585388143449,49.023892876887075,57.008298906212104,18.76209538664581,9.23891874642924,True,0,True,0,87.64712734135749,0,448,1765618,40.28842000270701
2024-01-03 08:00:00,node-us-east-1b-02,us-east-1,1b,shard-002,330,27.810549149395236,74.157090464585,32.00238455972928,77.22623479752184,104.06213427489823,31.077977081614158,18.75489848613251,True,0,False,33,87.55697895865325,0,367,3321022,47.17383264937322
2024-01-03 08:00:00,node-us-east-1c-03,us-east-1,1c,shard-001,421,27.46256214675494,60.99162720607056,36.27594058304234,95.51982313353078,127.9948999563279,31.904816269162595,23.61915837538273,True,0,False,8,97.54335512980161,0,414,1634646,87.06758063115481
2024-01-03 08:00:00,node-us-west-2a-01,us-west-2,2a,shard-003,330,26.81006097764302,62.93972181408674,47.311580503701215,57.39540413993534,98.2254613429066,26.5434833027991,17.85752148130753,True,0,True,0,86.96350815445606,0,284,1428613,29.052155100710905
2024-01-03 08:00:00,node-us-west-2b-02,us-west-2,2b,shard-004,392,26.283210692959095,40.732486031486,59.83880017120897,66.57386436092386,114.70426902661707,26.74567295005672,18.19927668773918,True,0,False,4,94.8789191012424,0,132,2057383,39.28085694864224
2024-01-03 08:00:00,node-eu-west-1a-01,eu-west-1,1a,shard-002,298,25.294771088994544,47.04489609399897,47.018074820045584,61.411103529309685,74.30467075123225,27.436870157752764,15.273738335031924,True,0,False,36,96.35680245595191,0,343,3701821,97.38362386156928
2024-01-03 08:15:00,node-us-east-1a-01,us-east-1,1a,shard-001,430,27.83009017078592,49.308609756335,36.30591423676786,87.01850280683942,121.8657394580635,41.11210700077794,23.505112118828595,True,0,True,0,89.18697195778708,0,109,1192113,77.5925189138635
2024-01-03 08:15:00,node-us-east-1b-02,us-east-1,1b,shard-002,158,23.1912946666006,48.90560004912417,43.05119594706859,32.012076910563614,38.38405293959598,14.772755622199668,9.010795673078581,True,0,False,15,95.30288612501693,0,193,4606418,30.621352476502814
2024-01-03 08:15:00,node-us-east-1c-03,us-east-1,1c,shard-001,670,33.288784720439445,78.6431061641112,62.28869619734931,143.3832829676039,223.46814568292126,52.28373800981015,34.34800866825034,True,0,False,26,88.2430924864817,0,384,4869337,53.87729033363867
2024-01-03 08:15:00,node-us-west-2a-01,us-west-2,2a,shard-003,559,31.397906031524705,48.49915491111773,66.08468051972497,106.0277968983641,188.41039378548172,44.35085678739538,32.12307372248745,True,0,True,0,89.96185693465884,0,435,3505091,89.90223349768219
2024-01-03 08:15:00,node-us-west-2b-02,us-west-2,2b,shard-004,405,27.023028010682918,46.18563901522051,42.86993467049123,90.71950693351957,109.06344684165599,29.020830203692164,21.193304533043154,True,0,False,8,86.61802329453162,0,152,4919763,23.345775431666667
2024-01-03 08:15:00,node-eu-west-1a-01,eu-west-1,1a,shard-002,498,30.968422504573894,79.48034651779507,55.11898759559918,109.30144504150671,132.6366071070945,38.927136627072834,24.790723605763958,True,0,False,42,97.01805728140666,0,148,1057663,90.34624769266104
2024-01-03 08:30:00,node-us-east-1a-01,us-east-1,1a,shard-001,344,26.221903058703074,67.03925894798377,66.40885156474151,55.481655935769005,85.59708357716056,30.69801548408686,17.36095967082311,True,0,True,0,95.45144835655897,0,498,4439552,57.39160374847422
2024-01-03 08:30:00,node-us-east-1b-02,us-east-1,1b,shard-002,175,24.011567975293225,42.806144964907496,56.73182446586083,35.87713879005445,59.841731033048816,13.819833493929565,8.522495753823913,True,0,False,18,94.431215936467,0,128,4711865,22.180107868107815
2024-01-03 08:30:00,node-us-east-1c-03,us-east-1,1c,shard-001,248,25.8772663475473,59.69042703889138,47.180757594013656,45.779956605536796,67.48334164861399,19.845070540475962,14.85974000165367,True,0,False,14,88.01324380552327,0,85,3293356,41.36071649948612
2024-01-03 08:30:00,node-us-west-2a-01,us-west-2,2a,shard-003,274,25.823701205201527,65.80904293903228,50.629995350362115,56.2625127875555,81.1416774109149,24.805674085459454,15.861111575467758,True,0,True,0,90.1816365790167,0,408,4062621,83.58930741793584
2024-01-03 08:30:00,node-us-west-2b-02,us-west-2,2b,shard-004,545,28.77670400446057,71.04243192603167,50.783186495477736,122.91303461164155,144.304578530243,48.70689263339686,29.62111058419266,True,0,False,8,94.42927426271494,0,472,1265778,30.394127027817
2024-01-03 08:30:00,node-eu-west-1a-01,eu-west-1,1a,shard-002,395,28.55200302303004,54.53073517030914,65.5209257781278,74.28397132788535,114.53618168838914,26.96642495971161,20.60899742050003,True,0,False,14,97.58719443310599,0,454,3445311,52.16611366403473
2024-01-03 08:45:00,node-us-east-1a-01,us-east-1,1a,shard-001,732,32.73660176257623,74.6318016846629,62.91805136845168,117.43050858007176,218.29949565598952,61.96867059424372,39.32196165439503,True,0,True,0,91.17450497160677,0,198,1378412,65.37838094436384
2024-01-03 08:45:00,node-us-east-1b-02,us-east-1,1b,shard-002,720,36.325673491787,48.64131951996661,44.69567617329227,131.98784080188412,225.5151017611221,67.21725627464808,28.962867884845146,True,0,False,30,95.67481812830484,0,179,2174700,33.464828333543544
2024-01-03 08:45:00,node-us-east-1c-03,us-east-1,1c,shard-001,300,26.221585948366116,69.47320882251965,68.42267086975517,56.48297353054969,72.52585331952177,21.108817696583017,17.279003758495996,True,0,False,13,97.7156447365391,0,68,2310751,25.481358971910232
2024-01-03 08:45:00,node-us-west-2a-01,us-west-2,2a,shard-003,383,27.72084387926081,73.95834132328667,49.46571666411605,83.81889842358208,101.6226831668947,31.557281508462207,16.16377007560504,True,0,True,0,92.50483567421819,0,417,4477577,68.96238103611128
2024-01-03 08:45:00,node-us-west-2b-02,us-west-2,2b,shard-004,188,24.466660587143302,69.99302347320409,51.05135290017284,45.09305621725791,63.046066941145625,12.119436332299546,11.05751885800523,True,0,False,24,85.92639272535497,0,409,2803452,92.80704676545191
2024-01-03 08:45:00,node-eu-west-1a-01,eu-west-1,1a,shard-002,534,30.339103526218764,62.20059988180302,53.29471703102479,109.64260567806221,188.0457156961636,46.96563783503866,28.636051386738945,True,0,False,17,93.12697035710333,0,178,2630207,93.4842998973341
2024-01-03 09:00:00,node-us-east-1a-01,us-east-1,1a,shard-001,2576,77.58465292490223,56.445615171869164,57.27929921188461,529.4791697652475,876.6776917664581,208.42086282345946,130.07475130445962,True,0,True,0,90.49922595150214,3,424,1434626,56.77067875765087
2024-01-03 09:00:00,node-us-east-1b-02,us-east-1,1b,shard-002,1091,40.58080704688854,68.32963258051115,37.75316975744386,257.68838819442095,335.1397791503685,102.690430870595,51.882689585661375,True,0,False,9,90.14767057823909,0,76,1893837,86.08016230418443
2024-01-03 09:00:00,node-us-east-1c-03,us-east-1,1c,shard-001,2786,76.15171955188157,40.09939641431394,55.974170195582644,511.2052915195806,812.8157867971485,196.1845237221852,131.80360810644433,True,0,False,31,88.3712098430591,3,332,4667968,78.56504112061604
2024-01-03 09:00:00,node-us-west-2a-01,us-west-2,2a,shard-003,1587,55.50053254374198,56.28164866272409,33.538402172410706,309.56451728602644,423.82634586812486,112.23658004720436,87.3423072463701,True,0,True,0,90.44247486082655,2,68,2537915,93.99816720079697
2024-01-03 09:00:00,node-us-west-2b-02,us-west-2,2b,shard-004,1184,41.336949046182085,42.01970182180064,58.81683525058556,214.96456446561064,374.88130396334776,101.65270306066002,48.878095807837454,True,0,False,38,85.84402811740901,0,493,4350147,89.17318881420154
2024-01-03 09:00:00,node-eu-west-1a-01,eu-west-1,1a,shard-002,874,35.241046956430765,50.71286181028932,36.03312326872525,208.19182891618348,233.6785860318338,83.2085370517599,52.288358169520045,True,0,False,23,90.87923874201901,1,272,2300905,36.92478934697576
2024-01-03 09:15:00,node-us-east-1a-01,us-east-1,1a,shard-001,2125,55.83515072799939,42.48077771606661,60.47095987472335,434.9785386950707,554.0087944330401,165.12471089333772,127.02216724392348,True,0,True,0,96.55433560742337,1,297,2804303,41.236410575764154
2024-01-03 09:15:00,node-us-east-1b-02,us-east-1,1b,shard-002,1836,60.606406950331525,66.85955873305966,40.19151313251009,438.9890916587957,559.2569804847255,141.5772512608634,74.17840384727528,True,0,False,40,97.47237003465715,2,112,2065065,35.03923994357762
2024-01-03 09:15:00,node-us-east-1c-03,us-east-1,1c,shard-001,1495,44.46508262908124,55.26767804553524,43.07869734693585,267.6181162744636,448.30561015272053,131.98736196896203,76.2091780542649,True,0,False,48,97.48727610331083,1,432,2209437,57.085617952099305
2024-01-03 09:15:00,node-us-west-2a-01,us-west-2,2a,shard-003,944,40.1088999388257,54.28391045764675,56.46806828499303,164.42408398453594,236.7841612685553,76.29141429073368,40.1646806232492,True,0,True,0,93.203088982032,1,464,2487357,95.96929711812193
2024-01-03 09:15:00,node-us-west-2b-02,us-west-2,2b,shard-004,690,36.112432125706334,57.93801956197226,44.3073112118082,119.79009841695373,234.00465642759323,44.756086187067815,32.36804976018579,True,0,False,26,85.52198046073553,0,207,3472557,72.98115235766554
2024-01-03 09:15:00,node-eu-west-1a-01,eu-west-1,1a,shard-002,1304,41.440295243156015,40.23996332100276,60.56280886323989,257.60425134939004,457.70441861836395,102.450826657583,69.87911149489689,True,0,False,40,97.84345527851856,1,240,2865086,56.15680658031877
2024-01-03 09:30:00,node-us-east-1a-01,us-east-1,1a,shard-001,3979,100.0,68.21347190935907,66.90304959292769,690.5708914635434,1095.977249604839,324.60247758553555,185.7517207709953,True,0,True,0,85.01013587115936,2,379,3885018,58.07426847963762
2024-01-03 09:30:00,node-us-east-1b-02,us-east-1,1b,shard-002,792,34.64473066537891,64.14943468877071,37.95790151585271,139.0435389876428,214.8139593059453,57.32115006782875,42.63324285378941,True,0,False,5,95.2435283939408,1,144,2050763,77.36792322629981
2024-01-03 09:30:00,node-us-east-1c-03,us-east-1,1c,shard-001,1391,49.956903730014375,68.16574861490089,56.443072319621834,295.801002193762,393.55937213002335,118.06631417678308,56.4638226374127,True,0,False,32,87.57434460693752,0,236,2850302,36.378730429500024
2024-01-03 09:30:00,node-us-west-2a-01,us-west-2,2a,shard-003,1666,58.84230385296722,43.024204218610606,31.916167744249776,274.50020704741024,538.5327517436219,148.3515712878434,88.82437169995143,True,0,True,0,90.97731417969334,0,265,2602426,65.64462206149462
2024-01-03 09:30:00,node-us-west-2b-02,us-west-2,2b,shard-004,674,33.85472092209418,76.21773552407899,37.9103981184011,125.86304190038196,201.97642991397046,45.39495865847402,32.06320604756449,True,0,False,38,91.90155102468871,0,223,4953126,54.203789950695445
2024-01-03 09:30:00,node-eu-west-1a-01,eu-west-1,1a,shard-002,694,34.85068502807477,56.52026123077778,36.9439496870753,116.70110723782474,227.28738891928762,65.33527814116202,40.74946865516614,True,0,False,18,97.6464589834635,0,233,4314333,70.84742164245773
2024-01-03 09:45:00,node-us-east-1a-01,us-east-1,1a,shard-001,1480,48.68491090739731,54.96369543498915,41.06435699463289,325.74780347202636,404.89194322885453,99.63584211667786,74.54068707416741,True,0,True,0,92.74424620991849,0,58,4463237,92.5283056089373
2024-01-03 09:45:00,node-us-east-1b-02,us-east-1,1b,shard-002,2529,70.54579329478844,63.460895583833945,48.20711244874825,545.4900153730857,656.280016831024,241.33870490903132,110.77804399543882,True,0,False,36,87.24062036369114,2,109,1848557,57.287739937063016
2024-01-03 09:45:00,node-us-east-1c-03,us-east-1,1c,shard-001,2665,81.69075369730217,56.58130936872475,56.494237876149136,446.58955858131293,788.8376293695544,192.95119317527138,140.85605138220257,True,0,False,44,94.24805509053165,2,258,3389428,32.4045884044282
2024-01-03 09:45:00,node-us-west-2a-01,us-west-2,2a,shard-003,1393,42.9809194640192,43.525571582704465,32.20047274950311,239.34834297428077,450.8208848312011,104.79359828334383,71.47249494404504,True,0,True,0,93.39605614686815,0,405,1164535,31.915767548616934
2024-01-03 09:45:00,node-us-west-2b-02,us-west-2,2b,shard-004,851,37.16209720896835,65.38198168050158,59.333531490122354,193.49787857223967,292.0541566662583,65.66070612033734,42.286091662768385,True,0,False,41,88.60885440523035,1,147,4528789,61.82262266537403
2024-01-03 09:45:00,node-eu-west-1a-01,eu-west-1,1a,shard-002,1657,49.391510305206104,41.45932016056558,46.69591269879118,289.43869448201394,411.0692867188951,139.37586623104806,68.79817411140118,True,0,False,23,90.12708399474539,1,134,2740342,58.818531811117964
2024-01-03 10:00:00,node-us-east-1a-01,us-east-1,1a,shard-001,2839,78.65617144100642,47.46968443135437,46.89988454765874,643.5322222918772,714.1020184515265,271.1310148611544,142.74855190116966,True,0,True,0,90.61950216400629,2,353,2772978,57.344016629505184
2024-01-03 10:00:00,node-us-east-1b-02,us-east-1,1b,shard-002,2437,69.58812200619428,78.02749567495647,38.323162466172704,502.8623064155556,793.6420117098182,210.43731382845868,131.12843739700253,True,0,False,44,89.55539524560398,2,178,2980114,81.7673180742147
2024-01-03 10:00:00,node-us-east-1c-03,us-east-1,1c,shard-001,1504,46.94894166404128,49.099187494802464,57.49980640195745,286.1234149296996,493.6711117198005,96.27010276805531,63.226006086767995,True,0,False,25,85.63598710296996,1,392,1316154,21.979968821348468
2024-01-03 10:00:00,node-us-west-2a-01,us-west-2,2a,shard-003,2029,56.04867956408426,47.48479881024721,37.56187245466969,436.27819828661353,521.6512392871705,173.30453157600982,117.80949428953971,True,0,True,0,90.18616437747869,1,281,4299595,55.78339224592594
2024-01-03 10:00:00,node-us-west-2b-02,us-west-2,2b,shard-004,463,30.20452620504816,79.4236174275774,57.30897890515713,89.8534424748169,122.10699472015031,31.698692729300028,20.80271114862568,True,0,False,5,94.17836756723136,0,146,4983294,92.05862379747016
2024-01-03 10:00:00,node-eu-west-1a-01,eu-west-1,1a,shard-002,913,40.70677652645398,74.43153583639409,52.45339655665878,164.34093048145044,307.63820589128903,64.84238917588516,45.409992010191914,True,0,False,41,94.0183635718908,0,452,4564969,44.03672161892863
2024-01-03 10:15:00,node-us-east-1a-01,us-east-1,1a,shard-001,3052,77.85976586580242,55.646282493816265,31.659999560096807,698.1127660121618,985.6157725520246,215.18666146951387,160.48764899471854,True,0,True,0,89.42793648285543,2,272,1323070,56.65228407204307
2024-01-03 10:15:00,node-us-east-1b-02,us-east-1,1b,shard-002,2776,83.67993029184207,51.24009109482148,43.368963535961925,544.4782068861252,793.7118792800754,186.51874336358196,132.98132568768244,True,0,False,30,90.1236808002668,2,406,3243470,34.68668692653348
2024-01-03 10:15:00,node-us-east-1c-03,us-east-1,1c,shard-001,921,40.898877573364295,68.08072889518125,35.97998389197911,209.99450716623247,236.69843302018904,84.64669545073085,37.3544656594639,True,0,False,20,91.44697890656047,1,155,4258815,97.78350805872867
2024-01-03 10:15:00,node-us-west-2a-01,us-west-2,2a,shard-003,1587,47.17517247912423,59.94676656111466,59.022781794476586,357.884448801246,394.00805186192594,107.14848447680284,95.13152250004069,True,0,True,0,91.45830540183077,1,370,1347306,34.295171116268826
2024-01-03 10:15:00,node-us-west-2b-02,us-west-2,2b,shard-004,1764,53.78284835871267,79.81418169743384,42.27458290590501,359.41804274614026,565.6165320653653,149.92197963272048,76.80749622889432,True,0,False,17,94.59927592027915,2,280,4592138,64.92668574308084
2024-01-03 10:15:00,node-eu-west-1a-01,eu-west-1,1a,shard-002,2139,56.98418693369039,62.06620589051217,68.50649310028767,408.69873965292015,658.8377395477842,193.07441991186417,110.02334830196989,True,0,False,34,94.0211196831736,1,127,1881809,71.07155183905515
2024-01-03 10:30:00,node-us-east-1a-01,us-east-1,1a,shard-001,2458,68.56669026183968,60.17033866338514,41.579370630171326,509.8325004336535,818.302861698223,226.852093445444,122.73975536655067,True,0,True,0,86.94338158177979,3,108,1979839,62.03760261332279
2024-01-03 10:30:00,node-us-east-1b-02,us-east-1,1b,shard-002,2290,66.58371407137534,62.5051311544448,54.25539188912339,465.6849397072288,568.1859221724503,202.4033677610463,131.08355509971932,True,0,False,29,86.47781335072096,1,301,2892358,87.66592814942663
2024-01-03 10:30:00,node-us-east-1c-03,us-east-1,1c,shard-001,2767,80.05093212649325,43.30888591383979,41.14912514889266,615.6942621553226,898.29934083733,247.59133699940972,111.41477550395953,True,0,False,37,97.61788113320038,3,205,4103849,92.70377145705561
2024-01-03 10:30:00,node-us-west-2a-01,us-west-2,2a,shard-003,2024,61.21112210387462,75.41686310237279,32.91642845468964,379.58508256415786,702.0292260579647,174.8261593826597,104.48850679039165,True,0,True,0,88.38665151657737,1,299,4479379,50.03306239073336
2024-01-03 10:30:00,node-us-west-2b-02,us-west-2,2b,shard-004,938,38.715731481920415,69.9453650282137,39.69341127199723,168.31034791527358,267.5636275371026,86.61705484919516,48.70651455123475,True,0,False,28,95.2720975065961,0,380,4809916,95.6084154344671
2024-01-03 10:30:00,node-eu-west-1a-01,eu-west-1,1a,shard-002,2334,63.6593493707208,75.11725827170423,42.833428542084285,425.1550976834573,626.0218221129805,152.05563409858465,99.76487980624826,True,0,False,46,92.07502112976258,2,319,1243436,62.18015477559622
2024-01-03 10:45:00,node-us-east-1a-01,us-east-1,1a,shard-001,2634,71.10836531040219,61.725122586871024,67.44506146305075,442.44656902032,688.3556196436285,194.45866772044897,118.95029413453615,True,0,True,0,92.68300665724296,1,365,2910653,38.708969915819516
2024-01-03 10:45:00,node-us-east-1b-02,us-east-1,1b,shard-002,1293,50.34295683112725,76.82779588988154,60.580586999032946,210.46951446088204,321.09076328649314,123.06087241257886,67.05772992145401,True,0,False,35,97.15989157956412,0,135,1589936,74.79526806367943
2024-01-03 10:45:00,node-us-east-1c-03,us-east-1,1c,shard-001,1138,44.53183883983825,47.26280645732039,34.20770365210972,263.3834379641184,316.9906215279389,107.14671052454551,52.947279565074275,True,0,False,32,91.5483513281544,1,380,4869480,36.05419487562244
2024-01-03 10:45:00,node-us-west-2a-01,us-west-2,2a,shard-003,2561,71.75911811517676,41.64505738833532,44.972979638746665,449.0104893722587,851.4438755958113,218.86213203250276,112.575088288221,True,0,True,0,94.51060305686501,1,468,4208320,59.34871440711284
2024-01-03 10:45:00,node-us-west-2b-02,us-west-2,2b,shard-004,1324,48.658935355773565,78.55793491083719,62.81941537442181,224.17931030878225,343.2764081756696,105.40135437539422,66.72561558764436,True,0,False,40,91.86702132037613,1,313,4631409,60.36066679137047
2024-01-03 10:45:00,node-eu-west-1a-01,eu-west-1,1a,shard-002,1277,41.3557051907906,59.279035631092384,48.878119951765434,260.7597919401983,377.5115951615724,95.4639342178485,71.3408612749394,True,0,False,14,88.4772779343245,0,412,1914418,89.07906126454903
2024-01-03 11:00:00,node-us-east-1a-01,us-east-1,1a,shard-001,1354,52.30725209304035,40.99745715021495,33.94311479067963,324.66954468375894,356.6329445274995,102.28610091544483,56.781890122504855,True,0,True,0,86.89686364267463,1,481,4356942,21.785446458874873
2024-01-03 11:00:00,node-us-east-1b-02,us-east-1,1b,shard-002,1135,45.86389931274457,53.12481438108871,62.61880263897214,250.554837886114,277.29557018125234,74.61757493746929,62.91148502057223,True,0,False,7,92.98963286745732,0,380,1876780,65.83242752586932
2024-01-03 11:00:00,node-us-east-1c-03,us-east-1,1c,shard-001,2452,77.59194863891602,54.120100858410055,32.31557143810646,572.0389068101996,631.2887103356894,204.0249508097177,131.34676806495392,True,0,False,45,89.19780508863886,3,442,3470628,94.19172368825272
2024-01-03 11:00:00,node-us-west-2a-01,us-west-2,2a,shard-003,1236,47.36163513007372,49.645706525814845,46.00408161178982,282.2673865724953,403.18888697957186,88.61217192120228,66.0204427987072,True,0,True,0,88.59063017988169,1,88,4049603,90.11854669850757
2024-01-03 11:00:00,node-us-west-2b-02,us-west-2,2b,shard-004,693,33.61816715465075,58.47839920419653,61.26210027780047,143.61510165260287,216.44057725790432,60.676536409502994,33.970675521196306,True,0,False,36,86.85869855890583,1,486,3161298,92.06391911263121
2024-01-03 11:00:00,node-eu-west-1a-01,eu-west-1,1a,shard-002,2425,65.1710798448882,43.83058300870722,39.91729218839287,577.4896256980917,810.5712394733072,167.68601593430446,126.9385559504184,True,0,False,29,94.77632384242284,3,447,2768757,32.68339074599153
2024-01-03 11:15:00,node-us-east-1a-01,us-east-1,1a,shard-001,2148,64.04924787365748,51.648118520298034,35.487105484288264,489.1759040543059,767.6049176624047,153.929811598255,106.37258806495896,True,0,True,0,91.9016191499376,1,282,2191341,58.150183046139276
2024-01-03 11:15:00,node-us-east-1b-02,us-east-1,1b,shard-002,2287,60.15030488552219,48.9449686365588,64.0070276630312,432.79718996299266,616.8331658050233,154.87137916205054,135.18510636809845,True,0,False,28,89.62182912379804,1,120,1851036,30.113501733144396
2024-01-03 11:15:00,node-us-east-1c-03,us-east-1,1c,shard-001,1551,47.79628848647452,71.56331843054338,51.19119628923417,249.84677867755107,502.47723501940067,143.98328827410472,73.69388573142416,True,0,False,24,88.51055648746872,1,449,1155609,66.52229620061037
2024-01-03 11:15:00,node-us-west-2a-01,us-west-2,2a,shard-003,818,38.887404313931384,40.1595677715705,33.686098638641006,140.26386460346643,257.70940813714606,52.65259857047213,35.839903666405704,True,0,True,0,94.57082132221817,0,431,3420902,21.26919247868985
2024-01-03 11:15:00,node-us-west-2b-02,us-west-2,2b,shard-004,1067,44.852996535421155,52.96206289790964,56.480003690161006,227.64087125768685,303.36669277385704,96.49005356403876,63.75480617299325,True,0,False,13,87.74766188007465,1,434,4184755,94.34021832277581
2024-01-03 11:15:00,node-eu-west-1a-01,eu-west-1,1a,shard-002,593,31.079771418603855,49.922121477905506,43.91926403356849,125.31627592001652,204.31517496782368,45.031119612576454,25.922621419381226,True,0,False,37,94.1543848521227,0,453,3849438,75.58415006037218
2024-01-03 11:30:00,node-us-east-1a-01,us-east-1,1a,shard-001,2933,68.33934708024978,50.51065065652043,53.002608014080764,695.2705266257404,1004.7837217774255,278.1768776322832,142.1549352438016,True,0,True,0,97.04800313987212,2,492,1758435,58.9446520025205
2024-01-03 11:30:00,node-us-east-1b-02,us-east-1,1b,shard-002,1308,41.03662022705487,52.03997486509756,55.35603910684323,253.89489319948834,320.79358670479803,92.51723133978066,72.40040003848588,True,0,False,46,88.55552559188618,1,167,1292327,59.251012240186554
2024-01-03 11:30:00,node-us-east-1c-03,us-east-1,1c,shard-001,1018,40.14253412713737,45.00664873740154,68.50069748035116,205.9867282818741,292.55285348183355,74.04710870361342,58.88798495768509,True,0,False,13,89.53840867150295,1,239,1885639,46.80384516363909
2024-01-03 11:30:00,node-us-west-2a-01,us-west-2,2a,shard-003,1567,52.56063550194617,67.72582061757363,33.34247826860552,282.05704068610163,523.8307824742304,127.44759543100936,82.71377177677151,True,0,True,0,91.16160133363455,1,280,4335369,59.72359148820264
2024-01-03 11:30:00,node-us-west-2b-02,us-west-2,2b,shard-004,693,33.20867070986694,53.1084093141328,49.55756647662383,159.31403109570132,197.19993630275522,66.16998722094436,38.47094556708644,True,0,False,47,93.44611577049494,0,368,3413363,47.4311657956445
2024-01-03 11:30:00,node-eu-west-1a-01,eu-west-1,1a,shard-002,2074,67.57245592892326,45.779205518324396,66.15754080523138,367.5883506856887,623.1716869918824,198.8331921611625,112.95655227048414,True,0,False,16,94.8212818955791,2,87,1491485,59.33490502342935
2024-01-03 11:45:00,node-us-east-1a-01,us-east-1,1a,shard-001,1090,40.35783077151823,48.19423852934725,42.53203772763614,183.838789568371,264.15122608482,89.52551083446009,59.562548112114904,True,0,True,0,97.06625692724063,0,137,4687755,43.29695774390646
2024-01-03 11:45:00,node-us-east-1b-02,us-east-1,1b,shard-002,2824,68.96671543637885,64.40178640515988,38.51066140471773,534.1927586115844,748.5879536649672,245.2128686049383,162.93110424725737,True,0,False,2,94.50916006314681,2,479,1581014,76.24263135997106
2024-01-03 11:45:00,node-us-east-1c-03,us-east-1,1c,shard-001,888,37.727654164102034,56.288214954347495,63.425176943525116,212.81904527678967,296.5438926101438,57.48776250201009,47.71307321499249,True,0,False,33,91.23516615416855,0,201,1257627,81.59523023963352
2024-01-03 11:45:00,node-us-west-2a-01,us-west-2,2a,shard-003,1100,40.24226791141483,44.35544822291844,63.13517503382884,229.3743718353315,269.8667642201473,96.72123786825045,58.265820302964684,True,0,True,0,87.68876115854526,0,342,1814434,52.29122524511696
2024-01-03 11:45:00,node-us-west-2b-02,us-west-2,2b,shard-004,1697,49.47338897144877,70.32490735531744,57.14272838829278,295.7711430460408,506.76796897298607,156.23871339310836,88.9511381805332,True,0,False,39,87.56974315379551,0,177,3219190,27.10154349141962
2024-01-03 11:45:00,node-eu-west-1a-01,eu-west-1,1a,shard-002,2366,71.88352117674339,60.81613038388035,35.36660226395297,435.06432176346493,791.2238159162707,155.05582236371546,120.2001578840805,True,0,False,42,86.84158874658775,1,463,4738455,35.95513110681499
2024-01-03 12:00:00,node-us-east-1a-01,us-east-1,1a,shard-001,2017,59.13716868763807,43.44930801682646,37.423539017696264,472.08265894710877,491.75206351850585,142.6772897023404,84.69580837227481,True,0,True,0,86.83278518151745,2,184,4044907,49.67502083797618
2024-01-03 12:00:00,node-us-east-1b-02,us-east-1,1b,shard-002,2501,60.03182905210335,44.306360217893086,42.79129500137137,510.8131921890737,881.4252910304285,223.9914013829508,149.46684230407857,True,0,False,22,89.2315263511821,1,203,1798791,88.32555777749705
2024-01-03 12:00:00,node-us-east-1c-03,us-east-1,1c,shard-001,1078,41.20710657321843,64.57863076925072,52.26482536560994,258.30538317921236,348.37860170997084,73.11937661495149,53.11741852706436,True,0,False,15,94.78393335010014,1,463,4868593,66.1277931417617
2024-01-03 12:00:00,node-us-west-2a-01,us-west-2,2a,shard-003,2281,69.58030046124856,49.23599531166961,43.77721739926589,521.6583812060726,804.3876511264784,168.1806635635526,103.32117586697693,True,0,True,0,92.1301191141252,1,328,1724280,30.424943424924322
2024-01-03 12:00:00,node-us-west-2b-02,us-west-2,2b,shard-004,801,34.9041015571871,64.91620907453438,52.69692254200044,136.09701512318688,286.75599848502077,51.938977516584025,41.75461911969849,True,0,False,45,95.35063179264243,1,343,4684971,84.76927756289695
2024-01-03 12:00:00,node-eu-west-1a-01,eu-west-1,1a,shard-002,1106,41.44388945054857,73.47091694487521,33.847397648754246,207.63977508057505,339.5539278624056,88.67304079104139,54.71364656459605,True,0,False,16,88.03059330231723,1,90,4915945,97.9812264842061
2024-01-03 12:15:00,node-us-east-1a-01,us-east-1,1a,shard-001,1663,50.18914209845188,43.49228633762149,51.92670952646544,311.6856306483557,558.5947895333117,115.0698020452552,79.01729982214296,True,0,True,0,86.3613485956274,1,381,1559571,41.88625261651218
2024-01-03 12:15:00,node-us-east-1b-02,us-east-1,1b,shard-002,1371,47.97098738038294,41.59764105111117,59.87481718591475,313.13886748632035,329.14162249685484,126.09883672334972,58.44232574170619,True,0,False,38,88.1729228521658,1,224,3752246,22.676233157184605
2024-01-03 12:15:00,node-us-east-1c-03,us-east-1,1c,shard-001,1922,53.692320643030335,44.846652028799355,59.08724262081914,387.38245135234183,526.5218025261622,138.19694333720653,94.54393276835968,True,0,False,7,90.42534611611424,1,95,4314509,98.485185544188
2024-01-03 12:15:00,node-us-west-2a-01,us-west-2,2a,shard-003,976,37.725261458299144,49.93018319706894,34.50187198263561,167.68179266153737,323.0423396413673,70.67294148179464,57.99563454859612,True,0,True,0,88.19532088735154,1,280,3949526,57.11135318957005
2024-01-03 12:15:00,node-us-west-2b-02,us-west-2,2b,shard-004,744,34.79089771914991,74.44026397586987,54.48529387329185,119.40766056411861,234.8958836748682,59.29133669974341,33.46086400166498,True,0,False,43,86.48493409355702,0,395,1474144,98.6681911289671
2024-01-03 12:15:00,node-eu-west-1a-01,eu-west-1,1a,shard-002,962,41.7008832836884,68.03981960268538,45.87407677682998,168.1293206837965,236.69854300342266,84.51620315227707,53.27295172506077,True,0,False,21,94.77323975815557,1,333,2416413,47.37418951525405
2024-01-03 12:30:00,node-us-east-1a-01,us-east-1,1a,shard-001,1464,49.85662394483176,78.46171882767469,45.763309062761714,308.24285253595554,457.42166621067025,95.86974837586263,70.22801512608805,True,0,True,0,92.76632998970973,1,440,2644224,59.78138359442063
2024-01-03 12:30:00,node-us-east-1b-02,us-east-1,1b,shard-002,1056,41.89009692214603,56.73299142159746,38.87425240229993,179.66165501813254,283.5949808545867,97.83187527804965,52.085213369751365,True,0,False,37,96.76896103748814,1,376,2540980,72.82613899200496
2024-01-03 12:30:00,node-us-east-1c-03,us-east-1,1c,shard-001,2364,63.896932953246576,43.48877889431503,67.0124687171882,488.2753658877251,659.0717842940729,209.04372714246176,127.32536382312276,True,0,False,19,85.0746057744407,2,454,1753558,70.73284697040455
2024-01-03 12:30:00,node-us-west-2a-01,us-west-2,2a,shard-003,1414,45.743864799049575,73.45015841921038,68.1212849677332,333.5340692081005,371.54667123110715,98.21142687184714,76.27225435475883,True,0,True,0,86.61435964985596,2,485,4256916,68.20429740584895
2024-01-03 12:30:00,node-us-west-2b-02,us-west-2,2b,shard-004,2202,57.503364322262264,42.531108079565804,51.556471958018435,514.92787802246,604.485793045512,179.5622593817854,106.67888510909424,True,0,False,47,91.90740818689217,3,245,3477697,78.956268581973
2024-01-03 12:30:00,node-eu-west-1a-01,eu-west-1,1a,shard-002,1687,47.550392691150186,59.59345835762099,54.9743481671804,398.4705118672508,476.3427674504697,118.06779750498603,91.04292474403853,True,0,False,5,95.35447005095145,2,349,2033469,73.74973202063549
2024-01-03 12:45:00,node-us-east-1a-01,us-east-1,1a,shard-001,3325,96.93764741689091,66.82205389272461,54.041892363730724,658.3633100344471,853.2431416189363,252.9937290030942,171.52958164063423,True,0,True,0,96.3713435974317,3,110,4532626,71.16617756918248
2024-01-03 12:45:00,node-us-east-1b-02,us-east-1,1b,shard-002,1150,46.262147013418364,67.1890446670573,36.200141026423964,227.57106520295739,284.0158834691426,101.59576227961848,64.66766649125829,True,0,False,1,97.16577515455472,0,475,4776487,32.54525016125704
2024-01-03 12:45:00,node-us-east-1c-03,us-east-1,1c,shard-001,768,33.901042966246266,65.37645542520465,32.5684731030761,133.7804081818679,246.40546270222086,68.73276811582072,31.068811290052395,True,0,False,28,94.37703984358437,0,201,2809649,82.08212666398013
2024-01-03 12:45:00,node-us-west-2a-01,us-west-2,2a,shard-003,2059,61.6884885887519,79.58094501742153,52.36371065668595,448.54372933203757,688.9722777212947,156.3406437357171,97.74881775877819,True,0,True,0,95.57856061706897,2,257,2359408,61.25410058849948
2024-01-03 12:45:00,node-us-west-2b-02,us-west-2,2b,shard-004,543,31.12326936933088,52.392504384385276,57.37991346385869,90.89525219390687,167.97253412355215,46.323339138605014,27.07486569604123,True,0,False,4,92.32387863557277,0,165,1443383,70.8967089812545
2024-01-03 12:45:00,node-eu-west-1a-01,eu-west-1,1a,shard-002,2121,64.88206988389598,41.93111209467153,57.443728989319474,441.3135487868998,579.0812033007271,197.3027267988569,86.65961519114678,True,0,False,25,97.96389289650996,2,440,4266019,48.45928684546571
2024-01-03 13:00:00,node-us-east-1a-01,us-east-1,1a,shard-001,1746,60.482516591555836,70.35022675674188,61.71792423783861,369.9140627612855,540.7881535782427,160.48726646243438,94.9970371773337,True,0,True,0,88.70105702440678,2,238,2836228,55.243400599265854
2024-01-03 13:00:00,node-us-east-1b-02,us-east-1,1b,shard-002,1268,44.54061013461111,58.149100216799184,35.39679671512932,269.9114834485118,321.50090939892084,97.84313550320786,53.494033255193024,True,0,False,25,94.64112581082422,1,273,4367935,99.90803805462525
2024-01-03 13:00:00,node-us-east-1c-03,us-east-1,1c,shard-001,1595,50.46051261605808,41.469090506197006,37.77578156353831,319.80926101812696,400.3000808661559,118.58298388541569,94.52885034062403,True,0,False,40,97.71355841656604,0,385,3388192,30.151728427503805
2024-01-03 13:00:00,node-us-west-2a-01,us-west-2,2a,shard-003,1396,52.22286435044292,67.48260219878037,47.696178268669094,280.2705291750095,423.319594229936,90.38647012829881,73.85481747427133,True,0,True,0,87.80564577726425,1,53,4016290,28.46378556723448
2024-01-03 13:00:00,node-us-west-2b-02,us-west-2,2b,shard-004,1764,50.94814947253191,41.71587272153651,65.91504841978733,293.3463340283252,575.6311885635837,119.46850858581213,80.1387920377997,True,0,False,22,85.62426407701457,1,171,4377054,47.6195690806987
2024-01-03 13:00:00,node-eu-west-1a-01,eu-west-1,1a,shard-002,699,36.34154333355693,63.285463870452816,35.94678981139732,158.17562073909644,177.06578662117232,61.115730385010394,35.4853780145073,True,0,False,44,92.24880605284542,0,203,2226897,82.36427754675105
2024-01-03 13:15:00,node-us-east-1a-01,us-east-1,1a,shard-001,1891,57.142018820497434,69.44996798958037,64.7080568248463,364.1088840172804,636.2615073872998,148.02439417672238,113.10550394025766,True,0,True,0,89.3362270504675,2,213,3506861,50.758321839339985
2024-01-03 13:15:00,node-us-east-1b-02,us-east-1,1b,shard-002,2533,63.264725890957465,63.131507463523185,63.63063435995959,581.0833906865005,898.7439844540711,209.59941461958013,111.0762205036493,True,0,False,25,91.98014689639434,2,435,3572557,83.83244338343172
2024-01-03 13:15:00,node-us-east-1c-03,us-east-1,1c,shard-001,1294,48.88255116382295,52.70553723823939,59.618461061726535,236.4313980373085,341.2086670632139,118.81524097921806,62.77073398273965,True,0,False,19,89.48238659332048,0,386,2492051,37.32138984854924
2024-01-03 13:15:00,node-us-west-2a-01,us-west-2,2a,shard-003,1332,47.65482309668426,55.577868091509046,47.76421402202384,311.95828094938406,377.84387276327305,101.81533941827647,64.80344035087087,True,0,True,0,86.06826345062635,1,218,4478453,70.29199644310293
2024-01-03 13:15:00,node-us-west-2b-02,us-west-2,2b,shard-004,1206,45.32630892187087,79.03931183404188,41.53703019346325,231.4220864547377,324.76575722268933,84.06122820312618,59.19554089752258,True,0,False,12,96.22411890764124,0,103,2782628,95.31487287637796
2024-01-03 13:15:00,node-eu-west-1a-01,eu-west-1,1a,shard-002,1348,49.61819297866904,78.25121911079131,44.39527397981676,291.51351756415215,370.6971819268485,89.50613074150328,71.690283387601,True,0,False,5,87.805770339557,1,61,2004549,33.228983673785194
2024-01-03 13:30:00,node-us-east-1a-01,us-east-1,1a,shard-001,2574,77.23884842802906,64.19374573697448,44.14352233788748,429.41230377063147,643.261463631739,216.6204346718589,127.72008364382543,True,0,True,0,87.6260140984781,2,197,3450773,88.31291401850945
2024-01-03 13:30:00,node-us-east-1b-02,us-east-1,1b,shard-002,2696,65.70412444017701,53.02615728731786,44.754686210202095,518.6079225648016,660.5824073387878,201.2602995883654,145.13594731910223,True,0,False,38,85.46696342746328,1,299,2054734,91.17359790123474
2024-01-03 13:30:00,node-us-east-1c-03,us-east-1,1c,shard-001,1179,43.94959668624625,45.63294028574201,69.70391771805333,227.17116321942225,394.3434758934827,109.7969223450304,49.37793793219646,True,0,False,4,91.94452065932806,1,439,1226329,61.14450303919341
2024-01-03 13:30:00,node-us-west-2a-01,us-west-2,2a,shard-003,1696,58.598939067752916,45.99542668274327,42.72448187889262,389.2354390673185,578.2367200271098,121.80293316869924,98.35632336256855,True,0,True,0,95.74701135841119,1,331,2259642,49.22685192303193
2024-01-03 13:30:00,node-us-west-2b-02,us-west-2,2b,shard-004,1567,53.43724558694365,59.72668779094941,50.53899566035483,343.90897775389317,442.0399463419185,129.37082111847462,92.32003584475662,True,0,False,9,90.01758487758731,0,331,2144710,67.21477528089527
2024-01-03 13:30:00,node-eu-west-1a-01,eu-west-1,1a,shard-002,702,36.16024663719557,45.27525319526064,41.27280724831469,125.35687444083456,193.80365331938572,57.071855519127304,32.42497602436437,True,0,False,23,90.04785839050776,1,88,1786264,96.50909530157361
2024-01-03 13:45:00,node-us-east-1a-01,us-east-1,1a,shard-001,1659,50.45612311232826,78.16328304844563,49.258057590353346,297.405092451274,585.6549312917653,136.94280654337578,74.09826421666776,True,0,True,0,86.11889277273478,1,484,1006977,57.56333513648491
2024-01-03 13:45:00,node-us-east-1b-02,us-east-1,1b,shard-002,1818,50.86841629428403,44.20215850077935,64.26899311595315,344.24078176375457,551.757100451853,134.73875749698996,97.9884956336131,True,0,False,50,96.17337795593899,2,449,2592823,97.63563020497784
2024-01-03 13:45:00,node-us-east-1c-03,us-east-1,1c,shard-001,1400,49.690036138665064,46.263348420324895,58.85730018857127,285.6417990346678,336.6679929822418,128.12970489053976,67.01711224297904,True,0,False,49,94.18190635654159,0,260,2517736,20.07751269560469
2024-01-03 13:45:00,node-us-west-2a-01,us-west-2,2a,shard-003,952,39.753949617482114,75.40044134489467,63.445793436382765,202.8504904761321,245.4179225564132,61.184933754799,38.34842330568894,True,0,True,0,91.83899605523848,1,331,3697722,69.44504459608545
2024-01-03 13:45:00,node-us-west-2b-02,us-west-2,2b,shard-004,1256,49.27338239293378,53.78755474755819,64.87409306720494,276.06860236621725,387.78134727420826,112.29910781946724,64.06911995077697,True,0,False,12,94.7614913028337,0,450,2875926,65.30552638602248
2024-01-03 13:45:00,node-eu-west-1a-01,eu-west-1,1a,shard-002,2446,67.63266810129042,69.8523494036888,43.412754944940346,407.90835684809355,696.4146959546964,168.8900119757922,106.04778913877897,True,0,False,2,91.80479544463735,2,430,4678031,30.22659930542714
2024-01-03 14:00:00,node-us-east-1a-01,us-east-1,1a,shard-001,2471,63.38610094999891,56.37116617704376,39.48476737899761,470.9547887486545,820.7680314163562,158.3040888696177,135.37705324617983,True,0,True,0,94.36923632661434,3,255,1639663,70.8789408677381
2024-01-03 14:00:00,node-us-east-1b-02,us-east-1,1b,shard-002,1559,46.50090120153996,65.00336521730453,59.388019870098375,286.88754277119585,381.5411095096934,140.7463781694686,80.06343139371944,True,0,False,1,88.26431445190521,1,203,2912715,32.79355595801401
2024-01-03 14:00:00,node-us-east-1c-03,us-east-1,1c,shard-001,2157,71.25309750507404,58.51218308583239,68.31768425330793,382.4036403943882,572.1567073553725,147.8151200976053,111.78635269276492,True,0,False,35,89.12265858539537,2,320,2434143,63.60855757590215
2024-01-03 14:00:00,node-us-west-2a-01,us-west-2,2a,shard-003,941,41.666466404172105,65.83613652420561,62.744228585322006,195.91317070136446,320.11364067425325,66.14510864252571,43.84962909910461,True,0,True,0,90.26470470020568,0,427,1969005,88.29692423667584
2024-01-03 14:00:00,node-us-west-2b-02,us-west-2,2b,shard-004,1714,52.834902676365346,63.23681888752733,42.23995801595353,299.462700197658,472.15733059069805,152.19819829318092,77.49026333979756,True,0,False,46,91.15830500849455,1,82,4173129,88.56929793448877
2024-01-03 14:00:00,node-eu-west-1a-01,eu-west-1,1a,shard-002,755,32.39997263166584,42.944146999938894,66.32872252898667,145.77797472122668,213.3187496395952,72.2543406169515,31.162847438881734,True,0,False,10,86.48484761045272,0,337,4482124,57.55559245255479
2024-01-03 14:15:00,node-us-east-1a-01,us-east-1,1a,shard-001,1675,49.29115928404427,40.99296747939474,64.29245815735781,330.5845426790162,474.83838483310825,114.1089127579998,76.31802939077774,True,0,True,0,92.70989185708375,2,491,3242193,22.291884370594524
2024-01-03 14:15:00,node-us-east-1b-02,us-east-1,1b,shard-002,1609,49.75843664599297,49.539805005007985,62.52959596970974,364.9262520818667,491.51954325263273,109.36747852977639,86.04196004464039,True,0,False,4,88.90153502347802,1,240,1055577,60.91858532023992
2024-01-03 14:15:00,node-us-east-1c-03,us-east-1,1c,shard-001,1714,58.04940001555171,59.179829153248505,48.20789234039965,319.07670405639146,594.2539963446446,145.83419650888376,76.29975754139008,True,0,False,39,86.1278635548982,1,348,2209290,21.84436314120509
2024-01-03 14:15:00,node-us-west-2a-01,us-west-2,2a,shard-003,2030,67.98429502172954,57.544955887645244,33.266814217646356,345.4708637705606,652.6267550585419,172.84092241099958,83.94409991854742,True,0,True,0,87.8071886491158,2,134,1018489,85.37259627533402
2024-01-03 14:15:00,node-us-west-2b-02,us-west-2,2b,shard-004,684,36.02138183631031,73.66711632797654,42.61121547819619,118.13714565106184,233.50753240007833,63.36279507655356,35.26465675626203,True,0,False,21,91.65769334482218,0,235,2100168,49.330507942514615
2024-01-03 14:15:00,node-eu-west-1a-01,eu-west-1,1a,shard-002,1497,52.257016517672184,65.25528039270603,57.976566780695656,327.658372951004,390.3586438018453,119.3317783208771,76.39067723192505,True,0,False,15,86.06771891938581,0,116,4893380,93.41058213375382
2024-01-03 14:30:00,node-us-east-1a-01,us-east-1,1a,shard-001,2277,63.352064582893824,40.11593793498241,43.45165515918313,384.26888678361377,788.7054806867458,152.91562800224904,94.5641328903558,True,0,True,0,88.91405899441563,2,163,4286716,82.14327531201204
2024-01-03 14:30:00,node-us-east-1b-02,us-east-1,1b,shard-002,1073,39.40864101488618,62.69603569492413,69.52619837672793,216.61053186737436,300.2626581580656,94.70112941935189,63.62448461408049,True,0,False,2,90.8491620584897,1,367,4636034,33.00568083427454
2024-01-03 14:30:00,node-us-east-1c-03,us-east-1,1c,shard-001,1648,57.85471400348657,74.04565322430491,69.85177133598025,271.46039940997764,430.35257248100686,157.7982577928696,90.12923460718098,False,28,False,34,86.41959260322658,1,142,4137572,67.46256611588055
2024-01-03 14:30:00,node-us-west-2a-01,us-west-2,2a,shard-003,1235,44.28281885520704,52.89306743120537,69.59403610785596,284.40844614050604,436.4466044101453,109.44990089318104,60.14469556611046,True,0,True,0,93.22807425637858,0,447,1530993,23.893672826450462
2024-01-03 14:30:00,node-us-west-2b-02,us-west-2,2b,shard-004,626,30.097713951618957,75.09222500543876,38.445456884577425,102.43084407488618,186.3707383681552,52.39779616317516,30.299559411653863,True,0,False,46,91.04940647656137,0,268,2146215,28.11771380883311
2024-01-03 14:30:00,node-eu-west-1a-01,eu-west-1,1a,shard-002,2408,72.12950386179395,59.71546735119717,55.4926344055517,564.8497014771821,679.2986776565824,205.73573322553244,135.13562640175022,True,0,False,32,91.47904635172159,2,342,2162488,91.18643388236893
2024-01-03 14:45:00,node-us-east-1a-01,us-east-1,1a,shard-001,3015,73.26566902604006,69.41467306813703,38.23622354036064,714.2610737272827,726.6188935997083,257.2333691243286,179.85664369514743,True,0,True,0,90.2566723104053,3,442,4400833,63.72262058379746
2024-01-03 14:45:00,node-us-east-1b-02,us-east-1,1b,shard-002,703,34.12927483870422,65.09531601739604,40.500561339349815,122.88985975009403,227.43439591098948,66.91365042185946,37.663814442834735,True,0,False,32,90.94453768548628,0,452,4924906,65.99917537453084
2024-01-03 14:45:00,node-us-east-1c-03,us-east-1,1c,shard-001,1357,51.69836873788303,75.7651476116246,57.172635290034904,229.3603923354927,488.069808836786,107.27661342770244,77.89965149306941,True,0,False,48,96.66765080328452,1,195,4857752,52.838677611398246
2024-01-03 14:45:00,node-us-west-2a-01,us-west-2,2a,shard-003,798,35.16993102620203,55.97357896500854,43.528369589326005,180.42920132490914,274.20884801179915,61.98103231739661,39.29073533549356,True,0,True,0,97.47078216699133,0,413,2868725,48.480106623108966
2024-01-03 14:45:00,node-us-west-2b-02,us-west-2,2b,shard-004,1164,43.03443324288807,42.48186299280964,55.07692533468664,212.85525515394843,293.5896344547008,96.83770241451987,54.724396368684324,True,0,False,33,87.4455913344757,1,60,2560839,28.531302224815533
2024-01-03 14:45:00,node-eu-west-1a-01,eu-west-1,1a,shard-002,1348,46.810059740580016,78.95766872270275,62.501357215946214,277.9890821486691,464.9932996450293,112.34870241124304,54.258922556739975,True,0,False,22,90.07131354327356,1,79,3550510,71.99736564288754
2024-01-03 15:00:00,node-us-east-1a-01,us-east-1,1a,shard-001,2671,70.75892130144781,78.40425556801193,39.78203180754433,516.625897239477,937.593040925996,238.47116286042197,137.964454585153,True,0,True,0,94.23502192112932,3,484,1697089,31.894254153877544
2024-01-03 15:00:00,node-us-east-1b-02,us-east-1,1b,shard-002,1110,45.925719684897125,59.766869757015215,67.1611421718438,239.05760536217934,386.01727059467055,75.25199560828318,62.92525639939538,True,0,False,4,90.95442561987448,1,279,2094074,25.277570846031196
2024-01-03 15:00:00,node-us-east-1c-03,us-east-1,1c,shard-001,740,32.26028993403038,75.32442565340787,43.865557790643045,138.62245919585797,225.83050459331568,56.15424552021719,38.69500207681953,True,0,False,6,85.88105842104315,0,367,2919790,92.3873548262919
2024-01-03 15:00:00,node-us-west-2a-01,us-west-2,2a,shard-003,1024,39.66466526649252,60.12462882742213,68.62593694404723,236.9701983595962,354.78215037302635,95.94999157841498,61.2325071072228,True,0,True,0,90.81531438275147,1,228,2602260,37.81298055342985
2024-01-03 15:00:00,node-us-west-2b-02,us-west-2,2b,shard-004,1208,45.40910619390156,78.33340101165675,45.592323292538175,253.71871930540635,365.42212941617976,103.76800367595366,53.22555058822219,True,0,False,44,95.36991526984683,1,169,3531576,24.029639157947056
2024-01-03 15:00:00,node-eu-west-1a-01,eu-west-1,1a,shard-002,1884,63.74461231701572,54.63398084015815,34.54332800998414,302.8755594546156,454.28081962077783,149.39290934933848,79.76392660144805,True,0,False,36,94.71563825313987,1,446,1304305,57.870244523565724
2024-01-03 15:15:00,node-us-east-1a-01,us-east-1,1a,shard-001,1293,47.02663575876571,47.30333007027504,59.39070403932354,268.5970272389791,453.93061973937824,117.6922887284843,57.67270104798934,True,0,True,0,96.5571318592644,1,266,3052845,61.798123950676754
2024-01-03 15:15:00,node-us-east-1b-02,us-east-1,1b,shard-002,1458,47.33967318964004,40.205546273196646,30.625155975154904,308.37795836301984,410.1546804193351,93.66883275376827,61.33667294759534,True,0,False,28,90.11344997034094,1,251,3493004,25.02601830563418
2024-01-03 15:15:00,node-us-east-1c-03,us-east-1,1c,shard-001,2118,67.71907739105657,50.101485824172855,35.79354838311478,395.1037891395689,604.9395355842724,202.3960109621059,117.94893537026039,True,0,False,39,88.7189392533828,1,124,4753014,64.0002312480755
2024-01-03 15:15:00,node-us-west-2a-01,us-west-2,2a,shard-003,804,39.093261302363594,75.16265725208761,61.245556645423434,163.86479125832545,223.32566892098777,64.8494313624657,46.85604399935611,True,0,True,0,87.37085709907039,0,468,3717548,58.03559265817688
2024-01-03 15:15:00,node-us-west-2b-02,us-west-2,2b,shard-004,1367,42.071943906899506,48.893262043905736,64.20328364129544,244.1747215609194,376.1811364405531,128.34366113626888,65.2665869175216,True,0,False,18,89.09518955120151,1,219,4942972,55.52304758957863
2024-01-03 15:15:00,node-eu-west-1a-01,eu-west-1,1a,shard-002,1331,51.71558864136469,55.51028547205583,36.18755580321385,227.79912846776648,386.6937165689598,102.61873730320343,68.01746400814096,True,0,False,17,90.01747863898706,0,423,2518151,32.73444648197466
2024-01-03 15:30:00,node-us-east-1a-01,us-east-1,1a,shard-001,2520,73.69282992892809,54.83432310910136,60.17469775013277,425.37152212983034,901.7658079635455,205.55990630821378,148.24193523708294,True,0,True,0,86.76635304227558,3,396,3618303,52.877722496749016
2024-01-03 15:30:00,node-us-east-1b-02,us-east-1,1b,shard-002,2594,72.354147057056,43.75955684103167,56.85936681605111,526.3374670034239,652.5638808285111,194.79565448484115,141.50685673591477,True,0,False,18,92.74384874246556,3,383,1597405,47.34386843862332
2024-01-03 15:30:00,node-us-east-1c-03,us-east-1,1c,shard-001,3087,82.65016818636343,74.96343974451153,69.25002381850062,586.8274872588221,1091.2280212577125,208.01666367283715,166.55736971414984,True,0,False,18,97.92013452423977,3,94,1819092,72.9786283045233
2024-01-03 15:30:00,node-us-west-2a-01,us-west-2,2a,shard-003,1266,42.4257444504005,67.15791833626551,67.22120859865424,223.11272224430547,365.75530677868636,115.91247071297474,74.10619350869489,True,0,True,0,88.85998507563275,1,475,4997501,88.50218217138847
2024-01-03 15:30:00,node-us-west-2b-02,us-west-2,2b,shard-004,2150,70.30430062463564,64.69136722576972,52.15199734457569,454.432465027473,595.8660358583795,143.66351270726366,123.219182817091,True,0,False,36,94.27195898463019,3,231,4624176,24.510705890658954
2024-01-03 15:30:00,node-eu-west-1a-01,eu-west-1,1a,shard-002,2168,67.17969979650594,54.14937038671731,66.73947239406615,401.86736559048717,575.0138950781983,205.98646732201186,109.15007746069317,True,0,False,44,97.09200412300936,2,488,2314745,94.77211411710138
2024-01-03 15:45:00,node-us-east-1a-01,us-east-1,1a,shard-001,1261,45.776025656045796,41.2671623972011,46.88272889858766,296.5464634264179,331.03982858011307,113.52364615218279,61.975556358952296,True,0,True,0,96.88821822846955,1,467,2856591,51.655843805877886
2024-01-03 15:45:00,node-us-east-1b-02,us-east-1,1b,shard-002,2438,74.52627098894934,68.30821794957672,59.46571656238685,574.2520243717582,839.1084809236618,220.32619616422505,125.51453190262953,True,0,False,46,97.68710683138045,1,317,2024365,59.144643071203575
2024-01-03 15:45:00,node-us-east-1c-03,us-east-1,1c,shard-001,870,39.96491683195576,43.010415557357405,46.779062723784904,201.3683218956538,280.1511367490925,74.24945412686654,36.69611105221023,True,0,False,29,88.90027948229123,0,473,3992908,25.419210220894293
2024-01-03 15:45:00,node-us-west-2a-01,us-west-2,2a,shard-003,1427,52.06407661183903,72.66502983046848,46.696295711705595,330.7362951967048,398.3023820086534,123.30184898438884,63.95759506777912,True,0,True,0,96.02099341115895,2,92,4136840,39.24233896305036
2024-01-03 15:45:00,node-us-west-2b-02,us-west-2,2b,shard-004,608,31.545552303102244,79.13476186521501,58.57179280442696,119.92811374564246,217.01158512082276,42.101817710747,29.632148262705723,True,0,False,9,88.15124144831333,0,166,3875529,55.25284062493245
2024-01-03 15:45:00,node-eu-west-1a-01,eu-west-1,1a,shard-002,1787,55.003626671638095,79.62736115680386,41.361259783116296,388.4640848040622,631.7985810995264,150.8230898758746,105.99644151538176,True,0,False,38,94.12801854251573,2,97,2734127,97.09715475062971
2024-01-03 16:00:00,node-us-east-1a-01,us-east-1,1a,shard-001,1784,52.57632775353238,50.16490802496222,38.97485149587072,347.4874271556828,639.7290681882137,157.48687581571045,87.52997372798268,True,0,True,0,97.8403404929174,1,189,2908227,25.60136491893548
2024-01-03 16:00:00,node-us-east-1b-02,us-east-1,1b,shard-002,1389,42.89357131308599,79.2647388275179,31.79827200906781,256.7048134024552,339.26689467490826,92.81061302997716,59.785030754145495,True,0,False,27,85.5575533866738,1,496,3518981,97.98614108204698
2024-01-03 16:00:00,node-us-east-1c-03,us-east-1,1c,shard-001,1478,49.61567399599974,73.47968198905556,39.97393740957605,256.59963363928085,378.5909552319442,112.6200290829528,68.6781249700199,True,0,False,35,92.2588281707477,0,241,3774320,70.81615797164683
2024-01-03 16:00:00,node-us-west-2a-01,us-west-2,2a,shard-003,914,36.39316669726537,62.40594497309505,59.51873023191216,198.9891515723514,232.56022820451363,60.644645000718945,39.00289800098946,True,0,True,0,91.31935052694904,1,228,4090360,38.45311997230092
2024-01-03 16:00:00,node-us-west-2b-02,us-west-2,2b,shard-004,1076,45.62331666701135,46.036600103995895,30.80102615849128,222.5888198057791,288.66922812606316,94.06751636813371,48.61128227803002,True,0,False,9,97.30766816693838,1,108,3396963,34.699971803130786
2024-01-03 16:00:00,node-eu-west-1a-01,eu-west-1,1a,shard-002,1030,40.156598777980136,45.99438518035112,68.08786039557741,184.9614803671111,291.2549590802544,78.16691345047879,47.798407727347936,True,0,False,43,94.96814095698227,0,356,4991953,76.79421700643445
2024-01-03 16:15:00,node-us-east-1a-01,us-east-1,1a,shard-001,936,40.08386743605375,59.66387977322515,40.004294984060095,208.94132032784077,258.2556374755628,73.34842685580905,43.26357183311965,True,0,True,0,96.9079049729463,0,488,3879757,52.4089934422541
2024-01-03 16:15:00,node-us-east-1b-02,us-east-1,1b,shard-002,1785,56.41820267614426,60.80094598499489,39.10932708260366,311.2082299581228,610.7975678545174,166.50607588370445,101.5163920944977,True,0,False,16,86.43571434733587,2,263,2141029,22.181832028217077
2024-01-03 16:15:00,node-us-east-1c-03,us-east-1,1c,shard-001,865,37.51359151143836,64.88912773342487,39.695830021231075,207.16473715861784,213.43005990135197,77.24731901671267,40.189700548402975,True,0,False,49,86.26039991280025,0,297,2138898,86.94235670578922
2024-01-03 16:15:00,node-us-west-2a-01,us-west-2,2a,shard-003,938,36.89112600077176,72.27045898580575,53.08540870700499,153.41566977359892,296.78758115585254,74.85636549686966,48.47316861836527,True,0,True,0,86.67486461571946,1,478,1921801,81.47552446908034
2024-01-03 16:15:00,node-us-west-2b-02,us-west-2,2b,shard-004,875,38.00028057143279,59.91198693060568,40.27823775422869,209.98842418790375,278.3415685818074,68.26038346123474,43.63456744967097,True,0,False,14,86.15708586103544,0,402,4904104,94.42553014730726
2024-01-03 16:15:00,node-eu-west-1a-01,eu-west-1,1a,shard-002,1852,60.52109832915984,77.90723912021872,48.13238890002728,358.3761101505458,617.6780520458462,123.89984251121271,85.4878172486167,True,0,False,42,92.52833281230141,1,293,3129246,83.85804699219469
2024-01-03 16:30:00,node-us-east-1a-01,us-east-1,1a,shard-001,2287,71.64982901199316,60.54815706453316,64.78604085118934,501.2068909537361,707.9032634580791,181.44691458600636,112.25858061265814,True,0,True,0,96.24884395398156,1,74,4254299,99.17087907769856
2024-01-03 16:30:00,node-us-east-1b-02,us-east-1,1b,shard-002,1097,44.83832609491364,67.28948647289873,57.70250864361286,205.37540972085844,275.98777189144596,94.73030530136015,64.92768943146838,True,0,False,43,91.7630135050304,1,322,4655755,89.21342379481547
2024-01-03 16:30:00,node-us-east-1c-03,us-east-1,1c,shard-001,1190,46.45156165702156,71.10651198475827,31.74929742275053,267.68952690000486,354.6683870022603,107.47103753945423,60.48750094687667,True,0,False,27,89.5685546188952,1,202,3383097,51.09177003110464
2024-01-03 16:30:00,node-us-west-2a-01,us-west-2,2a,shard-003,2475,69.0671924341763,43.366637791295034,57.88199595754052,583.9216766142849,764.0296586938101,228.7544744906616,111.75846738038207,True,0,True,0,85.13163846946618,1,222,4584509,79.55146170910615
2024-01-03 16:30:00,node-us-west-2b-02,us-west-2,2b,shard-004,1436,44.070279034776945,67.37012950845853,65.3367147090317,342.77444281810426,507.6546530764567,118.87468983917678,80.8019902158087,True,0,False,28,96.8489362038116,1,474,2056495,23.853441279431955
2024-01-03 16:30:00,node-eu-west-1a-01,eu-west-1,1a,shard-002,785,36.37664243524621,79.53218969542533,48.920798607173154,158.8466610627698,237.02962671344497,62.097708782197735,39.1002947227457,True,0,False,35,94.59705357729477,0,302,4604113,52.456408297949544
2024-01-03 16:45:00,node-us-east-1a-01,us-east-1,1a,shard-001,2793,77.70666789292179,74.21544425391231,64.95468903460213,573.5361040563166,832.6637441868436,213.72647780962674,153.12402931963257,True,0,True,0,86.02491168623247,4,225,3340793,57.437428817435396
2024-01-03 16:45:00,node-us-east-1b-02,us-east-1,1b,shard-002,2544,73.03942196201994,44.27814332872871,30.25198061369884,535.6033101044155,805.8523551362442,242.81097595777265,133.32889202103266,True,0,False,40,92.3520074818217,3,149,2444584,29.45699505845137
2024-01-03 16:45:00,node-us-east-1c-03,us-east-1,1c,shard-001,2609,68.48626564023013,52.97212868784489,45.18373293637096,602.7894166556617,670.6702583586735,235.65243444332498,134.27326726460115,True,0,False,28,93.30768954734373,2,298,4394398,65.00514474824372
2024-01-03 16:45:00,node-us-west-2a-01,us-west-2,2a,shard-003,1872,64.24534162450267,62.091241065002265,67.20458873392371,375.7661728419831,597.3615594922126,124.59328774345732,107.98588455944729,True,0,True,0,94.02901321171902,1,208,3209292,39.32048691543831
2024-01-03 16:45:00,node-us-west-2b-02,us-west-2,2b,shard-004,834,39.312732195974604,46.224331492450986,31.740603865464255,170.76553897443026,216.47848682839933,68.31454981774466,39.31659890613183,True,0,False,35,89.24511615298688,0,481,2243579,71.2417723437537
2024-01-03 16:45:00,node-eu-west-1a-01,eu-west-1,1a,shard-002,1760,56.55964944951094,64.85714427237394,37.73834088200885,366.95140680240723,463.24877090054406,163.0782469788912,99.90566586675948,True,0,False,48,87.16745730385644,2,316,3624303,76.29693103131383
2024-01-03 17:00:00,node-us-east-1a-01,us-east-1,1a,shard-001,2352,67.67957823209284,79.02326083824782,54.54233428992721,384.2531808135693,687.8434231043393,205.15246259801236,95.9367034819394,True,0,True,0,88.5983712270912,2,201,2655256,49.3486910783518
2024-01-03 17:00:00,node-us-east-1b-02,us-east-1,1b,shard-002,2950,86.5154416200348,64.82826262246898,64.19095594920957,620.336806554738,989.2669871548408,253.52567693521155,147.9987425065215,True,0,False,34,97.12986295205089,2,221,1083446,86.37687630960386
2024-01-03 17:00:00,node-us-east-1c-03,us-east-1,1c,shard-001,1545,50.798950783845015,79.21623656878975,35.562386422106265,248.841673019194,373.24014506080283,146.43204385804188,78.83087206667396,True,0,False,8,90.2057823476349,1,421,3903662,75.28430277664812
2024-01-03 17:00:00,node-us-west-2a-01,us-west-2,2a,shard-003,1249,44.896860306228305,62.64408990707278,38.98765403096359,290.67515699625784,301.9108759077003,84.88366975995781,55.911631607979,True,0,True,0,93.67465730016072,0,423,1377535,24.19482739952049
2024-01-03 17:00:00,node-us-west-2b-02,us-west-2,2b,shard-004,1336,42.09724541357287,77.11454400439251,54.61830671456276,224.40874273919843,325.69325216127027,115.26692997585538,75.47922731435719,True,0,False,4,97.86491012336087,1,500,3291660,93.56380743553996
2024-01-03 17:00:00,node-eu-west-1a-01,eu-west-1,1a,shard-002,1154,43.11159629924851,40.392530824818415,34.567508124413216,244.55405278093355,382.3197820239832,76.28901737390423,49.61956673214779,True,0,False,14,90.26318443856532,1,311,4799627,89.70573683019774
2024-01-03 17:15:00,node-us-east-1a-01,us-east-1,1a,shard-001,1152,43.80397997118672,50.03933465269692,67.52732764365577,214.59551253317102,277.2297445219712,107.95938417847172,52.140078798648574,True,0,True,0,88.1951948940697,1,108,2789837,53.08053054374003
2024-01-03 17:15:00,node-us-east-1b-02,us-east-1,1b,shard-002,1947,62.01420411178889,71.90977430114813,56.220892607050466,408.4203973972267,684.6541353610436,152.8741331030203,82.43190830359279,True,0,False,36,88.66105120956199,1,157,4364975,83.14540763248033
2024-01-03 17:15:00,node-us-east-1c-03,us-east-1,1c,shard-001,1196,48.05321533506813,62.05312164274535,33.7032589645115,270.02749285783614,419.938161283397,85.24343791115402,63.92558124589542,True,0,False,13,87.32941216263431,1,59,2210722,76.86472838313216
2024-01-03 17:15:00,node-us-west-2a-01,us-west-2,2a,shard-003,2196,67.29348414559945,43.705737239348814,33.416990784477406,371.3559499041447,789.1940375013552,179.48933374148774,110.14170643932452,True,0,True,0,93.67061902604414,2,467,3817183,35.681938553174206
2024-01-03 17:15:00,node-us-west-2b-02,us-west-2,2b,shard-004,1414,46.647513242445456,48.01061590367002,53.68100845589146,338.98397577856105,394.2569469530259,135.70212340775453,61.827028718764005,True,0,False,12,92.65048390725094,1,87,3781671,76.63081708426617
2024-01-03 17:15:00,node-eu-west-1a-01,eu-west-1,1a,shard-002,1477,50.232065041423915,42.02231815421062,40.45382308112832,323.0731574789298,430.3315472430705,107.51882942314872,77.04802419630217,True,0,False,17,92.61518815019065,0,312,4505751,32.53733246470372
2024-01-03 17:30:00,node-us-east-1a-01,us-east-1,1a,shard-001,1156,45.60396475611033,55.9445848772592,31.914601224470502,246.30821169420554,390.5420465976869,81.14637029200179,59.147623436528555,True,0,True,0,86.50079588741914,1,76,3278171,49.74373726933177
2024-01-03 17:30:00,node-us-east-1b-02,us-east-1,1b,shard-002,1351,51.67766386844936,75.66568936227985,40.067375192030916,316.6372981878064,476.57345054843984,100.51202722616316,73.2623854710912,True,0,False,43,90.59217860441069,1,389,3671169,55.74173378320795
2024-01-03 17:30:00,node-us-east-1c-03,us-east-1,1c,shard-001,3184,86.2057709115428,79.30359467304802,33.00757327520887,725.094782636053,1087.7608046438436,272.1953567639444,136.71782000264247,True,0,False,45,97.28091370356708,4,52,2620221,56.83741675435015
2024-01-03 17:30:00,node-us-west-2a-01,us-west-2,2a,shard-003,733,33.494320232731894,72.88370284569085,48.72957853002201,138.23895959098334,188.70263416559132,64.75586511238667,29.515312877222,True,0,True,0,91.04102610601804,0,424,1742287,35.942984118434616
2024-01-03 17:30:00,node-us-west-2b-02,us-west-2,2b,shard-004,567,32.812932867623616,65.07478226057546,38.003981355448786,113.02739549162602,150.1545166409045,46.01990487430345,29.292416590096735,True,0,False,45,92.00203488133404,0,106,1531422,98.17366711925077
2024-01-03 17:30:00,node-eu-west-1a-01,eu-west-1,1a,shard-002,649,32.18463796081812,72.84325593768719,51.27958894967843,133.78753044696427,197.86034005508924,43.94489926425496,27.159470927428575,True,0,False,8,90.92473888791241,0,139,1371311,40.79992767179661
2024-01-03 17:45:00,node-us-east-1a-01,us-east-1,1a,shard-001,3070,69.41069343248842,58.51945027235919,32.957055425049184,571.83434518925,810.1485285697366,207.82439700211614,178.01542212401105,True,0,True,0,88.72034818121547,4,326,1933643,36.510331276861876
2024-01-03 17:45:00,node-us-east-1b-02,us-east-1,1b,shard-002,2443,67.39485259233618,68.26298945228899,32.61602645838197,459.4411999959771,695.825456333119,222.24057787519368,144.18600653816745,True,0,False,26,92.1996991096376,2,444,3826239,71.58626815474855
2024-01-03 17:45:00,node-us-east-1c-03,us-east-1,1c,shard-001,2326,66.18708257208698,65.64049369154036,47.31551873153552,387.60959886482715,773.9331352203479,198.52664308988005,116.6065247546147,True,0,False,29,97.99213510843462,2,165,1260645,91.01617867153999
2024-01-03 17:45:00,node-us-west-2a-01,us-west-2,2a,shard-003,1939,57.124133752308204,68.45026217297277,35.711887514924626,412.36903320675634,602.9854285458898,153.97901075243533,113.88646673140573,True,0,True,0,97.9462618355328,1,467,2104927,21.127536229939324
2024-01-03 17:45:00,node-us-west-2b-02,us-west-2,2b,shard-004,1351,52.006752925371075,65.88460865358806,39.48648768439712,270.8999923854779,467.36563491985675,93.31652235302072,71.96419450135828,True,0,False,6,88.98263717686544,1,490,2299114,27.657096330709532
2024-01-03 17:45:00,node-eu-west-1a-01,eu-west-1,1a,shard-002,532,29.64721837249553,52.83498301262924,62.585048964779666,96.07193124818355,144.97565638423256,40.832854159887006,29.058662818818267,True,0,False,32,95.99340040240558,0,433,1573168,54.959526042768175
2024-01-03 18:00:00,node-us-east-1a-01,us-east-1,1a,shard-001,2845,81.4770371713407,45.7984626625519,47.81307196854985,647.7724070472038,828.293632154447,214.42262555042458,140.36360958764172,True,0,True,0,96.207669204374,3,107,2788660,82.50796374462618
2024-01-03 18:00:00,node-us-east-1b-02,us-east-1,1b,shard-002,2716,79.19270294378101,53.44356213265345,33.71581509477163,458.92172628512645,893.3591880098619,181.90216783097424,126.527920098838,True,0,False,33,90.65953814776574,3,251,1337178,57.32843030809242
2024-01-03 18:00:00,node-us-east-1c-03,us-east-1,1c,shard-001,2127,56.875992551018534,46.05391972012905,41.04757424166495,378.1950619995541,536.2213107206924,174.59094187435122,109.5448578175305,True,0,False,30,86.62963086632624,2,472,3672249,82.48953365389877
2024-01-03 18:00:00,node-us-west-2a-01,us-west-2,2a,shard-003,1857,61.913002417733914,76.89351395598881,34.04219862764781,364.3260247782224,630.8891783148049,134.63545135207465,107.6187010971855,True,0,True,0,93.6775637906175,1,279,3687026,62.982358710252086
2024-01-03 18:00:00,node-us-west-2b-02,us-west-2,2b,shard-004,702,32.393544822808195,58.25252483982977,51.660771513856105,142.29339919252072,203.70516795966228,59.473426344528185,37.203838686890414,True,0,False,8,88.66114107911135,0,417,4946556,90.06199018407963
2024-01-03 18:00:00,node-eu-west-1a-01,eu-west-1,1a,shard-002,981,37.938091921732756,72.9908783028538,67.16394366492338,176.43724877733206,239.12920199491333,91.88353263856564,45.62506451953899,True,0,False,20,96.12950079035349,0,247,2531872,35.768403768313355
2024-01-03 18:15:00,node-us-east-1a-01,us-east-1,1a,shard-001,1114,44.03571092665781,72.98939733916541,34.704347293845466,253.10984044437325,333.7110698598881,104.50052790227619,48.09036271841846,True,0,True,0,94.36271996323808,0,205,1875301,95.40597701487512
2024-01-03 18:15:00,node-us-east-1b-02,us-east-1,1b,shard-002,2551,77.60813382196136,59.0415845229964,39.43046752867849,590.9027328026044,657.2435572887604,183.484660776493,147.19973589437606,True,0,False,12,87.08254178048865,3,438,1108119,27.956785144916367
2024-01-03 18:15:00,node-us-east-1c-03,us-east-1,1c,shard-001,807,36.43268884394506,54.80339612938908,44.19955565766212,174.97047569368644,212.04126258819693,72.79337616535031,33.30294785965114,True,0,False,1,94.67708656402154,0,157,3698194,88.6148875276628
2024-01-03 18:15:00,node-us-west-2a-01,us-west-2,2a,shard-003,760,37.198607645919736,67.68329567561567,56.63550372605563,150.31266850796965,190.17495864245222,67.48843147076346,35.83891907140732,True,0,True,0,96.43737054545046,0,447,2431379,66.4899918322431
2024-01-03 18:15:00,node-us-west-2b-02,us-west-2,2b,shard-004,1687,57.335983540825204,41.25882328789017,37.83561090753835,304.89435771210606,592.4976709759425,122.388980125998,76.466756384904,True,0,False,39,93.96146722764031,1,364,4297840,34.437577814722744
2024-01-03 18:15:00,node-eu-west-1a-01,eu-west-1,1a,shard-002,1879,63.281889565525645,70.12886382779178,51.94893565347995,394.55646819247164,655.1886451517856,159.48260452003584,99.08197871115853,True,0,False,38,96.63440851771453,1,185,2145404,74.48620613004834
2024-01-03 18:30:00,node-us-east-1a-01,us-east-1,1a,shard-001,2085,58.87962163156419,55.82310884805145,42.73922633529911,483.666812332592,531.2797452591136,143.9610230984589,112.53087449513009,True,0,True,0,89.0086926201824,1,177,2291352,75.35482766072681
2024-01-03 18:30:00,node-us-east-1b-02,us-east-1,1b,shard-002,1871,55.861401859430266,71.81907957189217,57.56114646397854,302.2011740239603,669.7590196866691,147.1480459927263,82.0852090674377,True,0,False,44,93.52515000190948,2,109,1597690,26.638123316950395
2024-01-03 18:30:00,node-us-east-1c-03,us-east-1,1c,shard-001,1749,48.07962302774916,44.19079901208529,38.360077895469914,352.0288898421829,542.8023287035297,126.05908288446605,95.06610727382434,True,0,False,49,85.67655200222163,1,335,4925505,99.66546602278216
2024-01-03 18:30:00,node-us-west-2a-01,us-west-2,2a,shard-003,1300,47.83145595306024,46.815446083195916,67.7759569983314,293.22338402153235,436.7319462326601,90.33981402294202,55.30889694511646,True,0,True,0,85.55880856854154,0,297,2645466,36.04684945271086
2024-01-03 18:30:00,node-us-west-2b-02,us-west-2,2b,shard-004,1220,45.56034269983502,45.13311417129931,55.69343337701538,201.8725383621586,437.25075898660606,102.09167138041823,53.80249528268033,True,0,False,30,97.20935371966914,1,126,2158835,77.60935005085652
2024-01-03 18:30:00,node-eu-west-1a-01,eu-west-1,1a,shard-002,1172,39.38092629818084,47.13654124490853,49.31622585660361,191.43881850533555,372.634908138824,78.40567540962665,48.94979941830395,True,0,False,44,86.96066417314134,1,78,4642670,72.0910070041818
2024-01-03 18:45:00,node-us-east-1a-01,us-east-1,1a,shard-001,3139,73.7286345712813,69.8308149243059,43.95062314977821,696.3562378695711,1035.8043703295148,291.84228363878924,164.72889405630724,True,0,True,0,89.94362937276368,4,335,3732874,98.72073823595451
2024-01-03 18:45:00,node-us-east-1b-02,us-east-1,1b,shard-002,1698,51.02613697094944,53.445412027119424,68.83146930244763,331.1764814904593,553.8732188586051,139.7850801263944,82.66749101888912,True,0,False,44,90.78341894838793,2,130,1775865,81.47808080478734
2024-01-03 18:45:00,node-us-east-1c-03,us-east-1,1c,shard-001,805,38.77708392453532,47.324015422909255,45.23976501982976,186.72060409251085,278.37634824485036,74.07541678504364,39.079630937408474,True,0,False,45,93.34576014498727,0,429,2286378,34.07979737597299
2024-01-03 18:45:00,node-us-west-2a-01,us-west-2,2a,shard-003,1730,49.54137844516873,63.597338038319414,58.65214201032401,332.1890862368411,474.1718559787758,133.30838347176956,71.39145817490626,True,0,True,0,89.91309065903454,2,218,2989148,43.62657185844007
2024-01-03 18:45:00,node-us-west-2b-02,us-west-2,2b,shard-004,1933,60.660934105746556,72.51611103730299,31.74191175474919,349.6153942890321,686.1807536001426,162.68968057299597,103.32690119925326,True,0,False,21,85.1637773681214,1,416,4591935,75.23001208044937
2024-01-03 18:45:00,node-eu-west-1a-01,eu-west-1,1a,shard-002,2304,61.19596045098975,40.667192672588655,47.78138807255232,425.61193771235656,696.022530844733,165.21596821012827,132.50504518276418,True,0,False,16,92.95428599415816,1,474,2664821,90.63277578234266
2024-01-03 19:00:00,node-us-east-1a-01,us-east-1,1a,shard-001,554,31.801217574041086,50.28860791280868,44.06343100690677,112.91552059640766,186.91522814423763,43.92552209626386,32.63348043860126,True,0,True,0,92.30319847301962,0,347,2953291,78.00595482544543
2024-01-03 19:00:00,node-us-east-1b-02,us-east-1,1b,shard-002,479,28.308465989278012,59.29226819695446,45.02500764857443,84.22229428767423,166.1274207004345,39.80732330873494,19.848132254324394,True,0,False,40,91.91587747473041,0,371,1429077,41.481585454798235
2024-01-03 19:00:00,node-us-east-1c-03,us-east-1,1c,shard-001,658,33.27592916264474,52.70970080929784,50.38092894135617,143.45674269082375,181.15588379496208,51.85488229101798,29.096173122941043,True,0,False,26,97.48749843681826,0,406,1648762,22.23686016858279
2024-01-03 19:00:00,node-us-west-2a-01,us-west-2,2a,shard-003,348,28.153372952094706,76.38755438966649,52.748931336483885,61.53804889369704,91.34965341830643,22.285671681037623,17.27059843874969,True,0,True,0,86.38812305339067,0,253,2809745,81.26332647178047
2024-01-03 19:00:00,node-us-west-2b-02,us-west-2,2b,shard-004,378,28.47516206677993,76.87423266670618,56.71528956507722,70.34837665313432,112.69813054684603,29.492098392578395,22.212067190134675,True,0,False,50,85.4236157697843,0,250,4718086,57.61124512234149
2024-01-03 19:00:00,node-eu-west-1a-01,eu-west-1,1a,shard-002,625,32.75892272252273,65.83044462208599,51.7523570830664,113.59550097431904,158.50527408400103,45.878973198104994,28.71617453732994,True,0,False,38,96.4323007554898,0,457,1151563,71.3347563064993
2024-01-03 19:15:00,node-us-east-1a-01,us-east-1,1a,shard-001,263,24.416485130642226,68.48389084887674,61.10707378614123,51.19732961291984,75.34293421470241,24.26255512504757,12.673443864885073,True,0,True,0,93.84872772433917,0,125,3874609,58.279647736018475
2024-01-03 19:15:00,node-us-east-1b-02,us-east-1,1b,shard-002,253,24.294787334403587,48.348869269586956,41.541386850155696,50.581195261282325,71.2395141929202,22.333929570758215,13.042806812117652,True,0,False,42,94.12936936725886,0,111,1474366,94.87287207621192
2024-01-03 19:15:00,node-us-east-1c-03,us-east-1,1c,shard-001,599,32.22543861168528,49.516818839344346,53.90010271898221,99.07014744025446,154.29806168544457,45.71147982644933,25.790232781810907,True,0,False,49,90.90774516065072,0,422,4072895,30.744072302862318
2024-01-03 19:15:00,node-us-west-2a-01,us-west-2,2a,shard-003,186,24.203932402841723,79.17504150054893,48.47457779937862,43.57346935141344,61.221461051725676,13.67630882480567,8.185671699432039,True,0,True,0,93.71627797351493,0,410,1575492,42.043285441072406
2024-01-03 19:15:00,node-us-west-2b-02,us-west-2,2b,shard-004,406,29.415476724735644,60.96219674430542,62.923054402686404,88.98777317028372,111.93841649671951,32.05482690752824,19.08889657555977,True,0,False,34,90.59299066149904,0,390,2931299,29.33119503824237
2024-01-03 19:15:00,node-eu-west-1a-01,eu-west-1,1a,shard-002,621,30.247595439272953,45.91356529295152,68.70212453841606,139.14229451542343,170.23690635605024,43.10160275373989,29.37955799628308,True,0,False,12,95.55184139242535,0,295,4413153,26.132313036069064
2024-01-03 19:30:00,node-us-east-1a-01,us-east-1,1a,shard-001,543,29.854025232948974,52.818259919591,62.35222642540205,111.54318849275528,155.2254747497823,50.06091609313815,24.74975990285045,True,0,True,0,93.9153327661147,0,266,4725643,67.76671924802754
2024-01-03 19:30:00,node-us-east-1b-02,us-east-1,1b,shard-002,563,29.73393363394177,75.62986651649479,69.8322575617484,120.1805808772622,175.1585445296009,39.76228992612982,23.743347616235965,True,0,False,42,97.60345957353084,0,497,2673263,98.19731211863859
2024-01-03 19:30:00,node-us-east-1c-03,us-east-1,1c,shard-001,598,33.99901653571384,55.02636819564515,55.35118636034935,135.3586802148464,171.78300673526473,45.19158467943007,26.586526633872676,True,0,False,40,92.85348186412085,0,329,2960054,34.70532743042759
2024-01-03 19:30:00,node-us-west-2a-01,us-west-2,2a,shard-003,322,27.28582749162547,42.73570337730105,44.9339512134709,56.250613230041495,89.89328245254019,21.82044784725294,15.484666460706519,True,0,True,0,89.64530342365221,0,333,3942588,67.62601304826629
2024-01-03 19:30:00,node-us-west-2b-02,us-west-2,2b,shard-004,238,23.976737951124537,42.056629201402394,52.26963811199575,53.16312703635243,76.19571723498943,16.373615747473465,13.343118055567903,True,0,False,15,91.26114822901971,0,66,3131357,37.63144715966266
2024-01-03 19:30:00,node-eu-west-1a-01,eu-west-1,1a,shard-002,214,24.975605509568556,74.4932536003948,35.1604169193661,46.48482540287833,52.88422732867291,17.43446157121858,9.70598512593287,True,0,False,36,91.02153776066673,0,476,4490005,39.06656368988324
2024-01-03 19:45:00,node-us-east-1a-01,us-east-1,1a,shard-001,609,33.80464384373178,69.43796079194124,32.375216937496226,132.54399939210535,213.28902082748985,42.29179549212292,33.73655693631574,True,0,True,0,86.3250510052155,0,296,2117975,90.98445085461697
2024-01-03 19:45:00,node-us-east-1b-02,us-east-1,1b,shard-002,173,23.082721636443207,45.83999071348685,62.27365145205367,34.476873948618376,57.74002965097759,12.332331581499819,9.298516199406974,True,0,False,40,91.76157474492156,0,281,3040578,22.238730016284116
2024-01-03 19:45:00,node-us-east-1c-03,us-east-1,1c,shard-001,456,27.78983270395778,47.486472011254605,54.55667206176303,106.31881751607871,130.71325839507193,33.342441175189975,22.05532253829335,True,0,False,27,90.84644099836804,0,332,2267963,44.81741987599577
2024-01-03 19:45:00,node-us-west-2a-01,us-west-2,2a,shard-003,386,26.623329272054274,74.67600740244433,60.999973773041845,65.16947434410014,124.76946150158692,27.227671802102797,21.360920547019333,True,0,True,0,97.70459431153468,0,80,3410608,43.52210256628353
2024-01-03 19:45:00,node-us-west-2b-02,us-west-2,2b,shard-004,336,27.091755451299427,62.584696730525,36.330811323839484,75.39197130934824,102.16913023479457,31.233799515944817,17.52396281289434,True,0,False,31,87.65200042651024,0,403,4318685,73.93941816044149
2024-01-03 19:45:00,node-eu-west-1a-01,eu-west-1,1a,shard-002,591,32.086096171515436,57.792110032584745,45.53399923457129,99.88278378557912,159.83106100553326,45.83367188192342,25.160717301856614,True,0,False,28,86.25622014418845,0,496,3505922,34.10458388739631
2024-01-03 20:00:00,node-us-east-1a-01,us-east-1,1a,shard-001,370,27.530627847684958,64.21082235270168,50.55344271938614,85.80911926593163,91.87963244595167,31.477526666899752,16.425227209816406,True,0,True,0,89.51438388227955,0,154,1528291,54.65490692560864
2024-01-03 20:00:00,node-us-east-1b-02,us-east-1,1b,shard-002,187,24.469066841436835,66.25235524232025,31.578125887093293,30.224638833291404,50.460030513379365,14.615278377864348,9.096804749001763,True,0,False,48,92.08343574607355,0,186,4591918,47.726661950142926
2024-01-03 20:00:00,node-us-east-1c-03,us-east-1,1c,shard-001,495,30.617620020987907,51.216128600308586,49.321588603278215,107.67748505978604,142.44958394314924,38.90590444568569,27.267483214585535,True,0,False,38,87.58439554739435,0,350,3112119,87.85921338052833
2024-01-03 20:00:00,node-us-west-2a-01,us-west-2,2a,shard-003,380,28.89210048745647,70.32250633834089,54.57827747472125,87.36719779923493,125.26452694133964,36.40942829831375,19.87516146550133,True,0,True,0,92.57289784096648,0,390,3660497,36.71759807015111
2024-01-03 20:00:00,node-us-west-2b-02,us-west-2,2b,shard-004,495,28.33394152683934,73.59949656966792,42.15954027236618,84.66645374842504,155.20328217002407,34.16187960955697,25.23977727049352,True,0,False,17,91.60570334817008,0,180,3557353,35.139101790264455
2024-01-03 20:00:00,node-eu-west-1a-01,eu-west-1,1a,shard-002,336,27.003161469480617,46.88906256319263,60.86259728079984,65.80435185493849,80.73656799911755,24.986729684715275,16.448357723906714,True,0,False,45,92.37372919146787,0,419,2533721,28.242082393903367
2024-01-03 20:15:00,node-us-east-1a-01,us-east-1,1a,shard-001,441,29.08113357214159,50.305423793077864,65.97845153787021,83.7867129219111,129.66462557813432,32.692848412891635,25.6677554793327,True,0,True,0,94.14482374026326,0,441,3149773,93.19997500202798
2024-01-03 20:15:00,node-us-east-1b-02,us-east-1,1b,shard-002,303,26.373230833657782,72.28179245275336,69.0180716592747,48.97546436299246,85.18736491666424,19.48540050118485,12.488237927449534,True,0,False,29,87.27201559489657,0,252,3359963,45.442632567435275
2024-01-03 20:15:00,node-us-east-1c-03,us-east-1,1c,shard-001,585,32.28681377860431,66.16683032702173,47.17545932190165,136.57774978885598,209.0008637766754,42.60135545376464,30.476236181041052,True,0,False,11,93.57861435393099,0,260,2212048,75.8119471323287
2024-01-03 20:15:00,node-us-west-2a-01,us-west-2,2a,shard-003,401,28.981604591743455,73.12616954074448,45.93074225254567,71.0263960052237,103.63693022793628,34.00835732192587,18.82072530530898,True,0,True,0,86.19843351410742,0,389,2748941,83.50581030751445
2024-01-03 20:15:00,node-us-west-2b-02,us-west-2,2b,shard-004,278,24.562620055447493,77.23143900388921,31.8296330840907,47.99499433504492,87.4871384236647,26.342783982943754,12.210951860804048,True,0,False,49,91.65207660200245,0,251,2112874,75.58135595029171
2024-01-03 20:15:00,node-eu-west-1a-01,eu-west-1,1a,shard-002,241,25.433363654444094,75.55288501054788,60.376061736108966,41.438815994548,78.13725940396755,19.962386878030784,10.479953579306226,True,0,False,4,90.13713838486989,0,92,4189739,72.06382565899264
2024-01-03 20:30:00,node-us-east-1a-01,us-east-1,1a,shard-001,275,26.191960037373526,70.53598031241978,35.06391584951461,57.8375562539285,95.38838109708847,20.351818316032126,11.565202726031774,True,0,True,0,91.44963216541171,0,142,3988636,34.39373931401433
2024-01-03 20:30:00,node-us-east-1b-02,us-east-1,1b,shard-002,439,28.559538795985898,69.50888651049056,34.577149866994155,76.87524565059422,147.313051306054,36.27525158842572,20.648693907142885,True,0,False,46,85.88531718423347,0,61,2451014,48.3622927062595
2024-01-03 20:30:00,node-us-east-1c-03,us-east-1,1c,shard-001,200,24.297800234245223,41.661989220173176,67.21059960298973,46.10835855096247,61.65922491726525,17.3649356213518,8.901994799503177,True,0,False,29,88.54347917004326,0,259,3323326,75.31146508643441
2024-01-03 20:30:00,node-us-west-2a-01,us-west-2,2a,shard-003,251,25.76924619136164,72.38268889392783,62.154942961279815,41.351121524345004,62.048205625104934,17.295879246440176,11.163733443709035,True,0,True,0,86.57346557844738,0,328,1672689,69.48872730054859
2024-01-03 20:30:00,node-us-west-2b-02,us-west-2,2b,shard-004,323,26.727002221223238,62.36554382512676,54.08847358675678,76.6500316878648,88.14852150967583,27.75964752737663,13.581616607113316,True,0,False,9,86.01620656555956,0,71,3617707,63.39039823398264
2024-01-03 20:30:00,node-eu-west-1a-01,eu-west-1,1a,shard-002,112,22.346850533028885,50.7494206002058,44.53149513989786,26.79524234852493,32.280070058567645,8.1052663969977,5.10516711406779,True,0,False,45,96.53158016036316,0,305,4018482,53.30584218111789
2024-01-03 20:45:00,node-us-east-1a-01,us-east-1,1a,shard-001,811,35.3530746526546,71.31771213465328,33.55941433359154,132.92297651126455,290.3397698193993,74.01879794639919,43.30661581394891,True,0,True,0,95.93393598598595,0,346,3262949,86.17656307059985
2024-01-03 20:45:00,node-us-east-1b-02,us-east-1,1b,shard-002,290,26.5610619536359,54.273583275542514,69.84991806620869,54.93642711001542,71.14389347167999,21.786284994538196,16.311812597233903,True,0,False,32,91.89567018127075,0,197,4327831,33.5794156494171
2024-01-03 20:45:00,node-us-east-1c-03,us-east-1,1c,shard-001,437,28.66137775619326,69.13075634588785,38.18059705432009,102.28551932772976,140.8866108107627,32.15224276521269,25.57451504572289,True,0,False,7,88.23408867910726,0,266,2656095,67.68963196963279
2024-01-03 20:45:00,node-us-west-2a-01,us-west-2,2a,shard-003,476,27.85112139129513,70.52241348867842,32.18817991766163,108.66784426819272,140.7542341450081,37.7052365385864,26.26236621620782,True,0,True,0,90.3338422829359,0,370,2016762,24.902560695246628
2024-01-03 20:45:00,node-us-west-2b-02,us-west-2,2b,shard-004,408,28.835143452785363,65.50070042431281,47.368663372334794,71.91151316675312,107.43833726996358,37.09596743234411,18.27574333950725,True,0,False,10,85.14529822514193,0,376,4039819,37.809436197241475
2024-01-03 20:45:00,node-eu-west-1a-01,eu-west-1,1a,shard-002,581,31.76347772268295,53.50665692030178,48.954933052020515,120.77913828022037,206.56193752142008,43.866501705501406,30.73536198440828,True,0,False,3,87.91107468990693,0,240,2264554,38.65093426252141
2024-01-03 21:00:00,node-us-east-1a-01,us-east-1,1a,shard-001,719,32.304870549996544,58.21637443646006,39.74199366003485,164.26895373319735,193.56075475219072,54.04757960240671,38.24272367747385,True,0,True,0,92.9654916861056,0,153,2662351,88.84229367632277
2024-01-03 21:00:00,node-us-east-1b-02,us-east-1,1b,shard-002,266,26.06293115706002,50.607786076493596,40.24021624167122,45.43170154136675,70.2489591746053,17.51750612757331,13.06647707689749,True,0,False,38,89.14749909540967,0,178,4069753,58.184704252779085
2024-01-03 21:00:00,node-us-east-1c-03,us-east-1,1c,shard-001,387,26.91959297696402,75.28898452438281,61.506669482819284,79.98256083218365,111.15480651493634,33.84483835444702,21.240588252757217,True,0,False,27,93.10438648590089,0,63,4575206,88.76689062181202
2024-01-03 21:00:00,node-us-west-2a-01,us-west-2,2a,shard-003,204,24.2137380686445,61.059284550259434,32.17552023653605,44.658202215188815,49.37576883291081,16.73921122793278,10.20502540110256,True,0,True,0,88.27359420037436,0,148,2487027,73.51584162321817
2024-01-03 21:00:00,node-us-west-2b-02,us-west-2,2b,shard-004,259,26.11928665737975,54.450334165234054,47.076741927170744,49.87208456880774,76.26701035695687,23.166274759997616,12.674463196378118,True,0,False,48,92.74469550969904,0,377,4657039,28.526336909395937
2024-01-03 21:00:00,node-eu-west-1a-01,eu-west-1,1a,shard-002,506,30.877754989167187,66.30348643180821,37.6161221582427,106.07974101037783,143.36456321427323,33.900150889163505,20.28731342148901,True,0,False,45,85.04344943488303,0,227,4694172,63.876893201017246
2024-01-03 21:15:00,node-us-east-1a-01,us-east-1,1a,shard-001,862,37.457911155708786,70.07272769332744,61.44873958455349,189.91744495543935,208.57215332726085,67.46655201319142,38.711815762768836,True,0,True,0,90.96763440592599,0,379,2329012,88.55085407348713
2024-01-03 21:15:00,node-us-east-1b-02,us-east-1,1b,shard-002,491,31.11257334262911,46.3132382969643,52.76065143306359,102.76699176227064,176.63457575059638,45.035321038379884,24.04480609725171,True,0,False,40,96.62884669745209,0,301,2097434,28.190587958308768
2024-01-03 21:15:00,node-us-east-1c-03,us-east-1,1c,shard-001,415,29.253647058500032,69.88224301558071,35.527150903634464,83.75417118218284,143.77859875790494,39.11563248052091,20.604871538023833,True,0,False,15,89.25260994519563,0,395,1724055,50.77533290367188
2024-01-03 21:15:00,node-us-west-2a-01,us-west-2,2a,shard-003,507,29.70131369300978,70.83250643694028,45.106304044010116,112.08768763722426,141.94427470431293,44.487940308637285,27.692854036516582,True,0,True,0,89.94554653451178,0,246,4906975,74.88909238268789
2024-01-03 21:15:00,node-us-west-2b-02,us-west-2,2b,shard-004,338,25.430848280463152,51.52135812635311,50.85641015440373,57.80625286659214,95.49029268295655,32.19454736541858,18.246911471978038,True,0,False,10,93.11636958745349,0,125,3692715,86.34107559581365
2024-01-03 21:15:00,node-eu-west-1a-01,eu-west-1,1a,shard-002,370,26.697088091675557,47.91843365075421,52.48530277796713,81.31714298099683,122.25069619349735,28.01774831762876,21.448135908693924,True,0,False,15,87.681420486696,0,449,3376104,87.48334191219995
2024-01-03 21:30:00,node-us-east-1a-01,us-east-1,1a,shard-001,718,33.87008310455993,77.76237035698861,62.834371756855006,125.98239388023717,227.14793687540856,68.49186791214193,37.233865826434624,True,0,True,0,85.75787004590708,0,336,3699532,75.47012817675397
2024-01-03 21:30:00,node-us-east-1b-02,us-east-1,1b,shard-002,288,26.804745177771032,44.65179185542385,43.32808756851523,60.35369873327323,101.3790555237387,25.932423922357543,16.899216714448063,True,0,False,35,97.60343130566336,0,370,3511167,60.45353850362901
2024-01-03 21:30:00,node-us-east-1c-03,us-east-1,1c,shard-001,583,33.70112501131815,41.21290527188864,49.8888546519398,120.56092846361271,163.56568995429382,38.62425093773089,28.68176693311043,True,0,False,12,95.04203717380673,0,193,3134436,43.296371040967344
2024-01-03 21:30:00,node-us-west-2a-01,us-west-2,2a,shard-003,266,26.320176766048274,44.71180994575397,42.45021399196132,44.970884930802825,65.08925975942272,23.86177260507942,13.175811566918574,True,0,True,0,86.53591928299342,0,287,4368891,86.61215113790503
2024-01-03 21:30:00,node-us-west-2b-02,us-west-2,2b,shard-004,153,23.029774806390268,61.76656709341287,68.00135960648623,29.266925052162765,44.228711592021575,10.628893987521167,9.1780055421444,True,0,False,8,88.90128051625607,0,329,3284380,62.5671618794093
2024-01-03 21:30:00,node-eu-west-1a-01,eu-west-1,1a,shard-002,452,30.72270038284414,62.23671786559411,63.07814989162257,83.11428580480984,153.9742169099665,39.96418825438932,24.323899015751547,True,0,False,48,96.95605999579946,0,273,2538062,88.82993648169315
2024-01-03 21:45:00,node-us-east-1a-01,us-east-1,1a,shard-001,225,24.054702630051494,77.65818035522594,63.66470090540048,52.559103191248944,79.32215543043445,21.06101745971853,11.465546950993314,False,204,True,0,86.0696892989596,0,382,2661630,74.11531275023623
2024-01-03 21:45:00,node-us-east-1b-02,us-east-1,1b,shard-002,358,27.260863329790126,64.18468176852632,58.58356747997196,63.58020575172009,91.18663767978536,24.442552550705518,15.975899839910499,True,0,False,17,92.97179166677421,0,472,4432574,88.56073101415517
2024-01-03 21:45:00,node-us-east-1c-03,us-east-1,1c,shard-001,505,29.809255237671856,47.60603973796013,61.59253648499485,85.53747712587621,128.88642883625238,37.699382784493636,29.061559760248368,True,0,False,49,85.90452359883646,0,459,1521272,74.32903687817816
2024-01-03 21:45:00,node-us-west-2a-01,us-west-2,2a,shard-003,222,25.132866470340996,56.4807123867021,37.39880116087956,41.80804621762874,77.20501483363829,17.766239016686555,9.894822629597144,True,0,True,0,92.3310173353882,0,99,4266118,69.32331232993207
2024-01-03 21:45:00,node-us-west-2b-02,us-west-2,2b,shard-004,509,31.13156813775831,79.6977417530455,49.38669104144702,99.13655077295952,174.6022676160473,42.39362638778576,27.78067296160953,True,0,False,29,96.3857997872358,0,441,1582325,94.32868866046446
2024-01-03 21:45:00,node-eu-west-1a-01,eu-west-1,1a,shard-002,401,26.604870565900413,79.79650127641612,41.940916875926085,65.04590813427153,119.09275434225766,36.522645072989626,23.636356694521425,True,0,False,21,88.81503511828795,0,97,3872317,95.03420316598478
2024-01-03 22:00:00,node-us-east-1a-01,us-east-1,1a,shard-001,283,25.41715561590805,56.444185464598846,58.80029272475297,46.397092387659804,76.23568146338572,26.24689690999746,11.465597667029119,True,0,True,0,92.88479889317243,0,440,2198812,40.33783572172801
2024-01-03 22:00:00,node-us-east-1b-02,us-east-1,1b,shard-002,194,24.64554276098352,41.646412923073235,47.76224555273142,37.99340521099413,65.16516930577176,16.626952675078773,9.36070325426085,True,0,False,20,90.7825055481725,0,194,3241819,30.865986679713487
2024-01-03 22:00:00,node-us-east-1c-03,us-east-1,1c,shard-001,164,23.743833828376676,40.38099585261692,41.002587475601686,36.62457742681931,42.069461539602116,13.156439031995113,6.847737576406282,True,0,False,43,94.06628206835128,0,455,2202049,93.0434669201543
2024-01-03 22:00:00,node-us-west-2a-01,us-west-2,2a,shard-003,429,28.25348038052322,67.63452222762535,53.6087020896061,98.14395825235347,137.58712288123047,31.254717886767104,17.95771794314831,True,0,True,0,96.39153317009436,0,268,2829246,53.41035038791506
2024-01-03 22:00:00,node-us-west-2b-02,us-west-2,2b,shard-004,272,26.360314142367912,73.54538432997074,30.732393734312854,56.25027431924924,97.86997031289377,19.098389945434104,15.748233421308901,True,0,False,15,95.33321882855365,0,137,3566415,32.85699948921998
2024-01-03 22:00:00,node-eu-west-1a-01,eu-west-1,1a,shard-002,164,23.77664991396265,75.16005424833075,69.1972554737572,27.706899851692285,43.85298010615336,11.960818172248443,8.393853139677569,True,0,False,22,94.13735206468957,0,204,2155126,82.74825093408347
2024-01-03 22:15:00,node-us-east-1a-01,us-east-1,1a,shard-001,855,38.19034213535087,63.66374205519285,64.38929652980939,180.96821332098602,235.3007207057818,61.45014914968571,46.80723058780246,True,0,True,0,95.64256804394849,0,405,1240876,97.88204888069697
2024-01-03 22:15:00,node-us-east-1b-02,us-east-1,1b,shard-002,279,25.084730777700262,49.17659740597321,67.36928385152189,46.63882340462926,78.77105875994599,23.933730405321214,12.750608839254326,True,0,False,47,86.33533502128843,0,254,3099508,35.68546844825474
2024-01-03 22:15:00,node-us-east-1c-03,us-east-1,1c,shard-001,570,31.394240787774727,40.26810441261408,63.231690964455275,108.88121770961983,142.24785569841347,47.04388396899915,25.640882503167447,True,0,False,12,95.10141415888789,0,257,4155047,40.81312751463994
2024-01-03 22:15:00,node-us-west-2a-01,us-west-2,2a,shard-003,305,27.156356809705805,54.08968122982357,58.56472511719017,49.537057243152454,78.16824858892097,22.263223362730614,12.606726834140858,True,0,True,0,97.32034045020542,0,226,1794906,30.979735724030782
2024-01-03 22:15:00,node-us-west-2b-02,us-west-2,2b,shard-004,223,24.604537232591305,78.92748703886966,48.74348814432335,50.01986587472921,72.74741055810466,18.0324592375999,9.511906656397128,True,0,False,21,94.41191838247045,0,219,3639607,64.28778018751349
2024-01-03 22:15:00,node-eu-west-1a-01,eu-west-1,1a,shard-002,135,22.28636221648207,63.81941281143234,66.26131504051845,28.642495469649745,46.921113793123226,10.595990298844479,7.484005658372835,True,0,False,34,91.51516440156526,0,269,2719211,68.31176220708008
2024-01-03 22:30:00,node-us-east-1a-01,us-east-1,1a,shard-001,567,30.59018768317939,67.20913100617977,33.93258639579627,109.40138369593242,139.27780662377162,48.19027198020101,26.87888644036838,True,0,True,0,97.03363306213456,0,412,2411044,78.89882616819725
2024-01-03 22:30:00,node-us-east-1b-02,us-east-1,1b,shard-002,797,34.08825432705306,52.84541758029359,62.09792052093369,151.92760504544773,269.08014746145716,64.65759006194848,33.83913226517884,True,0,False,14,89.67466097697087,0,167,4431479,70.17483096328822
2024-01-03 22:30:00,node-us-east-1c-03,us-east-1,1c,shard-001,364,25.90437375473407,53.19981776032347,31.26833870847397,85.84220158451437,127.01126356307672,26.205450213989618,15.675988470759188,True,0,False,14,87.53088305173775,0,477,4411026,45.33569831419693
2024-01-03 22:30:00,node-us-west-2a-01,us-west-2,2a,shard-003,407,29.326315135873482,61.80392420422946,65.16755315080692,68.30412537455675,104.7526613450042,34.4012697812431,22.701385229593395,True,0,True,0,86.87017835364105,0,225,4766591,85.22207008452702
2024-01-03 22:30:00,node-us-west-2b-02,us-west-2,2b,shard-004,445,27.33530640040223,42.24417425970185,68.80435386046415,99.86753846028105,144.42031451884202,36.82239529051541,23.983102726309042,True,0,False,11,87.23430561741753,0,267,2059420,90.02433634168229
2024-01-03 22:30:00,node-eu-west-1a-01,eu-west-1,1a,shard-002,535,29.7675300377991,53.705300438743,47.8180128279579,97.60853740568493,129.6088423276306,36.63038116061072,30.60362789832419,True,0,False,8,85.01309673839033,0,227,2717076,36.97485855128883
2024-01-03 22:45:00,node-us-east-1a-01,us-east-1,1a,shard-001,457,28.62720667170113,42.3099360902428,49.200149712127434,82.9394536794698,132.73495137132528,29.657741224376004,25.866831705831697,True,0,True,0,86.0416673775813,0,58,2633267,52.699895677322495
2024-01-03 22:45:00,node-us-east-1b-02,us-east-1,1b,shard-002,298,26.166759359113083,77.71092424928423,37.28784027347663,55.69214085924455,94.56952302417594,25.680555405985828,16.971384986172136,True,0,False,17,94.17184157822071,0,188,3322347,96.72156156221806
2024-01-03 22:45:00,node-us-east-1c-03,us-east-1,1c,shard-001,503,31.17025595742952,77.44274341091992,44.65180658772837,119.46262438803677,129.79847794362172,32.82337289129781,22.640194122536457,True,0,False,46,93.01835266915332,0,162,3216497,82.85995712500645
2024-01-03 22:45:00,node-us-west-2a-01,us-west-2,2a,shard-003,447,29.496275839739646,58.86981264992997,33.06337473871811,107.26673187617712,130.63189674156007,32.16006657558814,24.089294203042133,True,0,True,0,89.36483864514732,0,186,2314718,76.79767196638826
2024-01-03 22:45:00,node-us-west-2b-02,us-west-2,2b,shard-004,295,24.825416602172925,76.61306074165128,47.305942876466816,48.2455158102473,99.26061667544111,26.76293756767738,12.30754519362721,True,0,False,4,94.51545321123346,0,125,2305646,43.74407508128642
2024-01-03 22:45:00,node-eu-west-1a-01,eu-west-1,1a,shard-002,140,23.090170135869847,45.283401679826895,61.53229136571176,26.511682405168354,36.588738125329314,9.91947197985769,6.204541294836799,True,0,False,42,92.86411489207558,0,153,3803236,98.16311680783099
2024-01-03 23:00:00,node-us-east-1a-01,us-east-1,1a,shard-001,211,23.56126849198614,42.192152368880265,50.11524038548504,50.262601627046436,62.0457589015022,17.65295565519027,10.620682902801173,True,0,True,0,94.51066286055699,0,427,1028918,59.24484194884059
2024-01-03 23:00:00,node-us-east-1b-02,us-east-1,1b,shard-002,645,33.90861080205871,48.72232147907242,64.14965763585215,112.22843688280366,218.2425661127633,45.85736542964448,31.90336369708043,True,0,False,41,97.02188855111532,0,476,2735948,57.92775237182083
2024-01-03 23:00:00,node-us-east-1c-03,us-east-1,1c,shard-001,255,25.101249668755603,48.49828051147647,56.775003994326084,61.18425439126875,63.06579552486231,22.30319898012036,13.965446219499155,True,0,False,40,95.09185484292438,0,449,4921014,92.68729502633148
2024-01-03 23:00:00,node-us-west-2a-01,us-west-2,2a,shard-003,220,25.147664145883116,51.13923627514524,49.96087651029071,35.75995572404955,68.03070443069109,15.84638456769968,12.798794066261737,True,0,True,0,90.35081527786129,0,164,1296654,75.03088638185486
2024-01-03 23:00:00,node-us-west-2b-02,us-west-2,2b,shard-004,447,27.87383014575108,66.83141127916474,66.82584353801165,87.66746764414272,126.28716582298644,38.5802191695677,18.261118543595398,True,0,False,5,85.10134803458682,0,138,1701310,63.24356327628983
2024-01-03 23:00:00,node-eu-west-1a-01,eu-west-1,1a,shard-002,188,23.331831148704318,59.45549668518983,41.04880795224031,41.95839073164274,45.157527491392074,18.044463623227312,10.46647612255682,True,0,False,20,93.99154855638025,0,132,4924573,67.80515563421386
2024-01-03 23:15:00,node-us-east-1a-01,us-east-1,1a,shard-001,980,38.22896524499476,58.77318552070045,57.86592206360915,204.57717557489275,297.8842887750341,75.23822763901607,57.10902171507815,True,0,True,0,86.3174217570457,0,223,4162614,25.093444606382185
2024-01-03 23:15:00,node-us-east-1b-02,us-east-1,1b,shard-002,461,30.91714577169721,47.57119041470415,46.08123353611924,92.47580182931394,110.83367056761901,32.73120786764506,23.207668056915853,True,0,False,10,93.47754059556334,0,306,3244839,62.321792236340144
2024-01-03 23:15:00,node-us-east-1c-03,us-east-1,1c,shard-001,584,32.62127821060683,62.168816526511286,30.18557569994079,133.22255318299742,199.45232282104118,52.6139201676896,26.414625876794275,True,0,False,47,86.80670702377189,0,60,4304160,31.943000846019753
2024-01-03 23:15:00,node-us-west-2a-01,us-west-2,2a,shard-003,186,23.142890821468345,41.91076549272421,59.12014075350962,42.178459249661024,60.764832549114494,12.369115088050236,10.750635968347785,True,0,True,0,90.62379726152552,0,380,2789965,92.27560767479795
2024-01-03 23:15:00,node-us-west-2b-02,us-west-2,2b,shard-004,250,24.350375774377767,73.46052024739559,44.005978074221005,54.41534192726287,75.30535222337014,22.996463694774974,14.819894886669388,True,0,False,26,85.69278300731847,0,93,2558096,89.34657617401736
2024-01-03 23:15:00,node-eu-west-1a-01,eu-west-1,1a,shard-002,512,32.21205601082603,40.038851554138326,50.95145143681482,101.4216190609386,159.45526920617917,44.440301919807375,27.933668275927108,True,0,False,50,94.1872824505789,0,311,3279651,41.65749432555795
2024-01-03 23:30:00,node-us-east-1a-01,us-east-1,1a,shard-001,363,26.784855072103475,63.22113035023311,67.6549604668259,70.46385251298707,129.36986025268027,27.132743373229225,17.45562270010745,True,0,True,0,94.71613609123332,0,115,4777068,55.94766781107181
2024-01-03 23:30:00,node-us-east-1b-02,us-east-1,1b,shard-002,197,24.408416199931356,64.71196427331343,51.36187082399546,38.4176498131074,63.803569175710024,14.946637761283394,10.656679630235175,True,0,False,9,85.44538737226229,0,424,3496304,97.95976509957669
2024-01-03 23:30:00,node-us-east-1c-03,us-east-1,1c,shard-001,320,26.434418618504683,46.150996268859956,52.80990141346423,54.72369128691374,90.31873586166301,22.445755153546614,18.68293012184197,True,0,False,41,95.75206748046172,0,92,4690266,60.589481473852196
2024-01-03 23:30:00,node-us-west-2a-01,us-west-2,2a,shard-003,442,27.129137072814856,52.30895557022776,61.186987363055714,72.20017450371387,136.9944191634786,34.98536439854938,19.73369281038579,True,0,True,0,95.57563617033698,0,226,2902339,35.60058205348595
2024-01-03 23:30:00,node-us-west-2b-02,us-west-2,2b,shard-004,154,23.394521009323874,55.25883846412475,62.78261550969465,30.580048723241028,38.121799163800326,12.313763745090982,8.714201133592287,True,0,False,20,96.42813242623558,0,215,1151384,27.74848516787337
2024-01-03 23:30:00,node-eu-west-1a-01,eu-west-1,1a,shard-002,421,28.022298678635565,60.85797081784763,54.90350319803041,88.05852455749807,107.69912283238928,31.198221589132917,18.674763062028156,True,0,False,10,91.5899215379324,0,431,4556870,87.21295676134031
2024-01-03 23:45:00,node-us-east-1a-01,us-east-1,1a,shard-001,397,27.843262464878023,48.579517726780445,66.8144360282079,83.41634888507872,105.68570773082567,33.9340805281786,18.323541290907624,True,0,True,0,92.60683788205633,0,273,2916038,31.306588900059076
2024-01-03 23:45:00,node-us-east-1b-02,us-east-1,1b,shard-002,344,26.473036014662576,56.29383723450772,45.42264036745492,64.29811498781446,86.85471743617501,30.95085520393774,18.643136369314206,True,0,False,46,88.40852356562212,0,77,4149939,86.16583819439958
2024-01-03 23:45:00,node-us-east-1c-03,us-east-1,1c,shard-001,166,23.733827166454805,75.94369136932377,69.59809714964462,39.04315693299479,40.58552049745947,13.522335007207381,8.9011209115971,True,0,False,15,92.69105500924954,0,382,2772061,68.44004446959843
2024-01-03 23:45:00,node-us-west-2a-01,us-west-2,2a,shard-003,430,27.377627434700813,57.52654476709071,66.88533770428725,75.92155274059294,152.00561177822155,39.041297649141725,22.40175642158656,True,0,True,0,89.6037399141579,0,403,3429596,36.45992611836961
2024-01-03 23:45:00,node-us-west-2b-02,us-west-2,2b,shard-004,365,26.478224138070914,56.538963202587375,54.57758306281434,82.60853276537493,106.72461704557323,31.14616419246525,21.175189059543463,True,0,False,7,91.16000077174924,0,251,1173059,95.84350912810251
2024-01-03 23:45:00,node-eu-west-1a-01,eu-west-1,1a,shard-002,466,28.343420686489914,67.5118541100929,43.857293939445505,100.73862204770555,160.07694169985785,40.34713851061701,19.77538237842026,True,0,False,4,86.29708437001702,0,143,3811993,73.02871979119105
2024-01-04 00:00:00,node-us-east-1a-01,us-east-1,1a,shard-001,231,24.06023289016813,73.55591941025196,46.506945284929934,46.524696900628655,76.13906329830162,19.074659362833177,11.803517235014654,True,0,True,0,91.81137489472022,0,409,4425750,60.94108842837733
2024-01-04 00:00:00,node-us-east-1b-02,us-east-1,1b,shard-002,499,29.652884616120467,77.68407053156426,54.45213856247358,104.66497574444497,123.06943813815029,39.93613828549236,20.035425596755932,True,0,False,44,88.17849702464179,0,226,3606504,82.80313441724715
2024-01-04 00:00:00,node-us-east-1c-03,us-east-1,1c,shard-001,454,27.500486673584295,64.9879112288825,33.04832523939138,73.66669154751926,134.88943959213273,43.056504104037906,24.370241959857427,True,0,False,5,96.36435264765485,0,180,1255463,93.36931824671476
2024-01-04 00:00:00,node-us-west-2a-01,us-west-2,2a,shard-003,468,30.5782709986382,73.66434302986477,36.72587105623044,75.41644064221425,160.75416957968233,30.31683249045423,19.725500094383236,True,0,True,0,93.28128517170828,0,396,1472872,81.19722852099841
2024-01-04 00:00:00,node-us-west-2b-02,us-west-2,2b,shard-004,259,24.566973331598927,56.47398754056553,69.54044664663348,50.708166065383416,64.25894394112257,21.05142484979402,12.270916857792091,True,0,False,40,97.58928763909982,0,80,4252286,97.24885743767292
2024-01-04 00:00:00,node-eu-west-1a-01,eu-west-1,1a,shard-002,210,24.20333897461311,67.52039521575861,41.74955073983473,47.24893815262583,72.93820355658798,14.104411907697207,10.33393663553034,True,0,False,31,87.3236633888596,0,466,3160343,48.29627590337467
2024-01-04 00:15:00,node-us-east-1a-01,us-east-1,1a,shard-001,718,33.726298585886425,48.50144598899689,66.04787154876672,154.97792845176062,197.85734334931306,46.47315353912375,40.90967473655479,True,0,True,0,90.23755322538693,0,249,4410228,74.73217798904088
2024-01-04 00:15:00,node-us-east-1b-02,us-east-1,1b,shard-002,724,35.1859516042866,67.45491188817402,62.189942116653164,133.30075909939765,213.8528430056247,54.47321168214974,33.555862646618536,True,0,False,1,88.37170692081287,0,348,2600578,57.2448847730893
2024-01-04 00:15:00,node-us-east-1c-03,us-east-1,1c,shard-001,648,30.80495156368538,65.92602589229311,49.515210526586486,118.4419458097897,225.46147648488125,45.58546839055018,31.42284840436042,True,0,False,11,97.07319765361497,0,148,3037070,85.02135107838457
2024-01-04 00:15:00,node-us-west-2a-01,us-west-2,2a,shard-003,238,25.608540573499635,55.10330749446254,65.81761470155777,41.35664306182416,63.33506346820684,15.352979904297078,11.64124366980207,True,0,True,0,86.7230173160636,0,492,1395726,96.99509297756852
2024-01-04 00:15:00,node-us-west-2b-02,us-west-2,2b,shard-004,453,30.09235074081503,53.42860753994049,36.104707824880876,91.11652435599822,153.4817777234939,34.842119154571925,21.97522560200008,True,0,False,13,93.92312190374719,0,346,2885663,56.17758026304535
2024-01-04 00:15:00,node-eu-west-1a-01,eu-west-1,1a,shard-002,383,27.516204188844195,50.70249882292787,52.69527913283493,79.8543373454084,106.1133384929998,34.216354560172185,21.472769830990927,True,0,False,50,97.43649848127966,0,331,4718433,49.15232031064994
2024-01-04 00:30:00,node-us-east-1a-01,us-east-1,1a,shard-001,471,28.573552151742447,60.20903196327244,38.11596507013522,92.33845349796717,159.08690772184073,38.51643403530777,23.241498664212635,True,0,True,0,97.69173078970196,0,112,2672997,60.920592169861
2024-01-04 00:30:00,node-us-east-1b-02,us-east-1,1b,shard-002,459,30.752169277780602,57.54254391648878,53.00211906358816,74.76714273950458,116.04569422632318,29.886116443965534,27.005661336061465,True,0,False,5,85.28474346211142,0,181,1554936,55.932109493032236
2024-01-04 00:30:00,node-us-east-1c-03,us-east-1,1c,shard-001,564,32.693336834302194,57.317239276977716,57.04816903803109,99.16210053603928,178.28059361963022,40.3621499563741,32.83130914124593,True,0,False,25,97.62992154429378,0,198,4012709,50.093972300297466
2024-01-04 00:30:00,node-us-west-2a-01,us-west-2,2a,shard-003,244,25.667999485224755,77.44862417376682,47.678390378120056,42.75685970212375,70.84211897118851,20.860889850600117,13.261142596743499,True,0,True,0,85.4957699207332,0,384,2264847,90.5459053692503
2024-01-04 00:30:00,node-us-west-2b-02,us-west-2,2b,shard-004,420,26.921448933666184,68.42786834526001,54.410606320390805,95.58685260599279,106.82591515224867,33.42154135866336,23.857191002220006,True,0,False,45,88.425514464616,0,142,3214408,20.94241329808245
2024-01-04 00:30:00,node-eu-west-1a-01,eu-west-1,1a,shard-002,221,25.180337473382725,75.49679324093754,45.36676300059721,48.72323977434234,75.61824881179027,17.92727742188502,10.89082281685706,True,0,False,48,86.02915971324263,0,371,2094708,88.38536119087925
2024-01-04 00:45:00,node-us-east-1a-01,us-east-1,1a,shard-001,300,26.149362944343473,72.06849304983842,43.70576754057394,70.03451143914562,81.17515733068377,19.349830878342335,13.934851095702353,True,0,True,0,97.30506004624463,0,401,4196847,63.741980842462844
2024-01-04 00:45:00,node-us-east-1b-02,us-east-1,1b,shard-002,308,26.484048280478376,64.64726945455635,48.35642339953259,67.97229264150613,79.99619723744719,29.234530243898107,12.92774386987913,True,0,False,19,92.76572407749293,0,140,4515399,36.108031786616124
2024-01-04 00:45:00,node-us-east-1c-03,us-east-1,1c,shard-001,547,29.871963261034953,66.49206092235796,56.73935239680523,112.10805799251477,178.4509050309388,51.951612212464546,22.33308706623564,True,0,False,5,95.75928186767008,0,64,4959543,94.20792606757304
2024-01-04 00:45:00,node-us-west-2a-01,us-west-2,2a,shard-003,210,23.503135282392776,65.64525029730513,66.77418271321594,45.98904906128455,70.84569046506243,15.73897043363545,11.510986161952836,True,0,True,0,87.29806110089993,0,249,4167784,95.96120521755915
2024-01-04 00:45:00,node-us-west-2b-02,us-west-2,2b,shard-004,473,30.144670945237202,72.70808690450703,68.6055384590731,104.2229483627032,139.36514962949846,36.96138516840542,25.35405876438424,True,0,False,31,95.83975269696968,0,259,1069603,89.13974959404575
2024-01-04 00:45:00,node-eu-west-1a-01,eu-west-1,1a,shard-002,617,32.60548932794521,66.7655271457904,65.21309658063316,125.1392378174546,210.73672945710737,45.67868509151134,32.59567278263485,True,0,False,47,85.9019268299237,0,449,4085476,35.48933618791406
2024-01-04 01:00:00,node-us-east-1a-01,us-east-1,1a,shard-001,657,32.21818896629989,41.10591021000859,60.863022010331534,108.33834255297896,172.93186188647704,49.099934257362165,26.615487861344523,True,0,True,0,87.39889912883619,0,390,1214588,82.89148515345579
2024-01-04 01:00:00,node-us-east-1b-02,us-east-1,1b,shard-002,590,30.207992905970613,57.13904675783294,58.49166854800785,96.9592498579492,180.01221970149143,53.27409773018003,30.001488127032257,True,0,False,11,93.30762742964497,0,95,1087069,22.76179177932341
2024-01-04 01:00:00,node-us-east-1c-03,us-east-1,1c,shard-001,564,32.41375844202025,51.184816855059665,34.789911616107844,131.84676955750203,150.9822050468745,49.58607122063149,28.331103360191605,True,0,False,24,95.69215067392236,0,372,2156220,99.17515698589102
2024-01-04 01:00:00,node-us-west-2a-01,us-west-2,2a,shard-003,504,29.936894794179693,49.059366990853135,35.35955155971764,113.14206803302494,134.3465943851469,46.89104300606693,29.560470148377046,True,0,True,0,94.71803536673752,0,293,3737325,78.97967939389227
2024-01-04 01:00:00,node-us-west-2b-02,us-west-2,2b,shard-004,545,31.720455468216457,59.325333067640926,34.28178621825534,92.40153448449452,151.24545925148152,43.72452354826267,27.386457942868127,True,0,False,47,96.96552794645068,0,473,3414821,37.712103724010376
2024-01-04 01:00:00,node-eu-west-1a-01,eu-west-1,1a,shard-002,337,26.68782812555034,77.37313729470594,61.28528117402573,75.8165218716602,99.66218266792671,25.918890019763655,18.116532865722874,True,0,False,15,87.2449158683843,0,411,1687301,23.060063156402393
2024-01-04 01:15:00,node-us-east-1a-01,us-east-1,1a,shard-001,690,33.384471271156485,48.65413005423934,61.72769165391287,144.49671569905928,176.25955019805764,51.25886418618904,28.865223367537816,True,0,True,0,85.67546662207594,0,499,2827877,62.63196402270058
2024-01-04 01:15:00,node-us-east-1b-02,us-east-1,1b,shard-002,236,24.143004255495196,66.9249431768413,35.50809536778038,41.88468607714218,80.09207365737032,20.669861793908343,9.508606100959177,True,0,False,50,87.61355860148676,0,354,1389687,86.3477468582032
2024-01-04 01:15:00,node-us-east-1c-03,us-east-1,1c,shard-001,373,27.438981901840865,56.644085892149654,32.34930664849409,83.98930609544581,131.92014199949307,32.10633373532304,21.641427343620474,True,0,False,16,87.70755243322255,0,356,3033381,99.63583548357954
2024-01-04 01:15:00,node-us-west-2a-01,us-west-2,2a,shard-003,234,24.624143647756107,49.004757529135674,64.54217497520574,42.35731173675134,56.294225507097366,21.09226332886416,12.909685496467922,True,0,True,0,94.42036025252509,0,274,3134614,56.220867634766314
2024-01-04 01:15:00,node-us-west-2b-02,us-west-2,2b,shard-004,288,26.244707550159887,77.84507480524849,68.116826589948,56.60881884535613,101.53572253059518,20.67560954752411,12.865088597065935,True,0,False,7,92.62357726343807,0,232,4438653,80.960160457021
2024-01-04 01:15:00,node-eu-west-1a-01,eu-west-1,1a,shard-002,222,24.85419658860442,55.70122388879448,51.193940177853314,42.89549865055241,63.95569973483371,20.345411163035124,13.11676103917323,True,0,False,19,86.6162707971374,0,456,3255106,51.74546310033804
2024-01-04 01:30:00,node-us-east-1a-01,us-east-1,1a,shard-001,332,26.639823312677883,78.20834547801613,50.00563457155114,76.42882372797654,91.79504905102256,25.58124808009458,16.619638227943394,True,0,True,0,94.7502421545935,0,76,4827456,74.96937244361405
2024-01-04 01:30:00,node-us-east-1b-02,us-east-1,1b,shard-002,687,32.92282933663175,66.67833700614645,68.65766466460016,119.41584313647004,242.65078222742105,62.77823617073202,29.423154556437908,True,0,False,13,92.59121297897809,0,63,3806682,38.69289427645309
2024-01-04 01:30:00,node-us-east-1c-03,us-east-1,1c,shard-001,638,30.67456935065411,79.53305198116524,44.45991847086071,142.0971247151914,221.85958465767925,53.791413749038846,36.2017475724482,True,0,False,22,97.26421844760046,0,412,4931539,51.96316458175582
2024-01-04 01:30:00,node-us-west-2a-01,us-west-2,2a,shard-003,249,25.97395211311076,53.9933556906093,55.07093172206502,56.63195889669244,69.19070419407109,21.027984533214774,10.244203341863205,True,0,True,0,88.71286389806912,0,229,4295133,95.2938382751063
2024-01-04 01:30:00,node-us-west-2b-02,us-west-2,2b,shard-004,554,33.0048345694872,78.00222727751557,63.35080376843006,114.97885316952461,133.25710878822272,51.30988379496645,28.671703166567685,True,0,False,43,95.43712124640285,0,238,2629586,71.30212296723583
2024-01-04 01:30:00,node-eu-west-1a-01,eu-west-1,1a,shard-002,413,29.106345276861486,68.90143621391844,47.793344203870824,96.50343705289347,133.42111673098756,27.913023688965044,20.371408651067597,True,0,False,41,91.65168516915011,0,479,4908122,44.12899984294489
2024-01-04 01:45:00,node-us-east-1a-01,us-east-1,1a,shard-001,500,30.20084537372445,49.614128172467346,44.19254091695093,115.43197324611674,157.87583085177815,40.2520374416207,20.4124958098597,True,0,True,0,97.91117180236407,0,435,3922333,55.96214728678939
2024-01-04 01:45:00,node-us-east-1b-02,us-east-1,1b,shard-002,494,28.15543660381867,71.58060845539816,37.109547538690265,115.15580553153804,128.60651062634662,38.23555759010881,23.108535757095538,True,0,False,39,89.60045682957923,0,77,3000412,61.200855463209436
2024-01-04 01:45:00,node-us-east-1c-03,us-east-1,1c,shard-001,592,31.889543491293374,55.39619577040466,46.804839727815114,109.98433975561719,150.08543447670323,41.64682778457539,26.100002153708125,True,0,False,25,90.16900540830338,0,493,2595911,79.02469230558023
2024-01-04 01:45:00,node-us-west-2a-01,us-west-2,2a,shard-003,240,25.36334033085775,43.99665628109994,65.33427262305064,45.682438613370124,65.93911222119522,17.63542242936273,9.655326025397011,True,0,True,0,90.57431628392084,0,370,1830483,70.23640588797932
2024-01-04 01:45:00,node-us-west-2b-02,us-west-2,2b,shard-004,498,29.32236743433777,47.87646104013199,57.27821044215382,102.71351859843024,129.62302190895622,46.101684566486995,29.509117567898627,True,0,False,13,93.06052231908846,0,468,3058892,69.63274158746074
2024-01-04 01:45:00,node-eu-west-1a-01,eu-west-1,1a,shard-002,267,24.79781941305932,61.56595224297756,45.52497919966122,47.218512147439675,81.63877532565948,17.54143433971452,11.129051843462552,True,0,False,21,88.78216396188053,0,316,1500198,45.234326580707815
2024-01-04 02:00:00,node-us-east-1a-01,us-east-1,1a,shard-001,380,28.440409929094912,69.13816417417081,34.635534721434496,70.90249175014314,131.68780237182503,32.89737071382854,17.212889660091076,True,0,True,0,88.63057198928561,0,399,4658293,66.31405059913764
2024-01-04 02:00:00,node-us-east-1b-02,us-east-1,1b,shard-002,666,35.34811461224688,51.214375575796915,61.704688643929614,116.53387224610151,211.08015699321487,58.621759622171965,34.696717640832496,True,0,False,42,87.02614286017698,0,175,1634835,43.25388160333784
2024-01-04 02:00:00,node-us-east-1c-03,us-east-1,1c,shard-001,666,34.76403501926584,77.39032305627592,30.956896709291435,151.48835751173092,204.08777006169262,52.92417129566765,38.603159936699306,True,0,False,4,96.82117521290616,0,90,1364153,82.2804975313936
2024-01-04 02:00:00,node-us-west-2a-01,us-west-2,2a,shard-003,516,28.725046795849074,67.7678838406728,67.8108129295046,90.97631420269016,127.40242415228596,36.010770482075486,28.32517100787092,True,0,True,0,96.68920333094259,0,204,2006615,22.68245345591844
2024-01-04 02:00:00,node-us-west-2b-02,us-west-2,2b,shard-004,185,23.02178077887498,79.0380021706998,43.79279614045307,29.859934450197496,51.25431836822036,12.634973329908858,8.509299475082287,True,0,False,44,86.02350336799756,0,480,2707956,71.9774549308336
2024-01-04 02:00:00,node-eu-west-1a-01,eu-west-1,1a,shard-002,269,26.106817450349762,58.221164574890125,42.551086550119095,48.3866496674423,79.91644699146502,20.400123053651896,11.966091981536238,True,0,False,37,94.84929921741707,0,350,4147385,93.02267988453934
2024-01-04 02:15:00,node-us-east-1a-01,us-east-1,1a,shard-001,801,33.88178961626923,52.14918263898331,44.57106077918447,144.08528269049728,247.45289771316115,63.40946037372753,36.13451077169303,True,0,True,0,89.59661455494754,0,467,1679471,94.56144356281341
2024-01-04 02:15:00,node-us-east-1b-02,us-east-1,1b,shard-002,437,27.71387128033753,70.53648347407484,69.98159233410641,91.47123540258315,114.61796418891255,28.802977569692068,19.091324051378063,True,0,False,22,89.93930482877926,0,371,1043061,64.92638721757518
2024-01-04 02:15:00,node-us-east-1c-03,us-east-1,1c,shard-001,592,29.87082171436512,56.02081800681672,31.909887548032057,113.87728630343824,142.88160655572008,50.88010841576434,24.28728488234083,True,0,False,25,90.26944759998989,0,393,2030843,23.973381813182417
2024-01-04 02:15:00,node-us-west-2a-01,us-west-2,2a,shard-003,439,30.525274552712045,54.20338707120858,36.88626440782385,71.94817825658451,123.9309909583477,31.12541241879838,22.702074001034372,True,0,True,0,95.37278759033936,0,135,3342938,45.14188372699253
2024-01-04 02:15:00,node-us-west-2b-02,us-west-2,2b,shard-004,157,23.38193522151208,61.75964282251739,63.666488702804685,33.75756064634676,38.04911794801325,11.885827114491837,7.644731756536361,True,0,False,27,90.02776764848561,0,50,1242316,59.252193039022735
2024-01-04 02:15:00,node-eu-west-1a-01,eu-west-1,1a,shard-002,337,27.9789010378245,55.88230286991693,38.27629131506818,73.27818283390661,86.13573693051544,28.616539973232175,14.406527232644644,True,0,False,12,95.93969376082894,0,112,2637179,31.830726283504987
2024-01-04 02:30:00,node-us-east-1a-01,us-east-1,1a,shard-001,964,36.38079822037501,79.90137866743386,38.72018308549961,221.3191706219632,307.36856384394355,74.93885925370823,44.816639799738795,True,0,True,0,89.85032354506654,1,201,3350706,67.45431340105615
2024-01-04 02:30:00,node-us-east-1b-02,us-east-1,1b,shard-002,361,26.91448983443872,78.57093629334585,34.99962630411873,84.06308879972126,92.28995936876173,28.538962371522466,17.92927988763489,True,0,False,2,97.60693327995492,0,353,2350484,65.14175466434259
2024-01-04 02:30:00,node-us-east-1c-03,us-east-1,1c,shard-001,338,27.020507407493085,77.78726225118541,52.36729182141654,54.564894778694075,97.8572336640959,30.99917709222583,20.159276705077037,True,0,False,37,92.62030108574177,0,107,3745921,94.86126540622821
2024-01-04 02:30:00,node-us-west-2a-01,us-west-2,2a,shard-003,290,25.89511238322759,46.623077173545,43.22373056998867,51.10104676514407,103.11968475094329,20.324253757857075,12.432326567937658,True,0,True,0,93.37428546197785,0,65,4253684,52.69688299364407
2024-01-04 02:30:00,node-us-west-2b-02,us-west-2,2b,shard-004,104,22.222012005121485,74.14362362565628,45.75986961601501,20.07070200381111,34.70136362207173,9.209129835422331,6.153192691482026,True,0,False,5,91.76328980108454,0,477,4446835,44.27606689685982
2024-01-04 02:30:00,node-eu-west-1a-01,eu-west-1,1a,shard-002,217,24.409487234564384,66.55009592454846,66.11631689618139,36.83404133178463,70.45561281099,19.229423754165154,9.664979634863567,True,0,False,26,97.56574243441666,0,167,3707347,84.43360383271997
2024-01-04 02:45:00,node-us-east-1a-01,us-east-1,1a,shard-001,506,28.875432761634396,57.603175998952615,57.677371742681395,108.3117873336018,122.96291345651038,38.5971710977808,23.78232683846227,True,0,True,0,95.45877726491435,0,204,1875135,83.48711416302379
2024-01-04 02:45:00,node-us-east-1b-02,us-east-1,1b,shard-002,710,36.60837699889422,43.79714637495376,57.06820133391031,146.85503852871088,255.45515602794376,59.207555035648,32.27313186737753,True,0,False,26,89.06044050470871,0,237,2463571,82.10738255501509
2024-01-04 02:45:00,node-us-east-1c-03,us-east-1,1c,shard-001,350,28.15546866922552,72.72898524168,57.849965318401175,65.19675761904293,104.60505217259168,25.554511131336444,20.768642009977754,True,0,False,8,96.75418198234797,0,409,3221995,93.1770416417975
2024-01-04 02:45:00,node-us-west-2a-01,us-west-2,2a,shard-003,470,29.160725559236624,63.44532693932732,68.60108231912358,92.70307270877343,163.6679322886312,40.81717222265178,25.288483152215058,True,0,True,0,95.7560432371073,0,479,1216358,74.65733459730657
2024-01-04 02:45:00,node-us-west-2b-02,us-west-2,2b,shard-004,404,29.60252804290021,52.45913452581094,52.467784722901584,65.18847214497148,138.24153485860026,36.59030432939477,18.973937668802165,True,0,False,8,92.84332708368635,0,68,2278536,41.51209931336887
2024-01-04 02:45:00,node-eu-west-1a-01,eu-west-1,1a,shard-002,193,23.165818910265422,52.02580010898021,56.61928852880001,36.141897928015005,65.75671739662191,15.620414734853519,7.781967800761568,True,0,False,5,87.12152726302205,0,329,2016964,43.819502542556876
2024-01-04 03:00:00,node-us-east-1a-01,us-east-1,1a,shard-001,684,34.68967938660744,58.93714986968353,44.07302587165734,148.54015268383822,197.49155761197179,57.04248038798099,32.122937084871964,True,0,True,0,95.92594393364918,0,217,4773814,47.65800801663987
2024-01-04 03:00:00,node-us-east-1b-02,us-east-1,1b,shard-002,340,26.907113793481628,71.358095420023,32.03691053442219,58.63867588595363,111.46783236654366,24.460216208446298,15.994862689033088,True,0,False,5,86.82263726456355,0,121,2916190,60.022114068597986
2024-01-04 03:00:00,node-us-east-1c-03,us-east-1,1c,shard-001,755,36.688345764023694,44.94225630888688,69.65108431950921,126.08108622194564,231.1377129773133,69.63583245957336,38.52030657203232,True,0,False,23,85.6496008758618,0,382,4234044,36.44352290829133
2024-01-04 03:00:00,node-us-west-2a-01,us-west-2,2a,shard-003,526,32.16882125223575,70.907374912607,38.35478955485831,123.32106678237,187.03844453124006,45.09926749516205,25.68754916585268,True,0,True,0,93.62141346574553,0,315,1429989,90.80507779369468
2024-01-04 03:00:00,node-us-west-2b-02,us-west-2,2b,shard-004,289,25.04431813150598,67.0546287507865,53.1818410916793,59.43110672816592,79.37398807911686,22.15945368113325,16.15023950599776,True,0,False,19,85.91055802703791,0,497,2097717,81.87661208041322
2024-01-04 03:00:00,node-eu-west-1a-01,eu-west-1,1a,shard-002,493,30.420763837587064,51.56284082279258,54.77759815113459,100.14280272859365,166.98529242401648,45.54535462056584,19.789983276643607,False,227,False,21,91.15741161029953,0,197,3834437,89.80124584186973
2024-01-04 03:15:00,node-us-east-1a-01,us-east-1,1a,shard-001,459,27.669313018621143,47.287861656653384,48.62301395528767,82.4129468222775,127.74504984757064,29.90199226244891,21.617567845248825,True,0,True,0,95.20092566531669,0,399,2777770,88.16394390639891
2024-01-04 03:15:00,node-us-east-1b-02,us-east-1,1b,shard-002,781,37.213369716565026,55.82752481158739,45.19286356997601,149.24072772116563,228.09046535588485,66.66953303428001,41.85863291896139,True,0,False,46,92.48985200559582,0,262,2604498,45.94214891087093
2024-01-04 03:15:00,node-us-east-1c-03,us-east-1,1c,shard-001,309,27.257905214529767,70.04866097433676,41.430897403871704,56.307399370647886,102.45001843505499,22.400011338805882,13.68345768246495,True,0,False,32,92.61975216921432,0,312,1170403,56.281205904342315
2024-01-04 03:15:00,node-us-west-2a-01,us-west-2,2a,shard-003,485,30.881955458433282,66.78980972906362,67.83387169056286,111.88346145304357,165.45335670009473,34.566011889655464,25.283685485235964,True,0,True,0,86.03194237805977,0,169,4615454,61.72727767571516
2024-01-04 03:15:00,node-us-west-2b-02,us-west-2,2b,shard-004,532,31.445379676031692,41.02670163270423,52.615736739959914,85.3979816308959,149.5880567045354,42.14143392060773,23.707388660414257,True,0,False,6,97.41354524577932,0,168,3169436,70.82355103319739
2024-01-04 03:15:00,node-eu-west-1a-01,eu-west-1,1a,shard-002,458,29.638789895097023,43.89168186028997,52.024471458922804,96.81598192975112,120.66413332328513,43.94858481107077,21.915123278080962,True,0,False,43,87.37193186038034,0,59,1564107,89.37128361447455
2024-01-04 03:30:00,node-us-east-1a-01,us-east-1,1a,shard-001,606,31.04448188551088,58.58373050639079,69.71419089418646,124.17345449478306,181.7290310668437,40.76199929075621,28.88961085120683,True,0,True,0,97.07295857826426,0,391,4594215,86.51519644008357
2024-01-04 03:30:00,node-us-east-1b-02,us-east-1,1b,shard-002,646,30.45136446804988,71.93766527003967,59.15010048885083,130.3266717982222,231.84529717141515,57.28811292588068,33.3685572421567,True,0,False,7,90.12372460410937,0,220,4417244,64.04521956396076
2024-01-04 03:30:00,node-us-east-1c-03,us-east-1,1c,shard-001,184,23.01889819368808,54.61846935715987,38.995975458785836,42.11446890552211,65.71401835128,15.775679631466241,8.213365088340254,True,0,False,9,94.95813770926576,0,102,4623715,91.66185250406768
2024-01-04 03:30:00,node-us-west-2a-01,us-west-2,2a,shard-003,475,29.0766135150953,76.66055688122441,48.55027131576849,86.0694370848768,153.4176839913766,33.43800855660336,22.395223677150668,True,0,True,0,88.28692770524081,0,352,1789739,46.7053287200946
2024-01-04 03:30:00,node-us-west-2b-02,us-west-2,2b,shard-004,150,22.471754415830887,72.16678423523553,61.38394914943389,24.464266948430982,47.04494513282487,10.450452269214486,7.000455189127009,True,0,False,28,86.17165609094671,0,225,2387478,93.3154234142938
2024-01-04 03:30:00,node-eu-west-1a-01,eu-west-1,1a,shard-002,620,34.83804061557262,73.25912371598716,66.75290357992927,101.7281989270911,168.49642165196363,41.48622166203158,36.71043224521954,True,0,False,9,93.24818792768113,0,170,3899065,56.237040170586525
2024-01-04 03:45:00,node-us-east-1a-01,us-east-1,1a,shard-001,620,32.37462166758116,45.379085187884115,50.29285385041845,131.71432991169465,154.96583785515563,45.55279861299493,27.030866514196696,True,0,True,0,95.99444933615409,0,421,2643253,91.77629269222167
2024-01-04 03:45:00,node-us-east-1b-02,us-east-1,1b,shard-002,651,33.54751701513007,44.88578498052049,31.450985805098984,154.3372978657581,191.56075440823844,42.96331107691666,29.564842831536133,True,0,False,28,88.08000626826276,0,389,2650985,22.14701624880164
2024-01-04 03:45:00,node-us-east-1c-03,us-east-1,1c,shard-001,164,22.87387035955554,63.88857716937537,49.394921203777194,32.0839842909025,44.44081117128432,12.43224954924676,9.81232830727415,True,0,False,28,97.0140316733993,0,237,3669862,26.45318405971164
2024-01-04 03:45:00,node-us-west-2a-01,us-west-2,2a,shard-003,398,26.697544292243425,50.28601921801954,65.03165523726295,80.52689176670614,120.13293466933158,35.74919338704812,20.71853652032611,True,0,True,0,89.14198143553166,0,103,3470966,95.54561402722801
2024-01-04 03:45:00,node-us-west-2b-02,us-west-2,2b,shard-004,190,24.409728212130133,73.19332328280097,54.15675296943987,34.94250044766216,54.36048769098471,12.75925574226986,9.579910664668214,True,0,False,42,97.08526916965305,0,79,3115289,57.039871485046206
2024-01-04 03:45:00,node-eu-west-1a-01,eu-west-1,1a,shard-002,261,25.352133695838223,71.62410513155397,68.2955530449421,49.33006589881212,93.93387501967699,18.97541059350789,12.677666021127159,True,0,False,2,91.82829652697619,0,391,4653654,89.24288123159283
2024-01-04 04:00:00,node-us-east-1a-01,us-east-1,1a,shard-001,255,25.455086762105616,62.584811530335685,38.594660854882136,60.299277365299,79.59207425346138,23.507315573209464,13.110038890753309,True,0,True,0,96.10188552014762,0,342,4597177,86.31614366432076
2024-01-04 04:00:00,node-us-east-1b-02,us-east-1,1b,shard-002,166,22.742926600050115,78.94837207916879,32.30311496994516,36.353688689218856,51.813255501022766,15.300063086724435,9.009465094826657,True,0,False,24,90.83412787043937,0,248,4185617,40.07253227482495
2024-01-04 04:00:00,node-us-east-1c-03,us-east-1,1c,shard-001,501,30.334336938495646,62.61309545908996,52.574054735695796,115.41996009418301,131.0565680430827,34.110885396287124,29.43275999236191,True,0,False,39,91.53893026602977,0,415,1542943,30.05020120527803
2024-01-04 04:00:00,node-us-west-2a-01,us-west-2,2a,shard-003,288,26.855944827674648,43.57311010864896,34.988462251061875,61.628618230923024,70.78130692182648,21.874107691101894,16.936517571099934,True,0,True,0,93.64553812050981,0,463,1422631,79.44225743582444
2024-01-04 04:00:00,node-us-west-2b-02,us-west-2,2b,shard-004,372,27.396165554684174,77.49255076981248,34.48653591315949,80.65772520727722,91.16748510184249,25.863350646691146,16.715433220597337,True,0,False,25,90.1245038167522,0,448,3740572,52.54449650500749
2024-01-04 04:00:00,node-eu-west-1a-01,eu-west-1,1a,shard-002,143,22.40375073625391,61.20813867743266,54.41416220587312,34.10209965221229,44.45499357660351,12.035417544100278,7.237301565368252,True,0,False,40,91.51802226041067,0,88,3435640,64.83345179023534
2024-01-04 04:15:00,node-us-east-1a-01,us-east-1,1a,shard-001,521,32.30901980576382,60.80869610495773,49.874308562659564,103.20331504478648,186.14503862249035,37.90293198940436,23.20202708034693,True,0,True,0,97.95660942735032,0,54,2917303,22.996978423173644
2024-01-04 04:15:00,node-us-east-1b-02,us-east-1,1b,shard-002,218,24.061268205552633,73.54675516008135,66.91429596940644,45.331927616274804,69.20459100350847,14.637276327302498,11.701422779453683,True,0,False,25,90.04502144598494,0,349,4801620,83.8827553330049
2024-01-04 04:15:00,node-us-east-1c-03,us-east-1,1c,shard-001,670,34.37119402187874,60.94941256474892,34.39368185572356,142.3640189277578,237.98288647103547,61.40844519037645,28.838958678966325,True,0,False,12,89.65324620904336,0,313,3420220,33.22382258301041
2024-01-04 04:15:00,node-us-west-2a-01,us-west-2,2a,shard-003,536,32.08028194722168,68.60162724887364,35.40873259493545,111.52752213784727,143.23322607265422,40.53332093642395,23.70954318064827,True,0,True,0,90.2736626355308,0,211,3034873,72.30865527698182
2024-01-04 04:15:00,node-us-west-2b-02,us-west-2,2b,shard-004,152,22.602801996946905,49.47631037083881,37.210425992421435,36.104229271135374,37.734021043441665,14.285291283334134,7.899688218682873,True,0,False,35,95.8362913679281,0,452,3158491,98.57097154478207
2024-01-04 04:15:00,node-eu-west-1a-01,eu-west-1,1a,shard-002,392,29.22919420479199,53.964348765001304,39.94775339440529,89.54887540301755,135.88707447790924,28.861297646235688,20.256147337472044,True,0,False,28,88.37664205142562,0,222,1731211,70.48620674706505
2024-01-04 04:30:00,node-us-east-1a-01,us-east-1,1a,shard-001,323,25.200892888246962,52.72016780418974,45.447867506919565,74.42324687242885,79.49780321922583,21.272483579029046,15.481052079047236,True,0,True,0,95.99815776928465,0,473,4826108,73.24476174752664
2024-01-04 04:30:00,node-us-east-1b-02,us-east-1,1b,shard-002,758,37.1950866309586,40.32965751519424,60.52055629614462,139.02473863338105,213.44089416203207,56.76511090959079,31.752173136675076,True,0,False,45,88.34695460346506,1,216,2641418,65.83364813229991
2024-01-04 04:30:00,node-us-east-1c-03,us-east-1,1c,shard-001,211,23.890105677965074,66.03018663654422,52.761343490064235,44.25421072471836,69.49317654129467,17.90658382047267,11.712904486936317,True,0,False,31,87.23783019160504,0,141,4055331,62.42779454436369
2024-01-04 04:30:00,node-us-west-2a-01,us-west-2,2a,shard-003,275,25.193261426972295,54.766935005146635,33.971975378978044,64.68520096181011,94.25409521463352,23.911991565144067,15.837066336953386,True,0,True,0,89.0559872358237,0,373,1792812,69.73066473336257
2024-01-04 04:30:00,node-us-west-2b-02,us-west-2,2b,shard-004,206,24.25827079717213,75.1032219394567,31.514192169077397,41.31022342937829,63.1314922442278,17.586147650457473,8.288879073450541,True,0,False,43,85.52846531382644,0,499,4189895,65.31811883980087
2024-01-04 04:30:00,node-eu-west-1a-01,eu-west-1,1a,shard-002,231,25.312939514976126,52.22348880303644,44.465995003326384,39.59508708852663,66.67513066906403,18.396618954177328,11.50875689137624,True,0,False,43,91.6410262811485,0,212,3093417,25.1430499057507
2024-01-04 04:45:00,node-us-east-1a-01,us-east-1,1a,shard-001,704,34.708640734872844,47.95181766738428,56.47232625313514,156.44661470910518,217.3588114477693,54.04051732955311,32.57628017730819,True,0,True,0,90.62139277877064,0,432,3404328,69.36699877753807
2024-01-04 04:45:00,node-us-east-1b-02,us-east-1,1b,shard-002,459,30.11384838299341,79.41724910384289,34.77076389954135,102.18854940936944,118.70542637773895,31.867199412425254,19.28615437959534,True,0,False,42,96.9030296993579,0,451,1865162,71.90279845961956
2024-01-04 04:45:00,node-us-east-1c-03,us-east-1,1c,shard-001,522,28.507163644636258,53.61629724780245,53.06524297951036,85.58339476534029,132.37860809567772,43.75237246649575,22.923163507116907,True,0,False,50,91.51662596442739,0,84,4707172,87.01296459671921
2024-01-04 04:45:00,node-us-west-2a-01,us-west-2,2a,shard-003,341,27.95794142538309,59.10775662171676,52.01402517593107,69.05312537144896,112.07352095354334,32.710610033086176,16.575974603756666,True,0,True,0,88.86298177113282,0,405,3545656,45.67355869608722
2024-01-04 04:45:00,node-us-west-2b-02,us-west-2,2b,shard-004,259,25.15053028831256,56.66581756323866,66.87470309824097,48.07120784913339,67.39537554098914,21.909512966525586,15.028248386130063,True,0,False,25,87.12834529802477,0,333,3530266,62.519103638255196
2024-01-04 04:45:00,node-eu-west-1a-01,eu-west-1,1a,shard-002,418,28.095361695422213,46.53684211659653,58.923653597582486,92.52570582091698,138.33921144751375,29.54711797905026,20.13076153226066,True,0,False,49,86.63331108711893,0,363,1432151,61.441256886222426
2024-01-04 05:00:00,node-us-east-1a-01,us-east-1,1a,shard-001,445,29.92617356272602,63.00484037954851,37.19089759439261,84.50852098040164,111.09336959972231,38.14780932727195,26.19001534322885,True,0,True,0,86.05875677687236,0,231,2111567,29.28899918192159
2024-01-04 05:00:00,node-us-east-1b-02,us-east-1,1b,shard-002,465,29.93809844939949,47.88608435563193,63.65434360919329,92.68207406835202,136.99752073248072,43.433560677543355,26.83280705018458,True,0,False,50,96.98575506584928,0,356,1866418,36.01679976662644
2024-01-04 05:00:00,node-us-east-1c-03,us-east-1,1c,shard-001,241,24.519800905105573,48.02742589882121,52.860892132963386,40.54828060469046,77.76278802033494,20.955418523239306,10.6767939835976,True,0,False,15,91.93618927532235,0,61,1554426,25.2302806466368
2024-01-04 05:00:00,node-us-west-2a-01,us-west-2,2a,shard-003,277,25.62833086373927,79.34450587480454,47.46093265314314,54.210207495143365,92.0187322616241,20.89334201289577,11.113830791891136,True,0,True,0,93.08579339041088,0,258,3614201,31.09047015547582
2024-01-04 05:00:00,node-us-west-2b-02,us-west-2,2b,shard-004,237,23.856402765888078,56.93397584177143,49.45854743431832,55.54760710745146,66.20457113713228,15.300992724730417,11.537309613351095,True,0,False,49,89.21988905445694,0,142,1802028,30.063125356904514
2024-01-04 05:00:00,node-eu-west-1a-01,eu-west-1,1a,shard-002,260,24.71307275740822,69.89718394796631,63.41742794086801,51.78457518009382,80.07199872616081,21.0509023647715,13.571333398902286,True,0,False,40,94.5372272022805,0,459,2397803,81.7783241497352
2024-01-04 05:15:00,node-us-east-1a-01,us-east-1,1a,shard-001,699,32.6841292156733,42.98074578778572,41.71119822733477,115.90983728745442,222.80757446456903,66.45309775765784,33.71183316168671,True,0,True,0,87.89297446307289,0,344,3662241,87.07016226282224
2024-01-04 05:15:00,node-us-east-1b-02,us-east-1,1b,shard-002,657,33.52274891882149,60.895802005537604,33.76300061527957,110.26859483155127,236.26366766604636,53.468034088599794,32.61414556029814,True,0,False,9,89.15999701324263,0,82,1044134,66.66605532499366
2024-01-04 05:15:00,node-us-east-1c-03,us-east-1,1c,shard-001,652,31.68274482958958,59.8935058230193,32.02008982209974,111.0086644490811,204.6120549741831,45.491527538393605,28.71379002380516,True,0,False,36,86.3917658595405,0,145,1056411,20.428665401212367
2024-01-04 05:15:00,node-us-west-2a-01,us-west-2,2a,shard-003,459,29.077563858762232,57.0188193157815,62.88940586218136,85.28940675689373,122.01039537992799,36.25448950672146,18.786228495291226,True,0,True,0,91.90675754650222,0,184,3308217,68.3618735690398
2024-01-04 05:15:00,node-us-west-2b-02,us-west-2,2b,shard-004,343,26.853723959916785,47.530797336247225,30.83134115631067,58.53749038366538,83.75142327153783,26.015999030055962,16.821452846007134,True,0,False,39,92.34420480537015,0,55,3703594,88.54043497036861
2024-01-04 05:15:00,node-eu-west-1a-01,eu-west-1,1a,shard-002,339,27.333332948730405,69.82118363420865,59.42969037968632,55.1837049164057,116.57655215607609,26.985219259647888,13.71497144125725,True,0,False,50,93.01902616709249,0,350,3241244,96.19545564849331
2024-01-04 05:30:00,node-us-east-1a-01,us-east-1,1a,shard-001,835,35.8966557580686,67.3678662276545,49.1102456001639,145.32082270767543,212.42372787716218,70.21277112653434,43.388662018377794,True,0,True,0,97.3013004979674,1,93,1430161,95.67100113058429
2024-01-04 05:30:00,node-us-east-1b-02,us-east-1,1b,shard-002,321,27.37685129799613,67.90820613008253,65.50018347671504,59.39214528927174,110.61746381830967,29.671455939365767,19.118474853397156,True,0,False,41,86.57642324551877,0,100,2814724,37.907659285219395
2024-01-04 05:30:00,node-us-east-1c-03,us-east-1,1c,shard-001,547,30.51211333899412,52.292470410631765,49.36120259506352,106.28989275258074,145.3734999056128,39.0421447921306,30.61525102827624,True,0,False,45,93.5978254397695,0,244,3274714,39.19099976854184
2024-01-04 05:30:00,node-us-west-2a-01,us-west-2,2a,shard-003,457,28.389667076136547,47.63736136065602,44.439694675069816,75.7749573355793,161.66210499974602,32.35920697920628,21.92194187539083,True,0,True,0,91.54789885047495,0,74,1564643,94.95056323341964
2024-01-04 05:30:00,node-us-west-2b-02,us-west-2,2b,shard-004,507,31.4903522985448,75.50957736692393,59.77238803720756,83.14484599052658,154.45058399181733,46.97144844469547,28.527489583880122,True,0,False,36,86.4909843312222,0,300,2121987,64.87350093698149
2024-01-04 05:30:00,node-eu-west-1a-01,eu-west-1,1a,shard-002,417,27.08545978248886,42.03020824211499,39.59414626312422,93.84572648253945,123.94105750110594,33.59010725272651,20.021015326779555,True,0,False,6,85.76879299616982,0,121,1916253,77.58673622330863
2024-01-04 05:45:00,node-us-east-1a-01,us-east-1,1a,shard-001,563,29.919055966684105,57.4320838458608,50.363062747116494,129.43216163113345,178.09931831190926,52.850221215157106,25.78843502714284,True,0,True,0,85.65960364055695,0,201,4223319,48.33074510497969
2024-01-04 05:45:00,node-us-east-1b-02,us-east-1,1b,shard-002,240,24.075429542179968,46.855588844118934,64.63368533869291,40.88889556708475,59.455779471563815,17.463328551147487,13.022342095859088,True,0,False,47,90.7845067355851,0,295,3872516,68.4534283982857
2024-01-04 05:45:00,node-us-east-1c-03,us-east-1,1c,shard-001,466,28.024820303591014,45.98788232683992,68.29873573366692,105.89327339382287,138.48478951625592,42.01167632320807,24.122764260529937,True,0,False,11,85.95939016331043,0,255,2226663,80.3659674562675
2024-01-04 05:45:00,node-us-west-2a-01,us-west-2,2a,shard-003,432,27.40710187769789,59.43219213501813,65.00212439448228,93.49179411998955,114.62520212525102,36.47938140032207,17.617886566240742,True,0,True,0,89.14131053167917,0,189,4880175,25.548289371864257
2024-01-04 05:45:00,node-us-west-2b-02,us-west-2,2b,shard-004,344,28.083669403599405,62.354319840672154,37.74713342363689,69.26358033684546,86.91676749229445,28.143972127628032,19.809883495875127,True,0,False,24,89.2654859005654,0,243,2855507,90.2331705570306
2024-01-04 05:45:00,node-eu-west-1a-01,eu-west-1,1a,shard-002,210,23.940907150284946,45.003856136502414,49.3142865477036,48.643630255558506,58.384635888272015,13.639780296953125,11.743917764750215,True,0,False,4,95.42449733486164,0,198,3535714,97.1820026242091
2024-01-04 06:00:00,node-us-east-1a-01,us-east-1,1a,shard-001,387,27.620172549739014,67.82458727615897,58.162782010783715,90.45222734851353,133.4217743287715,26.375571440114545,16.298681528666485,True,0,True,0,96.19011212804446,0,90,4582244,24.80802999756868
2024-01-04 06:00:00,node-us-east-1b-02,us-east-1,1b,shard-002,640,34.34510426530784,41.57303242560849,54.446001932484904,151.19463181356394,188.18409648087095,57.67241992475171,36.534114928184366,True,0,False,23,89.35136669048643,0,430,3580970,48.28191793752461
2024-01-04 06:00:00,node-us-east-1c-03,us-east-1,1c,shard-001,260,24.923915744482322,50.34279383760264,56.73778808910322,43.73409487394094,78.03826932868952,18.688451811657817,11.199444160414364,True,0,False,12,88.88061238569355,0,156,4924930,35.015382921984
2024-01-04 06:00:00,node-us-west-2a-01,us-west-2,2a,shard-003,436,27.147621414110695,49.280975345722645,56.838107819731775,93.90406889158761,131.21205936859633,30.094304408471473,23.95969272483614,True,0,True,0,94.98712117790589,0,336,1917974,31.75454143855842
2024-01-04 06:00:00,node-us-west-2b-02,us-west-2,2b,shard-004,152,23.409828447130117,66.38459427972592,54.37922243219508,29.266430015347797,41.03557032064739,11.29446231756995,7.864346169010791,True,0,False,32,92.36292541745411,0,476,2510809,21.862374829767084
2024-01-04 06:00:00,node-eu-west-1a-01,eu-west-1,1a,shard-002,278,25.7094310602245,56.2615047903555,36.552386101099984,64.5931177605459,71.0729100596303,20.212412830894596,14.703075566009758,True,0,False,3,95.9759810646306,0,51,3020726,70.18025647821929
2024-01-04 06:15:00,node-us-east-1a-01,us-east-1,1a,shard-001,394,28.45333800244362,78.10558812010646,69.95473242271999,89.74908439762426,114.10894132218911,34.25208932469973,19.80936908378631,True,0,True,0,93.62704430426398,0,482,4430670,66.46129063464593
2024-01-04 06:15:00,node-us-east-1b-02,us-east-1,1b,shard-002,248,24.419916075414466,62.5049117489786,45.497881486347325,59.29290959410108,60.271838580390764,23.47392529609353,14.866298811697206,True,0,False,48,85.02458625682272,0,54,3038637,71.58658427557256
2024-01-04 06:15:00,node-us-east-1c-03,us-east-1,1c,shard-001,327,25.39739894073356,45.78082005551884,64.21664889445722,62.11761742445143,97.34168637593667,25.09124804613627,16.20845739635333,True,0,False,27,97.181358987336,0,121,3402683,70.24771258305671
2024-01-04 06:15:00,node-us-west-2a-01,us-west-2,2a,shard-003,528,30.431744767689466,63.89685498403287,64.18647317480145,112.48610625846108,179.36422891510819,48.94185406839743,23.173864002732717,True,0,True,0,96.21283630458304,0,490,3835816,85.35944805107647
2024-01-04 06:15:00,node-us-west-2b-02,us-west-2,2b,shard-004,160,23.34957790843018,76.6121590188508,63.164447517083744,34.74007027359174,42.37604330696555,12.684150590791296,7.236745710584929,True,0,False,32,85.9251160668171,0,368,2599083,54.88633618207309
2024-01-04 06:15:00,node-eu-west-1a-01,eu-west-1,1a,shard-002,611,32.26869939087554,56.945316338878484,50.32140378642346,125.93414494090538,192.9708719183979,50.35854075315343,32.799575885431906,True,0,False,11,91.47289988633784,0,277,1790634,86.42431622528201
2024-01-04 06:30:00,node-us-east-1a-01,us-east-1,1a,shard-001,216,23.483579714987865,73.00765795128662,40.941320167941335,47.15053704801475,76.84139523708133,14.008107667179415,11.296801187633921,True,0,True,0,89.3653435226204,0,123,4182810,25.243594687514488
2024-01-04 06:30:00,node-us-east-1b-02,us-east-1,1b,shard-002,392,27.720288803849638,74.86302937216132,50.350913567966764,66.09211977089076,107.84054253792519,33.979439610864745,16.98184158680359,True,0,False,31,96.95210541129269,0,99,1164160,29.99847201267471
2024-01-04 06:30:00,node-us-east-1c-03,us-east-1,1c,shard-001,684,32.978942295264744,41.12742187134563,35.984374312115605,146.73355511981796,242.6214347095826,55.596176322001995,34.666859840986824,True,0,False,47,95.58285711571183,0,75,2813940,65.67890492989899
2024-01-04 06:30:00,node-us-west-2a-01,us-west-2,2a,shard-003,495,29.323815609589154,54.988522494982405,54.19245007213663,109.21574311951407,163.44596499973062,31.959293897591145,29.294171791967873,True,0,True,0,92.17173813666322,0,191,3462692,23.150444717896825
2024-01-04 06:30:00,node-us-west-2b-02,us-west-2,2b,shard-004,522,30.870191792121805,59.66859509268065,53.812094600346484,88.85749029942305,160.23165148019348,49.726586095431585,28.291347713129845,True,0,False,20,86.39907769980097,0,361,1372562,32.24880764256746
2024-01-04 06:30:00,node-eu-west-1a-01,eu-west-1,1a,shard-002,143,23.272786391905242,66.27266217568288,45.09761836803608,23.657520021948226,40.39103060250805,12.907814737868046,7.524955383946428,True,0,False,16,89.93274007925707,0,360,3335767,47.11026109898221
2024-01-04 06:45:00,node-us-east-1a-01,us-east-1,1a,shard-001,469,28.228342355763857,60.52457330455351,41.55053364678369,99.88210801140929,131.39000175252784,32.87695982944972,23.777858491578378,True,0,True,0,90.21754550895402,0,327,2914926,30.740988977455554
2024-01-04 06:45:00,node-us-east-1b-02,us-east-1,1b,shard-002,324,26.444759672542133,66.09802006620893,66.94723861705856,56.90938934026216,95.2513480336781,28.624018109137022,12.96802942655502,True,0,False,48,85.6000964821733,0,496,1338163,20.361155032213667
2024-01-04 06:45:00,node-us-east-1c-03,us-east-1,1c,shard-001,384,26.14826403761304,61.10267482296779,37.577921196895126,63.63930494573794,92.19302500820996,25.396886951728558,22.315875725548338,True,0,False,16,91.89648357339877,0,400,4345086,29.71409172579122
2024-01-04 06:45:00,node-us-west-2a-01,us-west-2,2a,shard-003,502,28.411224086488957,48.62493007099479,64.70171257024644,84.86565530418899,164.32232591058008,44.241773127841036,25.215187235150164,True,0,True,0,86.13654773424304,0,384,1188461,41.90096003125696
2024-01-04 06:45:00,node-us-west-2b-02,us-west-2,2b,shard-004,367,27.448286257790446,41.360767860242184,67.83976393613321,71.82589967432139,105.13385791982138,23.665962721045076,14.715275196494213,True,0,False,10,94.28947060897983,0,317,4521877,90.64556575131988
2024-01-04 06:45:00,node-eu-west-1a-01,eu-west-1,1a,shard-002,155,22.95513221763349,42.188667835352206,54.03164005672936,35.00025979626228,43.82364823406966,10.755405634260422,7.374064815724553,True,0,False,19,85.03792188665373,0,161,4505986,43.189806487497364
2024-01-04 07:00:00,node-us-east-1a-01,us-east-1,1a,shard-001,921,38.09381529277704,46.72041195455234,32.428693247522695,217.20496218968242,235.43478693781879,87.98045364945436,38.99218904011988,True,0,True,0,97.73511915712363,0,66,4891955,21.945765344947958
2024-01-04 07:00:00,node-us-east-1b-02,us-east-1,1b,shard-002,384,27.500236397120982,47.5145624612318,35.31050216572057,61.52936470404245,102.10918759634548,24.654878085558884,17.695881736012026,True,0,False,13,89.03471251266737,0,106,2640973,85.82746637458544
2024-01-04 07:00:00,node-us-east-1c-03,us-east-1,1c,shard-001,341,26.290765717397356,51.79537444784528,53.172413332669905,57.235317806464394,106.35232637789441,24.097665164990214,16.183117678436677,True,0,False,50,90.27924307056063,0,195,3375004,96.27101759621345
2024-01-04 07:00:00,node-us-west-2a-01,us-west-2,2a,shard-003,158,23.64719996177211,59.40245432473708,64.88004402084003,37.41874613865219,40.935624586905064,10.325237780869013,8.936065189568072,True,0,True,0,95.97206791046898,0,218,4273941,98.10519527642833
2024-01-04 07:00:00,node-us-west-2b-02,us-west-2,2b,shard-004,352,26.541512999404546,74.05518577523321,31.910346619632737,67.62177115046532,86.04795093719484,25.739393539036993,18.437725222991116,True,0,False,8,95.62786584449822,0,324,2084082,99.53453694388317
2024-01-04 07:00:00,node-eu-west-1a-01,eu-west-1,1a,shard-002,472,29.99392581738315,58.628065403733316,61.27997837399521,75.60897538132872,125.86228747828433,39.481626185110336,27.07532748628238,True,0,False,18,94.31986193003613,0,148,3025597,66.90712257318724
2024-01-04 07:15:00,node-us-east-1a-01,us-east-1,1a,shard-001,752,37.59514229253994,45.91477186778713,57.208877868151355,178.58855047930666,251.04005388692124,64.93023563442566,34.465033085717,True,0,True,0,97.7828615245035,0,80,4920933,52.65276214412613
2024-01-04 07:15:00,node-us-east-1b-02,us-east-1,1b,shard-002,384,27.864910469979137,73.44594944735407,38.34566204611441,83.3756649830921,116.81664307738394,27.393240635437056,21.09624378328652,True,0,False,31,90.1910042450609,0,258,2030518,59.24745321886029
2024-01-04 07:15:00,node-us-east-1c-03,us-east-1,1c,shard-001,241,25.71229421711429,41.584783875570615,30.736151696815902,45.35756288669394,71.6062637296279,20.868875575892034,13.520662723433636,True,0,False,19,93.49578630891877,0,460,3904637,64.85446798422115
2024-01-04 07:15:00,node-us-west-2a-01,us-west-2,2a,shard-003,279,25.133582607262838,78.76935567436702,59.39818152611579,51.2629575198285,82.35174145247024,21.127098822055526,12.801650267489224,True,0,True,0,91.24157011664992,0,393,2550958,42.92902401690811
2024-01-04 07:15:00,node-us-west-2b-02,us-west-2,2b,shard-004,259,26.127107384039117,44.00232687120276,58.85325490007331,47.934943818088264,72.37409616208964,17.26446541069893,12.270933267276284,True,0,False,42,86.14504883172945,0,292,2039354,29.85064658810532
2024-01-04 07:15:00,node-eu-west-1a-01,eu-west-1,1a,shard-002,313,26.479854091765247,40.434770218607305,64.19871290785511,71.93803472609017,89.07086125882174,28.363246454933698,12.980225169772172,True,0,False,2,93.69262826883285,0,497,1040023,96.3839210000784
2024-01-04 07:30:00,node-us-east-1a-01,us-east-1,1a,shard-001,736,36.94559971356031,40.3333543553105,50.38165073037881,167.2384149850145,180.8896952376607,54.48777951280618,38.86072353449329,True,0,True,0,85.72391967459558,0,262,1834306,44.35409940615213
2024-01-04 07:30:00,node-us-east-1b-02,us-east-1,1b,shard-002,394,27.782554202174314,76.66862573669889,59.045856051491135,90.77782442831545,138.36471663165787,30.461543422958787,16.29682074093923,True,0,False,20,97.5168606804598,0,220,3260603,42.32623424682391
2024-01-04 07:30:00,node-us-east-1c-03,us-east-1,1c,shard-001,244,24.704239785327267,78.53753102076007,66.12109314564259,48.38864302721229,85.52473835992107,22.591371946181365,13.65358306745509,True,0,False,48,91.3011604279605,0,213,3331111,62.64750077911895
2024-01-04 07:30:00,node-us-west-2a-01,us-west-2,2a,shard-003,252,24.67143995385418,65.67168926249408,61.75000309500298,51.482417489752855,69.40466185219377,19.215903374713008,10.605681241979472,True,0,True,0,97.4190947914095,0,317,3150904,71.06105629799404
2024-01-04 07:30:00,node-us-west-2b-02,us-west-2,2b,shard-004,199,24.380231660721265,63.34267390869019,68.92917142805865,46.59418455525662,59.99625170158374,12.780990991541318,9.731995275062069,True,0,False,38,95.19499815462612,0,315,2856878,93.85699870713319
2024-01-04 07:30:00,node-eu-west-1a-01,eu-west-1,1a,shard-002,207,24.3194941391936,75.13005023255532,56.99590342046682,45.42771818891834,53.22095628239297,17.50736557077639,10.892946484071976,True,0,False,37,86.60677273607146,0,205,2408604,69.71566997902242
2024-01-04 07:45:00,node-us-east-1a-01,us-east-1,1a,shard-001,403,28.854454483651267,58.07224777817796,39.37842751214798,81.13169813995758,122.96806129512633,26.7093219860772,22.092069349704854,True,0,True,0,91.06419896885473,0,305,2142493,68.1471535036792
2024-01-04 07:45:00,node-us-east-1b-02,us-east-1,1b,shard-002,646,34.151903838046294,69.64457173051476,47.74739771170565,118.07748975128459,216.51532303540472,54.37555245452915,35.159034551259396,True,0,False,14,85.09421246609674,0,403,4040033,79.21921230369549
2024-01-04 07:45:00,node-us-east-1c-03,us-east-1,1c,shard-001,545,29.174367787684172,42.49278734992128,40.334437522205086,95.92892574162592,187.6172992535106,37.47564440357361,22.120954069522753,True,0,False,1,97.72834053798344,0,221,4501787,45.77799118730433
2024-01-04 07:45:00,node-us-west-2a-01,us-west-2,2a,shard-003,413,28.71047339276424,72.61639128750468,57.749424664843005,73.09920163686989,138.98350501653758,35.421970948353994,19.79638238623288,True,0,True,0,88.71253393484623,0,130,2692778,32.786547432946236
2024-01-04 07:45:00,node-us-west-2b-02,us-west-2,2b,shard-004,191,23.205236667221296,45.74151244205674,53.8795612325934,45.359971890459505,61.63221497891513,14.651965529082412,9.618154278878368,True,0,False,26,97.09344694683436,0,386,4768640,80.17707213178011
2024-01-04 07:45:00,node-eu-west-1a-01,eu-west-1,1a,shard-002,373,27.53666467365488,40.97316743746496,59.36033942223091,72.0499306197027,126.69545689429523,34.841720721762215,16.455570424501065,True,0,False,19,91.12207991673257,0,493,2429738,52.49647940608821
2024-01-04 08:00:00,node-us-east-1a-01,us-east-1,1a,shard-001,872,40.48449312774743,73.3661619485728,66.79593424658003,156.8953090851555,218.86360135305395,79.94064828570458,43.104883168312085,True,0,True,0,90.7482277086362,0,93,4701734,72.57673965761968
2024-01-04 08:00:00,node-us-east-1b-02,us-east-1,1b,shard-002,636,31.711273849003653,45.1728758856102,67.75892232674074,139.57109781841174,197.58018741744206,54.816622106199276,25.448476372868782,True,0,False,50,87.12414813889961,0,390,4552780,78.51786870044637
2024-01-04 08:00:00,node-us-east-1c-03,us-east-1,1c,shard-001,261,26.04793160294087,41.28347494765224,64.38905412495646,46.833641387293284,86.56726699551218,17.155921948974402,11.155088381731346,True,0,False,30,95.55850587019259,0,147,1085121,91.53646801391656
2024-01-04 08:00:00,node-us-west-2a-01,us-west-2,2a,shard-003,430,29.02755355232959,76.38039234865752,40.521738313999634,94.34102739508923,153.79226111092146,37.07666508526419,19.970655705976014,True,0,True,0,97.32894292561872,0,241,3228990,35.873660856359855
2024-01-04 08:00:00,node-us-west-2b-02,us-west-2,2b,shard-004,265,25.70976275149871,69.00757742778396,60.76476695469917,61.45657964567246,93.58562518075709,21.744565189275647,11.121237952544794,True,0,False,1,95.32178111436694,0,144,4903372,33.33470972316266
2024-01-04 08:00:00,node-eu-west-1a-01,eu-west-1,1a,shard-002,292,26.0476142671358,53.479256600952915,53.42339550727425,52.42730896306076,97.76813024314917,18.729434942792082,12.887927727338544,True,0,False,35,87.37570063127403,0,328,2197587,52.093335443851025
2024-01-04 08:15:00,node-us-east-1a-01,us-east-1,1a,shard-001,725,36.59268108440797,44.08306224005161,31.321546144785458,156.78681467891246,257.3499185874522,61.204230603400575,42.7073911183258,True,0,True,0,96.5252386422129,0,389,2744506,51.08833806778524
2024-01-04 08:15:00,node-us-east-1b-02,us-east-1,1b,shard-002,231,25.34068510082536,77.24639764208865,66.60688579655324,49.35046528945993,78.15710442567985,21.577270314870376,12.915029115647341,True,0,False,13,86.46550738265103,0,485,1603561,92.60271087575846
2024-01-04 08:15:00,node-us-east-1c-03,us-east-1,1c,shard-001,701,35.52914732723683,59.015707879145104,40.46314079819397,154.57520333427752,180.05359525593406,62.68353900250298,37.61227573548183,True,0,False,40,96.52591265483815,0,330,4714991,83.30108815293535
2024-01-04 08:15:00,node-us-west-2a-01,us-west-2,2a,shard-003,259,25.645362820563452,42.661164391362576,58.74392553010972,46.86862828426696,67.19473099552445,21.11069333542212,13.857829927574588,True,0,True,0,95.18165183912522,0,151,3419581,61.551431846395765
2024-01-04 08:15:00,node-us-west-2b-02,us-west-2,2b,shard-004,110,22.630677980914374,72.47809387028548,61.98714688928854,18.59424437660534,29.44331796933309,8.793889148037605,4.7558172767572655,True,0,False,32,85.11856860519885,0,102,1225077,45.952559522616745
2024-01-04 08:15:00,node-eu-west-1a-01,eu-west-1,1a,shard-002,171,22.904812582596566,48.882608333999855,68.25396219942714,36.56592754292871,56.7326273595518,12.872368291290037,9.853090510379246,True,0,False,8,89.3843459091833,0,181,2019394,80.63363791715017
2024-01-04 08:30:00,node-us-east-1a-01,us-east-1,1a,shard-001,961,38.438623014222244,70.94278251620145,65.06512092418822,196.0451482346529,331.18817372044384,69.84491157601354,50.00323393779821,True,0,True,0,87.37949856133514,0,58,4376356,86.10664887590026
2024-01-04 08:30:00,node-us-east-1b-02,us-east-1,1b,shard-002,237,25.097447345968224,42.45359979185131,36.43048809370989,48.016672005219,71.57434586285233,21.119155841785886,10.022373795505194,True,0,False,44,95.15955904843796,0,236,4350550,47.37335619987506
2024-01-04 08:30:00,node-us-east-1c-03,us-east-1,1c,shard-001,671,35.09789723947276,45.04384568346402,53.50518345035133,124.69722605664562,229.62006612240185,43.74718913004901,40.215747614740586,True,0,False,14,90.44469981427335,0,455,1645159,60.77911062086314
2024-01-04 08:30:00,node-us-west-2a-01,us-west-2,2a,shard-003,374,26.31725056461043,60.55521021183138,51.95167422816785,82.52476297973253,132.35208377527346,27.95841850292957,20.131712411484852,True,0,True,0,88.50963341621532,0,167,1488539,60.807799800887985
2024-01-04 08:30:00,node-us-west-2b-02,us-west-2,2b,shard-004,318,27.36641801337051,53.657407980693705,55.09720017268154,73.08610317132232,102.10089886681217,21.796660749144404,16.943666559815092,True,0,False,31,95.04889320182343,0,391,4475727,67.39151515911294
2024-01-04 08:30:00,node-eu-west-1a-01,eu-west-1,1a,shard-002,499,28.56324332679214,45.27382885178334,67.84173335332764,105.07824864018802,165.06010656808138,32.05060197010806,27.95756717504454,True,0,False,10,86.36228755923815,0,311,4861733,97.9614184661702
2024-01-04 08:45:00,node-us-east-1a-01,us-east-1,1a,shard-001,245,24.95299232889082,55.62746545663575,60.16762745892274,48.9628975800833,64.89243705437441,21.003892455019724,11.707781046504326,True,0,True,0,86.77164068208788,0,473,3332969,47.588112289781094
2024-01-04 08:45:00,node-us-east-1b-02,us-east-1,1b,shard-002,258,24.747175245436154,68.0191635257576,55.51094233486434,41.92347393816325,71.26592303416578,24.215242930717174,13.765623895736319,True,0,False,37,93.6982469388293,0,348,1956827,97.28821036993077
2024-01-04 08:45:00,node-us-east-1c-03,us-east-1,1c,shard-001,302,26.051068221582224,75.78351703568426,37.93770343067194,49.81193852077325,75.11798548798308,21.71049782579554,15.893708170000988,True,0,False,35,94.48290462250542,0,145,1801693,49.153343448341744
2024-01-04 08:45:00,node-us-west-2a-01,us-west-2,2a,shard-003,208,24.52792039786093,70.88503251332828,57.57015608508754,41.434712909621354,69.75106821455024,18.50787182885477,10.040527674957495,True,0,True,0,95.43938889862322,0,57,4495636,36.05419768914642
2024-01-04 08:45:00,node-us-west-2b-02,us-west-2,2b,shard-004,330,26.71622409264298,46.510689812600305,69.54175366499291,76.44151356058384,83.62985472453043,25.134923805176797,19.081758295802484,True,0,False,23,93.96951441614134,0,373,1304648,97.37289397260498
2024-01-04 08:45:00,node-eu-west-1a-01,eu-west-1,1a,shard-002,644,31.780346906068637,53.824768914533834,63.86975970817612,117.94627943606582,216.69080590153126,56.869899811878,38.21025566316319,True,0,False,50,87.87459755883805,0,224,3988502,45.58371582949036
2024-01-04 09:00:00,node-us-east-1a-01,us-east-1,1a,shard-001,1172,39.44001568234663,42.66505766099003,45.26749954766758,240.12791272237095,357.5737698298358,104.31841763808951,58.94892397622733,True,0,True,0,85.6669987763643,1,455,1619635,66.81741597122955
2024-01-04 09:00:00,node-us-east-1b-02,us-east-1,1b,shard-002,871,38.6515431787798,43.844897445341715,68.6851162849332,170.21903263069402,247.4828352985247,78.15586195518384,50.40158160897364,True,0,False,5,86.58569784888617,1,250,4052120,78.76768964733378
2024-01-04 09:00:00,node-us-east-1c-03,us-east-1,1c,shard-001,2552,65.6864056970673,77.44454526498225,51.17192330116008,575.7729612674133,897.2799009569451,198.45021787697897,119.40254276544995,True,0,False,47,97.52039557872152,2,92,1778967,86.2888597028043
2024-01-04 09:00:00,node-us-west-2a-01,us-west-2,2a,shard-003,1176,42.256310675241245,53.076434142096616,46.83374410399237,219.3722472924997,371.9649873935107,89.92907239712598,55.72390663073174,True,0,True,0,86.85326950837103,1,227,3251671,53.41303641187653
2024-01-04 09:00:00,node-us-west-2b-02,us-west-2,2b,shard-004,750,37.46225982256444,48.548744609593136,48.619700496703786,121.54240608600612,261.1119773261612,50.03685346751059,36.56396590530856,True,0,False,20,91.33966146902883,0,416,4014836,28.84964418758747
2024-01-04 09:00:00,node-eu-west-1a-01,eu-west-1,1a,shard-002,796,36.09337327600962,77.9363355268257,58.49619533257425,173.3190316147846,280.0875834784343,55.21768075691571,34.309973609877154,True,0,False,27,86.88521855691171,0,423,4174241,36.71429899335151
2024-01-04 09:15:00,node-us-east-1a-01,us-east-1,1a,shard-001,1549,54.11911987093955,43.77692279055099,64.83039593979086,362.44695469430263,414.0341873820665,140.47725447099694,83.86255902876313,True,0,True,0,87.57730067629468,1,105,1742954,97.00701462382096
2024-01-04 09:15:00,node-us-east-1b-02,us-east-1,1b,shard-002,2247,70.19598744492853,74.45806230461103,38.975419720536536,435.4547097705619,571.8674512760941,150.51488647755082,124.86181968779151,True,0,False,24,85.40805141024055,1,117,2665252,56.73691153399501
2024-01-04 09:15:00,node-us-east-1c-03,us-east-1,1c,shard-001,2206,63.34258314762313,60.883052683568664,39.08169953288257,375.00475913209004,752.7085815337988,144.05156050941332,115.88713098499092,True,0,False,23,96.51418554746417,2,179,2954677,41.240373934641596
2024-01-04 09:15:00,node-us-west-2a-01,us-west-2,2a,shard-003,1500,50.255403645631404,58.05432335227992,44.09858168691117,263.4746050804413,401.3202809804392,128.69486395525934,75.98892508834004,True,0,True,0,87.57575405712991,1,198,2465199,79.0272283024211
2024-01-04 09:15:00,node-us-west-2b-02,us-west-2,2b,shard-004,1630,47.641853349281014,46.98122130056304,67.84188815976022,361.20313584050774,497.13751585981225,143.62014908441668,70.99668836529757,True,0,False,7,94.58548973534151,1,356,2119461,74.51493542748679
2024-01-04 09:15:00,node-eu-west-1a-01,eu-west-1,1a,shard-002,2733,72.63837350735875,54.2563825398631,56.45108304007545,552.871361251209,912.352780875781,204.04284531475298,117.6631961486883,True,0,False,45,94.69435485747599,3,476,2564318,56.43476631239807
2024-01-04 09:30:00,node-us-east-1a-01,us-east-1,1a,shard-001,2422,74.3879889085553,68.78756903072328,52.14381243706556,390.8443431385593,696.4839887034246,220.16908067294668,127.08194326787533,True,0,True,0,92.21471170655889,2,418,2902232,48.67094056274054
2024-01-04 09:30:00,node-us-east-1b-02,us-east-1,1b,shard-002,2397,71.9012563300935,41.07191331633514,34.87681029340956,502.34681885788837,774.940499949021,185.11203501166938,101.43545811228752,True,0,False,27,89.7479681431846,2,295,2852252,90.35208664842082
2024-01-04 09:30:00,node-us-east-1c-03,us-east-1,1c,shard-001,1559,45.68755922909068,65.26929005713143,42.23456459228819,372.6759370230796,484.4020491331854,113.32749658531554,86.52703825641748,True,0,False,7,94.0424403536931,2,328,2447201,80.49669877161493
2024-01-04 09:30:00,node-us-west-2a-01,us-west-2,2a,shard-003,1080,40.75144093566968,51.154638911012476,69.08874021536039,198.3320016127359,378.86717478518204,82.19261216549104,58.06117388456195,True,0,True,0,88.77231053708789,1,98,2891258,20.623092774572598
2024-01-04 09:30:00,node-us-west-2b-02,us-west-2,2b,shard-004,2146,66.30291510080224,56.077826392652526,41.588656235917874,356.7841899559054,517.2943518587961,178.78374542559365,128.55662349240276,True,0,False,49,91.52866504515626,1,393,4214265,96.79505689765948
2024-01-04 09:30:00,node-eu-west-1a-01,eu-west-1,1a,shard-002,817,38.62343532948228,69.49503362533417,37.73743831300203,172.73383636360825,259.61306196702685,78.25892107848144,46.88195213638132,True,0,False,7,97.63362017329943,0,373,4358654,27.225275868018628
2024-01-04 09:45:00,node-us-east-1a-01,us-east-1,1a,shard-001,2217,56.6156345007108,41.62583988188467,60.63921833248501,367.94742628536454,648.2721414283996,206.96226603134957,99.98474881671015,True,0,True,0,93.98355732275128,3,163,2448368,87.50328995155358
2024-01-04 09:45:00,node-us-east-1b-02,us-east-1,1b,shard-002,2685,81.88002397498158,50.53663739651171,44.3741733669486,437.49056484103875,927.8635836209388,254.5007524700262,136.5287755920048,True,0,False,38,96.79206273609657,3,242,4355152,83.19964025984729
2024-01-04 09:45:00,node-us-east-1c-03,us-east-1,1c,shard-001,2309,57.26830013101563,51.310732906158606,36.772827897346225,461.6493853785253,804.3300963284477,208.72184611089003,96.960828844543,True,0,False,33,85.04694835016217,2,288,3362854,78.12685052140145
2024-01-04 09:45:00,node-us-west-2a-01,us-west-2,2a,shard-003,942,41.41830838408933,57.767495391681145,55.38127439297878,163.271164875838,322.1167902527113,66.27183326070596,47.47011224427609,True,0,True,0,94.14896925609193,1,350,1031374,36.735027592370685
2024-01-04 09:45:00,node-us-west-2b-02,us-west-2,2b,shard-004,1812,57.13693557365676,41.98145202032747,56.35063878227225,431.66496799480984,547.5598718807777,164.3690037067045,88.64731430176332,True,0,False,37,92.08190143350639,2,348,1366959,67.40548424319935
2024-01-04 09:45:00,node-eu-west-1a-01,eu-west-1,1a,shard-002,1942,62.242862346134544,48.05294926358311,63.95046058674079,460.24874139676,623.0305537979784,150.066729888171,103.09414949260095,True,0,False,33,87.86045126575392,1,221,3491886,68.36410843156943
2024-01-04 10:00:00,node-us-east-1a-01,us-east-1,1a,shard-001,2386,76.62539069087825,40.898625822694456,64.28415258211321,501.1945358886968,799.1269614040607,188.68516218716297,135.0359872587232,True,0,True,0,87.81523516520733,1,224,2764199,20.502283899939265
2024-01-04 10:00:00,node-us-east-1b-02,us-east-1,1b,shard-002,2518,69.00284351489702,41.64083418123453,35.2287731748505,477.327437257621,699.4273067013492,240.41281057516375,124.29646355374143,True,0,False,12,93.05000686098164,1,140,4024378,41.20366061145062
2024-01-04 10:00:00,node-us-east-1c-03,us-east-1,1c,shard-001,1079,44.22727607880051,44.451126380365274,55.66059176107434,198.48807973536196,383.8919407842833,81.62058293379934,60.30586517257257,True,0,False,8,91.84599620209075,0,160,3824018,36.92406605986572
2024-01-04 10:00:00,node-us-west-2a-01,us-west-2,2a,shard-003,742,36.61319399767275,65.91214765356138,56.60029589132102,143.03217779312135,197.34115560984043,57.70982389795189,42.89203366068157,True,0,True,0,88.84435618001967,1,175,2563899,99.57670614089166
2024-01-04 10:00:00,node-us-west-2b-02,us-west-2,2b,shard-004,1673,57.63194240376932,75.41561899603897,59.48142029667892,362.99228449659006,455.3664483130802,141.1537751439926,73.99819757769356,True,0,False,43,91.43366765177174,1,142,4889872,68.43457226607339
2024-01-04 10:00:00,node-eu-west-1a-01,eu-west-1,1a,shard-002,2032,58.573638279912885,64.22488224066583,44.97669452212785,338.675375004075,653.2229103537966,134.1448197474278,111.63936911321117,True,0,False,19,97.55202636164177,1,177,4976257,85.8226468035015
2024-01-04 10:15:00,node-us-east-1a-01,us-east-1,1a,shard-001,901,39.14899364693496,79.26668483810121,55.33888597065362,178.6441500105888,254.98617305235058,68.46676625020869,49.85764081233785,True,0,True,0,89.58757754305499,1,191,1101138,92.06747038139709
2024-01-04 10:15:00,node-us-east-1b-02,us-east-1,1b,shard-002,2427,69.07957212914525,43.0336652539172,30.427726905082622,504.5921428370442,603.398724550322,174.92161296607853,108.21909137279535,True,0,False,20,86.12849621117554,1,367,4374085,31.669411263069502
2024-01-04 10:15:00,node-us-east-1c-03,us-east-1,1c,shard-001,728,37.13690934274034,69.53469428356664,59.33407454595951,137.92027382596598,227.25174555098766,59.98024398007461,32.78606288221529,True,0,False,31,94.50222950057315,0,289,2399661,44.9447286331468
2024-01-04 10:15:00,node-us-west-2a-01,us-west-2,2a,shard-003,953,40.11585161497402,50.509589109292776,35.034214158112235,224.82340022238122,244.5025049363898,74.82816574254363,45.600890634959455,True,0,True,0,85.7336122384875,1,213,4533668,38.3107806319308
2024-01-04 10:15:00,node-us-west-2b-02,us-west-2,2b,shard-004,1412,42.9413236369802,61.60066059516645,37.20118131812994,309.7121516169183,349.2673190066401,96.54322585905646,57.554523506473615,True,0,False,24,93.55176373397612,1,98,3082654,75.49411871414402
2024-01-04 10:15:00,node-eu-west-1a-01,eu-west-1,1a,shard-002,759,33.61747260416233,53.01972735965954,69.40458342981543,182.10374534357402,262.3904014891775,64.44432569483214,45.52368844809081,True,0,False,39,92.66415802204362,0,224,3451221,92.07249251474032
2024-01-04 10:30:00,node-us-east-1a-01,us-east-1,1a,shard-001,1167,41.37326083633073,47.142728069358064,63.86658606133711,198.61744371402813,339.5530533826779,82.7139761382236,60.11424109321213,True,0,True,0,85.6274791242611,1,419,3366693,28.91843860729237
2024-01-04 10:30:00,node-us-east-1b-02,us-east-1,1b,shard-002,2443,74.77235998240312,52.623245666492494,62.24862773359817,415.2646793633202,708.363636096299,214.38827728146865,146.15217763139864,True,0,False,24,85.84312496141003,2,320,1886595,64.58131045139785
2024-01-04 10:30:00,node-us-east-1c-03,us-east-1,1c,shard-001,1983,58.956567848803665,45.07528309215124,65.00795832397034,396.84502175484056,625.5489005357667,133.72969525764285,114.40771041934512,True,0,False,8,95.91660732749827,1,485,4536240,71.15471669659753
2024-01-04 10:30:00,node-us-west-2a-01,us-west-2,2a,shard-003,1510,52.10294205787232,48.21560567826358,42.456244663822424,278.788025033026,371.2965235569042,116.89835334012749,75.82505230879181,True,0,True,0,96.35244001806802,1,377,2822974,54.26750322047047
2024-01-04 10:30:00,node-us-west-2b-02,us-west-2,2b,shard-004,455,28.796207190557162,55.52126358677556,35.94492029460462,73.85105854906733,141.06389172501594,41.212568617357256,23.020887995078493,True,0,False,49,88.69978785282397,0,190,3717210,27.966300846365407
2024-01-04 10:30:00,node-eu-west-1a-01,eu-west-1,1a,shard-002,1199,43.87406137436879,53.25113417349767,41.01218389307877,223.9704492584279,398.9917971296778,105.50940761942826,63.66787965647239,True,0,False,7,86.42741793441735,1,126,2997090,40.11657879950168
2024-01-04 10:45:00,node-us-east-1a-01,us-east-1,1a,shard-001,2862,86.14564678069311,60.34185354340738,52.430667595643264,506.33442711631636,868.2269318287408,186.5479212109355,116.7713971989466,True,0,True,0,90.0245035764394,2,238,3409937,23.213992296703303
2024-01-04 10:45:00,node-us-east-1b-02,us-east-1,1b,shard-002,2724,80.2140414717078,69.0436212332449,61.497138987596905,618.3483188404934,798.1860992137048,187.39584560788498,143.23329802021,True,0,False,17,97.30397889554501,3,81,1982724,66.88887137533136
2024-01-04 10:45:00,node-us-east-1c-03,us-east-1,1c,shard-001,2316,67.36178422588445,49.951658994394016,55.00742670256725,465.0220508402784,740.7724484758057,211.83031298341686,119.96779454641576,True,0,False,5,86.149310992485,1,417,4199467,32.47814900640783
2024-01-04 10:45:00,node-us-west-2a-01,us-west-2,2a,shard-003,2084,65.71169605368999,48.33636371503983,58.827603556144524,401.1535498260995,539.5035446624549,172.16485839657946,104.22738181284431,True,0,True,0,95.01808572513141,2,266,3079572,58.58095365788976
2024-01-04 10:45:00,node-us-west-2b-02,us-west-2,2b,shard-004,1236,48.927975468022176,47.24765954620249,31.07859868365173,283.0678355743503,316.4310281755389,110.77188080918548,60.856132447699,True,0,False,18,91.05377367725904,0,196,2373915,83.56362304676375
2024-01-04 10:45:00,node-eu-west-1a-01,eu-west-1,1a,shard-002,2007,57.27274182301206,40.62667250807894,32.09481876505143,427.9543620680688,518.1902673684725,190.06315811302215,117.97868967137838,True,0,False,11,90.02151358034158,1,297,2262749,79.32080670048333
2024-01-04 11:00:00,node-us-east-1a-01,us-east-1,1a,shard-001,1564,49.88330319087832,52.22783881226019,30.126661895127576,327.9445302335679,386.5812246341321,138.56283938782752,72.0899108338607,True,0,True,0,97.48854005933781,1,80,2810330,83.02716918049711
2024-01-04 11:00:00,node-us-east-1b-02,us-east-1,1b,shard-002,1502,45.85870853379103,72.58095893789891,51.05887823160989,262.20630633244144,415.57980317730204,110.38445216046799,73.54430113176035,True,0,False,17,91.75040922026871,2,368,3585457,71.53614009228772
2024-01-04 11:00:00,node-us-east-1c-03,us-east-1,1c,shard-001,1877,54.76634352356901,60.35889220259013,53.16414227022988,308.8022441142148,653.4197140495096,155.69290547375212,93.79206484766483,True,0,False,27,88.48454403785487,2,168,1997714,45.956350207663235
2024-01-04 11:00:00,node-us-west-2a-01,us-west-2,2a,shard-003,730,35.335194830291435,48.16662321963228,44.44495611349483,158.2246862609581,239.0293090369255,52.025213074200884,37.00807992273502,True,0,True,0,94.02701096596414,0,333,2543023,69.76124932287419
2024-01-04 11:00:00,node-us-west-2b-02,us-west-2,2b,shard-004,1679,59.80737418408729,53.77358124548204,49.192633504856325,310.18657461685507,432.34005685297103,135.0188236928449,73.9715253972221,True,0,False,12,89.14950783160405,2,492,3081993,76.28476672057442
2024-01-04 11:00:00,node-eu-west-1a-01,eu-west-1,1a,shard-002,1882,62.476491852633195,69.43886079996976,31.981359035457096,323.76136390115425,619.9150320388313,157.73292742114043,79.51966813743252,True,0,False,50,97.02035567271349,2,129,2099965,91.76228997668491
2024-01-04 11:15:00,node-us-east-1a-01,us-east-1,1a,shard-001,1300,49.77703001366878,70.4189114918152,64.54704199289574,214.43697418656362,382.5366383701044,109.65024386803813,75.22307374461671,True,0,True,0,90.77742740452173,1,497,2013089,50.26153264310117
2024-01-04 11:15:00,node-us-east-1b-02,us-east-1,1b,shard-002,1857,62.60862191425594,63.69826178489559,51.03630547608236,298.7115157659475,635.9446918465216,177.7286750590054,102.82648317076095,True,0,False,18,87.90205088558753,2,363,4000888,57.3100889249457
2024-01-04 11:15:00,node-us-east-1c-03,us-east-1,1c,shard-001,2491,75.68661753669599,44.63722234877023,47.69439968375262,439.4438617292253,883.024698221023,217.7943127339067,124.81592169123014,True,0,False,1,89.83647998982693,3,218,3089440,41.25150030610155
2024-01-04 11:15:00,node-us-west-2a-01,us-west-2,2a,shard-003,2243,61.02802481654702,77.40818637976372,59.25709614331789,390.16252982256617,642.0537954467006,150.12663180592656,115.68214309870193,True,0,True,0,93.80819923038852,2,213,3232813,87.74436978107332
2024-01-04 11:15:00,node-us-west-2b-02,us-west-2,2b,shard-004,890,36.994643707585524,74.37950944074666,47.58919222297535,180.7768068166582,250.32925798289543,60.139723022250415,50.58878660018686,True,0,False,49,94.81021504260619,0,435,1952796,83.55560591882974
2024-01-04 11:15:00,node-eu-west-1a-01,eu-west-1,1a,shard-002,579,33.08176184155,68.54800106920419,41.6531926186296,107.08303705172764,152.3079741931413,50.64623591420446,33.03582615924181,True,0,False,24,94.14070088242703,0,438,4979747,53.734076538217494
2024-01-04 11:30:00,node-us-east-1a-01,us-east-1,1a,shard-001,3015,72.69582526310344,42.35104780594374,46.78379951385956,616.417953565056,1034.5716685937475,260.2372525669079,173.78738817424525,True,0,True,0,92.79765128676488,2,158,3430738,94.34405253859272
2024-01-04 11:30:00,node-us-east-1b-02,us-east-1,1b,shard-002,2675,65.85719168747423,49.60864872904189,64.99989811752286,542.8519943472296,660.5859978639165,218.14056270895355,128.33547694203978,True,0,False,11,85.94205002545824,2,278,2273262,57.93948443504998
2024-01-04 11:30:00,node-us-east-1c-03,us-east-1,1c,shard-001,2304,63.267460123744115,69.73050929356268,32.09229252023225,434.64634737056576,564.4189639971343,189.43676103162596,132.43071056179411,True,0,False,9,89.4770056233951,1,171,2956498,99.46045091830446
2024-01-04 11:30:00,node-us-west-2a-01,us-west-2,2a,shard-003,969,35.53995730711519,67.91063051392092,45.62714496971954,210.9446844588301,267.58934310212635,74.63552547759213,42.286206471707615,True,0,True,0,89.5896262602552,1,334,4277592,57.12831675102361
2024-01-04 11:30:00,node-us-west-2b-02,us-west-2,2b,shard-004,485,29.776304900694505,76.6671387314461,67.31176370768704,96.05102175404427,149.68182720581947,31.813130205045884,26.79619445802995,True,0,False,31,91.4926208636718,0,132,3434666,43.018919474918704
2024-01-04 11:30:00,node-eu-west-1a-01,eu-west-1,1a,shard-002,1536,53.91913443654066,40.72161492779358,69.0926627403536,354.7512712568725,510.3934257630636,123.18214804292934,64.1982655696022,True,0,False,8,89.74580406816139,2,267,3665192,36.309549653420945
2024-01-04 11:45:00,node-us-east-1a-01,us-east-1,1a,shard-001,1837,53.98999353195071,57.37369333260037,42.11883606220444,300.99398084372007,605.1541045849476,145.50302702158376,81.72359220074826,True,0,True,0,87.78479745460307,1,330,1862243,97.49486014401046
2024-01-04 11:45:00,node-us-east-1b-02,us-east-1,1b,shard-002,765,34.778099236441896,61.944129066876656,32.53670425498419,138.9934409502347,214.45596382189777,63.86517561060746,33.919875669648455,True,0,False,6,85.67405550709087,0,422,2787559,77.14726699312092
2024-01-04 11:45:00,node-us-east-1c-03,us-east-1,1c,shard-001,1372,46.72409871630978,75.24727656558662,45.216505044283736,298.63052192938216,479.8691687422766,97.56340897309178,57.3560996381907,True,0,False,18,92.84586604123916,1,420,4505756,48.9160736448586
2024-01-04 11:45:00,node-us-west-2a-01,us-west-2,2a,shard-003,1509,50.00292577094291,57.373843612130386,50.4040716769646,346.1092775403557,380.455665029529,110.91617103749472,69.83659923099863,True,0,True,0,87.24687991674715,2,335,4367644,37.446855629427475
2024-01-04 11:45:00,node-us-west-2b-02,us-west-2,2b,shard-004,1089,38.011429080955295,53.677175725193266,68.96213678900999,247.06851734579325,295.4080050648538,74.42041644650834,44.77053548051302,True,0,False,15,93.81813448123485,0,143,3227061,56.01883274954446
2024-01-04 11:45:00,node-eu-west-1a-01,eu-west-1,1a,shard-002,2241,57.163776853497836,69.86704602935156,65.75995921640268,462.1078214800737,719.3407283572368,188.76192439941175,101.47414587817656,True,0,False,8,94.79114463468608,2,160,1266215,33.788028452514624
2024-01-04 12:00:00,node-us-east-1a-01,us-east-1,1a,shard-001,1043,41.471569722515646,66.29799586531362,63.7280854509545,225.32796229612129,346.95626956412207,72.76666298240646,48.72856616236121,True,0,True,0,85.04016737227754,0,302,4131222,35.13989591442376
2024-01-04 12:00:00,node-us-east-1b-02,us-east-1,1b,shard-002,1766,61.827921035306794,71.43001409639803,54.04160050120616,407.2016329464375,464.7199364913475,127.57045872407068,98.970491956995,True,0,False,43,97.17335467484467,2,410,2141511,46.71458745056799
2024-01-04 12:00:00,node-us-east-1c-03,us-east-1,1c,shard-001,1104,45.18524658220731,76.47713391783788,40.779650684670585,192.3034710992983,305.9898475738194,103.76089331937604,61.166661888448395,True,0,False,32,90.81324199629555,1,204,2955016,31.084455895829734
2024-01-04 12:00:00,node-us-west-2a-01,us-west-2,2a,shard-003,1362,49.435804797078646,69.30402788640002,50.97617638753938,301.1136950492685,419.25855971663924,124.0975367715428,63.110275235734846,True,0,True,0,94.4741814691481,1,393,1349378,69.09616722820914
2024-01-04 12:00:00,node-us-west-2b-02,us-west-2,2b,shard-004,1125,44.35082971496283,44.023339441503026,61.06136441901075,188.43933790279536,331.70662417337184,96.16622734072055,59.725950994853974,True,0,False,10,85.12318365366039,1,401,1936467,54.054413454415126
2024-01-04 12:00:00,node-eu-west-1a-01,eu-west-1,1a,shard-002,2546,69.97643716034011,61.423056219038735,38.60479210767423,433.7406944972174,648.5716860500581,177.26873269444468,119.18723147027212,True,0,False,44,85.47634976988589,2,243,1454107,95.27856483845719
2024-01-04 12:15:00,node-us-east-1a-01,us-east-1,1a,shard-001,2508,62.86309935558735,59.32431348786766,52.17980991635069,461.8950144480495,723.8803720695379,226.33287470009856,104.48196784954791,True,0,True,0,85.39693826989628,2,359,4957959,39.85581295153114
2024-01-04 12:15:00,node-us-east-1b-02,us-east-1,1b,shard-002,1125,44.04404655483617,76.94260921332011,31.310913342422815,203.43640306887508,399.04749911439507,97.729531398956,65.60475386642517,True,0,False,13,88.27773478885442,0,354,4069745,77.26485499042921
2024-01-04 12:15:00,node-us-east-1c-03,us-east-1,1c,shard-001,1119,40.25262567309764,41.61493568743544,34.51961974111231,244.45994376813704,341.9655054918428,97.34146215500584,49.34372710718583,True,0,False,19,97.63733702297843,1,118,3663543,34.38926449252715
2024-01-04 12:15:00,node-us-west-2a-01,us-west-2,2a,shard-003,2440,63.455543367987225,66.8819652473363,62.92220291153582,461.4703884838907,783.5658219536926,161.9255565460326,115.83856895152218,True,0,True,0,92.6508365602593,1,209,2587821,47.12166458328877
2024-01-04 12:15:00,node-us-west-2b-02,us-west-2,2b,shard-004,1461,43.67339701830883,51.732982615701836,40.351112870870324,241.04040723350118,454.40888663567443,99.55135519070149,63.808790241378354,True,0,False,24,88.78341699175854,1,92,3789319,63.5704803902223
2024-01-04 12:15:00,node-eu-west-1a-01,eu-west-1,1a,shard-002,895,39.143567989382454,75.72480941868557,43.70862099502688,163.7902790949641,295.7055471856621,69.45473934987412,45.905100597848275,True,0,False,14,86.88163891382368,0,204,2572164,81.21320445001824
2024-01-04 12:30:00,node-us-east-1a-01,us-east-1,1a,shard-001,3842,95.56668249434728,44.888367363300496,59.436147596241426,683.3580621100782,1183.783142256996,260.8964663744156,173.6985949015704,True,0,True,0,90.78899551122439,5,479,4793344,26.124731320512602
2024-01-04 12:30:00,node-us-east-1b-02,us-east-1,1b,shard-002,1886,52.63718739349023,64.72309111015315,46.26977178523788,309.200733793024,571.7306646715024,145.2494812579898,95.33540909202023,True,0,False,7,93.33434249811886,1,309,2444557,91.09819072585766
2024-01-04 12:30:00,node-us-east-1c-03,us-east-1,1c,shard-001,1873,54.283596109095186,46.92764258739601,33.193237223036874,370.25268335375006,586.1549887197086,163.47504938153764,83.48835001860553,True,0,False,2,89.2251591846069,1,78,2142877,54.64716561088973
2024-01-04 12:30:00,node-us-west-2a-01,us-west-2,2a,shard-003,1451,44.76401065039474,62.85216938209574,40.87948337681772,247.6822751473265,483.29175617193107,104.01012856277495,72.02652897293058,True,0,True,0,88.29355675638347,0,275,3981108,32.15509424990735
2024-01-04 12:30:00,node-us-west-2b-02,us-west-2,2b,shard-004,902,37.36465379201511,55.772790229734404,53.58229100391506,201.33302145847048,282.98189994916,86.51035704368554,44.93092640763191,True,0,False,41,92.29179525773841,0,457,2179383,81.63233020442155
2024-01-04 12:30:00,node-eu-west-1a-01,eu-west-1,1a,shard-002,1986,63.208165899808144,62.14404505163131,45.8834189701947,389.38934415718995,500.61963405071066,134.72965830484222,83.28818751685482,True,0,False,47,92.7952836634762,1,481,3124036,48.69129193000369
2024-01-04 12:45:00,node-us-east-1a-01,us-east-1,1a,shard-001,3089,81.5982840552069,77.49591487032751,60.87154583573583,703.9906019222891,1099.022087688801,217.25425962010527,137.62414944763574,True,0,True,0,88.72448561451947,3,247,4605899,35.806237877520886
2024-01-04 12:45:00,node-us-east-1b-02,us-east-1,1b,shard-002,2366,61.27799182010911,65.02495488524221,68.8066711264627,464.70935545131357,826.9961568314839,197.7836665639836,139.06011532651516,True,0,False,3,92.7604012699743,1,271,4322458,36.88320700871878
2024-01-04 12:45:00,node-us-east-1c-03,us-east-1,1c,shard-001,1278,49.98253136412973,66.1850486028026,36.877217592500465,295.62115589184236,428.43271955564364,87.70385758413367,56.00797679967346,True,0,False,14,86.17100147833236,1,255,4191314,21.112743628247994
2024-01-04 12:45:00,node-us-west-2a-01,us-west-2,2a,shard-003,778,37.73656997995394,55.372209858073376,58.742111270492025,142.01444327418992,275.92405473249573,50.929194005670055,31.651532253767293,True,0,True,0,93.32292955126381,0,124,4207147,46.50149340694397
2024-01-04 12:45:00,node-us-west-2b-02,us-west-2,2b,shard-004,1567,54.11006110386157,78.1792879534976,53.0335158745215,348.7308022462606,388.8745891539174,110.92857603231137,77.24334051822606,True,0,False,27,94.52427407072133,2,477,4757184,76.86016442691879
2024-01-04 12:45:00,node-eu-west-1a-01,eu-west-1,1a,shard-002,1881,61.105579369429336,70.5804918729349,32.37780153145868,346.281745581101,461.5754494381095,160.78964667279138,109.3289989433698,True,0,False,22,91.18725751995493,2,58,1037797,92.00481465380841
2024-01-04 13:00:00,node-us-east-1a-01,us-east-1,1a,shard-001,1526,45.677380252699116,64.29237340203483,57.47348742294186,337.2844346622098,526.9499145060558,109.40195465891685,72.93631921988525,True,0,True,0,89.67011836094335,2,257,3435230,34.60490676490302
2024-01-04 13:00:00,node-us-east-1b-02,us-east-1,1b,shard-002,2213,56.95827050656551,44.19596136299104,58.85460107495305,445.56253738691566,586.7194052978712,186.29494555556627,89.07378082563854,True,0,False,48,96.19708814594406,1,294,4742709,72.99013253255839
2024-01-04 13:00:00,node-us-east-1c-03,us-east-1,1c,shard-001,1280,43.06137134557925,44.32821456643969,32.07159945507255,208.65675481433837,414.34892373535547,108.69367742182811,59.67737541330998,True,0,False,6,97.35211400465789,1,418,3940391,53.40755059003729
2024-01-04 13:00:00,node-us-west-2a-01,us-west-2,2a,shard-003,2068,57.42981172626333,67.79250205070545,63.42699848354188,398.76527780362477,619.591966858049,168.07770675909546,117.28178767995374,True,0,True,0,85.79278226462826,1,105,4221727,79.86425822357012
2024-01-04 13:00:00,node-us-west-2b-02,us-west-2,2b,shard-004,824,35.6318174028736,65.12257202938355,67.62999776239924,158.77777069570533,237.53448666207439,57.180532176245265,43.20164187912441,True,0,False,11,97.23973506951322,1,455,3215018,40.02957780130995
2024-01-04 13:00:00,node-eu-west-1a-01,eu-west-1,1a,shard-002,1875,59.000716063716965,69.46988660114506,56.40146885707138,417.00093096263987,563.5572553737633,137.94273583515414,97.61519224936697,True,0,False,33,96.62335648335139,1,219,1460138,81.37373431031514
2024-01-04 13:15:00,node-us-east-1a-01,us-east-1,1a,shard-001,2022,54.03786289404796,44.924681019478214,69.73088037789775,388.2481785965181,676.2325603215769,132.02754026871696,117.29404724114941,True,0,True,0,96.96954627790286,2,62,1890826,54.68904186364942
2024-01-04 13:15:00,node-us-east-1b-02,us-east-1,1b,shard-002,2920,69.8238648597487,68.78117860779608,60.376361812154116,497.91980075303024,706.7513576779725,238.88583732661306,160.7811524770502,True,0,False,8,95.43714874674106,3,54,3626031,38.79399514570794
2024-01-04 13:15:00,node-us-east-1c-03,us-east-1,1c,shard-001,2037,54.20556683578292,64.4149105764428,44.95893458885542,448.07945821040215,725.2540796618653,171.00530197126992,85.95422915341616,True,0,False,27,95.76968919159398,2,361,3593423,47.97870744042301
2024-01-04 13:15:00,node-us-west-2a-01,us-west-2,2a,shard-003,1686,53.533286018194715,62.106240235982995,60.11248696707341,350.45990855876255,470.75630743562976,144.77475091866728,74.53068727491403,True,0,True,0,95.48747788810394,1,125,1138135,66.15926844642149
2024-01-04 13:15:00,node-us-west-2b-02,us-west-2,2b,shard-004,872,37.12958191858573,47.2008629826146,36.4606993428339,169.2199601858427,214.55454514553196,66.9794851541121,48.979927781923315,True,0,False,33,87.04633275966196,0,164,2592422,51.03068627413373
2024-01-04 13:15:00,node-eu-west-1a-01,eu-west-1,1a,shard-002,1521,52.39950517705538,65.9638952522532,54.905355662997394,265.70170395958155,518.8209288782417,143.80440473345655,76.53536846019435,True,0,False,4,86.59107944144672,1,412,3066818,70.97896717016056
2024-01-04 13:30:00,node-us-east-1a-01,us-east-1,1a,shard-001,1535,53.99285236784866,60.60264850020964,47.372782154115924,271.1860558002315,425.8262831966019,112.33888235118698,86.49181337782264,True,0,True,0,89.85677527934158,0,404,4498146,82.14434126552462
2024-01-04 13:30:00,node-us-east-1b-02,us-east-1,1b,shard-002,2968,72.85673717677639,49.55024175610525,55.74126674817937,574.0939003198872,773.7707332552257,268.8034048367598,141.30648519055896,True,0,False,7,87.94800787135186,3,428,3001513,82.26925811546883
2024-01-04 13:30:00,node-us-east-1c-03,us-east-1,1c,shard-001,2559,69.80545311825986,44.34870826822539,35.10958276709288,533.2582735924206,636.9353063623723,170.93637448731076,128.17187530088398,True,0,False,3,91.55873193482755,2,411,1540182,98.80347796232337
2024-01-04 13:30:00,node-us-west-2a-01,us-west-2,2a,shard-003,1348,44.90266946263712,41.366370509255404,51.41253527555611,238.22161794072625,357.5805972815974,127.72838964202678,57.24301837168178,True,0,True,0,92.65307504258146,1,212,4249243,21.739325230171367
2024-01-04 13:30:00,node-us-west-2b-02,us-west-2,2b,shard-004,927,35.223561948085674,51.53214589162708,43.195617245781506,175.09443985227648,279.78218096235526,85.95215662358939,49.95189542915801,True,0,False,39,87.56861192518038,1,366,3662334,65.0606051404958
2024-01-04 13:30:00,node-eu-west-1a-01,eu-west-1,1a,shard-002,1943,55.44198909209965,59.18039203775195,32.84599531873199,462.6448544360085,539.7409357878189,144.8306980652416,112.87498287480916,True,0,False,39,91.52650236028315,2,100,1698220,32.36590792860965
2024-01-04 13:45:00,node-us-east-1a-01,us-east-1,1a,shard-001,2143,63.376853276241555,63.319151215101684,69.13218757961471,369.6211917630177,632.0304495806591,172.83932297744678,89.89733606191054,True,0,True,0,92.19295936007894,1,384,3470424,85.78953721324955
2024-01-04 13:45:00,node-us-east-1b-02,us-east-1,1b,shard-002,2086,59.565710437939785,56.4362015128942,39.80827687006479,393.4952760015384,709.8204964879069,162.3240293927146,121.3094341715574,True,0,False,23,85.9282101053516,1,486,3133941,67.36537762592441
2024-01-04 13:45:00,node-us-east-1c-03,us-east-1,1c,shard-001,1808,59.63834780390601,42.44100372160782,34.68083466949744,324.4967665488811,602.6356664527622,152.53965494530587,95.83375865065564,True,0,False,27,91.56137926648978,2,291,1060424,77.79558822986735
2024-01-04 13:45:00,node-us-west-2a-01,us-west-2,2a,shard-003,1453,46.234682080201495,67.35922004258136,37.01228753495498,339.1408872555505,349.4652703696676,95.05818469829126,86.1833831995315,True,0,True,0,92.81635561519836,1,139,1135913,71.74765797866436
2024-01-04 13:45:00,node-us-west-2b-02,us-west-2,2b,shard-004,779,35.22802048119498,43.714350220077364,37.38781448879702,140.9143946234099,267.23325474385865,51.255043227867205,43.30208813689991,True,0,False,7,91.36087540240108,0,141,1138645,45.263418912277075
2024-01-04 13:45:00,node-eu-west-1a-01,eu-west-1,1a,shard-002,1121,45.93067443483706,56.25639453054296,43.38846261394515,205.55259722145027,332.29279949676607,91.79436848154812,66.22560884593418,True,0,False,4,92.12171546908728,1,327,2134577,77.23327630050069
2024-01-04 14:00:00,node-us-east-1a-01,us-east-1,1a,shard-001,2741,80.63065886073178,42.22872002219699,52.568943621592375,542.3147192087446,919.9049596335674,231.74874978481688,154.0259129465113,True,0,True,0,87.36681878599907,3,449,4708726,85.65395874686631
2024-01-04 14:00:00,node-us-east-1b-02,us-east-1,1b,shard-002,1620,49.20137463409681,79.25927088423089,58.11316481398945,287.5390147218831,541.0473034401062,148.7454593535755,83.72599890800744,True,0,False,23,96.68183589598134,2,142,2607190,82.89216429459657
2024-01-04 14:00:00,node-us-east-1c-03,us-east-1,1c,shard-001,1037,36.915309103038105,57.1888217569553,35.154947082126654,236.7815003220252,371.3696578702276,77.98581983384378,42.326286080176935,True,0,False,2,90.81867235714157,0,190,2854288,23.2674236860717
2024-01-04 14:00:00,node-us-west-2a-01,us-west-2,2a,shard-003,1043,39.02488808506207,63.85111827368225,59.750648957118074,234.98914132763716,280.19434679865697,88.97260030513891,52.931247252624395,True,0,True,0,85.48955283545627,1,167,4837472,78.28511083472972
2024-01-04 14:00:00,node-us-west-2b-02,us-west-2,2b,shard-004,759,34.77539754601956,44.04417617481481,46.759527207301275,165.16926351758883,231.35665522704218,57.445011181398186,42.34996296508607,True,0,False,19,93.05625730825791,1,298,4681180,83.78270973285012
2024-01-04 14:00:00,node-eu-west-1a-01,eu-west-1,1a,shard-002,984,41.5515845054999,47.72635276188467,43.837593562337815,217.65825197984645,286.846495726523,75.9627809439796,44.73741662576301,True,0,False,15,89.62748385694276,0,377,2446885,61.4433764046974
2024-01-04 14:15:00,node-us-east-1a-01,us-east-1,1a,shard-001,2094,66.37759587402351,61.003951923782154,38.54725407221626,444.2166333980042,684.747670030315,193.86967761021444,105.31897185291554,True,0,True,0,90.42504730025682,2,62,4809103,75.69394341144388
2024-01-04 14:15:00,node-us-east-1b-02,us-east-1,1b,shard-002,1611,48.52764749763579,79.58695533394666,68.06385286830283,352.66671319820847,553.7460636101889,105.0102927053147,80.60165710385311,True,0,False,36,92.49018979667063,1,123,3113456,27.331421619550056
2024-01-04 14:15:00,node-us-east-1c-03,us-east-1,1c,shard-001,3211,74.55236638724413,58.000528866167,41.75646702021498,552.1230512689096,911.2158280980942,277.07522978682556,186.64888261190208,True,0,False,50,96.47386319043866,2,455,2135623,73.71911618584231
2024-01-04 14:15:00,node-us-west-2a-01,us-west-2,2a,shard-003,1357,49.921822117765075,53.59376121678494,38.02702502111456,316.54511407201215,471.01452640542396,126.30055090936172,78.96180757758452,True,0,True,0,96.02659815077854,0,345,2089694,90.63010499176193
2024-01-04 14:15:00,node-us-west-2b-02,us-west-2,2b,shard-004,1028,37.167301798391975,68.27578796051155,30.373856849251396,217.89920718020448,340.2523252851867,93.08634764730975,45.007920405028244,True,0,False,12,88.993474280792,0,275,4172478,97.4664344544148
2024-01-04 14:15:00,node-eu-west-1a-01,eu-west-1,1a,shard-002,1422,47.822452751866784,57.9696948454615,54.22771883227016,246.92636331696616,475.93995974728574,121.49161787392339,57.286417160840934,True,0,False,13,87.27105075902604,1,287,1741056,78.51548122197559
2024-01-04 14:30:00,node-us-east-1a-01,us-east-1,1a,shard-001,2629,78.73960193701751,46.61639987011844,64.30674618545986,623.5721543156529,868.4549163240157,177.53840938759353,138.23108299196664,True,0,True,0,95.92314591504322,2,251,1327126,42.64544085639224
2024-01-04 14:30:00,node-us-east-1b-02,us-east-1,1b,shard-002,1056,39.56365595291342,76.48486555894121,45.54270847934053,211.3917692393204,348.1860645723121,88.2542998809105,45.87501375910186,True,0,False,50,90.89933046460021,1,290,3525002,77.58511367547263
2024-01-04 14:30:00,node-us-east-1c-03,us-east-1,1c,shard-001,935,39.570112976977285,59.19426640471855,67.80481961669216,193.66261182141577,331.63010961220266,65.88372601984416,53.975184642121384,True,0,False,7,92.69709980321818,1,320,1628552,66.15867590809856
2024-01-04 14:30:00,node-us-west-2a-01,us-west-2,2a,shard-003,1811,51.74958361536663,53.847198170562265,44.52472224312796,323.4957853812644,581.6749629082944,123.58906757700913,73.4298975384134,True,0,True,0,96.03880889143241,1,429,1522984,34.76612693778798
2024-01-04 14:30:00,node-us-west-2b-02,us-west-2,2b,shard-004,910,38.647394313831,65.15027013226187,36.34241809272768,190.9335137750343,300.7948849904337,77.04988743415566,46.24339418123699,True,0,False,28,86.04033175500746,0,499,3401473,56.4385565564279
2024-01-04 14:30:00,node-eu-west-1a-01,eu-west-1,1a,shard-002,1732,56.4070482504475,71.49615180418098,63.924392505810786,297.20386304002994,531.2120997733899,157.2418162724335,87.66852259849229,True,0,False,50,93.0432054789994,0,469,1699761,44.57375381238413
2024-01-04 14:45:00,node-us-east-1a-01,us-east-1,1a,shard-001,1627,57.45082359296251,79.90480066209736,54.320210413079224,346.8328570041751,452.6136099272011,125.62907965525505,82.282003332637,True,0,True,0,87.16801405991845,1,281,1878392,35.621972635308836
2024-01-04 14:45:00,node-us-east-1b-02,us-east-1,1b,shard-002,2777,78.12265853781199,45.48685727777432,63.74808049974992,563.9203258486152,900.0226778704927,199.32858096306947,145.57876441565145,True,0,False,30,94.8416358115581,3,85,1439765,39.71299032435256
2024-01-04 14:45:00,node-us-east-1c-03,us-east-1,1c,shard-001,1769,55.19565328816805,78.9832493948158,46.17113968421096,395.83012515662807,613.1217573040683,124.64006899551353,77.35428896030105,True,0,False,24,91.10351396710458,1,201,2838696,35.854513837975176
2024-01-04 14:45:00,node-us-west-2a-01,us-west-2,2a,shard-003,1141,46.6631697971641,46.83069976189542,30.97638114300558,194.0638422354583,401.4763553110202,95.52642964316681,61.08982709949312,True,0,True,0,91.33076384176508,1,490,2453768,38.48319980649853
2024-01-04 14:45:00,node-us-west-2b-02,us-west-2,2b,shard-004,1322,48.12586486627799,59.742666456091,57.96049233402445,293.9465632029955,416.3423087272587,91.72108962477002,71.10714409735166,True,0,False,6,94.9637325999832,1,313,2400062,66.72452544363213
2024-01-04 14:45:00,node-eu-west-1a-01,eu-west-1,1a,shard-002,1374,42.36994534618026,63.1247563866615,40.87717118074555,302.2684427102815,466.76106396984096,119.54468865909604,66.87384476301061,True,0,False,23,96.72340123383,1,495,4000052,34.25972276222712
2024-01-04 15:00:00,node-us-east-1a-01,us-east-1,1a,shard-001,2328,68.43829589428941,78.50278913504175,40.56340390831055,392.65170909292317,833.8574318859376,180.72012566009573,138.39454665097418,True,0,True,0,94.86463103888752,2,248,1895626,75.96387017102239
2024-01-04 15:00:00,node-us-east-1b-02,us-east-1,1b,shard-002,1600,46.70239771979946,50.533790481934005,66.74594376288356,326.5131305577773,462.6447068503599,146.48824119838545,88.10197771609218,True,0,False,21,85.57574176839643,2,262,2287564,88.97939177866854
2024-01-04 15:00:00,node-us-east-1c-03,us-east-1,1c,shard-001,1384,48.99586948542644,41.15995432881747,61.10994332053977,231.45808452518813,495.794560053617,115.66161892816132,64.40395163450091,True,0,False,26,94.08107035058016,1,249,3812152,30.452625652007377
2024-01-04 15:00:00,node-us-west-2a-01,us-west-2,2a,shard-003,1542,54.19937119132557,50.74690245560459,65.0399111976102,250.32451424657955,509.2715309148393,110.12369414823178,74.92248548180538,True,0,True,0,86.58575152221967,1,104,1142278,52.501498296662405
2024-01-04 15:00:00,node-us-west-2b-02,us-west-2,2b,shard-004,555,29.843294052365692,67.10156844596212,30.57116244913406,113.75400193877893,185.74217878297287,37.198588055217485,23.38364046360935,True,0,False,7,92.09989290941287,0,103,3979256,83.27208909856819
2024-01-04 15:00:00,node-eu-west-1a-01,eu-west-1,1a,shard-002,2033,67.09989887753909,46.06445265230243,33.276772913832325,440.0379221276251,685.0953066927299,170.82199600378186,103.77763584113796,True,0,False,40,87.35771830057664,2,249,3498338,29.98155486231554
2024-01-04 15:15:00,node-us-east-1a-01,us-east-1,1a,shard-001,1685,54.727112295932294,66.43266540748705,49.8529498063856,356.8362635755664,566.7982831336939,120.38383396432035,75.8023449428255,True,0,True,0,91.96129440040606,1,313,4251790,84.43785368596997
2024-01-04 15:15:00,node-us-east-1b-02,us-east-1,1b,shard-002,1436,52.905104604940014,60.614939795144444,54.175426259525686,297.9462697147391,368.810192442959,132.80443434752686,60.74296420367358,True,0,False,38,87.13630174272602,1,120,2894814,62.17200819586503
2024-01-04 15:15:00,node-us-east-1c-03,us-east-1,1c,shard-001,1679,53.523974712869745,43.66967022878275,65.54431404124264,365.8051024386273,540.0296400708831,132.6080702976261,74.83630649013135,True,0,False,22,85.17014602983657,1,406,4849328,26.996056779182098
2024-01-04 15:15:00,node-us-west-2a-01,us-west-2,2a,shard-003,1967,63.011832447280206,65.46555951801763,51.7200674230467,413.9886127235352,587.3392091909792,168.5216094920894,114.73994842265031,True,0,True,0,88.09158226013449,1,394,4339538,93.23277366487335
2024-01-04 15:15:00,node-us-west-2b-02,us-west-2,2b,shard-004,1006,41.77926470234723,44.004011610104314,39.88926003777679,167.31896254515013,298.47979154458824,69.54691036845635,60.31058907785418,True,0,False,17,89.99781808759494,1,95,1410982,88.69111401437341
2024-01-04 15:15:00,node-eu-west-1a-01,eu-west-1,1a,shard-002,1579,56.5031992266179,62.85675648454654,49.234424530031745,367.00080364570425,444.7119878136919,133.8506546832796,69.59440691134041,True,0,False,11,97.8576397822436,1,143,4146463,82.59752179777537
2024-01-04 15:30:00,node-us-east-1a-01,us-east-1,1a,shard-001,1499,54.56597919791985,58.001559847799214,62.60990121474919,343.0557366589336,386.61454076310906,110.13518346259836,75.25404560305302,True,0,True,0,86.70178087840145,1,153,3449922,71.09941085215593
2024-01-04 15:30:00,node-us-east-1b-02,us-east-1,1b,shard-002,2087,65.48640238430501,56.68607196707366,35.206383946542594,414.72094971168144,698.1457277959277,173.262710558095,101.18406957887156,True,0,False,12,89.4608964456785,2,119,1868185,60.73711822225063
2024-01-04 15:30:00,node-us-east-1c-03,us-east-1,1c,shard-001,2494,63.605857850871374,75.99349938028794,47.09870221941246,412.7963117555779,662.492732694632,188.2878628412025,145.1744772183115,True,0,False,26,89.00506231415258,3,334,3443447,22.826019003580143
2024-01-04 15:30:00,node-us-west-2a-01,us-west-2,2a,shard-003,1159,43.478234261740255,72.24669269909029,68.29955178239183,276.846592004846,280.17189423949196,94.00896285294124,68.47361880166227,True,0,True,0,94.70706911906953,1,494,4056383,69.48043998001482
2024-01-04 15:30:00,node-us-west-2b-02,us-west-2,2b,shard-004,956,38.61366522292053,72.07745603374738,50.26012869245437,221.98487941228976,254.84252569710426,83.04557159529386,53.40205855041855,True,0,False,11,89.39727444166479,0,306,3262286,31.65497505643622
2024-01-04 15:30:00,node-eu-west-1a-01,eu-west-1,1a,shard-002,939,36.80325846378795,66.81373743396448,67.18700446823864,202.91960080218382,299.72811147191874,87.52129143942663,55.58881084126679,True,0,False,13,95.81969330286239,1,445,4813678,94.29335401786273
2024-01-04 15:45:00,node-us-east-1a-01,us-east-1,1a,shard-001,1373,45.64424260121979,63.91643873019485,31.445953640849336,280.8854115942846,454.70955960959185,117.24301354686077,69.05330728923434,True,0,True,0,92.99723510745599,1,80,3659067,36.71307608631254
2024-01-04 15:45:00,node-us-east-1b-02,us-east-1,1b,shard-002,956,38.60920704221879,76.57360245075037,47.9239754731223,153.5393212017857,259.47749061094186,86.73753799598674,56.187319551466956,True,0,False,33,90.42881202132178,1,95,3921084,69.54457218587557
2024-01-04 15:45:00,node-us-east-1c-03,us-east-1,1c,shard-001,686,36.05325173801165,65.61071505887769,60.210996968725944,118.55148098754233,178.54838427389976,45.1168525337126,37.972868360763734,True,0,False,28,89.05173710291497,0,338,2178723,25.632305348667764
2024-01-04 15:45:00,node-us-west-2a-01,us-west-2,2a,shard-003,1175,45.82556003394232,62.56736828905022,48.16190021679894,221.9551089902025,291.83468366107707,107.03867882680684,47.52600891576156,True,0,True,0,90.35554235598192,1,356,2243993,76.64286326385863
2024-01-04 15:45:00,node-us-west-2b-02,us-west-2,2b,shard-004,1811,59.44065591826396,71.97185420575813,45.96008858665246,409.10815195108853,487.3514480449548,167.48145966897755,95.1789288082251,True,0,False,34,94.93778737217538,2,307,1626960,62.974953807170664
2024-01-04 15:45:00,node-eu-west-1a-01,eu-west-1,1a,shard-002,1334,46.20038781060801,73.71785409020647,44.022304920248814,272.8533925712232,442.0050228074769,89.6723361940803,79.77842749220119,True,0,False,45,85.8266324221697,1,404,1021871,72.74689488977671
2024-01-04 16:00:00,node-us-east-1a-01,us-east-1,1a,shard-001,2373,70.1651359142182,69.08916744785478,46.41524579158122,423.56148787998194,653.8556838058058,214.0815542023294,101.03786036160164,True,0,True,0,85.35434664349341,3,148,3376747,52.083309415245765
2024-01-04 16:00:00,node-us-east-1b-02,us-east-1,1b,shard-002,3058,89.96755517608244,70.41054822796357,49.352310884433535,662.9484668698005,913.5092862353979,272.7883467690351,165.9701425096045,True,0,False,17,93.46005146087836,3,201,4896603,85.64368820669011
2024-01-04 16:00:00,node-us-east-1c-03,us-east-1,1c,shard-001,2253,59.488552309721136,74.02151052784303,65.68376946402134,413.847273725882,633.6376128755329,191.46655598828016,125.94652098441125,True,0,False,4,87.17616490077079,2,117,4526818,42.46325703137021
2024-01-04 16:00:00,node-us-west-2a-01,us-west-2,2a,shard-003,1882,56.634972678463654,42.54725187229895,50.48520961437736,408.9343666584014,532.0297770123515,163.7176668570296,105.34097545204934,True,0,True,0,92.1426738618471,2,92,2340745,99.15760495516652
2024-01-04 16:00:00,node-us-west-2b-02,us-west-2,2b,shard-004,1395,48.38509684692679,51.56349787905923,62.922297286330604,314.47767512179126,501.5964157734834,89.61711605941389,71.21827296518705,True,0,False,28,86.39023820705121,0,147,2014658,57.60054446216246
2024-01-04 16:00:00,node-eu-west-1a-01,eu-west-1,1a,shard-002,1886,62.54241189611803,56.91509835995457,68.1699658328537,356.1972073481356,644.5603455006467,136.75136930170265,80.48116310572996,True,0,False,39,97.30159506253693,1,378,2971780,86.99348683679388
2024-01-04 16:15:00,node-us-east-1a-01,us-east-1,1a,shard-001,2737,70.89895394463947,51.08271149911832,58.22468416248222,503.03719496837044,938.9939135225717,209.40502105347892,129.36903086807678,True,0,True,0,88.73879302095375,3,119,2559538,66.01183264462668
2024-01-04 16:15:00,node-us-east-1b-02,us-east-1,1b,shard-002,1786,48.70475111587979,74.99216670888572,67.3432801594852,418.3074133312712,637.6834367502621,161.00251451119894,102.74569771097386,True,0,False,27,95.19405843930838,1,464,1598165,35.39832997063307
2024-01-04 16:15:00,node-us-east-1c-03,us-east-1,1c,shard-001,2394,66.48048199307499,75.1199123660677,32.617303406365956,473.8709931524622,792.1975178979493,214.67980414953175,141.95756076915146,True,0,False,18,90.25102717373329,2,482,3910122,79.28372700233437
2024-01-04 16:15:00,node-us-west-2a-01,us-west-2,2a,shard-003,2453,76.85319699549443,63.07288844704891,55.828303277006555,416.82675061653424,782.4530609948058,215.5307539176077,117.2724713623133,True,0,True,0,90.15069952800602,3,75,4429437,35.02043978723741
2024-01-04 16:15:00,node-us-west-2b-02,us-west-2,2b,shard-004,866,37.05564676899562,70.74415302439124,60.839973125286946,201.69639731261822,251.5333783837957,60.46937717350745,49.687280637103214,True,0,False,49,93.27861970561358,1,329,2919200,34.49365422319707
2024-01-04 16:15:00,node-eu-west-1a-01,eu-west-1,1a,shard-002,907,35.741396446840525,77.63735350283378,57.27639108045359,208.61249163503368,320.58986212083096,66.83621642107981,40.25121911278277,True,0,False,33,95.63497814606316,1,489,4114773,97.17321688240445
2024-01-04 16:30:00,node-us-east-1a-01,us-east-1,1a,shard-001,2643,68.12576706462508,74.89390077174764,61.351390725640144,437.3964170239129,898.1622235961307,207.29470139783263,133.10710906049988,True,0,True,0,96.13795438364495,3,371,4412403,64.65678342492959
2024-01-04 16:30:00,node-us-east-1b-02,us-east-1,1b,shard-002,3331,95.7630267612381,63.345137022109824,38.949250163502,548.4543294787512,905.2096082156493,249.7308106632406,198.1675645347907,True,0,False,12,92.7175541650683,2,416,2356591,69.9355937124507
2024-01-04 16:30:00,node-us-east-1c-03,us-east-1,1c,shard-001,2544,79.34950012818545,60.73781200585865,54.682370323828025,452.5582506903179,737.9444943251899,218.8092705341872,148.36298530109704,True,0,False,41,93.68420319122409,3,489,1622009,44.18826564891532
2024-01-04 16:30:00,node-us-west-2a-01,us-west-2,2a,shard-003,1541,54.0602189290496,60.06216139301667,49.12961385645479,351.35309698675803,493.24669926445665,102.02930746077637,67.28545495819527,True,0,True,0,88.17932825507025,1,322,4479152,81.92314392577956
2024-01-04 16:30:00,node-us-west-2b-02,us-west-2,2b,shard-004,1453,49.911742359505986,67.53217383600598,45.85980692582633,300.7225403830334,496.1103914717186,100.10862184524672,85.37378771030846,True,0,False,21,85.17846220108197,1,159,1517084,53.79256168109699
2024-01-04 16:30:00,node-eu-west-1a-01,eu-west-1,1a,shard-002,896,36.927933739694836,47.434898365388975,51.43271213254466,196.98375590330528,282.37119780857466,79.78664286009985,41.63734699607975,True,0,False,15,95.99810808877626,1,155,4258602,46.431369194880034
2024-01-04 16:45:00,node-us-east-1a-01,us-east-1,1a,shard-001,3858,100.0,43.2628722211963,69.03745920910961,858.514674290681,980.3420178412616,326.8534038888613,190.28084917451633,True,0,True,0,91.99889287236162,2,417,1448430,92.68725154677404
2024-01-04 16:45:00,node-us-east-1b-02,us-east-1,1b,shard-002,1269,47.40309928095379,68.74909406929586,30.110890366341,293.32470366230143,401.3777894060057,119.45427113680164,75.09636721881716,True,0,False,13,94.48546473542044,0,155,2725187,32.48356457169021
2024-01-04 16:45:00,node-us-east-1c-03,us-east-1,1c,shard-001,1827,56.00931283766522,67.05517571546912,60.362736590098095,346.8109896859194,442.20197080445985,165.25853994686656,96.17030583869858,True,0,False,49,92.97777165994103,2,244,1213361,64.15844776985703
2024-01-04 16:45:00,node-us-west-2a-01,us-west-2,2a,shard-003,1531,56.143345451809914,44.298673514374755,40.82800584790488,319.30826276910767,462.2730711368814,105.29420516884271,80.14438958568284,True,0,True,0,97.15572376401384,1,398,3151504,78.60757749799697
2024-01-04 16:45:00,node-us-west-2b-02,us-west-2,2b,shard-004,653,33.8741396957646,74.90626359795952,43.66446122722486,155.99065580177336,234.65179081092313,54.78227137996887,31.026254963079904,True,0,False,33,95.2348649989817,0,77,1195951,94.01125753851079
2024-01-04 16:45:00,node-eu-west-1a-01,eu-west-1,1a,shard-002,1800,50.09682219451017,61.72276701361598,59.7433620334566,344.09690600182336,498.789145606634,138.3258157682634,105.24728416118317,True,0,False,39,90.08460722201986,1,136,3558414,21.16882650667843
2024-01-04 17:00:00,node-us-east-1a-01,us-east-1,1a,shard-001,1176,43.33001251986153,75.68064136397876,36.200257642131696,213.72734911146748,288.3082794164544,83.12256128610817,59.897866644104184,True,0,True,0,95.61482170083227,1,124,2904350,52.7053362672832
2024-01-04 17:00:00,node-us-east-1b-02,us-east-1,1b,shard-002,2754,84.41168826868147,65.93563540584931,32.7570570663767,600.2225909680202,896.1245925248858,251.1273543940148,114.57331686308376,True,0,False,38,87.9250871133724,2,224,3343682,71.41574787956462
2024-01-04 17:00:00,node-us-east-1c-03,us-east-1,1c,shard-001,3038,74.22935329276766,76.89285713150673,53.4923706579999,650.9322885343149,762.299090348272,267.60626384461364,157.17557316615603,True,0,False,27,87.88527831632872,4,313,3377281,76.89212173416867
2024-01-04 17:00:00,node-us-west-2a-01,us-west-2,2a,shard-003,2173,71.89397268134577,50.430450509400046,55.855545366572386,492.32903442524054,704.2511047267922,150.21858127573222,113.07355722298563,True,0,True,0,89.77502978326287,1,228,4621595,68.67728505382132
2024-01-04 17:00:00,node-us-west-2b-02,us-west-2,2b,shard-004,1725,54.55659610363054,63.11075087044223,64.30302949142796,342.65393111218566,608.9343681361089,153.88971757682856,80.77966286141859,True,0,False,42,97.25728036861467,1,447,3836451,31.66900339774072
2024-01-04 17:00:00,node-eu-west-1a-01,eu-west-1,1a,shard-002,1251,46.455287212460306,65.15597123651604,63.476713923447406,200.7748118865243,383.9553422335891,118.45494141009645,63.29299966398989,True,0,False,47,86.19505134991472,1,79,1198740,95.58019293261823
2024-01-04 17:15:00,node-us-east-1a-01,us-east-1,1a,shard-001,2757,83.42517468187184,66.7655585391567,60.39709064740234,584.0987342575337,733.9302686061505,237.64566916122203,163.95278240022677,True,0,True,0,88.49043727339198,3,124,1607706,70.68936191892311
2024-01-04 17:15:00,node-us-east-1b-02,us-east-1,1b,shard-002,982,40.34688093503736,71.1085033310163,62.64308366848715,181.32660288607792,331.27530143709214,67.00264505895777,50.29498076819282,True,0,False,39,89.53166185031624,1,424,1235077,73.44521631425852
2024-01-04 17:15:00,node-us-east-1c-03,us-east-1,1c,shard-001,1652,49.19137259158613,62.635740487035015,31.163705535140338,338.82294719063594,496.15880128956405,128.41639005232528,92.06216986027574,True,0,False,35,97.0974324106259,1,176,2370951,71.76624148814795
2024-01-04 17:15:00,node-us-west-2a-01,us-west-2,2a,shard-003,1721,55.30653034392116,52.036061348795,31.438215702429293,372.0539599079651,511.98091313963556,150.18503256208447,78.97842055858737,True,0,True,0,95.46759119381832,2,300,4309496,83.65624490361762
2024-01-04 17:15:00,node-us-west-2b-02,us-west-2,2b,shard-004,1851,50.57364251627409,59.00524864833975,36.27388965608739,311.0600947553335,642.4686183888447,147.76122977439482,86.00078241606022,True,0,False,6,92.80476591251404,1,188,1200957,79.83338009888593
2024-01-04 17:15:00,node-eu-west-1a-01,eu-west-1,1a,shard-002,897,41.36933772682526,67.29520604848722,57.37384045361447,202.88061717790032,259.16028030860986,75.98794983424949,44.449693606671026,True,0,False,41,89.7214293089918,0,383,3836397,72.91590950254829
2024-01-04 17:30:00,node-us-east-1a-01,us-east-1,1a,shard-001,2648,78.08664670876851,53.09441256144602,42.14593207925333,549.9333867514465,937.9839662838169,183.35425041371454,127.02764342388187,True,0,True,0,93.68837459685786,3,159,3413458,69.75356605969837
2024-01-04 17:30:00,node-us-east-1b-02,us-east-1,1b,shard-002,2466,68.33326314706625,73.0233854412759,50.24171093531719,397.23626035910485,859.3422991121063,206.1633978413865,129.03640250018307,True,0,False,14,87.99859320036964,2,346,4181404,87.50211446729
2024-01-04 17:30:00,node-us-east-1c-03,us-east-1,1c,shard-001,1100,43.06066460610407,72.12350868304672,33.32895057207445,187.33399181418153,384.89652698584615,73.2735120134929,63.04783007317495,True,0,False,23,88.63869355040163,1,498,4632734,82.9932788387945
2024-01-04 17:30:00,node-us-west-2a-01,us-west-2,2a,shard-003,944,40.195689925203595,58.033626622301576,39.605789772788974,189.44139068746443,281.1920519660809,72.84487767449879,38.87932133481822,True,0,True,0,93.79917406947322,0,137,3271702,49.21807361540195
2024-01-04 17:30:00,node-us-west-2b-02,us-west-2,2b,shard-004,1803,60.965232388392444,67.37650813599609,57.6864136844425,310.4678384895533,501.2313387026683,148.16094113664386,86.98464801480168,True,0,False,40,92.57991326531203,2,271,4591286,60.705064239680915
2024-01-04 17:30:00,node-eu-west-1a-01,eu-west-1,1a,shard-002,877,35.45285829852567,49.837378137996865,52.05308813258304,184.7913443232333,291.1870527661541,72.26941361956688,37.77115060124972,True,0,False,33,97.49705719282731,0,266,1189945,68.4492323326734
2024-01-04 17:45:00,node-us-east-1a-01,us-east-1,1a,shard-001,1311,44.058972511724846,55.233203099178425,63.314616358996346,212.34201292146287,456.7933626984198,101.86515578840573,66.68394115858555,True,0,True,0,86.66457163842573,1,462,1985376,63.135943039605664
2024-01-04 17:45:00,node-us-east-1b-02,us-east-1,1b,shard-002,2051,61.031953321045336,47.632275761303646,54.04015665687977,486.2448896452575,714.065625255043,152.87057195068923,88.80999320770611,True,0,False,47,85.0395911523353,2,245,4594451,35.68171356562139
2024-01-04 17:45:00,node-us-east-1c-03,us-east-1,1c,shard-001,1959,58.20507388435608,64.72611335446354,61.11901511739431,401.164388926821,621.2819466164544,187.2364584564181,116.75925426766752,True,0,False,5,91.57625552052555,1,162,3499205,78.23076314262515
2024-01-04 17:45:00,node-us-west-2a-01,us-west-2,2a,shard-003,2427,60.72005330299449,66.47718625848665,47.393430325766914,418.78696820340315,795.1332174486402,230.70765282284938,115.42728097922591,True,0,True,0,92.67502391493746,1,80,3463720,38.887846977639306
2024-01-04 17:45:00,node-us-west-2b-02,us-west-2,2b,shard-004,1729,52.809412649458075,76.13707934593685,60.45628877588994,292.8662303389687,576.4552361136901,121.11538503811241,81.67939885907104,True,0,False,20,93.72937613932092,0,435,1786665,75.71965002946129
2024-01-04 17:45:00,node-eu-west-1a-01,eu-west-1,1a,shard-002,1161,38.84075736979066,77.39953579705201,36.45174367546206,221.74975633946008,292.5258440872139,80.01979364510137,54.91480742372743,True,0,False,47,85.38063720343708,1,396,4968099,37.2386876750989
2024-01-04 18:00:00,node-us-east-1a-01,us-east-1,1a,shard-001,2252,62.9588561697711,73.60752588940431,56.97176812781595,461.3110456560848,803.0876653291748,196.4869963448101,129.4249205707105,True,0,True,0,87.60363028442836,2,465,4829211,75.87027117498722
2024-01-04 18:00:00,node-us-east-1b-02,us-east-1,1b,shard-002,1041,40.4293771755661,78.62749965759221,30.06896767449112,222.23421784551294,358.1842149366325,79.56598342640567,42.87030357015145,True,0,False,1,85.35700524678072,0,405,4947484,64.94170245221162
2024-01-04 18:00:00,node-us-east-1c-03,us-east-1,1c,shard-001,1131,40.05642232767815,54.439960406643195,55.919923662649325,196.95002675940455,390.061870833178,82.87139528562591,62.21924880949025,True,0,False,32,91.97097554388509,0,471,3209836,32.54785108599399
2024-01-04 18:00:00,node-us-west-2a-01,us-west-2,2a,shard-003,882,39.69137870209174,77.44017559166113,54.46176094605486,189.0089651373274,314.68074908077716,71.85958292080305,44.388566665889186,True,0,True,0,96.26053014556841,0,253,4401873,26.404458480699418
2024-01-04 18:00:00,node-us-west-2b-02,us-west-2,2b,shard-004,1510,54.56079299001493,44.06874077706433,41.08954418534941,242.36002111075297,531.6263130225037,128.70088516257775,68.98610718936965,True,0,False,5,89.12547964742055,1,226,3607578,55.4464606470988
2024-01-04 18:00:00,node-eu-west-1a-01,eu-west-1,1a,shard-002,1400,48.96832669520928,65.02189189108361,59.85371955715894,239.96626997028886,385.2386775403092,124.85756623776291,79.18048931933355,True,0,False,26,93.12880850383787,0,476,2202172,59.000593747788045
2024-01-04 18:15:00,node-us-east-1a-01,us-east-1,1a,shard-001,1368,45.19135107779731,42.01624171238705,36.20798905196013,238.0589112851702,461.99912617192535,93.08136872613106,64.28828254295478,True,0,True,0,89.79786438143755,1,295,4407724,93.7185496275935
2024-01-04 18:15:00,node-us-east-1b-02,us-east-1,1b,shard-002,1431,47.23325224103082,53.13215859277821,50.068558205079576,236.75479914035407,467.80252430675307,124.20175147170994,61.99850073097764,True,0,False,48,90.97065636709713,1,126,4866012,42.042916320761805
2024-01-04 18:15:00,node-us-east-1c-03,us-east-1,1c,shard-001,2045,62.267039510719776,65.50056013330911,52.026639351297106,439.60523872677817,702.5440402172159,154.0224225303987,99.56217708189925,True,0,False,39,97.04238482627171,1,246,3991242,38.00626907340116
2024-01-04 18:15:00,node-us-west-2a-01,us-west-2,2a,shard-003,1264,44.1870198840449,78.56342910740207,67.74495376843446,276.70953546378286,387.7655617503568,98.46296416787273,64.12122892555078,True,0,True,0,89.07743500306502,0,343,3169640,62.58410125716015
2024-01-04 18:15:00,node-us-west-2b-02,us-west-2,2b,shard-004,994,36.82497429012655,79.55417660949655,66.75194798189821,172.7943525119513,315.51898558173303,87.09338934339819,55.79811594874403,True,0,False,13,90.91102997278256,1,98,4688984,39.27791015709457
2024-01-04 18:15:00,node-eu-west-1a-01,eu-west-1,1a,shard-002,1027,36.99881785255596,70.8322723052096,37.5129187278825,226.2325162330719,278.2049132947104,93.74775900610838,47.00292038088485,True,0,False,34,92.51198414159443,1,210,1800059,74.4903278544988
2024-01-04 18:30:00,node-us-east-1a-01,us-east-1,1a,shard-001,2574,71.1991707574622,41.14850199640151,41.36436547827662,593.7506493333107,734.1534886539264,174.76365363391972,153.29672917191178,True,0,True,0,95.73138611143203,3,312,3555190,65.39487372286703
2024-01-04 18:30:00,node-us-east-1b-02,us-east-1,1b,shard-002,2996,86.06008279076985,47.620483494390655,39.32461289941571,655.9742508069144,826.4500704677532,207.79504623239015,174.714502181055,True,0,False,12,95.85309039712142,4,316,3446298,46.82875045838789
2024-01-04 18:30:00,node-us-east-1c-03,us-east-1,1c,shard-001,1669,57.389307265896974,63.292661295707624,35.28019950487445,379.353639691936,452.84471429314084,125.41283402580733,76.2019911116927,True,0,False,50,97.99566367005748,1,227,3477174,34.757232979126364
2024-01-04 18:30:00,node-us-west-2a-01,us-west-2,2a,shard-003,1432,42.926635629739465,68.9448520696624,57.207049076296414,269.0381153847331,482.3968679011266,94.08375015935756,61.64562711599972,True,0,True,0,96.67910165430656,1,55,3650886,78.15705590908502
2024-01-04 18:30:00,node-us-west-2b-02,us-west-2,2b,shard-004,1473,46.03144822315618,59.78684675276758,44.127669108265486,327.9460062208765,425.51300756900133,118.34523960247435,84.74507407873496,False,67,False,1,91.90628073158227,1,290,3111832,21.643713856032107
2024-01-04 18:30:00,node-eu-west-1a-01,eu-west-1,1a,shard-002,971,40.22638540340665,51.035165179129734,59.118522112884285,206.28130351448124,280.4466362625599,87.7952859311792,45.301263942780785,True,0,False,50,95.21906371101421,0,312,2980452,54.738039748771065
2024-01-04 18:45:00,node-us-east-1a-01,us-east-1,1a,shard-001,2645,74.51092800743984,64.59664354831358,49.18338706185885,508.637250761431,726.8561202287095,174.4449181157122,152.85039595998296,True,0,True,0,94.18587737337246,2,242,1868684,72.80670288134814
2024-01-04 18:45:00,node-us-east-1b-02,us-east-1,1b,shard-002,2962,75.51822461495206,64.87353840630311,34.43181189622939,516.800854842627,1027.767376199057,269.7677831203339,167.6555944383355,True,0,False,4,90.64336375895941,2,67,1451878,64.33502781505157
2024-01-04 18:45:00,node-us-east-1c-03,us-east-1,1c,shard-001,2357,69.61211228585381,55.89274027210796,30.91403347551681,421.98034750579103,603.0917413357497,179.6579807487886,97.37604173427107,True,0,False,32,94.91089007411844,3,138,4706661,61.34892594624725
2024-01-04 18:45:00,node-us-west-2a-01,us-west-2,2a,shard-003,1634,46.781649135639476,49.89546745098444,41.83764276567729,366.4902458528751,519.5516510164546,142.0071743698851,78.30451465019267,True,0,True,0,85.553649058908,0,441,1964861,32.93851400579247
2024-01-04 18:45:00,node-us-west-2b-02,us-west-2,2b,shard-004,559,32.132803350568906,52.58794924111206,56.59989716970699,108.6680339720523,141.47120441333598,47.93509826835663,24.292706995025505,True,0,False,13,87.44384304448263,0,242,2000177,20.73876566259785
2024-01-04 18:45:00,node-eu-west-1a-01,eu-west-1,1a,shard-002,1090,40.96290769760434,64.83759358276666,36.86795617072099,206.848729973906,361.21894056620164,71.22756925616046,56.51945183985226,True,0,False,3,88.55741443911963,1,221,3604304,93.76705308403058
2024-01-04 19:00:00,node-us-east-1a-01,us-east-1,1a,shard-001,849,34.629403849144346,59.8859243945217,44.09575582048691,153.31727150768168,235.66411589001083,73.74276997227601,40.61045291434646,True,0,True,0,93.99912734508135,0,190,1761041,80.17181169597016
2024-01-04 19:00:00,node-us-east-1b-02,us-east-1,1b,shard-002,757,34.35120337088081,44.43921630653739,35.06918399663671,145.48242911552066,193.35761823740162,59.61198529779628,32.986804805072715,True,0,False,24,88.72554512710563,0,268,1926451,86.50323602321984
2024-01-04 19:00:00,node-us-east-1c-03,us-east-1,1c,shard-001,550,31.64881480214141,66.05259404761631,56.450055152062475,123.52393032069762,138.43955792731754,52.344269220014134,32.387648187891074,True,0,False,21,87.69620575143657,0,106,2201930,25.02957408100591
2024-01-04 19:00:00,node-us-west-2a-01,us-west-2,2a,shard-003,586,29.73895350386279,79.73358879600889,36.977484985443276,140.44194687148553,149.15581132165767,45.99220761143443,34.82141481946114,True,0,True,0,95.42852617227882,0,175,3810599,78.1892585314218
2024-01-04 19:00:00,node-us-west-2b-02,us-west-2,2b,shard-004,391,29.231222966062468,71.43466272700914,45.092154936829004,76.07708550026491,106.04711054362173,32.35076985504774,18.610573886660468,True,0,False,34,88.79673130353875,0,499,2100743,58.509114985422784
2024-01-04 19:00:00,node-eu-west-1a-01,eu-west-1,1a,shard-002,600,31.239679670411647,76.71098190207152,30.227373854581586,136.4588745762986,208.34119450657178,57.47158528851857,33.08145449332292,True,0,False,30,89.99041366906172,0,89,4918160,43.88929227901556
2024-01-04 19:15:00,node-us-east-1a-01,us-east-1,1a,shard-001,257,25.173261643817447,44.232734061498455,31.161645035605265,49.33272675629637,62.19005972030477,23.6808741678683,11.19593292934952,True,0,True,0,89.97951369429896,0,435,1671573,94.09390139808683
2024-01-04 19:15:00,node-us-east-1b-02,us-east-1,1b,shard-002,176,23.340180905393574,45.20753186790873,31.811859996017585,33.43220613179594,57.473367544556204,13.949317218414798,7.478901337963324,True,0,False,8,93.88822421171852,0,415,3103160,25.63718570192126
2024-01-04 19:15:00,node-us-east-1c-03,us-east-1,1c,shard-001,583,32.76810924237418,72.21476803695654,40.81724646523266,139.38441119845595,202.81750847444496,53.264378168555766,31.684197086605998,True,0,False,28,97.32470244514646,0,203,4107673,53.888980033992404
2024-01-04 19:15:00,node-us-west-2a-01,us-west-2,2a,shard-003,294,24.81480439770021,54.1749468905988,67.63909403520728,52.91096870324768,103.51886601074862,23.048464582815267,14.184897793699085,True,0,True,0,93.91590762781541,0,57,4095735,36.823267117188756
2024-01-04 19:15:00,node-us-west-2b-02,us-west-2,2b,shard-004,251,24.387971353560058,43.75545375134085,66.80309466719058,48.65065052461136,71.53827092022522,21.32571822581335,14.565991070566803,True,0,False,41,92.66263490453468,0,396,3386915,23.799531029284566
2024-01-04 19:15:00,node-eu-west-1a-01,eu-west-1,1a,shard-002,384,26.701722401654788,61.62037525865345,32.528377856609055,77.4057790304837,106.66104172974057,29.555690826436507,21.081093922331107,True,0,False,18,87.1502908620665,0,156,3566289,43.414082303303076
2024-01-04 19:30:00,node-us-east-1a-01,us-east-1,1a,shard-001,401,28.65035089206421,61.82045472715191,57.62557310930984,64.76258097233425,142.9152188624659,29.296603523627805,23.427390206453225,True,0,True,0,95.48387785964448,0,295,3133330,51.40854587549457
2024-01-04 19:30:00,node-us-east-1b-02,us-east-1,1b,shard-002,710,32.944482845814534,55.20251704906198,45.86315813147006,168.64151029203046,171.2764460618637,58.44448268036525,40.504958816255886,True,0,False,11,93.40411026311745,0,479,1919839,59.16132104866618
2024-01-04 19:30:00,node-us-east-1c-03,us-east-1,1c,shard-001,429,29.223255379570947,66.46298268604589,57.04757486310137,84.36798325506447,115.80629094797547,40.418359931930475,21.94864288498973,True,0,False,42,96.12450602010456,0,136,2451123,92.52183608407867
2024-01-04 19:30:00,node-us-west-2a-01,us-west-2,2a,shard-003,400,27.61187323216046,54.19732248157302,66.93162726602688,74.27545645848053,129.67024494452778,33.800956819207926,19.49576822048375,True,0,True,0,85.02843985400291,0,106,4573482,45.23322269399514
2024-01-04 19:30:00,node-us-west-2b-02,us-west-2,2b,shard-004,246,25.413087391125636,77.38532411365506,43.70689941978263,57.9476879253388,83.65309753719143,21.952606367994502,13.609452286304636,True,0,False,47,97.31792661876868,0,178,4749483,45.1456565617665
2024-01-04 19:30:00,node-eu-west-1a-01,eu-west-1,1a,shard-002,502,31.151782706274915,56.49163551518752,37.201921687525584,101.0529995030515,173.77494854287733,38.26716270563973,22.297427380401928,True,0,False,48,89.57074631625484,0,310,1884280,52.69540058534255
2024-01-04 19:45:00,node-us-east-1a-01,us-east-1,1a,shard-001,590,32.9921596478091,54.30778484804473,43.77996457057439,98.5787738422236,185.3246941552439,48.02423810776628,30.947586982006534,True,0,True,0,96.73588080775149,0,452,1134620,69.53053725297555
2024-01-04 19:45:00,node-us-east-1b-02,us-east-1,1b,shard-002,266,25.93798560028157,66.09188834103136,41.683619719944,52.60450876831694,90.37206206397028,17.51749704210176,15.53521948354015,True,0,False,28,90.79683778043504,0,204,2255964,64.97722038843455
2024-01-04 19:45:00,node-us-east-1c-03,us-east-1,1c,shard-001,494,29.725476993167714,62.89329404812723,32.661602920689454,101.62034392566213,155.16788691205224,31.87221103578651,24.417284538811277,True,0,False,35,94.79475638657557,0,480,2356559,75.53135436799624
2024-01-04 19:45:00,node-us-west-2a-01,us-west-2,2a,shard-003,161,22.82561671009966,73.1542677588898,55.39601503164846,28.35592563761896,44.6085250483309,13.80826554553605,7.263866584387628,True,0,True,0,93.61558121356629,0,180,4702047,51.02841193558412
2024-01-04 19:45:00,node-us-west-2b-02,us-west-2,2b,shard-004,179,23.15394018852971,78.08576686172098,34.24577082758097,40.99990394623591,44.493751308103164,13.873883852723244,9.036210921280485,True,0,False,39,90.13181037916338,0,232,4273356,37.5113769677834
2024-01-04 19:45:00,node-eu-west-1a-01,eu-west-1,1a,shard-002,670,31.97606044049919,54.58331526869027,69.21772685150506,120.57720104561866,237.95784385331777,50.19270848199915,35.47893740288924,True,0,False,46,91.85098015314028,0,373,4755648,27.162508048864716
2024-01-04 20:00:00,node-us-east-1a-01,us-east-1,1a,shard-001,251,25.9463995693272,46.47963941367265,55.91915365052681,42.94430906143754,74.10521462200076,22.44133720211639,10.245089511582705,True,0,True,0,91.97110445167247,0,187,4438272,67.2281860021613
2024-01-04 20:00:00,node-us-east-1b-02,us-east-1,1b,shard-002,781,37.500044508014234,44.43428908128769,65.69771956569966,135.41102655092294,218.20715247435822,67.89326294499288,39.87286020460964,True,0,False,34,89.20732718158509,1,395,4036610,51.47679921263486
2024-01-04 20:00:00,node-us-east-1c-03,us-east-1,1c,shard-001,494,28.173093089579417,58.23708509467491,56.90988686092763,89.70395426255575,127.27715243579951,43.43796028208015,28.81679003653261,True,0,False,3,85.4301361137002,0,213,2467911,79.23392270346591
2024-01-04 20:00:00,node-us-west-2a-01,us-west-2,2a,shard-003,203,24.48799555600799,44.36864002298798,33.31198982057819,35.96367820370421,57.31433671930914,18.641777110552308,10.464061854253803,True,0,True,0,93.95149950177077,0,478,1305303,87.07573497562437
2024-01-04 20:00:00,node-us-west-2b-02,us-west-2,2b,shard-004,138,22.57357348537677,61.52472874550834,31.31728753679247,25.067561648012447,36.20367940707354,11.437252151976233,6.095148722968174,True,0,False,3,89.86670605585961,0,370,1750574,64.03980436490369
2024-01-04 20:00:00,node-eu-west-1a-01,eu-west-1,1a,shard-002,619,34.255314496506884,61.213286137783385,43.403032073568845,104.37091822102566,188.84625841265395,51.58124875416428,27.032213810043167,True,0,False,3,92.78503318413142,0,136,2505052,68.56316993909951
2024-01-04 20:15:00,node-us-east-1a-01,us-east-1,1a,shard-001,451,28.29560689450149,44.462946296447875,42.23775012456879,93.27821090201275,140.1162943630778,39.348556274537614,18.341703914665953,True,0,True,0,87.02374154226368,0,313,4978514,32.59993429744422
2024-01-04 20:15:00,node-us-east-1b-02,us-east-1,1b,shard-002,583,33.19054772623457,55.91171666464493,40.864112075217605,123.4579109194589,141.92910684102333,49.787708085128095,31.058063059265304,True,0,False,13,94.15076472351535,0,252,4709918,69.14189905420653
2024-01-04 20:15:00,node-us-east-1c-03,us-east-1,1c,shard-001,640,34.225861401459746,48.63074468284405,38.184495653949654,148.61061005149273,192.0991834564103,59.61541858424428,34.46650118106371,True,0,False,12,95.22695546546143,0,487,1618165,76.47113564268696
2024-01-04 20:15:00,node-us-west-2a-01,us-west-2,2a,shard-003,406,28.707483316644357,43.19732667623342,50.57215307031768,78.47149511972788,131.7929897499235,31.601399187767942,21.07621060627216,True,0,True,0,89.06133662741156,0,347,4610075,82.64769024942993
2024-01-04 20:15:00,node-us-west-2b-02,us-west-2,2b,shard-004,461,28.331162030872868,79.15255981516955,33.50768885917489,97.70229777790402,139.9646554600423,37.82514522606937,20.078361580545536,True,0,False,12,97.37378867790525,0,98,2496252,92.1131758421475
2024-01-04 20:15:00,node-eu-west-1a-01,eu-west-1,1a,shard-002,668,34.45301317008659,60.21197507657129,40.83319124333313,140.63877867667415,240.05980217195253,50.05712828635675,34.53355147235957,True,0,False,29,94.48300802254685,0,221,1640373,28.48872298619287
2024-01-04 20:30:00,node-us-east-1a-01,us-east-1,1a,shard-001,402,29.244578376643883,60.52793656163718,46.29483652365853,78.70977494324622,132.08952461807976,31.264521427868527,20.383331337860024,True,0,True,0,93.09917596242242,0,195,1497071,66.14201983715884
2024-01-04 20:30:00,node-us-east-1b-02,us-east-1,1b,shard-002,659,33.6299316867393,71.01502411335397,49.98976749900645,127.44734768411742,196.51138725939524,42.80794472303335,37.369839764226676,True,0,False,42,87.16184463894628,0,325,1832346,61.596827225105685
2024-01-04 20:30:00,node-us-east-1c-03,us-east-1,1c,shard-001,575,29.39364183228325,43.065842828234864,33.66706912561752,94.01842838294212,179.00469131412248,51.308939558108406,28.14206632229601,True,0,False,14,91.5303091836246,0,338,3259207,92.76885243581003
2024-01-04 20:30:00,node-us-west-2a-01,us-west-2,2a,shard-003,159,23.701106005362522,61.22821973935589,56.93972771457559,28.421875283215726,43.10804375865954,12.954648680438122,7.717092537230391,True,0,True,0,88.97136445184636,0,63,3712709,61.060367869864635
2024-01-04 20:30:00,node-us-west-2b-02,us-west-2,2b,shard-004,354,27.556043812068296,76.92658561820367,49.49453925662818,60.599235073848945,123.81316564038109,27.939998859768654,16.680012340036956,True,0,False,24,90.42363997759779,0,352,3553876,89.62254506483005
2024-01-04 20:30:00,node-eu-west-1a-01,eu-west-1,1a,shard-002,531,30.702726539634806,40.081202803056414,48.36392073559729,124.49695960159164,143.3918661428157,44.83786673085669,27.107460863162014,True,0,False,36,88.96851074239063,0,258,4146423,38.68779626735695
2024-01-04 20:45:00,node-us-east-1a-01,us-east-1,1a,shard-001,587,32.407067511210386,63.214521996584885,34.53715526961172,120.57249374557239,190.84745258077746,50.344378853694906,25.594808319702828,True,0,True,0,86.69243853657129,0,441,2430694,20.066124163686574
2024-01-04 20:45:00,node-us-east-1b-02,us-east-1,1b,shard-002,339,28.090673088175052,60.7492444765997,65.96884627436225,58.39638612480702,109.00462251787526,22.478221327874678,14.791514588835405,True,0,False,23,96.4144476986927,0,470,3423950,58.53977227949115
2024-01-04 20:45:00,node-us-east-1c-03,us-east-1,1c,shard-001,450,28.7563165658378,52.2180694881059,40.16524234840887,107.27848961751198,129.2420503426713,40.897531192691574,19.870197003404375,True,0,False,7,93.44402251181965,0,239,2188816,53.59063762357923
2024-01-04 20:45:00,node-us-west-2a-01,us-west-2,2a,shard-003,541,32.46062636052304,45.16018905300278,35.52979740160298,105.68905469842635,162.2693288347926,43.702413417062395,24.11113744632259,True,0,True,0,93.49892490108324,0,399,3050474,92.30583874903189
2024-01-04 20:45:00,node-us-west-2b-02,us-west-2,2b,shard-004,247,25.05508174301146,44.39202943333526,45.50083591430925,53.947367055863495,73.45560398693428,17.102334808552655,10.737057613301287,True,0,False,5,92.19555850536769,0,298,1609362,72.08079385175431
2024-01-04 20:45:00,node-eu-west-1a-01,eu-west-1,1a,shard-002,124,22.50804848692484,63.466335525899616,65.53004021121043,28.669654347942846,31.16042558780577,11.798974254443934,6.550379599652363,True,0,False,30,92.38355488112113,0,137,2370993,56.09685507108075
2024-01-04 21:00:00,node-us-east-1a-01,us-east-1,1a,shard-001,724,32.2310406836874,76.4545701843584,65.90669473081596,164.84037755396747,197.1610307637127,58.78206502834426,31.835715897477357,True,0,True,0,86.61262797418127,0,115,4249561,28.430848745871202
2024-01-04 21:00:00,node-us-east-1b-02,us-east-1,1b,shard-002,561,33.15159831701666,58.07376614549234,33.017192908856025,114.33004221952783,183.11233089769084,38.73583261943522,30.797561471677728,True,0,False,37,88.82487756078814,0,138,4762987,85.90093127402336
2024-01-04 21:00:00,node-us-east-1c-03,us-east-1,1c,shard-001,318,26.58623594918829,56.16697760192538,49.88783065294419,72.5383344576176,76.98157762526327,20.682875959366868,15.778032601426117,True,0,False,14,93.07518597867156,0,101,2526827,85.87932837041863
2024-01-04 21:00:00,node-us-west-2a-01,us-west-2,2a,shard-003,264,24.653869298818453,42.89208973643028,65.09029334099111,57.00918213504597,80.15187006226347,21.30437591906584,12.87424611375417,True,0,True,0,95.48312415593185,0,206,1360089,24.88481119540335
2024-01-04 21:00:00,node-us-west-2b-02,us-west-2,2b,shard-004,243,25.562001455868426,51.64376394768079,64.46399487693155,39.786061627645076,69.99432243521758,20.444876070471878,13.317399011240232,True,0,False,41,94.49233686961442,0,246,4377156,93.40750696461039
2024-01-04 21:00:00,node-eu-west-1a-01,eu-west-1,1a,shard-002,509,29.136385133373583,73.20371495338,36.20423653736555,110.62383442849082,166.93346322842206,41.25505683113957,30.34992398003499,True,0,False,18,96.25899625732511,0,269,4891593,67.54683668870261
2024-01-04 21:15:00,node-us-east-1a-01,us-east-1,1a,shard-001,413,27.184125693140107,65.58675264255339,64.24150629703539,75.14439641631708,139.84783001808415,33.81652465816526,22.143315312457,True,0,True,0,95.55215192179294,0,325,4497472,41.46021446741182
2024-01-04 21:15:00,node-us-east-1b-02,us-east-1,1b,shard-002,638,31.022230278181468,78.71848901328391,66.21012828591844,138.9014758804793,168.43153520828395,58.020864924072626,35.26423544812501,True,0,False,36,94.21196538060666,0,385,2780314,76.56447265679168
2024-01-04 21:15:00,node-us-east-1c-03,us-east-1,1c,shard-001,667,34.16297824525586,42.10090921072735,39.131676179270286,116.09660120289777,161.51819231518022,63.11655879408032,30.508509598188073,True,0,False,42,86.42772967531134,0,233,1170729,82.28480660814469
2024-01-04 21:15:00,node-us-west-2a-01,us-west-2,2a,shard-003,362,26.36066441103127,62.73607423209743,40.266054370877036,68.22696924890441,123.9860632863805,29.246558596058513,19.901984644150996,True,0,True,0,91.93113677569997,0,463,2424183,80.65389246067852
2024-01-04 21:15:00,node-us-west-2b-02,us-west-2,2b,shard-004,339,26.695779626965304,73.17119849992471,39.59369648017071,76.48738239647614,101.59548809923972,27.011276160285302,14.419466712115756,True,0,False,8,90.8734685155377,0,396,2988087,46.6827169815479
2024-01-04 21:15:00,node-eu-west-1a-01,eu-west-1,1a,shard-002,226,24.241087951755624,74.51782520743564,52.43783181748027,38.36445124077399,60.747074446826446,17.720073988942353,9.719859337325293,True,0,False,38,89.20786359762224,0,248,4215919,79.55558386186716
2024-01-04 21:30:00,node-us-east-1a-01,us-east-1,1a,shard-001,305,26.165142202769356,67.9006040980436,63.07968370228596,59.93728837527864,104.02084502544076,28.526186793432032,14.818303098045314,True,0,True,0,92.08890245296247,0,377,3832415,96.34854842553948
2024-01-04 21:30:00,node-us-east-1b-02,us-east-1,1b,shard-002,268,25.87201872778088,41.019410941134055,42.96641754169309,56.39369026031675,82.87384118437194,17.733497682912656,13.848084197882978,True,0,False,49,85.27796490046768,0,247,1011195,40.622515351053046
2024-01-04 21:30:00,node-us-east-1c-03,us-east-1,1c,shard-001,209,24.72703950126523,61.01147104239029,30.475209474911445,36.39495066994025,69.9171708065974,16.34512045797853,10.115255718478691,True,0,False,45,92.8530319782493,0,362,3171908,22.88843983500282
2024-01-04 21:30:00,node-us-west-2a-01,us-west-2,2a,shard-003,218,24.358126858155522,52.8361826485652,53.06812166353673,43.46455664906276,58.41751062482731,18.535206300489303,10.557853034860951,True,0,True,0,87.6439677473804,0,444,4093598,60.01220002848113
2024-01-04 21:30:00,node-us-west-2b-02,us-west-2,2b,shard-004,136,22.67263616721729,49.79583968591132,31.667434356414553,30.66718594150803,46.285409608755906,9.256411072773298,6.684141730091669,True,0,False,2,97.85434107427594,0,201,1784458,72.48012920235607
2024-01-04 21:30:00,node-eu-west-1a-01,eu-west-1,1a,shard-002,455,27.395649540474636,49.92091644278007,45.07826682990231,94.28866466589344,121.83376253260396,31.98561649277429,25.0016187824496,True,0,False,1,95.01150795912257,0,310,2500077,65.84734923922895
2024-01-04 21:45:00,node-us-east-1a-01,us-east-1,1a,shard-001,557,31.51805275644429,60.21228694922,63.475112910908294,102.18853299642704,158.165483768606,37.42837988937828,33.37009632868754,True,0,True,0,90.11150349608867,0,94,2392043,36.06671495463783
2024-01-04 21:45:00,node-us-east-1b-02,us-east-1,1b,shard-002,201,24.211522496427214,52.641229319952636,49.606528471557816,43.43699664456892,53.12768351532487,18.161527072652046,8.863355046133565,True,0,False,43,95.65203460758559,0,62,4660996,42.32196311496901
2024-01-04 21:45:00,node-us-east-1c-03,us-east-1,1c,shard-001,594,32.28851430095073,76.88654276298375,35.721001450750244,121.79401071022806,210.06315040700454,56.05939158459821,34.63154962423744,True,0,False,24,85.10747646297713,0,307,4670412,94.49496790357658
2024-01-04 21:45:00,node-us-west-2a-01,us-west-2,2a,shard-003,163,23.469192534112494,68.31571850182029,67.71966499301888,27.407219491322387,44.73381808205796,12.643903773296213,7.013690137552901,True,0,True,0,97.90622331057665,0,67,4114770,74.68729731098338
2024-01-04 21:45:00,node-us-west-2b-02,us-west-2,2b,shard-004,394,28.301409314020752,65.92235673907533,43.085211903761405,93.64304114674485,103.21707553370595,29.636229284655908,19.87183467190082,True,0,False,32,91.9772015033778,0,460,4329838,25.717736895367995
2024-01-04 21:45:00,node-eu-west-1a-01,eu-west-1,1a,shard-002,404,28.991130565956716,52.99681541060626,52.706978358993126,90.91425288807662,126.50215018854043,26.726027732567985,20.60051524421601,True,0,False,26,86.32140874077594,0,107,4223735,61.61812548060595
2024-01-04 22:00:00,node-us-east-1a-01,us-east-1,1a,shard-001,171,22.962996517903214,57.44813677663214,33.980157775409786,31.542966269089504,57.70281549282783,13.300426116094288,7.115460225513432,True,0,True,0,94.12646219023063,0,281,4871698,71.6734266412848
2024-01-04 22:00:00,node-us-east-1b-02,us-east-1,1b,shard-002,723,33.81746353318023,56.848646818460324,53.13263642219495,121.04877963176402,226.79135275396558,56.8029940981832,29.782286981125573,True,0,False,37,85.43366467285487,0,340,3933679,59.296159643667366
2024-01-04 22:00:00,node-us-east-1c-03,us-east-1,1c,shard-001,172,23.478939397180493,75.51315731546276,52.080616762222846,32.099405135249356,44.08736277593335,14.941002046325627,7.428557975519742,True,0,False,7,87.35257150694524,0,301,4346001,63.58178757847056
2024-01-04 22:00:00,node-us-west-2a-01,us-west-2,2a,shard-003,154,23.148839546749592,48.70245122123024,49.44042865961846,36.31250587929808,38.71208222730434,11.932011121208715,9.086294148621464,True,0,True,0,95.19564899642154,0,202,2290027,79.49743526751686
2024-01-04 22:00:00,node-us-west-2b-02,us-west-2,2b,shard-004,378,27.828346364679383,53.40621597292077,49.742206011266504,90.43945870175074,121.01161458632156,28.098660695308595,19.672890447953492,True,0,False,7,95.30005589272936,0,421,3916681,84.57351537118319
2024-01-04 22:00:00,node-eu-west-1a-01,eu-west-1,1a,shard-002,175,23.977515572317138,51.449857570038034,31.794539600545075,36.31188529738956,57.68741304435899,13.203147078110247,9.031398073290488,True,0,False,38,95.48390866550909,0,316,3563453,59.92207853596873
2024-01-04 22:15:00,node-us-east-1a-01,us-east-1,1a,shard-001,724,34.9193288502733,52.59529740339867,52.31729082418174,158.98270997134625,231.77232687036516,55.45770110729461,36.679495649276774,True,0,True,0,86.41961812366434,0,443,4384009,98.63943317778637
2024-01-04 22:15:00,node-us-east-1b-02,us-east-1,1b,shard-002,539,29.25899936651996,65.90992033957276,55.48290863277802,115.05143987801176,138.28101393430907,45.818883222902905,27.202520817471914,True,0,False,11,87.7234863653842,0,171,4401623,97.46198651512992
2024-01-04 22:15:00,node-us-east-1c-03,us-east-1,1c,shard-001,395,27.94773749054947,78.44676630088983,54.54592484565396,87.8571531728889,120.06909156854601,30.035117878492276,19.624903645551615,True,0,False,43,92.82018418783652,0,388,4408611,38.40574436077033
2024-01-04 22:15:00,node-us-west-2a-01,us-west-2,2a,shard-003,487,28.624464494957376,64.49340846586755,42.05028558897028,109.2662590507276,146.86726135548852,44.19809956869831,20.796577195582852,False,235,True,0,92.13623850862709,0,340,2246112,24.71352482624461
2024-01-04 22:15:00,node-us-west-2b-02,us-west-2,2b,shard-004,451,28.67579078442268,68.95630797160302,49.66160739813756,75.36770406120102,139.32868816275064,33.97513266888024,19.324447620292943,True,0,False,42,87.34301034436476,0,228,1267496,45.44596271472416
2024-01-04 22:15:00,node-eu-west-1a-01,eu-west-1,1a,shard-002,196,23.43664556012299,76.6777442196175,50.54190748407864,43.08875140435939,61.58708075700589,15.601292858758883,9.210745165261223,True,0,False,49,97.68261064106434,0,383,4360906,59.64215920412455
2024-01-04 22:30:00,node-us-east-1a-01,us-east-1,1a,shard-001,289,26.290299622777855,55.572348584174314,54.01790000852439,59.85875608453009,80.5004532477934,26.240197268496512,14.876425372479003,True,0,True,0,95.59288309684189,0,499,2184151,97.00109693322749
2024-01-04 22:30:00,node-us-east-1b-02,us-east-1,1b,shard-002,474,28.55207059615306,70.3894469094945,62.09744213436133,80.2312062175514,147.52958968873193,34.30177343154783,26.686818876198558,True,0,False,19,96.42416953701228,0,318,2945258,69.23768142919994
2024-01-04 22:30:00,node-us-east-1c-03,us-east-1,1c,shard-001,703,31.26839865810532,71.48545198309827,46.25113080684314,121.08568442947936,208.1213413879751,61.45777207489475,40.84335805039484,True,0,False,35,85.23674246098504,0,308,4435762,60.77204571658563
2024-01-04 22:30:00,node-us-west-2a-01,us-west-2,2a,shard-003,179,23.40439706136441,78.1247890667709,46.027795474739136,36.39129053512153,55.50365409268042,14.577001170995453,8.500474088585957,True,0,True,0,89.29964753578132,0,321,4808939,64.13480218507934
2024-01-04 22:30:00,node-us-west-2b-02,us-west-2,2b,shard-004,483,29.018271380826796,47.06518230538239,50.61985277879799,92.56856631098505,120.2649256440003,44.04494530386722,27.9590684824808,True,0,False,35,91.53538633966258,0,488,1289514,88.32530870624109
2024-01-04 22:30:00,node-eu-west-1a-01,eu-west-1,1a,shard-002,125,22.684260271808498,62.684842727704776,58.26647086008236,21.263797732104656,40.48439716490902,8.237383610998187,6.278169485300479,True,0,False,18,94.86575896728475,0,119,1876340,89.3103073731242
2024-01-04 22:45:00,node-us-east-1a-01,us-east-1,1a,shard-001,977,39.91664588693011,65.33853692922503,67.99766906859598,169.97566558480324,315.3473722087192,66.69099445642212,47.373915649337,True,0,True,0,94.6633773672702,1,138,2647975,53.320322993757756
2024-01-04 22:45:00,node-us-east-1b-02,us-east-1,1b,shard-002,155,23.08212678727804,42.923628591716636,37.55767528245786,31.54915103237538,45.24621312913162,13.964213218900706,7.923561441729939,True,0,False,28,86.06677998502444,0,247,1827796,83.81095089351065
2024-01-04 22:45:00,node-us-east-1c-03,us-east-1,1c,shard-001,367,26.428783223026393,75.45322506269282,69.41187376534451,70.83591395769787,103.13432112171662,24.237121582441745,15.005509436204036,True,0,False,39,97.27813822701508,0,134,2644908,90.58534652166026
2024-01-04 22:45:00,node-us-west-2a-01,us-west-2,2a,shard-003,393,27.635582256573798,76.77421855913894,68.67532182131191,84.95252008701,117.04749107878813,28.212047867077906,22.414189332415727,True,0,True,0,88.83417159617485,0,384,1884320,26.363843972752452
2024-01-04 22:45:00,node-us-west-2b-02,us-west-2,2b,shard-004,425,27.3423153930004,76.70560525974437,31.722371724752065,85.7758432602133,133.94976631518423,38.8189607698062,17.699336120958005,True,0,False,42,85.42711366782595,0,439,2625507,71.732385798328
2024-01-04 22:45:00,node-eu-west-1a-01,eu-west-1,1a,shard-002,131,22.304996861859344,54.3763261665861,53.42824485166227,27.662093255439963,43.74395075846666,11.65393979075364,7.510591707213093,True,0,False,7,91.29957231096635,0,269,4152089,76.58833296554725
2024-01-04 23:00:00,node-us-east-1a-01,us-east-1,1a,shard-001,494,30.963513452125063,49.46814669765695,60.66578382484268,107.87535570359339,138.21645302781667,41.46367353079864,23.508126295295142,True,0,True,0,96.03173215708097,0,156,4038631,83.19974948745462
2024-01-04 23:00:00,node-us-east-1b-02,us-east-1,1b,shard-002,187,23.342347461776733,43.68266994516947,37.79400523570181,34.032359050344844,64.79987883598459,16.83562690875901,10.604468010283743,True,0,False,49,87.93258519628957,0,363,1745822,83.00457730093039
2024-01-04 23:00:00,node-us-east-1c-03,us-east-1,1c,shard-001,299,25.6885060058108,77.71777043213963,60.22194102487282,49.81893125578268,84.76931944293241,28.483722669677785,14.25312711717139,True,0,False,35,97.48353242398751,0,90,3085734,86.7445605000319
2024-01-04 23:00:00,node-us-west-2a-01,us-west-2,2a,shard-003,464,27.795014913706165,56.488329056292685,69.4547234616002,74.56941395765575,164.2044983003381,42.49177536940344,25.208242779017045,True,0,True,0,93.71356089520141,0,415,4861929,50.27473995254784
2024-01-04 23:00:00,node-us-west-2b-02,us-west-2,2b,shard-004,179,23.34258812949586,71.59700255192591,30.188012468884516,32.981701902053004,48.0097534729012,16.64237542479011,7.32155297738213,True,0,False,8,86.50891202998913,0,110,3793907,95.79255316588441
2024-01-04 23:00:00,node-eu-west-1a-01,eu-west-1,1a,shard-002,304,24.90954899018383,64.35973535170308,39.499952348153876,68.97477781821851,102.84145866324587,20.775966811862418,14.806314028077129,True,0,False,19,94.31785193783706,0,167,1438951,63.27679421236673
2024-01-04 23:15:00,node-us-east-1a-01,us-east-1,1a,shard-001,668,35.21008603961285,47.30807912956294,37.17977852679076,145.3145033833402,185.23695063450128,60.249354229700785,32.010748809336214,True,0,True,0,94.59931682741025,0,408,3435006,81.20603466877185
2024-01-04 23:15:00,node-us-east-1b-02,us-east-1,1b,shard-002,136,22.92066123574621,78.83651958744882,63.54090169630779,23.03379490193191,46.122254551977065,9.797530484877871,6.634539243667061,True,0,False,14,88.05393856922221,0,261,3104934,32.57541826292985
2024-01-04 23:15:00,node-us-east-1c-03,us-east-1,1c,shard-001,722,36.275156802652575,55.73895459065639,47.62425820341177,139.2064119387727,235.9484548190176,55.090617171696955,41.15113275234284,True,0,False,4,92.26068502489926,0,99,1904128,79.40228411780083
2024-01-04 23:15:00,node-us-west-2a-01,us-west-2,2a,shard-003,402,27.643641274066653,44.50430180413289,35.545831276062785,94.52805491315456,133.8707336688301,28.480135620831824,16.440524598274386,True,0,True,0,85.36565178983203,0,274,3029253,80.22614282405827
2024-01-04 23:15:00,node-us-west-2b-02,us-west-2,2b,shard-004,225,24.42075319908799,51.350476882089,32.930879341747676,37.37655092595807,55.24488507065794,21.498522328190646,10.008673751072068,True,0,False,34,96.6726526205611,0,396,2361578,47.412387098884736
2024-01-04 23:15:00,node-eu-west-1a-01,eu-west-1,1a,shard-002,423,27.419123825473907,50.861915877959234,63.66855856500694,98.79189279975435,107.51974105366077,27.188490865826466,25.146966351975887,True,0,False,33,85.04772858408609,0,262,2613657,23.891988567824924
2024-01-04 23:30:00,node-us-east-1a-01,us-east-1,1a,shard-001,496,31.815149263497275,51.37282966402488,49.626290858644104,86.97672256793186,158.291663794213,41.42105054509835,28.07916781673358,True,0,True,0,87.24417656292589,0,223,2089150,48.87494220902015
2024-01-04 23:30:00,node-us-east-1b-02,us-east-1,1b,shard-002,228,24.35976590131431,71.98181722673988,60.303359998681714,50.26388589784299,81.064329705828,17.685646630823026,11.36036140373216,True,0,False,40,97.24809103822308,0,325,2022757,72.22531495066923
2024-01-04 23:30:00,node-us-east-1c-03,us-east-1,1c,shard-001,443,28.93227071752912,53.48166460455725,39.32598123547828,100.33156671331783,154.88313401355228,33.137926128765365,24.898757847402937,True,0,False,13,93.08723070389284,0,198,2902338,57.923338592023015
2024-01-04 23:30:00,node-us-west-2a-01,us-west-2,2a,shard-003,189,24.258664693005755,54.88679079526493,69.94640082394153,44.50410433341651,51.205642237671945,18.033248294906493,8.613793635631216,True,0,True,0,95.97852679495847,0,444,1405388,72.67666225295035
2024-01-04 23:30:00,node-us-west-2b-02,us-west-2,2b,shard-004,312,26.044605201160977,77.99865289517467,42.692857703529036,57.35434628680694,103.8041734471557,28.989042034901512,17.185082947351265,True,0,False,48,91.11778094703931,0,335,2109518,28.639141546961433
2024-01-04 23:30:00,node-eu-west-1a-01,eu-west-1,1a,shard-002,359,25.917164788578887,60.521794427751196,44.39294228008725,69.2331020178424,121.89680419783814,26.770149259627004,19.462377989657192,True,0,False,10,95.78847016904473,0,303,1966418,27.767809097320118
2024-01-04 23:45:00,node-us-east-1a-01,us-east-1,1a,shard-001,213,24.541565246548224,72.1292892861672,60.89428376205732,44.940018784489375,76.33614356577355,13.858403118253424,10.505366964072067,True,0,True,0,96.60024288780022,0,496,4742863,85.74582109920516
2024-01-04 23:45:00,node-us-east-1b-02,us-east-1,1b,shard-002,572,33.36993290811123,53.0076854114035,55.625389759304824,97.48763443512092,169.56204196056618,40.66482475560461,30.99606018522437,True,0,False,3,87.58671975608358,0,239,4007047,39.94596133807438
2024-01-04 23:45:00,node-us-east-1c-03,us-east-1,1c,shard-001,611,32.23502222883991,69.65725759756111,43.048961304875974,129.18508122377088,219.9057608644122,52.624275488863965,35.3019191692355,True,0,False,13,86.13111420747047,0,180,4259367,58.612412515849535
2024-01-04 23:45:00,node-us-west-2a-01,us-west-2,2a,shard-003,216,24.05618409037529,42.683336025442024,51.739866944665984,42.45023452260753,76.50315779273751,19.672847064988744,11.079953827757542,True,0,True,0,94.32162768601644,0,293,2888334,30.639869078364423
2024-01-04 23:45:00,node-us-west-2b-02,us-west-2,2b,shard-004,172,23.121953187029842,72.88850427149202,41.982313538822325,34.44386811348137,48.95752048789422,12.228993832173488,7.720444826310425,True,0,False,44,94.16610966230323,0,374,2649670,25.076472636016707
2024-01-04 23:45:00,node-eu-west-1a-01,eu-west-1,1a,shard-002,260,26.225585059765645,67.60175702960026,56.580254026143365,49.97270328442724,83.74372957020762,17.481458372301923,10.605921444049246,True,0,False,37,88.26948520390127,0,143,3548842,58.73388669893486
2024-01-05 00:00:00,node-us-east-1a-01,us-east-1,1a,shard-001,545,29.113280370193394,69.0508667424055,36.05163250711479,92.85825289703361,181.32656619460673,47.5960700788171,27.966445966377893,True,0,True,0,95.76611439862663,0,59,1935839,90.55012799699978
2024-01-05 00:00:00,node-us-east-1b-02,us-east-1,1b,shard-002,249,25.941488557670134,69.32652359741788,53.44534124640502,58.91126933065346,74.02299216475379,21.896877137110238,12.668493717919569,True,0,False,15,90.04065107418741,0,244,1305142,96.9769042296469
2024-01-05 00:00:00,node-us-east-1c-03,us-east-1,1c,shard-001,172,23.599584916144753,62.7313183853083,30.324396790861748,30.008478952398804,47.40058786677497,13.798801238965392,9.62672699671747,True,0,False,17,93.96319995372589,0,272,1439548,87.43212899259227
2024-01-05 00:00:00,node-us-west-2a-01,us-west-2,2a,shard-003,237,25.6098821837965,54.538537539823366,54.309560853873435,44.218921253325036,68.6134424393088,20.156273864156656,9.721448785592449,True,0,True,0,90.2932907030867,0,416,3450597,35.6012778276221
2024-01-05 00:00:00,node-us-west-2b-02,us-west-2,2b,shard-004,470,29.43444893308324,55.9892663270897,38.538181626667,105.92161399444264,122.2944787067959,44.45582382474694,27.802404164948534,True,0,False,23,96.18673716987884,0,192,2682900,82.02314636323396
2024-01-05 00:00:00,node-eu-west-1a-01,eu-west-1,1a,shard-002,320,26.70408260842894,74.62836065102164,35.19647075812729,69.62788871361349,90.80955455423016,27.396440961373617,12.994719910954428,True,0,False,7,90.01060483457492,0,333,2376859,73.30364176701626
2024-01-05 00:15:00,node-us-east-1a-01,us-east-1,1a,shard-001,679,31.913688472453625,67.45898663342817,61.02512789454694,145.59301156014345,166.31935165556726,62.84005476955154,39.64015636750547,True,0,True,0,96.75050738316442,0,464,1366433,88.92565332089318
2024-01-05 00:15:00,node-us-east-1b-02,us-east-1,1b,shard-002,249,24.010041648256163,59.2570435692899,55.07239505844084,56.532549894155714,65.44473382138317,17.11206568052184,11.723510022186485,True,0,False,9,90.61310619647539,0,139,2986397,88.07522378616682
2024-01-05 00:15:00,node-us-east-1c-03,us-east-1,1c,shard-001,163,23.144502525167077,41.47030504690925,60.58036277352985,28.197594282402317,50.77925840534206,12.753430019580634,8.271326972700962,True,0,False,48,94.8257526050931,0,346,1854282,51.95549995487835
2024-01-05 00:15:00,node-us-west-2a-01,us-west-2,2a,shard-003,416,27.459767654008257,49.25877303964733,33.14023492961678,91.94547911774949,102.861500437346,32.1592922542188,22.87123460114426,True,0,True,0,88.45302821498537,0,124,2787494,83.1013625909373
2024-01-05 00:15:00,node-us-west-2b-02,us-west-2,2b,shard-004,447,27.903473293007174,49.29681700464306,33.24341391095586,87.72338546379383,158.7477506310285,39.682421517254895,20.205538774993123,True,0,False,18,95.63815564495577,0,495,1383623,41.84137253079599
2024-01-05 00:15:00,node-eu-west-1a-01,eu-west-1,1a,shard-002,447,28.800313175750794,76.99264402770979,33.658319442103156,89.32447330412724,148.72628089259362,29.174587716534123,20.115213116822897,True,0,False,39,91.31457985907878,0,276,1232621,24.152753558837432
2024-01-05 00:30:00,node-us-east-1a-01,us-east-1,1a,shard-001,215,23.676792922482477,65.11089090193957,55.09994569845857,48.26234896176471,54.939011933399016,17.625280739131536,10.064113130739084,True,0,True,0,90.29987905677208,0,115,2139804,81.71761907519118
2024-01-05 00:30:00,node-us-east-1b-02,us-east-1,1b,shard-002,133,22.15327088951684,78.46279972916007,53.09389140867098,24.360720989616183,42.04022972573889,11.002458613979966,7.260510243662489,True,0,False,31,93.78527320559212,0,448,3187183,27.325077878931765
2024-01-05 00:30:00,node-us-east-1c-03,us-east-1,1c,shard-001,341,27.043080516381465,67.7411777452732,56.61251726204395,61.14613649383325,97.74410773508974,24.711554667068498,16.19181058298676,True,0,False,49,97.49900993711151,0,360,4105697,84.3704373223376
2024-01-05 00:30:00,node-us-west-2a-01,us-west-2,2a,shard-003,409,29.19819125983475,59.28053212159095,36.16190644093238,90.35831479170128,115.59545949856336,31.861422426165753,24.53570186811915,True,0,True,0,94.41496022443883,0,129,4620934,60.505819764571804
2024-01-05 00:30:00,node-us-west-2b-02,us-west-2,2b,shard-004,465,29.782527813624135,56.57252681011366,52.86421828487141,81.85621093037804,159.7076618833212,37.136161560161995,27.389940649457383,True,0,False,14,91.35720037362441,0,170,1842469,88.5887408115055
2024-01-05 00:30:00,node-eu-west-1a-01,eu-west-1,1a,shard-002,238,24.333469857950703,61.74060525480246,55.41009341221292,41.579144357019935,67.61686978200069,20.796658955578284,13.713339921544048,True,0,False,15,89.42189887963036,0,374,2273511,28.39780192402232
2024-01-05 00:45:00,node-us-east-1a-01,us-east-1,1a,shard-001,643,34.37674850092957,51.24327017532309,64.03210436260022,140.49664715030417,216.97003292934716,55.23373694675784,29.302236176357617,True,0,True,0,97.33780369953739,0,113,2327928,70.64075168866566
2024-01-05 00:45:00,node-us-east-1b-02,us-east-1,1b,shard-002,153,22.705402614157606,52.32006372606638,62.29794308377477,24.81314014970409,39.560209839021944,13.507060695696177,7.642111229292913,True,0,False,31,90.36464907068782,0,389,4357537,98.14136921024041
2024-01-05 00:45:00,node-us-east-1c-03,us-east-1,1c,shard-001,752,33.203630640675925,74.05385498410878,43.434538904942926,133.25127533302424,255.61448222545064,57.10948384181935,32.56590955830647,True,0,False,47,94.65166888346045,1,358,1029137,84.0161515666459
2024-01-05 00:45:00,node-us-west-2a-01,us-west-2,2a,shard-003,329,25.63115393421687,56.89977993729746,65.52105401410165,64.25612580004976,107.26853815413443,21.21924397744408,14.387604657305403,True,0,True,0,89.57593957909053,0,433,3369536,28.061828593685156
2024-01-05 00:45:00,node-us-west-2b-02,us-west-2,2b,shard-004,511,29.662334067130367,79.80083707544249,61.2808645852607,121.28779646883261,154.4959497390809,46.49797992959822,28.996676634468123,True,0,False,42,86.12933120274988,0,440,1578740,36.36639658440333
2024-01-05 00:45:00,node-eu-west-1a-01,eu-west-1,1a,shard-002,576,30.739039619397914,60.54869112746317,30.984607388921912,131.3727775595365,161.17277600538708,54.07852810934902,31.19992864688664,True,0,False,33,85.32540581578274,0,446,3243598,58.842064837910854
2024-01-05 01:00:00,node-us-east-1a-01,us-east-1,1a,shard-001,176,23.4958321036422,65.04600390426344,49.47705748190688,37.92712123391982,61.303129518332916,14.307279022341696,8.755706916997298,True,0,True,0,94.79337562659099,0,255,4539538,40.21815252429298
2024-01-05 01:00:00,node-us-east-1b-02,us-east-1,1b,shard-002,322,27.529009550769644,65.70014354170539,62.38352370265733,64.12605002576696,100.30964794327544,26.91449433072507,15.57347065060112,True,0,False,10,85.95226187795213,0,403,4947335,22.0357947975506
2024-01-05 01:00:00,node-us-east-1c-03,us-east-1,1c,shard-001,536,28.928786368950107,46.54478479320278,49.146567864508896,128.30738934001627,184.48355658752615,39.76640012826728,27.14295231621631,True,0,False,12,85.70451863503735,0,460,2604566,88.7026052190036
2024-01-05 01:00:00,node-us-west-2a-01,us-west-2,2a,shard-003,293,26.080497540880085,41.128093720349256,69.7035167601484,69.03061580599183,102.2232654919987,24.647473408567308,13.161263040820833,True,0,True,0,86.39321761791584,0,326,3958820,80.14792369482271
2024-01-05 01:00:00,node-us-west-2b-02,us-west-2,2b,shard-004,451,28.83422543231601,70.51975941304714,54.34801704159472,103.41129367500523,158.8677213697426,42.244544013374686,22.477019286790707,True,0,False,1,96.64690590593759,0,446,2247035,76.21091593713501
2024-01-05 01:00:00,node-eu-west-1a-01,eu-west-1,1a,shard-002,269,26.256499287694922,67.22199642416544,47.235458155944585,45.02761086292995,93.41147029922618,18.615682557174605,12.906696735725651,True,0,False,34,96.5142633128032,0,193,4911956,21.591136210216064
2024-01-05 01:15:00,node-us-east-1a-01,us-east-1,1a,shard-001,540,30.769459637408225,68.47703078066925,50.98726458431316,103.29285229196539,166.226603667705,41.37063221857543,22.64665733174811,True,0,True,0,87.90204207667486,0,390,1125030,46.11051162686812
2024-01-05 01:15:00,node-us-east-1b-02,us-east-1,1b,shard-002,553,31.918369044810678,61.17537245938094,64.20525053658812,130.63551646262306,170.75700690826383,52.01774181692418,23.309823288698723,True,0,False,38,95.26023550082255,0,217,4470035,70.05285268279891
2024-01-05 01:15:00,node-us-east-1c-03,us-east-1,1c,shard-001,597,33.24733560645964,52.00552989362428,42.95074524281445,140.4001419208359,206.85217264440797,51.21399094334344,30.70001832798548,True,0,False,46,95.36059274383233,0,102,2840313,41.852471526029696
2024-01-05 01:15:00,node-us-west-2a-01,us-west-2,2a,shard-003,119,22.53647436891288,41.40840732844802,43.03440086373346,26.745060471692476,40.851078795857305,9.420815598280143,6.074395979614571,True,0,True,0,93.20310271735461,0,138,1451917,68.39125898043098
2024-01-05 01:15:00,node-us-west-2b-02,us-west-2,2b,shard-004,525,31.608015723199557,78.66713036556132,63.828564429015934,115.3591168908337,141.44662878792192,41.90651023977724,27.986221445650962,True,0,False,9,86.35953185981018,0,421,3680095,27.190621588742083
2024-01-05 01:15:00,node-eu-west-1a-01,eu-west-1,1a,shard-002,524,32.336588638739784,65.81766099015945,57.63250347022524,124.70743949400551,172.05252842094686,39.55321994916693,23.487115101535593,True,0,False,1,93.57736151274509,0,419,4730648,40.69928919827679
2024-01-05 01:30:00,node-us-east-1a-01,us-east-1,1a,shard-001,421,27.83475906132387,66.8759730434457,57.09627185492516,68.36703164624268,111.66683053646115,37.32099403135422,18.485530914167224,True,0,True,0,86.09953362348038,0,129,4624771,26.17756699033455
2024-01-05 01:30:00,node-us-east-1b-02,us-east-1,1b,shard-002,430,27.796167714133702,71.67595460416524,42.46941920448634,72.21593365575818,136.63858111428314,33.965668255871115,18.359447935938878,True,0,False,34,89.01056200872902,0,272,2806759,51.45235497203203
2024-01-05 01:30:00,node-us-east-1c-03,us-east-1,1c,shard-001,389,28.610792266712345,79.36194188776284,60.905249173661616,64.31017072368026,109.78318097856148,26.418330958175947,17.749214405012417,True,0,False,7,91.19558989577045,0,404,3744456,84.27288138698779
2024-01-05 01:30:00,node-us-west-2a-01,us-west-2,2a,shard-003,425,28.359384000626086,76.5251611810807,63.945789303204485,73.51121039395089,116.76138828815695,37.30489449034644,19.577392332121548,True,0,True,0,90.89145623647028,0,137,1317106,53.66339928381223
2024-01-05 01:30:00,node-us-west-2b-02,us-west-2,2b,shard-004,262,25.26997629425361,40.853022432704414,38.790419188474715,44.809852087313814,65.26581905997355,21.216228149793753,12.958640210223294,True,0,False,2,86.71148214314735,0,133,3901691,66.87389776330892
2024-01-05 01:30:00,node-eu-west-1a-01,eu-west-1,1a,shard-002,320,26.13247157141844,79.16941300667891,48.748063298833415,65.206887325822,93.41719698587261,22.951080596029506,15.032091976082315,True,0,False,41,93.42458725616929,0,348,2863774,40.44498879905617
2024-01-05 01:45:00,node-us-east-1a-01,us-east-1,1a,shard-001,229,24.53801862242339,52.67442568007781,38.03494724893077,50.71959296624937,71.04397273394585,19.010115390160877,10.173840993589062,True,0,True,0,97.99049026822941,0,329,3786860,93.54760436614343
2024-01-05 01:45:00,node-us-east-1b-02,us-east-1,1b,shard-002,437,30.26227230380259,69.83298347565369,43.48298214758124,73.70148954812491,122.49222314252546,41.57443894858638,23.144498180748595,True,0,False,17,97.60562882232962,0,327,3054178,64.33547414032594
2024-01-05 01:45:00,node-us-east-1c-03,us-east-1,1c,shard-001,638,31.449657837615554,66.3070087790417,43.48527952818538,115.82566479973187,171.21404279014146,49.77475093286728,33.2924567201103,True,0,False,21,91.38333227685274,0,397,3554954,79.23432738068423
2024-01-05 01:45:00,node-us-west-2a-01,us-west-2,2a,shard-003,544,30.85310862953647,57.87532033758976,35.14231422276355,126.05952704035442,148.10713272547565,42.42553404082019,25.740376252636825,True,0,True,0,85.78941694663533,0,275,1000910,92.44829684934214
2024-01-05 01:45:00,node-us-west-2b-02,us-west-2,2b,shard-004,173,23.73201223571576,40.81403144114188,58.03186171126965,36.929615038701414,48.097621385870134,13.114304875478554,7.381514332466431,True,0,False,28,93.76544755040362,0,96,4753206,53.5363731590212
2024-01-05 01:45:00,node-eu-west-1a-01,eu-west-1,1a,shard-002,462,29.153036481845888,40.47204345798314,54.48459755988668,77.03706306631435,113.26460852913434,40.94146838315959,24.475833100895464,True,0,False,15,91.77357534827485,0,426,2032250,29.755952563796797
2024-01-05 02:00:00,node-us-east-1a-01,us-east-1,1a,shard-001,303,25.725566388823694,58.30184754311408,55.572369765159095,68.89801389807184,97.37223073205841,28.510402250194854,18.0845014332486,True,0,True,0,94.46966069481697,0,92,3910476,75.21728495540935
2024-01-05 02:00:00,node-us-east-1b-02,us-east-1,1b,shard-002,665,34.34394559081018,79.84297660224924,41.84620016381891,149.53442491400122,226.21062888234718,53.539870995651796,32.08136006651909,True,0,False,33,97.45036133289082,0,188,1498585,64.34907864887309
2024-01-05 02:00:00,node-us-east-1c-03,us-east-1,1c,shard-001,539,31.647946037756302,62.58254316552314,38.617848111678036,123.3758013994544,134.60657572252092,40.32048671409725,30.636998956388272,True,0,False,49,90.1913652205049,0,432,2354336,25.850475018254492
2024-01-05 02:00:00,node-us-west-2a-01,us-west-2,2a,shard-003,257,25.896935855109987,66.43789450227854,66.22686784015814,47.20658300358264,71.0323971817083,20.015277964881015,12.90370877376659,True,0,True,0,95.03435264894392,0,343,4718075,81.81566986819544
2024-01-05 02:00:00,node-us-west-2b-02,us-west-2,2b,shard-004,274,26.023450750681405,79.25179928474637,56.00599590205624,61.71672817962567,78.41102469653873,26.240931190943595,12.726200979152225,True,0,False,42,89.7099977279579,0,284,4459635,30.749559653264278
2024-01-05 02:00:00,node-eu-west-1a-01,eu-west-1,1a,shard-002,585,31.34736467444223,59.24740112111924,56.01142730433898,115.78681877712594,144.99443379576502,49.15259610073166,30.377168706880028,True,0,False,41,96.77507186806163,0,338,2186213,22.304229420175965
2024-01-05 02:15:00,node-us-east-1a-01,us-east-1,1a,shard-001,850,38.50387320538173,78.66478467254579,52.98803132173552,149.0457037511116,301.1828206088536,77.41892244109695,41.76597195096832,True,0,True,0,97.11567667048207,1,483,1926729,76.15055336702656
2024-01-05 02:15:00,node-us-east-1b-02,us-east-1,1b,shard-002,496,28.693794410267877,61.74619197673033,49.72543750741927,113.83835777091035,132.4012911980309,33.65009343727173,26.92065628806631,True,0,False,39,89.63778292930549,0,302,3135528,91.90718186876165
2024-01-05 02:15:00,node-us-east-1c-03,us-east-1,1c,shard-001,642,34.11280393868575,54.54941537081321,31.05203274541964,144.96427729032584,171.62352984691196,42.74579209139775,29.071135675830273,True,0,False,21,89.32625161697692,0,100,1771366,56.00341546025866
2024-01-05 02:15:00,node-us-west-2a-01,us-west-2,2a,shard-003,541,30.23226448081894,77.0275946540852,43.950064091452916,100.24162409612684,151.63616462430448,48.927068434978935,31.879054212878625,True,0,True,0,90.80158474035139,0,193,3618342,88.6397274081154
2024-01-05 02:15:00,node-us-west-2b-02,us-west-2,2b,shard-004,273,24.501371751014187,59.88384113743355,30.093388315925917,61.17124727139838,80.90126987550231,19.696085799480066,13.210019538149083,True,0,False,46,86.69219117323746,0,339,4332922,63.5673976563466
2024-01-05 02:15:00,node-eu-west-1a-01,eu-west-1,1a,shard-002,356,27.88336825122115,77.90313187504564,30.44596246305881,64.66312097692207,108.87444614006316,29.93994215097356,14.300381449627602,True,0,False,1,96.11256375776327,0,365,1936225,60.298042916675065
2024-01-05 02:30:00,node-us-east-1a-01,us-east-1,1a,shard-001,652,32.5929228682146,48.65452297894994,35.50446200974454,134.5785564490388,214.68285289988458,50.897444714402695,29.114301657515274,True,0,True,0,86.35053321774039,0,73,3990559,40.361603847306725
2024-01-05 02:30:00,node-us-east-1b-02,us-east-1,1b,shard-002,443,28.376418723957112,56.290653577983946,31.396425530555874,96.88934316164936,155.19540602961976,41.174184561873226,22.15030638329578,True,0,False,37,85.28627457650182,0,233,2543765,96.24931013163688
2024-01-05 02:30:00,node-us-east-1c-03,us-east-1,1c,shard-001,697,32.13038284663878,41.71281916011492,67.29340376706092,142.92415610087525,206.38261684669442,58.11138458133531,31.384285024005592,True,0,False,23,85.25630093168157,0,119,3390681,29.66206738720926
2024-01-05 02:30:00,node-us-west-2a-01,us-west-2,2a,shard-003,424,27.374443958011177,57.268558485956106,60.527937510418596,79.36021322609282,144.73573569121038,38.996512520950425,21.90355945521933,True,0,True,0,92.05839707887272,0,211,2341741,60.86659444846022
2024-01-05 02:30:00,node-us-west-2b-02,us-west-2,2b,shard-004,100,22.016274324854983,51.31332353341442,60.253140015542584,23.962011122411084,32.262403667541605,8.816772443044169,4.610247729937754,True,0,False,43,88.11906175041179,0,106,4552808,86.01563625541496
2024-01-05 02:30:00,node-eu-west-1a-01,eu-west-1,1a,shard-002,292,26.236780406588437,45.88081190052206,31.08342792960434,48.320795530644894,98.8392219784662,24.163235277868083,13.60625219984609,True,0,False,40,92.76051562124674,0,429,4662645,32.25689116993383
2024-01-05 02:45:00,node-us-east-1a-01,us-east-1,1a,shard-001,772,38.20069002248504,40.73409957484073,56.67523930414334,131.55091263496024,199.79444714195088,64.64909204155988,41.92412005849258,True,0,True,0,94.81274876745894,0,67,4142070,70.72363067206891
2024-01-05 02:45:00,node-us-east-1b-02,us-east-1,1b,shard-002,382,26.18347670589046,45.096788957224426,44.9819389260753,61.592669546475115,112.04814069973807,25.944130302680858,15.473584293802379,True,0,False,24,92.14514900593234,0,215,3686142,40.8740175310011
2024-01-05 02:45:00,node-us-east-1c-03,us-east-1,1c,shard-001,708,36.65146772693808,70.4052463447271,50.114309051278106,134.60019779389611,238.0022304791157,57.70431639717597,28.815442801168928,True,0,False,11,94.10412021871343,0,243,2787153,33.61033135882632
2024-01-05 02:45:00,node-us-west-2a-01,us-west-2,2a,shard-003,584,31.6330306573114,77.64323776905191,44.41477672426012,99.86242662744723,179.84334516348,53.38653886941274,24.370242398784242,True,0,True,0,88.32809738602103,0,270,2529588,36.73952637487907
2024-01-05 02:45:00,node-us-west-2b-02,us-west-2,2b,shard-004,360,28.010323319732542,60.13570492722191,52.901762061977635,67.61261585087159,89.03868309696654,23.142393236989147,17.99977320845771,True,0,False,46,95.01231951156394,0,294,4943645,69.473916147913
2024-01-05 02:45:00,node-eu-west-1a-01,eu-west-1,1a,shard-002,543,32.737925914315156,66.77633404858835,64.64926547303347,97.5689540947703,164.94405775970904,42.81517993575487,29.169670248839328,True,0,False,46,88.55478307258683,0,439,4805995,47.41075633800554
2024-01-05 03:00:00,node-us-east-1a-01,us-east-1,1a,shard-001,755,37.21437429309188,44.15316046716373,64.93882113322066,174.9990937691177,202.4516954374797,67.03297138797568,42.747992186027396,True,0,True,0,85.27963531046517,0,106,2175711,29.48812332921448
2024-01-05 03:00:00,node-us-east-1b-02,us-east-1,1b,shard-002,281,25.025922535073875,66.46450342054617,32.4798015473533,60.95075478134676,72.47393766953442,23.21081771227421,13.508372951205631,True,0,False,34,91.53265703372583,0,437,4238100,61.91349297989681
2024-01-05 03:00:00,node-us-east-1c-03,us-east-1,1c,shard-001,358,27.736264070571508,64.4174968366315,45.30348630074684,80.22228076919735,89.94399708107986,27.060225061882583,18.811255933666807,True,0,False,4,93.72138536912125,0,412,4787392,77.39065486100247
2024-01-05 03:00:00,node-us-west-2a-01,us-west-2,2a,shard-003,160,22.91456404807026,40.11457265067138,33.0863152242716,32.23907459330533,53.53739271892994,13.14586583098458,8.531095329155935,True,0,True,0,97.46838043883928,0,289,1563772,34.807902724760076
2024-01-05 03:00:00,node-us-west-2b-02,us-west-2,2b,shard-004,450,30.549904771930784,44.5953098959661,66.58031126308362,84.73921702188457,116.40619069781727,29.6802257668701,20.05008325157956,True,0,False,36,96.19412912138192,0,496,3563298,63.601210309707945
2024-01-05 03:00:00,node-eu-west-1a-01,eu-west-1,1a,shard-002,199,23.93080161292987,79.17908983901984,38.111679271313584,37.95129266670591,48.02209899521046,14.709572795550137,8.436298882363648,True,0,False,1,85.03066452291205,0,84,3810981,76.10953021511143
2024-01-05 03:15:00,node-us-east-1a-01,us-east-1,1a,shard-001,770,36.02441737997725,51.04794498978609,67.19271438740515,157.87014034561295,233.60849857381785,64.65162100829131,36.805556088287304,True,0,True,0,94.75449743465896,0,331,4412601,29.599168262055635
2024-01-05 03:15:00,node-us-east-1b-02,us-east-1,1b,shard-002,210,23.624577412777775,64.23717457083991,57.77615785800274,33.601953531496946,61.00033665960737,18.92444592277611,12.331438912924598,True,0,False,48,88.71624096673182,0,288,2459021,31.223763337358026
2024-01-05 03:15:00,node-us-east-1c-03,us-east-1,1c,shard-001,648,33.36135709925972,47.482820140516296,61.86910293175244,152.63649735394569,219.33266745819108,57.84665736819961,35.93375818682874,True,0,False,19,97.16312700743283,0,273,1067641,63.23025287887728
2024-01-05 03:15:00,node-us-west-2a-01,us-west-2,2a,shard-003,326,26.61655213561381,45.73189051372107,50.12894922682091,76.66081408135823,96.18195490931924,21.225962339423678,14.065393866754578,True,0,True,0,90.81097811505518,0,285,4100420,76.46325737819265
2024-01-05 03:15:00,node-us-west-2b-02,us-west-2,2b,shard-004,432,27.321487204103168,40.36976207048317,68.85967875297725,100.01547393475843,154.0244362451816,41.18752937241127,25.91487336568112,True,0,False,2,94.16796881548994,0,71,1861085,74.85016139525463
2024-01-05 03:15:00,node-eu-west-1a-01,eu-west-1,1a,shard-002,321,27.156673905922954,59.804214775344676,53.54266885142618,65.60430169344077,82.8810122254288,28.31181478072884,16.003636052850254,True,0,False,44,97.48916059745967,0,421,1929205,23.519086067075285
2024-01-05 03:30:00,node-us-east-1a-01,us-east-1,1a,shard-001,925,41.73197098032239,75.54363323768514,39.84839416110859,198.9847761663938,284.67532666232995,62.35028830649378,48.918205974566455,True,0,True,0,91.4749713540358,0,426,2647004,31.198040091812853
2024-01-05 03:30:00,node-us-east-1b-02,us-east-1,1b,shard-002,526,30.296567903613443,57.948865960752656,65.40398345308027,92.51271818812205,143.2246272677289,39.50671889049633,24.824500131951172,True,0,False,8,86.58240225139123,0,227,4039830,85.99697438422727
2024-01-05 03:30:00,node-us-east-1c-03,us-east-1,1c,shard-001,329,25.826606835389956,46.819408977813005,38.04299152850756,74.55669303109883,92.3460440871889,21.151330480966873,14.012444404304409,True,0,False,14,88.4524191814125,0,411,1979553,95.95496691079003
2024-01-05 03:30:00,node-us-west-2a-01,us-west-2,2a,shard-003,197,24.64191810435104,73.8016880729653,30.267280705160605,37.64411715548748,60.81841344473595,18.115193429426245,8.87963866322837,True,0,True,0,97.8839617637435,0,249,4550913,99.95319570146245
2024-01-05 03:30:00,node-us-west-2b-02,us-west-2,2b,shard-004,102,22.104089540463352,40.231261429466684,57.319654227797635,21.169218574027315,32.13257434100648,8.413988898489507,6.017308895278013,True,0,False,15,87.37233148740286,0,164,2338777,60.28213655204659
2024-01-05 03:30:00,node-eu-west-1a-01,eu-west-1,1a,shard-002,488,31.27392340139319,40.11250114115728,43.62522082969366,99.33816065646198,142.25589549140807,43.495646632386986,21.748346141082784,True,0,False,14,89.45194125954721,0,101,1594883,91.39690130314133
2024-01-05 03:45:00,node-us-east-1a-01,us-east-1,1a,shard-001,566,32.076018405030794,66.34947080189006,60.67075031910104,128.60588907833014,193.29417317651124,48.71118917740969,23.221464311100963,True,0,True,0,96.95840926264479,0,168,2686592,98.47666953713153
2024-01-05 03:45:00,node-us-east-1b-02,us-east-1,1b,shard-002,730,34.242013515249425,78.75902311839808,49.60148985793313,151.46906316767183,257.78051627170015,49.67716062972179,37.54099260840078,True,0,False,48,95.92581861679179,1,286,3288433,90.66870102989965
2024-01-05 03:45:00,node-us-east-1c-03,us-east-1,1c,shard-001,150,22.439728623348003,73.92629010568628,43.81901765273637,27.391890512839506,52.24350373134211,10.850730810705695,8.836684022404496,True,0,False,33,94.02725280023874,0,367,4699385,73.84822035799641
2024-01-05 03:45:00,node-us-west-2a-01,us-west-2,2a,shard-003,547,30.62085924121416,76.63707158485592,53.51418681813563,113.47579376045582,140.72235162731997,50.94896608627655,23.783475506973673,True,0,True,0,96.3397231515028,0,133,3709326,61.858071145167315
2024-01-05 03:45:00,node-us-west-2b-02,us-west-2,2b,shard-004,319,25.712170052046687,76.54683262615389,53.54718947091317,67.78022439429331,98.93580117282741,23.291355609352557,16.822402841662914,True,0,False,30,97.03405468151833,0,159,1534241,67.1644947026307
2024-01-05 03:45:00,node-eu-west-1a-01,eu-west-1,1a,shard-002,215,24.007774709857642,69.6566213671324,52.10730272879437,36.3439628899093,73.84493507855137,19.304636480463067,12.480785387365671,True,0,False,8,94.17440996702047,0,322,4791900,81.40947479831857
2024-01-05 04:00:00,node-us-east-1a-01,us-east-1,1a,shard-001,552,31.084105718411053,67.10626816472218,34.13023812352397,131.52375802887033,179.19750275405937,38.25815619000966,24.82929435724268,True,0,True,0,90.65501422787473,0,87,1626935,22.494374052357777
2024-01-05 04:00:00,node-us-east-1b-02,us-east-1,1b,shard-002,539,32.75329656053165,49.28973865373902,53.361627653663376,106.99314243646141,189.31468669303553,44.44220774518868,30.736852315709164,True,0,False,48,89.06507237855696,0,168,4910640,85.37178827612566
2024-01-05 04:00:00,node-us-east-1c-03,us-east-1,1c,shard-001,249,25.734101391395406,45.55246691158305,55.40679485773475,40.623597164586144,86.07022230729358,15.965309537558623,11.451882556760305,True,0,False,46,89.42027930816619,0,441,4788222,68.92540451570653
2024-01-05 04:00:00,node-us-west-2a-01,us-west-2,2a,shard-003,563,33.4401436460667,63.446075961446624,32.895009174408834,129.2503831319074,149.66263391064487,37.941968905144776,24.15385677700491,True,0,True,0,91.94074340434753,0,66,3782605,37.32558989528387
2024-01-05 04:00:00,node-us-west-2b-02,us-west-2,2b,shard-004,398,28.559156863738057,60.18563267999424,50.84916694766424,72.20663116541682,129.20892853002033,34.14498316290955,16.423325514288617,True,0,False,49,91.08600641996226,0,204,3205880,53.85668564291329
2024-01-05 04:00:00,node-eu-west-1a-01,eu-west-1,1a,shard-002,455,27.65980409333436,62.25337901738141,34.617939826623484,92.749821140682,137.31882613642705,35.641232040370376,25.102551160107403,True,0,False,28,97.80656298275639,0,133,4965336,30.793706899391886
2024-01-05 04:15:00,node-us-east-1a-01,us-east-1,1a,shard-001,202,24.259827319945487,77.08520124414964,30.445797143698613,33.61570846416272,70.2726359351349,19.222768229385807,9.449890199488788,True,0,True,0,96.87618501053446,0,402,1692538,72.38428925741707
2024-01-05 04:15:00,node-us-east-1b-02,us-east-1,1b,shard-002,254,24.867428463032468,74.00844878425107,48.69988792821987,53.43514641797428,76.96333526117303,17.320853708911162,13.225798985883984,True,0,False,5,88.81267589499981,0,211,2053990,96.15954933619983
2024-01-05 04:15:00,node-us-east-1c-03,us-east-1,1c,shard-001,393,28.01376380679318,52.65079924266476,36.3533653613167,80.53971354182873,138.51222878683953,27.233034598249258,21.335204334718913,True,0,False,12,92.91932379844629,0,248,3096152,60.24322405653008
2024-01-05 04:15:00,node-us-west-2a-01,us-west-2,2a,shard-003,232,24.666824442453716,57.208298664114814,38.5601240837041,46.374313232167445,73.17779773119464,16.8827126412197,11.451552839608427,True,0,True,0,96.46955253712842,0,426,1884880,23.10417961997669
2024-01-05 04:15:00,node-us-west-2b-02,us-west-2,2b,shard-004,219,25.01959641813823,57.268611670475764,48.5150406009232,36.312057272212336,62.198912166580854,14.452004682286631,10.847725404904308,True,0,False,39,91.57898300787069,0,366,4963030,96.90858805270645
2024-01-05 04:15:00,node-eu-west-1a-01,eu-west-1,1a,shard-002,552,32.322069248453985,71.70089493043794,47.544459664634644,88.37769308480415,147.82027318562768,50.86874152647786,23.1626682564841,True,0,False,29,92.4761966655498,0,363,4230431,59.065879126406564
2024-01-05 04:30:00,node-us-east-1a-01,us-east-1,1a,shard-001,320,27.19171334236357,42.24962957847104,45.40405722405968,75.95146621294055,86.12796875026076,27.946443696720987,14.002221102017863,True,0,True,0,91.82915620630874,0,403,4828829,47.747032782275184
2024-01-05 04:30:00,node-us-east-1b-02,us-east-1,1b,shard-002,754,33.83172137571342,71.64065203240662,57.07992657683725,121.38310412422827,270.0640393556206,57.92905289122489,44.08626955025147,True,0,False,16,90.57090258669473,0,322,2788164,88.69194819878429
2024-01-05 04:30:00,node-us-east-1c-03,us-east-1,1c,shard-001,411,29.411269913529317,69.7126487558393,63.20678296880133,93.96053413380972,114.78523719893512,30.14041232333155,22.41061246888036,True,0,False,2,95.62513386940775,0,390,1573868,33.16092276320564
2024-01-05 04:30:00,node-us-west-2a-01,us-west-2,2a,shard-003,597,30.45472169004357,67.54721816833032,63.36403870845514,126.2673230792004,197.83074144656527,43.35278530906357,32.27363571348297,True,0,True,0,85.76798057381511,0,55,1620383,32.57742261585459
2024-01-05 04:30:00,node-us-west-2b-02,us-west-2,2b,shard-004,233,24.58758513304434,62.46386254056007,65.69960574024063,45.933366285290035,67.60378172270902,18.706360943725407,13.65227839882094,True,0,False,26,88.7258597671798,0,68,4153781,65.53388144920156
2024-01-05 04:30:00,node-eu-west-1a-01,eu-west-1,1a,shard-002,276,24.837060878055773,76.06254559413904,36.996048357909615,56.30951831006882,76.46063727938296,21.12185263454473,12.104027504588787,True,0,False,5,91.39018253880421,0,421,3031404,68.9949650675485
2024-01-05 04:45:00,node-us-east-1a-01,us-east-1,1a,shard-001,377,27.73466670304439,50.86701228294634,61.5808595148343,68.89978168056881,98.66512215514305,35.24369601970272,18.36194315548231,True,0,True,0,93.04713496742632,0,70,4655886,97.44687438913067
2024-01-05 04:45:00,node-us-east-1b-02,us-east-1,1b,shard-002,513,32.24202701254133,47.36357188866163,55.76562966813684,117.33426094137813,143.84111169357578,37.84681948327322,30.212039200236067,True,0,False,8,87.40995971243805,0,67,1735269,24.07787344146292
2024-01-05 04:45:00,node-us-east-1c-03,us-east-1,1c,shard-001,351,26.451094359048263,52.65395164582313,68.93560402916765,74.08205277247664,95.90149086665893,28.99893929883071,20.79953461221943,True,0,False,37,96.60972449260098,0,213,1881353,97.54294639913559
2024-01-05 04:45:00,node-us-west-2a-01,us-west-2,2a,shard-003,232,25.55467731849653,74.96253993872051,68.92378793167674,55.66987523595804,73.12359149637744,20.245244456240627,12.460657570175268,True,0,True,0,91.2543043109701,0,228,2623927,56.11147841770094
2024-01-05 04:45:00,node-us-west-2b-02,us-west-2,2b,shard-004,386,27.428477669969435,60.44788947537075,46.26686634168385,90.51405405646825,135.7560475770783,31.121129896396436,22.63454490848641,True,0,False,38,89.31734568343529,0,224,1779962,30.285726162202124
2024-01-05 04:45:00,node-eu-west-1a-01,eu-west-1,1a,shard-002,533,30.242019791907985,71.2714052914302,45.59683415263323,87.58404575079717,128.07154390252427,48.24700241504494,30.084486014194912,True,0,False,3,87.68273264338954,0,344,2073000,44.9258151970328
2024-01-05 05:00:00,node-us-east-1a-01,us-east-1,1a,shard-001,247,24.22367124377424,57.84764175922184,39.86863502968289,57.72879858499826,87.86108446399108,19.02167676883224,13.274255550379074,True,0,True,0,92.75025505504067,0,270,2177356,70.11216126015526
2024-01-05 05:00:00,node-us-east-1b-02,us-east-1,1b,shard-002,709,33.96527416484965,42.56852742857987,52.28246315999546,122.6509602267538,207.5677363610467,51.42461111873718,40.90614639294478,True,0,False,1,87.9459922941428,0,67,3721207,73.36430378088875
2024-01-05 05:00:00,node-us-east-1c-03,us-east-1,1c,shard-001,352,28.420409307714742,50.48492084654235,57.49319217376578,71.69208424661431,95.4081519300722,31.286943804728264,16.447446660539647,True,0,False,25,86.17388430885444,0,105,4446960,36.299212363601406
2024-01-05 05:00:00,node-us-west-2a-01,us-west-2,2a,shard-003,273,26.012113880653754,57.015701819397414,50.42078473216459,55.94780645071676,93.69117413628312,22.533990652228717,13.159958799873062,True,0,True,0,85.93373066108714,0,199,2306096,97.87771102246259
2024-01-05 05:00:00,node-us-west-2b-02,us-west-2,2b,shard-004,165,23.423071257609045,47.24004672623654,32.20676145732818,39.21714238227669,41.9060712362572,12.254010875442011,6.83713121339842,True,0,False,31,87.50446373537272,0,94,3216746,71.1001931832964
2024-01-05 05:00:00,node-eu-west-1a-01,eu-west-1,1a,shard-002,597,32.84850724442016,56.9321458007224,41.69851348445291,140.6418342400836,187.79413684853256,44.41920962394184,25.609566983857043,True,0,False,8,92.1627694613332,0,295,3855330,73.68612196346484
2024-01-05 05:15:00,node-us-east-1a-01,us-east-1,1a,shard-001,574,32.992993329722424,78.17235763399535,59.94045694841335,108.71062586941487,140.83804460750616,40.75535705708603,23.888628456760998,True,0,True,0,85.74968844266792,0,469,2149123,80.38758638028295
2024-01-05 05:15:00,node-us-east-1b-02,us-east-1,1b,shard-002,360,25.89391899159956,73.07919749662555,46.30375097358625,60.07701597209066,98.52164657177657,25.586420072414846,14.91226904735553,True,0,False,1,93.42504848673126,0,71,4979148,53.7691665114904
2024-01-05 05:15:00,node-us-east-1c-03,us-east-1,1c,shard-001,499,28.912109539772484,48.904943447814,56.867814441213035,89.66210152532821,165.28424991104035,37.525006545690786,24.16019867326322,True,0,False,37,87.56621942271745,0,60,2569566,46.35301909757676
2024-01-05 05:15:00,node-us-west-2a-01,us-west-2,2a,shard-003,418,29.78490399090981,66.67213869592823,30.815810735260566,90.24667716246412,146.84107735338603,32.81717486487125,22.770243357169797,True,0,True,0,95.53314660206811,0,349,3680853,27.481539887246296
2024-01-05 05:15:00,node-us-west-2b-02,us-west-2,2b,shard-004,456,30.854500805496347,79.590823515023,44.787415597630655,91.9578771166075,153.0612639470735,32.831229046633204,26.262905911043667,True,0,False,39,97.15514766783463,0,452,2064988,51.469997431049556
2024-01-05 05:15:00,node-eu-west-1a-01,eu-west-1,1a,shard-002,491,31.110156448733054,42.214308694912916,36.28614511359223,116.8644959086026,142.40992666291916,33.333423465087655,24.04871484345315,True,0,False,12,86.10365818808361,0,464,1994414,88.12373608520383
2024-01-05 05:30:00,node-us-east-1a-01,us-east-1,1a,shard-001,607,31.29933268303101,79.9729876555406,46.32591905870271,128.82485334399342,210.1870269782108,54.92833462437497,29.73971017502639,True,0,True,0,94.31700048684175,0,135,1317036,54.198209685248735
2024-01-05 05:30:00,node-us-east-1b-02,us-east-1,1b,shard-002,663,32.59870548151767,75.35849912869887,53.62116524946167,147.2648799630875,213.4878065421995,53.22415961450522,33.64073605459846,True,0,False,49,92.77312881334797,0,261,2930923,49.27300465323421
2024-01-05 05:30:00,node-us-east-1c-03,us-east-1,1c,shard-001,571,33.28542782315281,70.69692406291132,37.81421164274639,120.944101889185,162.4386218314234,47.94258837524763,29.397656086927114,True,0,False,10,91.66405278288579,0,426,3171953,70.70493526286867
2024-01-05 05:30:00,node-us-west-2a-01,us-west-2,2a,shard-003,673,35.9727537677866,68.94895870835634,33.064414760825784,141.16054457344873,207.48284430564385,49.04234012333292,35.23632079873854,True,0,True,0,94.24830912201388,0,475,3019023,53.3678802749243
2024-01-05 05:30:00,node-us-west-2b-02,us-west-2,2b,shard-004,265,25.766748774999062,50.747363474882064,55.88468193730745,59.788170926693525,90.47770105111537,21.466107458563023,12.824461835885675,True,0,False,9,88.6638515902838,0,483,1783255,37.067484282519054
2024-01-05 05:30:00,node-eu-west-1a-01,eu-west-1,1a,shard-002,303,26.782546078793914,69.89156084882899,43.14147944058813,68.71568518420418,85.93229059033872,21.407767638367293,12.342689704717204,True,0,False,18,85.33105893668397,0,119,4831100,84.10278293543878
2024-01-05 05:45:00,node-us-east-1a-01,us-east-1,1a,shard-001,902,35.358479384133844,48.769633600957896,52.40399200058481,150.3487583922827,229.97982814019727,76.57258016475421,40.92402540113336,True,0,True,0,89.95748483973178,0,123,2247409,24.311087419910102
2024-01-05 05:45:00,node-us-east-1b-02,us-east-1,1b,shard-002,225,25.372812217657298,63.06354434422367,36.04992962752665,40.179516802985134,70.53388494065975,16.878327363292613,9.010531928427666,True,0,False,14,96.78312648274054,0,116,1209791,78.13136461130298
2024-01-05 05:45:00,node-us-east-1c-03,us-east-1,1c,shard-001,323,25.6607902083509,69.72291457456654,69.269824486734,61.793560032595394,103.54802975654734,28.99080572809345,17.46411945875368,True,0,False,8,87.23153121713563,0,334,4778514,28.817243508379295
2024-01-05 05:45:00,node-us-west-2a-01,us-west-2,2a,shard-003,625,30.955631302649692,74.59856264221833,61.7625749408899,116.630972310922,179.35881485635764,48.64087367002525,28.878217857158464,True,0,True,0,90.13673992062903,0,369,2006594,85.91129433396594
2024-01-05 05:45:00,node-us-west-2b-02,us-west-2,2b,shard-004,484,30.79538717833395,74.07438259804263,50.68513725074092,100.17638189164447,152.6261235627597,36.817228332144055,22.664462209152816,True,0,False,21,89.70219706695718,0,128,4146733,84.36993560329907
2024-01-05 05:45:00,node-eu-west-1a-01,eu-west-1,1a,shard-002,506,30.268230630404346,70.42911125144548,50.48382414006291,116.8646987483036,134.15893870397366,40.55238291447036,30.16709305259737,True,0,False,21,86.39134188776652,0,118,3419832,61.20113579176734
2024-01-05 06:00:00,node-us-east-1a-01,us-east-1,1a,shard-001,388,26.646568006849833,69.84541795560708,47.236384094381826,62.535361259848464,120.09292480201245,30.243414232174054,21.323023161114886,True,0,True,0,90.96093632745644,0,189,3808378,97.85068164820723
2024-01-05 06:00:00,node-us-east-1b-02,us-east-1,1b,shard-002,362,26.80537911418947,54.78013960392706,36.515968788264885,84.87558312030858,107.27411986233965,27.155795478311436,20.496292879981965,True,0,False,20,95.27557410120598,0,83,3589394,48.634442496431305
2024-01-05 06:00:00,node-us-east-1c-03,us-east-1,1c,shard-001,335,25.64763543458087,43.271035048283395,46.75666159538042,53.6377331946854,95.83057349990507,24.854977760906486,20.000911268803918,True,0,False,11,85.37820651474802,0,481,2208119,92.9098514602745
2024-01-05 06:00:00,node-us-west-2a-01,us-west-2,2a,shard-003,443,30.211963665502296,44.355160100776075,32.5032717968846,75.617900399513,144.00022488639394,31.280554751343058,17.83346520459989,True,0,True,0,90.74210607155396,0,429,1687644,48.78617299768705
2024-01-05 06:00:00,node-us-west-2b-02,us-west-2,2b,shard-004,206,24.781098164545245,65.5910310518862,64.38250579241716,43.62991661308142,66.65267998809004,13.74896373372105,12.220784328137992,True,0,False,19,86.38971733819972,0,387,4191908,76.89468234627438
2024-01-05 06:00:00,node-eu-west-1a-01,eu-west-1,1a,shard-002,113,22.59295410639169,40.74120572979513,47.35184520904643,19.971098109587512,38.87190215337572,8.76195099013683,5.0957592190323,True,0,False,17,93.89277243494854,0,139,4091631,25.831241039193742
2024-01-05 06:15:00,node-us-east-1a-01,us-east-1,1a,shard-001,578,29.645848346761746,71.25052538323737,39.50688525984183,106.11203137758383,180.45210144602308,50.60802826205201,24.93861558225977,True,0,True,0,94.02307158216998,0,168,1092179,52.19962661453637
2024-01-05 06:15:00,node-us-east-1b-02,us-east-1,1b,shard-002,259,25.36939243613257,48.44278359565678,64.436531057185,53.10558802298641,67.25237728069024,21.45938712205712,13.836243097536297,True,0,False,21,94.46781140900188,0,127,1459593,42.31884839136099
2024-01-05 06:15:00,node-us-east-1c-03,us-east-1,1c,shard-001,308,27.05298702650623,50.733895673498225,31.514053035127276,66.79728149327634,92.59992841515918,29.5597084083537,12.521318159195417,True,0,False,43,85.07917722258493,0,451,2078098,84.01622339923347
2024-01-05 06:15:00,node-us-west-2a-01,us-west-2,2a,shard-003,130,22.407519873735293,54.30420667608339,54.800313948553594,21.24657650608949,44.98050342132224,8.60196996322539,7.342358470762314,True,0,True,0,90.21406910050244,0,59,2464783,87.80911937483087
2024-01-05 06:15:00,node-us-west-2b-02,us-west-2,2b,shard-004,269,24.760301109035503,59.90850847314155,69.5385401213976,43.95027869959136,80.3296554642969,25.38570708887407,11.526339916330114,True,0,False,11,89.03589839234566,0,371,2790813,27.524207211870902
2024-01-05 06:15:00,node-eu-west-1a-01,eu-west-1,1a,shard-002,137,23.019673537413908,78.32658741486496,42.448836826223825,25.56529641369315,36.8816074496209,12.094081998127686,6.876798498759769,True,0,False,10,94.12521856940495,0,486,2897960,98.83904378670339
2024-01-05 06:30:00,node-us-east-1a-01,us-east-1,1a,shard-001,243,25.006427299397366,41.92447777783051,39.746819631980756,56.26896249349788,86.59969826088017,19.071617507627284,13.341043926425218,True,0,True,0,97.71645785229151,0,296,1268749,91.62065443144377
2024-01-05 06:30:00,node-us-east-1b-02,us-east-1,1b,shard-002,619,31.817836437432412,68.51345853989184,67.71436686572244,130.5544705639555,149.83119579715705,59.0728288976949,27.8852825254618,True,0,False,2,91.93429298620786,0,314,1395877,65.41956638618512
2024-01-05 06:30:00,node-us-east-1c-03,us-east-1,1c,shard-001,307,25.12271237012662,49.566355779025415,61.748383501871594,63.68932553797357,94.00934198960948,20.284164764598753,17.19288993804891,True,0,False,2,90.71427258862273,0,425,4002422,95.25026243954795
2024-01-05 06:30:00,node-us-west-2a-01,us-west-2,2a,shard-003,384,27.584822967996036,45.662443660812315,65.27773119127818,73.87080771454035,100.81517355379744,26.97694594730585,18.30775761511749,True,0,True,0,87.20412745492919,0,195,4276489,81.80325527966062
2024-01-05 06:30:00,node-us-west-2b-02,us-west-2,2b,shard-004,289,25.422033033903084,40.982645598871635,30.169180395560048,60.81173869876753,80.80256644540299,23.552933285325533,12.534035932024283,True,0,False,41,85.69923043400826,0,429,2287544,51.53880779533745
2024-01-05 06:30:00,node-eu-west-1a-01,eu-west-1,1a,shard-002,570,30.74356954044221,59.44776593635807,34.84135196019225,112.42280948304258,189.97810176762619,43.1227161315949,33.587304849697894,True,0,False,19,93.93554155910945,0,316,2549006,50.223829821060654
2024-01-05 06:45:00,node-us-east-1a-01,us-east-1,1a,shard-001,452,29.729808452639475,46.64103849376029,60.07853501873924,80.25429050377309,115.08713585726034,41.92927676507001,23.712124592179833,True,0,True,0,87.14719337065881,0,433,2970124,71.42629556524606
2024-01-05 06:45:00,node-us-east-1b-02,us-east-1,1b,shard-002,700,31.58087778841288,42.70904162175518,54.262819027161974,158.70185447376704,212.4053932453638,48.913390922942064,35.60700253402184,True,0,False,43,86.01754839105816,0,240,2084696,23.21521133311353
2024-01-05 06:45:00,node-us-east-1c-03,us-east-1,1c,shard-001,453,29.777907469953846,73.32253239054063,61.66089891300899,108.39130500225106,155.39684056087899,41.19708302756357,20.79985953378734,True,0,False,12,85.83827876414432,0,344,3652369,60.58584558270587
2024-01-05 06:45:00,node-us-west-2a-01,us-west-2,2a,shard-003,451,29.479905938599437,77.73441332019414,52.16463914899716,81.07628292238435,126.37682849757947,31.905693921673457,25.260393175077606,True,0,True,0,97.08749101771951,0,238,1952565,41.73257905076034
2024-01-05 06:45:00,node-us-west-2b-02,us-west-2,2b,shard-004,393,28.304858115528326,55.249013523827514,58.261225149986984,88.76766334990835,109.2564411041562,31.438023880984183,20.638509704898837,True,0,False,12,95.05658592272582,0,57,3026291,99.60385448509145
2024-01-05 06:45:00,node-eu-west-1a-01,eu-west-1,1a,shard-002,352,26.82879338451309,48.93801200713094,31.62486819827347,83.26691524119948,110.2855833484956,29.808906792718254,18.018716436941194,True,0,False,26,92.96403884984633,0,280,3581070,24.608632503876564
2024-01-05 07:00:00,node-us-east-1a-01,us-east-1,1a,shard-001,319,25.251839544956415,47.753546566410286,68.61402222110851,52.667913261275665,110.97727667311105,28.215056898158934,15.901402128658448,True,0,True,0,93.55134458116589,0,436,2917825,74.70664432495258
2024-01-05 07:00:00,node-us-east-1b-02,us-east-1,1b,shard-002,653,30.94379696102314,74.26406004475243,47.03891687211572,154.96451590387093,215.53727175089443,44.52745417677411,30.17855136365733,True,0,False,44,88.25830139846272,0,427,1092824,83.35525219947498
2024-01-05 07:00:00,node-us-east-1c-03,us-east-1,1c,shard-001,522,31.83188699569687,52.2955617701165,46.98413033938836,110.63087189391273,147.11213526146727,35.51804248243013,29.417131092855918,True,0,False,2,96.937373488181,0,258,2784046,32.48384893585928
2024-01-05 07:00:00,node-us-west-2a-01,us-west-2,2a,shard-003,522,29.9023711925924,47.04127066928193,68.12829809318657,103.89808101946873,130.35504133868895,36.024782799584784,28.79348844779035,True,0,True,0,90.18821365591666,0,445,3647732,31.41236638662682
2024-01-05 07:00:00,node-us-west-2b-02,us-west-2,2b,shard-004,215,25.050431804030364,72.85301794368361,40.659380264603485,44.86322710335896,68.46190312113998,18.84429147258698,10.344559216490081,True,0,False,3,92.07079245832777,0,104,1479636,21.763908454055965
2024-01-05 07:00:00,node-eu-west-1a-01,eu-west-1,1a,shard-002,552,31.73227704663887,63.35870791546159,37.25386222639059,122.38887970568913,194.65578026934585,39.00304312508136,31.894169422023555,True,0,False,20,94.70258933854254,0,224,3979676,86.1016391306304
2024-01-05 07:15:00,node-us-east-1a-01,us-east-1,1a,shard-001,635,30.76812972216581,68.21375818564158,52.06456894516725,113.11416665741483,187.40387957077874,49.56885124592779,34.78555638558827,True,0,True,0,94.865615298683,0,452,1391290,76.51654367621876
2024-01-05 07:15:00,node-us-east-1b-02,us-east-1,1b,shard-002,516,29.679478933175215,47.609610557360625,68.54095764241839,103.6548681480009,177.34309158756275,37.53010671770393,24.694330652120538,True,0,False,9,94.62919582298636,0,344,1159685,44.93450950167855
2024-01-05 07:15:00,node-us-east-1c-03,us-east-1,1c,shard-001,430,30.254159139920947,61.67129691220552,48.34898047293701,78.10368201783947,113.29772875551387,38.93033853603605,20.89907382971382,True,0,False,34,87.85475940733485,0,227,3089500,91.11587911595252
2024-01-05 07:15:00,node-us-west-2a-01,us-west-2,2a,shard-003,266,24.307295337101504,44.00293357272496,49.40305379691617,44.15221496336879,67.05753570777122,18.88008359272844,12.824761826892459,True,0,True,0,92.53703379793085,0,371,2875537,80.09933867080457
2024-01-05 07:15:00,node-us-west-2b-02,us-west-2,2b,shard-004,442,27.635192542448152,52.899487019371826,44.386985235918154,72.2283010975017,149.87558664149992,33.22658675270331,20.23404433884977,True,0,False,20,95.09317612709295,0,236,2626734,67.43038099785072
2024-01-05 07:15:00,node-eu-west-1a-01,eu-west-1,1a,shard-002,465,28.321597060806845,59.62563461948742,60.06746747339559,100.23274693176981,165.8268631160673,34.94368234359659,19.63546657666365,True,0,False,11,89.24702682610749,0,262,4921953,60.53867206042433
2024-01-05 07:30:00,node-us-east-1a-01,us-east-1,1a,shard-001,688,34.176131003525235,75.27395055218838,64.55166547063783,126.18450802477471,200.984525506392,65.91123648823603,30.88126793974015,True,0,True,0,91.99185856458958,0,75,4163073,70.23166926210972
2024-01-05 07:30:00,node-us-east-1b-02,us-east-1,1b,shard-002,366,26.16744125908987,65.64728611303013,35.55013727031903,71.29652407467071,113.25634556643931,28.774462729326103,21.30311621727194,True,0,False,23,97.26930240452262,0,499,4773026,54.857959193060324
2024-01-05 07:30:00,node-us-east-1c-03,us-east-1,1c,shard-001,755,36.598186233878934,72.22547759022301,31.34973025254652,172.2034000395936,233.60656346496702,52.6029638797493,33.52255659458335,True,0,False,21,92.12813591313945,0,304,2422913,61.05034363937474
2024-01-05 07:30:00,node-us-west-2a-01,us-west-2,2a,shard-003,431,27.602690465487196,64.20906988821969,38.42926636862329,92.61886652229772,113.40347996977637,37.83432384870999,23.285125095766983,True,0,True,0,97.96440104391395,0,310,4476911,57.51787070269451
2024-01-05 07:30:00,node-us-west-2b-02,us-west-2,2b,shard-004,290,25.167850319412615,48.731495972045145,54.61204989212522,68.31019147018901,74.73278521287777,19.494655983543637,15.553097651081256,True,0,False,21,93.3163407291526,0,144,4530427,84.86700486616435
2024-01-05 07:30:00,node-eu-west-1a-01,eu-west-1,1a,shard-002,376,27.357689624449115,43.99097855682038,40.825826239598356,74.7153593132448,114.67906625417423,31.339660170441668,18.20580987139907,True,0,False,15,90.93370638112849,0,50,2561002,48.702492454515365
2024-01-05 07:45:00,node-us-east-1a-01,us-east-1,1a,shard-001,262,24.998876847161434,74.44085171729637,57.154177698480964,53.63978782371798,75.9368595979414,24.230764605248478,11.675473390094302,True,0,True,0,94.47449721141837,0,324,2560219,93.02169622404921
2024-01-05 07:45:00,node-us-east-1b-02,us-east-1,1b,shard-002,541,30.787024645653602,49.21545143766581,62.781359747207816,107.95060702683567,139.12294616284535,35.72322689805865,27.451402148465345,True,0,False,45,88.74472789545193,0,189,4431996,71.38251675165759
2024-01-05 07:45:00,node-us-east-1c-03,us-east-1,1c,shard-001,262,25.773376411664486,46.165024472474265,56.32322510856585,51.4154146232902,93.58343079937542,18.790436620647807,12.515285396095228,True,0,False,22,87.98422350861968,0,130,4006396,46.109624957816145
2024-01-05 07:45:00,node-us-west-2a-01,us-west-2,2a,shard-003,355,28.27248806477624,44.23974608234641,30.055666883428177,65.2221472101386,94.97877390709523,32.818622307076296,20.964162750427654,True,0,True,0,88.96809402295361,0,78,2005579,90.81404623767891
2024-01-05 07:45:00,node-us-west-2b-02,us-west-2,2b,shard-004,245,25.474017045609784,43.50928169483725,31.08679753953051,44.25656364325778,65.16680290699192,15.955769280281913,13.868216120529551,True,0,False,5,92.34892296941139,0,232,3632563,55.5877812624347
2024-01-05 07:45:00,node-eu-west-1a-01,eu-west-1,1a,shard-002,306,26.598837197826267,55.97343131221788,31.001930246962033,54.65535056071714,106.88687332916318,27.52460342152177,14.285824336194082,True,0,False,47,87.58793702169262,0,139,2568201,92.08363569020878
2024-01-05 08:00:00,node-us-east-1a-01,us-east-1,1a,shard-001,747,33.933646022970734,50.922494541934626,44.55968175067067,129.53165269924335,206.11880679198612,53.9433501157719,32.23507599293567,True,0,True,0,95.91880685627072,0,462,1000721,48.57952878252796
2024-01-05 08:00:00,node-us-east-1b-02,us-east-1,1b,shard-002,482,31.54801454617017,52.4494171408939,42.37783656085264,89.0375688579206,118.05158638631833,33.696130095659285,28.116160607368002,True,0,False,23,96.54631418154128,0,141,1090677,77.70837896642418
2024-01-05 08:00:00,node-us-east-1c-03,us-east-1,1c,shard-001,289,26.44224991866688,61.84417016278925,50.004790627283356,63.43299509483344,78.49364688688738,19.623900710132816,16.669966630099175,True,0,False,34,86.95704316873766,0,65,2159757,59.261570832998245
2024-01-05 08:00:00,node-us-west-2a-01,us-west-2,2a,shard-003,621,33.792128796217035,58.5257337151136,64.35185333367538,107.97971989181491,170.17619337704613,53.072158877093685,29.056821370753646,True,0,True,0,94.70827655670323,0,213,2707190,72.62601788610124
2024-01-05 08:00:00,node-us-west-2b-02,us-west-2,2b,shard-004,249,25.155152956362368,53.89340839693794,61.7154253715661,47.736573879580135,78.58749014579139,23.28746702680589,12.638160301856956,True,0,False,2,91.79452190503423,0,232,1073291,40.37913629915134
2024-01-05 08:00:00,node-eu-west-1a-01,eu-west-1,1a,shard-002,378,28.40174640859933,44.08118505699891,32.08696841341843,66.70219980017511,129.84134434837244,29.182277696033104,18.160913638602956,True,0,False,15,88.64230943976624,0,274,3021150,39.54167495394564
2024-01-05 08:15:00,node-us-east-1a-01,us-east-1,1a,shard-001,808,39.08659619151186,42.484513777989584,61.79656131752866,178.57767518146227,206.91051728419797,66.31612780599498,47.101943247602335,True,0,True,0,88.31067132187536,0,428,1005491,59.79172860957551
2024-01-05 08:15:00,node-us-east-1b-02,us-east-1,1b,shard-002,629,34.77478267239806,61.80816437510613,52.83505481408345,102.24010142913275,187.02448201116297,52.48926799771963,29.50961981108145,True,0,False,2,96.78210836743224,0,361,2800878,83.98590427533286
2024-01-05 08:15:00,node-us-east-1c-03,us-east-1,1c,shard-001,214,24.935925339828444,61.56737046800695,63.980274299129604,48.24633876439909,58.32713179443368,17.0166847970583,9.333804011543188,True,0,False,28,91.45047542561294,0,391,1281329,79.54294296217589
2024-01-05 08:15:00,node-us-west-2a-01,us-west-2,2a,shard-003,275,25.505969302225502,68.13084801228186,37.43728555049308,56.63100683397803,72.91526359164213,20.750502733546178,12.77444776307863,True,0,True,0,90.71522298408765,0,440,4453534,37.052712065227894
2024-01-05 08:15:00,node-us-west-2b-02,us-west-2,2b,shard-004,307,26.782845213530912,64.37272613081919,55.528259453718846,59.64161209787898,78.51761261903945,25.411660148269934,16.19543594862129,True,0,False,13,95.70433469082313,0,122,3805190,49.618876201331574
2024-01-05 08:15:00,node-eu-west-1a-01,eu-west-1,1a,shard-002,400,28.41857668886277,63.703858736432224,51.468283299254736,72.7161113814225,103.23143313137398,30.669229552035304,22.36693937979713,True,0,False,13,90.99366921399475,0,323,1541513,41.71379481559133
2024-01-05 08:30:00,node-us-east-1a-01,us-east-1,1a,shard-001,560,32.36472376056467,51.10301496079234,52.00010193529789,106.49078769510263,161.48675536889968,41.20931605412046,29.62042247170952,True,0,True,0,95.59192057069089,0,366,2102925,40.24110035803507
2024-01-05 08:30:00,node-us-east-1b-02,us-east-1,1b,shard-002,582,33.395481149529736,75.68754748218717,35.393018496736886,129.31144402420165,180.48373434184919,51.671204369890575,32.95171231626286,True,0,False,46,92.63160045635664,0,154,1541297,63.88311660095012
2024-01-05 08:30:00,node-us-east-1c-03,us-east-1,1c,shard-001,259,24.53042017607129,76.8831544018622,62.119748405224676,46.38393747624499,83.69471970244506,17.07786586303815,12.505870989021693,True,0,False,21,94.89360282722149,0,316,2718661,54.09664483882515
2024-01-05 08:30:00,node-us-west-2a-01,us-west-2,2a,shard-003,455,28.56106612743925,59.96516343270465,43.66702712383673,102.54643827612762,132.15019103255057,32.9717215054585,20.477978627835526,True,0,True,0,90.54616720731005,0,191,2891041,64.86696021927156
2024-01-05 08:30:00,node-us-west-2b-02,us-west-2,2b,shard-004,401,28.504574741357878,56.48940959632385,43.32402885275314,88.59075576583157,104.96697302614157,37.06153850949491,19.55084310721749,True,0,False,33,97.27035642095035,0,153,2981960,67.0434633624018
2024-01-05 08:30:00,node-eu-west-1a-01,eu-west-1,1a,shard-002,454,27.7912031224612,62.34618529603986,30.39876280561636,85.97056597101687,117.95109990891739,32.77866503364518,23.026503634586057,True,0,False,42,96.03735782515437,0,251,3779361,37.92942089326306
2024-01-05 08:45:00,node-us-east-1a-01,us-east-1,1a,shard-001,823,38.29848235276732,59.81436163919,51.719520059838004,193.52232384397723,239.37424728008352,62.69374875357525,43.3307127955346,True,0,True,0,95.33986980763298,0,363,3817718,29.85548688300513
2024-01-05 08:45:00,node-us-east-1b-02,us-east-1,1b,shard-002,466,29.717518615725876,76.61133846493217,53.041905200900516,100.94109172180998,137.27369560008643,32.08289754821877,27.446662802758638,True,0,False,6,87.54607823995273,0,193,1496231,67.97209136961933
2024-01-05 08:45:00,node-us-east-1c-03,us-east-1,1c,shard-001,554,31.197057524268736,66.25812287731546,65.16629500832028,102.62774891015926,135.0591043946305,40.62948699668239,27.360987462252606,True,0,False,30,90.58365254856237,0,64,2348251,86.84353604824678
2024-01-05 08:45:00,node-us-west-2a-01,us-west-2,2a,shard-003,290,24.766251271353998,45.67545869986044,32.424572553938255,57.73597324071147,84.15218699468157,25.677785744762875,15.377145078874529,True,0,True,0,88.65985527130303,0,447,3552818,20.296720027300196
2024-01-05 08:45:00,node-us-west-2b-02,us-west-2,2b,shard-004,172,23.21137627533191,76.6507408355555,51.511891625701594,37.8369688677543,56.139042803899045,15.415029045716656,10.109967978829832,True,0,False,17,97.81571859692782,0,67,4631967,22.30298250752191
2024-01-05 08:45:00,node-eu-west-1a-01,eu-west-1,1a,shard-002,347,26.79581497447041,54.616915154894464,56.809301519773,72.79905028261801,102.10975066073406,28.000518546763914,20.185984665178765,True,0,False,36,88.50462291628106,0,83,2436830,70.9670263036346
2024-01-05 09:00:00,node-us-east-1a-01,us-east-1,1a,shard-001,3529,83.27216017727288,43.261616312499974,42.23192114120363,739.2879815489655,911.4098032541974,227.4798011341485,184.38881214998162,True,0,True,0,89.12134879677173,3,463,1893567,90.9701527087255
2024-01-05 09:00:00,node-us-east-1b-02,us-east-1,1b,shard-002,1017,43.7235134413995,46.452423505261166,56.675958355602624,202.84758614394633,352.4834556664543,70.18624137523614,57.335334083544886,True,0,False,41,89.81571602636875,1,178,2174930,25.962666333033766
2024-01-05 09:00:00,node-us-east-1c-03,us-east-1,1c,shard-001,1492,55.526533840922674,57.36839026740713,55.961086155204654,277.43149847094026,529.0157070877208,109.67304837580181,61.44504567367644,True,0,False,17,87.99898436959552,1,122,3592262,53.523565794875765
2024-01-05 09:00:00,node-us-west-2a-01,us-west-2,2a,shard-003,1342,45.158614404274985,51.543788185494456,31.383135173605474,320.32752432430357,370.1662226003,92.29391338381471,62.78750324469014,True,0,True,0,95.6527839864948,1,359,2151250,70.76962611728032
2024-01-05 09:00:00,node-us-west-2b-02,us-west-2,2b,shard-004,1803,49.77194658522387,78.31613178596432,54.3628703250004,349.5990417059404,587.5125406507822,164.76511538398003,89.24122880163867,True,0,False,8,88.14261630136355,1,408,3538605,50.78775511469165
2024-01-05 09:00:00,node-eu-west-1a-01,eu-west-1,1a,shard-002,1436,45.15341511866989,62.197623465928295,47.445220788491746,274.9571544237903,345.87933897030683,99.0129810897884,81.58575866106077,True,0,False,29,92.07236837233825,1,389,4856204,45.74219284224156
2024-01-05 09:15:00,node-us-east-1a-01,us-east-1,1a,shard-001,2753,69.26238628559344,74.08831536024132,56.07322409311954,633.8022137066148,682.1760993333141,244.20511508622604,128.9882329168628,True,0,True,0,87.29962480714562,1,445,3368751,29.20438970655961
2024-01-05 09:15:00,node-us-east-1b-02,us-east-1,1b,shard-002,2544,64.47217389224627,79.17348858046427,45.3700823544323,477.2517450488478,759.0789270611008,169.02591957313084,131.44505212570078,True,0,False,33,93.8443700295699,1,258,3501638,69.6117610883164
2024-01-05 09:15:00,node-us-east-1c-03,us-east-1,1c,shard-001,1836,59.64621102003954,76.20341619641388,33.97696079674531,354.81451307218407,508.05860046068705,161.6051405470551,99.77293011203213,True,0,False,22,97.33686064254617,2,294,2772679,27.177555525780875
2024-01-05 09:15:00,node-us-west-2a-01,us-west-2,2a,shard-003,1180,40.27534859625415,47.104243320336835,40.68791289665431,234.50068001442287,421.6905086278908,111.90478967074455,59.80844477784151,True,0,True,0,92.45736948357651,0,392,3096801,81.69547430856835
2024-01-05 09:15:00,node-us-west-2b-02,us-west-2,2b,shard-004,750,33.35318122117647,56.70837673996192,50.9674929463165,150.26849343401284,268.9345493317657,63.18368079582052,44.15953401562069,True,0,False,30,85.30876637796423,0,270,3226306,50.077555541663806
2024-01-05 09:15:00,node-eu-west-1a-01,eu-west-1,1a,shard-002,2266,71.25498066546646,47.31299135769019,67.2976614780428,536.4402197124458,549.8003300287814,153.40812093714018,127.73389474438815,True,0,False,26,91.03586469322205,1,163,2088186,90.90557286674633
2024-01-05 09:30:00,node-us-east-1a-01,us-east-1,1a,shard-001,1865,60.63500855394986,76.45432345223327,30.973645740356297,415.63688653930814,470.2592639322198,130.50376683961142,102.81430178286764,True,0,True,0,91.83187602056194,1,332,1097946,96.84995348061916
2024-01-05 09:30:00,node-us-east-1b-02,us-east-1,1b,shard-002,1178,48.033126668623154,60.61190998981897,56.690681797801766,211.4687015627064,392.1716729818255,100.60184216767328,50.93457316808787,True,0,False,31,88.08532885324743,1,365,1403784,91.28810432894313
2024-01-05 09:30:00,node-us-east-1c-03,us-east-1,1c,shard-001,1091,44.472859188843714,47.54132614141659,31.538081634987417,246.15865776752588,330.0967930337152,97.83542274009083,52.84803275001383,True,0,False,20,91.48689182902578,0,347,2700273,76.36739979732054
2024-01-05 09:30:00,node-us-west-2a-01,us-west-2,2a,shard-003,1288,46.77049548508474,65.58541826149275,59.10888913594229,233.5267326109786,368.7632050578402,100.67666390810935,76.26737789024787,True,0,True,0,90.91706633358265,1,419,1550799,32.18859470232996
2024-01-05 09:30:00,node-us-west-2b-02,us-west-2,2b,shard-004,1121,39.55680352787171,51.5188357863169,56.190250689972906,254.65279383355497,403.191122499604,81.4090035060816,50.58828663458723,True,0,False,1,95.77483932479767,1,429,1870448,50.91645290494356
2024-01-05 09:30:00,node-eu-west-1a-01,eu-west-1,1a,shard-002,2257,65.32551185372645,68.32715813852437,37.48172277583311,416.07083532503316,698.4027078384976,211.57295066518418,93.44431065630386,True,0,False,15,91.58125503049959,1,389,2272776,95.44858482716351
2024-01-05 09:45:00,node-us-east-1a-01,us-east-1,1a,shard-001,1005,39.05140664724515,45.53984215208119,53.30648866943051,236.77267998414516,248.27432984199564,93.01492734600981,41.166741830926135,True,0,True,0,91.90633967512069,1,133,1192470,58.649851604109045
2024-01-05 09:45:00,node-us-east-1b-02,us-east-1,1b,shard-002,1608,51.68168851424595,48.992581329867235,36.940770835925704,322.6595617751089,433.53250011479116,115.8144299832325,81.35653641371087,True,0,False,17,88.93299276828441,2,462,4009401,35.88940957974237
2024-01-05 09:45:00,node-us-east-1c-03,us-east-1,1c,shard-001,2241,59.3838648275655,72.40468083058579,58.17098754505446,482.88897224163543,789.3727955239567,195.26499972807392,131.46039535932354,True,0,False,37,87.07703407816739,2,379,1936175,83.29988093031866
2024-01-05 09:45:00,node-us-west-2a-01,us-west-2,2a,shard-003,1883,56.158199799761455,63.91811799672742,56.80993536399908,417.72039994715675,592.1116224712648,157.27040296579509,105.2199868878424,True,0,True,0,95.80257940943804,1,401,2961156,59.30186098671005
2024-01-05 09:45:00,node-us-west-2b-02,us-west-2,2b,shard-004,945,38.088492924027946,63.93514529317429,55.494573642908165,204.12355343206502,300.45834057696396,85.4392274485273,41.45643054448348,True,0,False,46,92.94674672351681,1,231,2204620,76.49020512071999
2024-01-05 09:45:00,node-eu-west-1a-01,eu-west-1,1a,shard-002,827,34.10267232477579,66.47824121220522,43.740275971675274,191.3782174134997,236.26304315794673,54.8358578482893,43.48800537732177,True,0,False,31,93.80928688779791,1,185,3184600,73.50527774869246
2024-01-05 10:00:00,node-us-east-1a-01,us-east-1,1a,shard-001,2699,66.25502680964881,44.180207163375776,66.97382624674844,572.9849911864466,791.286200228787,218.48387125779456,123.39274997103,True,0,True,0,87.90500691419813,1,482,4763743,77.05068031669768
2024-01-05 10:00:00,node-us-east-1b-02,us-east-1,1b,shard-002,2528,68.08877821752037,55.14336272730816,56.33959642087339,494.35039327222694,886.4702266462482,170.41523917161058,125.12831872531751,True,0,False,24,85.29771545962362,2,72,2416072,65.40051453526135
2024-01-05 10:00:00,node-us-east-1c-03,us-east-1,1c,shard-001,1972,53.79580381053469,64.57977847022406,49.39006250285168,468.30956963597197,595.7503295357346,148.4053662949241,106.19182992202686,True,0,False,35,92.08772170139827,1,191,4178524,35.235293079878495
2024-01-05 10:00:00,node-us-west-2a-01,us-west-2,2a,shard-003,1295,48.85455731972579,60.573939115449974,68.33694580407754,281.6501532215718,323.2157546113983,119.02663609538517,52.91578396800336,True,0,True,0,96.52204255366902,1,71,2589060,54.90624291175196
2024-01-05 10:00:00,node-us-west-2b-02,us-west-2,2b,shard-004,759,36.396716622262446,60.27549858647054,30.620559328065116,179.92253797821573,266.9727583888799,54.62848670297447,40.964981504774215,True,0,False,48,87.82684334551428,1,309,1632977,87.37887690102006
2024-01-05 10:00:00,node-eu-west-1a-01,eu-west-1,1a,shard-002,1337,41.99862704820426,47.332260106826055,66.05938040751253,301.7555784159963,407.4570184814282,106.9371886341604,53.694595236339275,True,0,False,6,88.41466509144882,1,240,2292253,64.40808415959125
2024-01-05 10:15:00,node-us-east-1a-01,us-east-1,1a,shard-001,1967,53.29250492488943,47.057240351681216,42.63541875206445,402.92476996520816,595.100976837774,177.69571270080178,89.58651816398698,True,0,True,0,85.69001828219199,2,193,1350794,74.24844555685442
2024-01-05 10:15:00,node-us-east-1b-02,us-east-1,1b,shard-002,1726,53.23730144932786,73.51670979580672,56.940939801203214,380.06635472239014,509.4950706236009,127.50052669080586,94.30821357422087,True,0,False,42,90.97995515235124,1,107,1673343,48.3566079937339
2024-01-05 10:15:00,node-us-east-1c-03,us-east-1,1c,shard-001,1965,58.566176025794014,78.04802589635776,62.86913516181884,326.1675879455384,560.4480459456568,130.31995011030136,108.3160793177176,True,0,False,5,86.47885242376213,1,317,1625068,91.09986917288361
2024-01-05 10:15:00,node-us-west-2a-01,us-west-2,2a,shard-003,1104,45.57426540564215,66.29259916179669,46.00665103693366,215.5852620946708,274.49924066771723,90.95460200154035,48.74187843479384,True,0,True,0,97.86674253489831,1,426,4782131,60.40616076387195
2024-01-05 10:15:00,node-us-west-2b-02,us-west-2,2b,shard-004,840,38.50519919838945,73.96879229429754,38.76506695499806,181.15396721465873,223.98536521108068,65.89089072129406,34.943302343283904,True,0,False,13,88.80626369636289,0,140,4711806,96.25871700531688
2024-01-05 10:15:00,node-eu-west-1a-01,eu-west-1,1a,shard-002,691,34.70816754016926,56.844867787339425,54.290529900053656,135.5045324164753,188.59815866533026,46.969024988040644,39.15244310064093,True,0,False,1,85.71658853638637,0,86,1647396,31.300036639913635
2024-01-05 10:30:00,node-us-east-1a-01,us-east-1,1a,shard-001,1430,54.22325352046013,52.67794861976234,62.90676954570186,335.05520154088833,380.91062728588645,126.74180452725281,84.62065932258622,True,0,True,0,97.89848822254572,1,489,4936093,73.5194472564817
2024-01-05 10:30:00,node-us-east-1b-02,us-east-1,1b,shard-002,946,36.640654095121796,59.048136094449546,40.74369447974007,174.06211561325188,321.9497425053563,77.76811380346436,46.091487005435745,True,0,False,42,95.35819418114406,1,287,2816240,25.307022466369496
2024-01-05 10:30:00,node-us-east-1c-03,us-east-1,1c,shard-001,889,38.83892596185453,54.399226327037645,40.91061009839997,205.30274108068215,243.41393081764335,81.65700929832374,48.42399902813237,True,0,False,24,93.81274129117965,0,202,4999450,68.78712221587634
2024-01-05 10:30:00,node-us-west-2a-01,us-west-2,2a,shard-003,1069,38.75097392107595,72.3314831249429,33.13594262809351,236.8492650743787,317.1266957763829,89.2559581386846,57.2978542522644,True,0,True,0,94.45873619182741,1,446,1407814,82.32524230323011
2024-01-05 10:30:00,node-us-west-2b-02,us-west-2,2b,shard-004,1869,63.395829741592266,74.44729301715364,63.213885764249646,303.4686159750661,502.864851037125,161.35332229035774,86.64729214173452,True,0,False,33,88.71727635721372,2,276,4143101,35.97752206424985
2024-01-05 10:30:00,node-eu-west-1a-01,eu-west-1,1a,shard-002,1925,59.99640972891434,70.62752280342688,58.381873667617285,416.8815550443609,481.7978854431088,124.46493183765106,101.30969392585091,True,0,False,50,89.30395564122614,2,221,2667745,70.50358673070096
2024-01-05 10:45:00,node-us-east-1a-01,us-east-1,1a,shard-001,1209,44.74219904540278,42.692688252868344,40.07019188711501,257.0772905580318,308.510628957564,86.81729047788535,60.05222096358328,True,0,True,0,86.41344231392186,0,258,3458969,40.45099870484929
2024-01-05 10:45:00,node-us-east-1b-02,us-east-1,1b,shard-002,828,38.04768869041762,74.961088531618,50.089733405623065,188.52097240231276,225.82734647516057,58.21906839165228,43.592298631026694,True,0,False,14,87.47409621201388,1,240,4131578,67.43126476827554
2024-01-05 10:45:00,node-us-east-1c-03,us-east-1,1c,shard-001,1831,56.50671975609513,48.02275714942955,57.9662587716214,415.20871639823986,630.7880287051825,119.71531607682095,99.39505969301521,True,0,False,31,93.32010641962377,1,465,1884265,29.289105832321543
2024-01-05 10:45:00,node-us-west-2a-01,us-west-2,2a,shard-003,1363,48.97691289761054,61.106205465403,33.74064060582875,244.95546152069204,452.83004232032226,106.97911527222513,58.07930418765825,True,0,True,0,92.88103529955734,1,222,2175286,42.56791409242594
2024-01-05 10:45:00,node-us-west-2b-02,us-west-2,2b,shard-004,1617,46.19568377679161,40.647799961282416,50.185788831269434,350.97865601097465,517.049874082154,121.98940197757969,85.53462374554566,True,0,False,12,85.46227373803451,1,295,2138437,28.384189160293225
2024-01-05 10:45:00,node-eu-west-1a-01,eu-west-1,1a,shard-002,2135,61.26080947346336,61.754698152526295,32.835202869566544,402.7188428835864,714.4037693906815,145.49367563232076,110.94791399016833,True,0,False,35,96.73248926836268,1,466,2304938,33.816343274896056
2024-01-05 11:00:00,node-us-east-1a-01,us-east-1,1a,shard-001,2143,65.55286389976453,42.192662468641366,37.19882133191661,363.35936248347224,523.5263594552847,186.08108925804387,99.02301806782177,True,0,True,0,89.75714878716693,1,248,4705621,38.41140131911814
2024-01-05 11:00:00,node-us-east-1b-02,us-east-1,1b,shard-002,2263,67.03412504779126,56.021947677931834,40.29214520169369,432.9397432221508,710.6704871887595,206.18587492741335,106.2133934314324,True,0,False,42,86.05561658948243,3,189,4843060,52.10986400011688
2024-01-05 11:00:00,node-us-east-1c-03,us-east-1,1c,shard-001,1884,54.4676299844797,55.082400596057624,53.9566203818584,378.0236053578593,646.0259031419089,121.76549323354334,108.2112036298955,True,0,False,10,86.21841931949554,1,287,1871981,79.18482716256253
2024-01-05 11:00:00,node-us-west-2a-01,us-west-2,2a,shard-003,1765,55.10651286652876,59.485183818688874,38.96665851228167,386.626217052595,495.0863753162662,132.43547902291462,78.24278810097981,True,0,True,0,91.39853984521619,2,106,4409780,54.442602352957834
2024-01-05 11:00:00,node-us-west-2b-02,us-west-2,2b,shard-004,1732,50.26258003594755,62.024456229818824,65.90577841226234,283.6198380619668,427.640018573206,121.68310009307602,72.6273076258455,True,0,False,8,90.65602558848023,2,297,1036754,82.36332904527619
2024-01-05 11:00:00,node-eu-west-1a-01,eu-west-1,1a,shard-002,2031,52.74464565463052,77.30099407155478,38.0378795908244,446.04137321200176,542.3577202464131,177.73741356686872,113.45556716652456,True,0,False,44,85.00402512447086,2,265,1596844,64.80541419258488
2024-01-05 11:15:00,node-us-east-1a-01,us-east-1,1a,shard-001,3344,84.47312958174327,63.31941826388381,69.64077104263703,775.9860240855905,825.7163561378229,301.64138991056836,173.70570816478053,True,0,True,0,95.7844520381055,1,219,3302564,30.089239156616287
2024-01-05 11:15:00,node-us-east-1b-02,us-east-1,1b,shard-002,1349,43.06377085010562,77.143511321405,43.12517101518031,229.09298425456916,372.2971500701828,97.94112821694645,54.093086407225876,True,0,False,19,96.58395241531791,1,284,3321509,20.97440662102496
2024-01-05 11:15:00,node-us-east-1c-03,us-east-1,1c,shard-001,2215,61.21022968882924,72.00575200869268,62.269584002564386,516.7839893376218,780.1348499751904,205.32156466980194,108.2974471268546,True,0,False,2,95.96817643233297,1,435,3387154,58.68693269955283
2024-01-05 11:15:00,node-us-west-2a-01,us-west-2,2a,shard-003,1442,50.54423079351544,42.68453065612102,35.55417411600737,263.49478954929685,470.4358473723172,112.2689406097948,84.41933463406316,True,0,True,0,95.79962881290226,1,321,2338328,54.26706893601062
2024-01-05 11:15:00,node-us-west-2b-02,us-west-2,2b,shard-004,1736,58.606980084392674,66.92739198952292,66.61031722626923,403.5386974910137,605.7259463576185,140.8065393423644,84.76489713790333,True,0,False,16,92.68499828167785,1,284,4603078,21.757227260523937
2024-01-05 11:15:00,node-eu-west-1a-01,eu-west-1,1a,shard-002,1391,42.78711092659863,64.9401263026026,64.79499331991207,235.0306077514728,367.43619681333064,124.78075631913775,70.89588047471028,True,0,False,39,88.88194199101974,1,449,3555641,62.061465822138864
2024-01-05 11:30:00,node-us-east-1a-01,us-east-1,1a,shard-001,1787,48.822062809094774,74.40250796434819,46.90375586695628,424.5605444438696,484.3663529759255,170.51080207237996,96.00479406865776,True,0,True,0,96.24697556921407,1,153,1316252,53.18735824217227
2024-01-05 11:30:00,node-us-east-1b-02,us-east-1,1b,shard-002,1932,63.58202134645597,79.05878025730895,43.67122313412776,327.98903734555876,509.05476809289416,171.87251012601533,92.46222082178514,True,0,False,6,92.49164005446252,1,440,1422541,77.42084961732331
2024-01-05 11:30:00,node-us-east-1c-03,us-east-1,1c,shard-001,2107,53.754207952100046,73.53456954987593,65.59638552214068,340.35617486111124,530.9499850013884,162.67302675721865,126.38311355456486,True,0,False,48,94.23220979410709,2,225,2521455,53.887202142874784
2024-01-05 11:30:00,node-us-west-2a-01,us-west-2,2a,shard-003,1820,51.82125484092362,70.15211331017446,49.33848785990202,418.49347276921236,646.9902333606962,138.95389136349488,106.64496495693669,True,0,True,0,94.38218470906892,1,214,4050812,45.50203821468085
2024-01-05 11:30:00,node-us-west-2b-02,us-west-2,2b,shard-004,1449,44.79452050602877,69.40044480537928,60.86485595306762,270.3248838593594,354.62539893924753,111.98796329775256,67.10770028112033,True,0,False,28,97.35915764947798,1,347,1655396,49.387807049733595
2024-01-05 11:30:00,node-eu-west-1a-01,eu-west-1,1a,shard-002,688,32.80042746564361,42.56851198396892,52.81381295304325,125.86081735815763,203.1485307511645,59.38410492918293,32.362383625267185,True,0,False,49,94.44346442401329,0,387,4944645,25.87008753809944
2024-01-05 11:45:00,node-us-east-1a-01,us-east-1,1a,shard-001,2611,63.58569648157009,69.21669798171956,43.19447537609574,558.1672030448846,902.0576560869866,215.04307821175172,145.91163525751094,True,0,True,0,85.09572141984144,3,288,3372226,44.87949286356029
2024-01-05 11:45:00,node-us-east-1b-02,us-east-1,1b,shard-002,1361,51.622908029297115,57.8779802230257,66.6229466528859,304.102340571897,376.80015253813787,117.45666532624388,81.37069848821078,True,0,False,18,93.24443994892752,1,223,4068805,33.871066910980836
2024-01-05 11:45:00,node-us-east-1c-03,us-east-1,1c,shard-001,2281,61.65497300608147,55.44070492487205,31.81705907743766,387.5714236109907,752.2304439480431,198.06692175147236,91.65534476036815,True,0,False,32,95.85711719978873,2,382,2299990,61.27197087450565
2024-01-05 11:45:00,node-us-west-2a-01,us-west-2,2a,shard-003,708,32.144998109728746,68.86957037169407,44.71395093930295,150.78510061278675,210.2145295025556,53.71521820552471,33.63222204087715,True,0,True,0,94.6228439925788,0,236,2415040,92.57829493669553
2024-01-05 11:45:00,node-us-west-2b-02,us-west-2,2b,shard-004,1202,42.422985001390984,66.85943414084846,55.943238131443074,233.63469125466847,386.762114905723,93.00700820738142,60.5156293503701,True,0,False,29,92.23450089694768,1,468,1527356,61.902687896016005
2024-01-05 11:45:00,node-eu-west-1a-01,eu-west-1,1a,shard-002,891,38.382415953487225,57.24679930615401,52.18097552527284,164.08440560277668,232.9419337315608,84.63167473912739,49.54914954752995,False,54,False,25,89.31488190072588,0,265,3273921,94.99621947893229
2024-01-05 12:00:00,node-us-east-1a-01,us-east-1,1a,shard-001,863,38.14169761579879,64.82123630474867,67.14255107234334,151.55219768149732,277.631414295176,71.18724303337405,36.01623174094414,True,0,True,0,85.39349026769602,0,414,4308228,48.832132749763495
2024-01-05 12:00:00,node-us-east-1b-02,us-east-1,1b,shard-002,887,40.77954755472167,64.02601777961752,56.37468533182343,178.61445906830014,281.6488294827259,72.21677782887161,36.036161669536384,True,0,False,15,89.67534217869442,1,499,3052448,91.43563237220977
2024-01-05 12:00:00,node-us-east-1c-03,us-east-1,1c,shard-001,1172,40.559369041741625,56.135515345006354,44.86343116186138,265.31135307837087,310.3845657771356,87.01933780419598,56.34116307269157,True,0,False,36,89.56688640179384,1,385,4189098,88.0716452053479
2024-01-05 12:00:00,node-us-west-2a-01,us-west-2,2a,shard-003,2154,70.52631605958312,56.20375893592082,67.71435237921233,386.7879559552986,582.9367519688718,157.46612208460377,115.6196053853126,True,0,True,0,94.18948641820357,1,182,3390164,29.155518858336855
2024-01-05 12:00:00,node-us-west-2b-02,us-west-2,2b,shard-004,467,29.1352630962421,52.44128773753236,68.52105999681521,103.51075475395379,133.0969539526174,44.1693752035349,25.08972064920598,True,0,False,30,87.51073036930345,0,228,1715369,93.68614929906467
2024-01-05 12:00:00,node-eu-west-1a-01,eu-west-1,1a,shard-002,786,38.16291189884876,42.2412629653676,33.17517314103693,174.73061172084007,208.5042791238315,68.11391139439057,39.743811000513354,True,0,False,19,85.0354283545372,1,498,3823699,80.1782794175321
2024-01-05 12:15:00,node-us-east-1a-01,us-east-1,1a,shard-001,1050,39.665092545399645,40.35081060615995,43.51705340160395,201.20089672297408,337.6564781825183,80.91487435435867,59.70323952520343,True,0,True,0,91.42723013533364,0,281,1058275,92.37359794868195
2024-01-05 12:15:00,node-us-east-1b-02,us-east-1,1b,shard-002,798,34.39003385373448,71.30654717577829,46.43353784115952,156.36854563281514,270.9778741416589,51.849122956805815,32.299938736599884,True,0,False,9,95.51312431419493,0,92,2821178,65.43387273553648
2024-01-05 12:15:00,node-us-east-1c-03,us-east-1,1c,shard-001,2302,61.14166516352043,63.33365783308137,45.23053790700828,417.8267314763048,823.3408456580601,210.07010957033222,123.77903157948757,True,0,False,28,86.60749390928089,1,93,3222597,85.29728868367891
2024-01-05 12:15:00,node-us-west-2a-01,us-west-2,2a,shard-003,1794,60.90712857637654,61.06161723052598,44.25069973619953,341.42782650590226,515.4456716493813,115.73702908693997,97.8492427254243,True,0,True,0,89.09257789595037,2,239,1706387,34.95576228594995
2024-01-05 12:15:00,node-us-west-2b-02,us-west-2,2b,shard-004,935,39.48560281075473,55.8098034666313,44.223991499661466,211.59604648286884,315.02905822973116,61.92449211171911,41.65814178902771,True,0,False,23,86.998948232235,0,136,2431694,42.619516909352726
2024-01-05 12:15:00,node-eu-west-1a-01,eu-west-1,1a,shard-002,1178,41.356564068934105,49.92713095633184,39.602969209382465,263.80451066644395,413.10332087282006,110.70354427617768,57.449065665165364,True,0,False,6,93.65901113357111,1,332,2772607,91.7723909405419
2024-01-05 12:30:00,node-us-east-1a-01,us-east-1,1a,shard-001,2308,62.21144214958515,47.913887824697014,30.12874894281839,547.8026068345081,731.3837004334,150.40582782031277,132.26460624697592,True,0,True,0,91.3695113898043,1,308,4211625,87.83755685817316
2024-01-05 12:30:00,node-us-east-1b-02,us-east-1,1b,shard-002,2762,72.25314740026272,66.57702812549195,42.25629767253173,585.3204274347686,881.5870437681934,219.88298983699488,140.0499238740149,True,0,False,9,88.32352702527207,3,489,3235039,81.86794403529771
2024-01-05 12:30:00,node-us-east-1c-03,us-east-1,1c,shard-001,2523,67.15924264037601,47.964853847355954,64.0166726017054,466.0378608136468,686.6513745321765,175.35082601137063,109.14659798873639,True,0,False,6,88.93003771147362,1,406,2678459,67.49461719328878
2024-01-05 12:30:00,node-us-west-2a-01,us-west-2,2a,shard-003,1716,60.166535018563685,54.421881870613454,35.92368227390668,333.3646191947687,488.23078888368207,156.31022562829097,71.71567758229457,True,0,True,0,88.84252017919958,1,235,3435358,43.984028143572765
2024-01-05 12:30:00,node-us-west-2b-02,us-west-2,2b,shard-004,882,35.14893114293764,74.53447172452417,31.543488047705925,210.6379960998135,302.2598473999535,61.18284161161182,49.03617497172357,True,0,False,24,96.55321987134359,1,237,2818084,98.06090769836155
2024-01-05 12:30:00,node-eu-west-1a-01,eu-west-1,1a,shard-002,2015,66.90577863353103,53.818920849347144,46.22494117574935,434.19899104461325,503.841901503096,136.2677654156485,107.28757835913102,True,0,False,43,85.73283631836188,2,396,2543773,41.796395600382084
2024-01-05 12:45:00,node-us-east-1a-01,us-east-1,1a,shard-001,1086,40.422162033225646,46.26495775236445,64.60409322152752,180.44872451707818,331.3033733797222,93.39387888560682,47.33794226816099,True,0,True,0,89.15842036842366,0,350,2130019,41.21194030751438
2024-01-05 12:45:00,node-us-east-1b-02,us-east-1,1b,shard-002,1673,49.18664774349155,56.06744270306606,39.481770651642705,320.74070972198365,471.9499152415864,140.42210485620072,82.02276706733562,True,0,False,27,93.1779456853165,2,375,4310914,56.66866971045701
2024-01-05 12:45:00,node-us-east-1c-03,us-east-1,1c,shard-001,1049,36.805127036278435,58.88096961810415,52.47805296950678,199.26653108644493,298.08673931624054,68.94024133622558,49.95831211446804,True,0,False,33,94.4538718417819,0,100,3729287,56.051262126586465
2024-01-05 12:45:00,node-us-west-2a-01,us-west-2,2a,shard-003,1068,40.81025722070633,63.39920925554108,56.25230882208144,220.16955951289367,275.82914447464907,94.89405346171719,43.022113985873844,True,0,True,0,92.1091106459509,1,299,2696664,41.819956906822256
2024-01-05 12:45:00,node-us-west-2b-02,us-west-2,2b,shard-004,1120,46.78930161319277,53.971292393347134,38.06231257175872,197.80569310743005,387.8696982802104,93.99556257269317,62.79400977660714,True,0,False,11,92.54408784247909,1,135,4679467,64.29048936022645
2024-01-05 12:45:00,node-eu-west-1a-01,eu-west-1,1a,shard-002,1971,53.5128029179821,60.39273900517145,44.64509901577065,443.66359314856174,648.3282367173053,167.61335333713978,89.14052936276916,True,0,False,11,90.61552654789826,1,456,2466479,55.62158543821096
2024-01-05 13:00:00,node-us-east-1a-01,us-east-1,1a,shard-001,1678,52.28380140816446,68.7785021709588,55.28928099354846,389.6790512083736,574.2886266746416,142.44518023539578,70.23746585211262,True,0,True,0,96.50023146785219,1,80,4568728,23.131729849409925
2024-01-05 13:00:00,node-us-east-1b-02,us-east-1,1b,shard-002,1744,55.53565781833891,56.74375304897373,49.24692206326484,364.6033110786605,469.36125466267123,162.1413378929339,88.45893901010886,True,0,False,37,94.33830113298073,1,379,4916251,79.31466286090449
2024-01-05 13:00:00,node-us-east-1c-03,us-east-1,1c,shard-001,2239,69.78383038525513,79.33159163529362,37.974854186336536,525.862123077917,694.419936596135,176.71980760815165,105.91327305408366,True,0,False,13,90.62831305205596,2,254,2563010,50.40317985091309
2024-01-05 13:00:00,node-us-west-2a-01,us-west-2,2a,shard-003,1038,39.36969306928859,75.33968680839604,64.67055326252478,225.44329424630232,347.25407530993624,89.71234740210045,56.476834478218656,True,0,True,0,87.45483112564125,0,175,3935081,87.19257461813557
2024-01-05 13:00:00,node-us-west-2b-02,us-west-2,2b,shard-004,1600,57.707906549360445,52.66685693628957,63.12229464338743,316.2222294611569,470.56416422600785,103.97563149267702,72.64364035786893,True,0,False,48,94.4606478847709,2,121,1742088,95.87714694609363
2024-01-05 13:00:00,node-eu-west-1a-01,eu-west-1,1a,shard-002,693,32.519225905206724,48.40306118806021,37.9398385621697,163.91670762693752,245.59691599714995,52.82044368934583,35.12746165559117,True,0,False,22,88.99374210672272,0,416,3013684,38.043426086039666
2024-01-05 13:15:00,node-us-east-1a-01,us-east-1,1a,shard-001,2041,63.00591109858006,67.25532106033769,61.22495607743977,386.30328023558707,539.4119176336293,179.85256509926214,115.53218358091509,True,0,True,0,93.51832777890178,2,204,1976555,86.79092068859204
2024-01-05 13:15:00,node-us-east-1b-02,us-east-1,1b,shard-002,2499,63.600348707323214,79.98197840371711,33.67118277257309,412.842722619441,680.1585970970774,214.25316851379083,136.10928728502788,True,0,False,12,95.48129076194347,2,120,1282731,42.35827541022053
2024-01-05 13:15:00,node-us-east-1c-03,us-east-1,1c,shard-001,1276,41.9431802700615,56.18939219907444,53.167292835355525,284.5592799609056,379.36184928978844,111.17233563971433,53.75252381493169,True,0,False,49,89.38110652149089,1,277,1664661,91.37738670071312
2024-01-05 13:15:00,node-us-west-2a-01,us-west-2,2a,shard-003,1638,48.938843236187964,67.03340862157071,39.21072436016154,349.34319370521655,402.4777411321482,128.87847406909512,74.08758564077085,True,0,True,0,97.8283196069363,2,341,3616035,41.224040410895775
2024-01-05 13:15:00,node-us-west-2b-02,us-west-2,2b,shard-004,467,27.693731804488362,42.96397860968166,69.7241076481596,102.08077402746352,118.67618294821412,40.81345266816206,23.211161855724818,True,0,False,11,97.46325093003875,0,164,4750000,87.96136525214722
2024-01-05 13:15:00,node-eu-west-1a-01,eu-west-1,1a,shard-002,1946,61.81600901704348,79.11471848056661,59.84613753695973,382.5531669502042,643.3431406116714,143.81812080569662,101.92155554512031,True,0,False,38,88.33709752954306,2,343,1994245,87.74093448539809
2024-01-05 13:30:00,node-us-east-1a-01,us-east-1,1a,shard-001,1218,42.656169611192766,53.21521430814994,61.853976176928754,216.15837036669092,431.63175737987274,106.67726929061018,65.03516954668612,True,0,True,0,95.22212974584099,1,163,2698560,22.28027989890745
2024-01-05 13:30:00,node-us-east-1b-02,us-east-1,1b,shard-002,993,37.353869660966566,42.95149989459764,53.288236567714975,215.48551292287678,261.74740448400803,67.24500711339391,42.560321042704544,True,0,False,49,90.71972611244925,1,361,1430004,23.20621957273972
2024-01-05 13:30:00,node-us-east-1c-03,us-east-1,1c,shard-001,2875,83.87561553145778,47.467631672292555,68.65882236998357,632.3442544963686,703.7601790578145,196.0570866849088,122.97594439047015,True,0,False,38,85.61630667649219,2,368,2994041,67.32067434325705
2024-01-05 13:30:00,node-us-west-2a-01,us-west-2,2a,shard-003,1235,48.91330182954615,54.896617782079545,68.17094241567173,243.64986671822874,424.72831161325337,109.74045207577811,63.337664192333776,True,0,True,0,90.55714503951775,0,268,2386449,20.7542585326794
2024-01-05 13:30:00,node-us-west-2b-02,us-west-2,2b,shard-004,597,32.25476559533238,72.33213018759241,50.53055332969607,117.35562116098487,179.7380136054194,54.961622641287946,30.489452073364287,True,0,False,18,97.18166361908771,0,128,2638819,50.71855765420282
2024-01-05 13:30:00,node-eu-west-1a-01,eu-west-1,1a,shard-002,1053,44.583524226169345,68.78550238436546,37.283121856759976,227.59404417351345,294.7247107733615,94.88661374450369,55.49317989932266,True,0,False,43,92.79400807425596,1,210,2265469,45.879941072639085
2024-01-05 13:45:00,node-us-east-1a-01,us-east-1,1a,shard-001,1009,37.061015617640024,44.75751318703991,30.833163765045526,169.26795537970938,294.8508244008482,89.52892970675575,58.98492473071908,True,0,True,0,86.42478483335303,0,167,4205625,84.46964765772775
2024-01-05 13:45:00,node-us-east-1b-02,us-east-1,1b,shard-002,1240,40.527702671750816,77.17234723828587,50.8042744842173,234.31426605015423,305.0344061215374,110.78493756471659,62.978486530534504,True,0,False,26,86.40751333809652,1,231,2206351,20.252525835558338
2024-01-05 13:45:00,node-us-east-1c-03,us-east-1,1c,shard-001,1439,52.89024844293678,54.18127665009662,62.784090807272,302.2806748932991,463.3186975232873,127.10237525711683,83.00159417233542,True,0,False,21,91.87019748490393,1,337,3420959,85.1028108622857
2024-01-05 13:45:00,node-us-west-2a-01,us-west-2,2a,shard-003,2236,68.26337554333668,65.28616939550841,55.93625314582938,519.8736327217467,632.0231256775018,210.01529460474435,113.05271933459139,True,0,True,0,91.12700642009064,1,89,2932614,54.40785956841785
2024-01-05 13:45:00,node-us-west-2b-02,us-west-2,2b,shard-004,1508,48.813634681975394,48.29941552430601,43.67633481572804,246.76100114375154,512.4326053963262,131.5883907812937,67.40781175095542,True,0,False,25,85.84482628268881,1,436,3785921,26.833844936065656
2024-01-05 13:45:00,node-eu-west-1a-01,eu-west-1,1a,shard-002,2238,60.29624000244975,49.931982141507774,31.200647983649013,380.50527614112434,783.721698089158,206.12210280077747,124.12024030528944,True,0,False,49,90.8495018816041,1,180,2861581,80.27088553231478
2024-01-05 14:00:00,node-us-east-1a-01,us-east-1,1a,shard-001,1376,45.455128866606564,79.65179640726197,61.86128563140807,256.5880120140308,383.35768050113796,91.78121151723187,62.92807664297506,True,0,True,0,90.14467240830766,1,256,4521620,65.38633047309402
2024-01-05 14:00:00,node-us-east-1b-02,us-east-1,1b,shard-002,897,38.09852899564231,50.72895573816382,38.33043121731098,169.76296142743166,279.8603725516347,82.42510589246295,45.233054510008564,True,0,False,27,96.2424634815967,1,57,1004028,29.339085241611826
2024-01-05 14:00:00,node-us-east-1c-03,us-east-1,1c,shard-001,2251,66.8617285824112,65.12762042070271,40.09437757162042,433.5687915823524,725.0827699855713,197.29930820588737,129.2722133804994,True,0,False,29,90.61296577486803,2,134,3899359,86.6422623132594
2024-01-05 14:00:00,node-us-west-2a-01,us-west-2,2a,shard-003,2189,66.26142922301253,79.47376082917528,52.353239254336664,503.21038336628817,536.2266581258428,142.08747644865565,120.58612687817268,True,0,True,0,97.39670152877173,1,91,1286460,73.77442831938419
2024-01-05 14:00:00,node-us-west-2b-02,us-west-2,2b,shard-004,652,30.498948474889545,69.09373983475555,35.799446405599056,137.30999666210832,208.41050706430767,57.967460649585085,26.2744208733599,True,0,False,24,89.83689649691802,0,60,1724187,74.49500007043565
2024-01-05 14:00:00,node-eu-west-1a-01,eu-west-1,1a,shard-002,892,35.2548418679646,45.21407783198642,41.446302239766055,149.58284705733044,250.7434578739302,63.02474542717142,49.08966994859891,True,0,False,13,91.66845899697519,1,215,2913067,52.52393032212376
2024-01-05 14:15:00,node-us-east-1a-01,us-east-1,1a,shard-001,3320,83.2935499202261,48.81826662874299,41.50404823330662,584.5870541260838,999.6183774882762,236.3199995809437,174.99628478272103,True,0,True,0,95.183538278365,4,198,1776034,22.991863563489865
2024-01-05 14:15:00,node-us-east-1b-02,us-east-1,1b,shard-002,1960,62.59106268357679,45.131066173253096,67.27933374493759,369.5742803532089,488.7997045231241,149.81511582947226,89.84115333142479,True,0,False,30,89.894729041078,2,423,4168509,24.187505376470824
2024-01-05 14:15:00,node-us-east-1c-03,us-east-1,1c,shard-001,2978,70.82770444486897,68.28030729083702,49.19543930071173,479.7814151249039,893.991569458616,281.60091424796633,132.40515722618133,True,0,False,23,94.21610101118812,3,64,4555157,65.61434891287917
2024-01-05 14:15:00,node-us-west-2a-01,us-west-2,2a,shard-003,637,33.414181814979855,41.98135281070017,33.357480954207844,119.79884682551719,208.1178912903221,50.190029982058185,37.25123556238053,True,0,True,0,85.09520715880136,0,104,4305217,42.373374708020705
2024-01-05 14:15:00,node-us-west-2b-02,us-west-2,2b,shard-004,1490,50.18507396677984,48.424997244756476,36.19910794119536,247.32996668563305,517.970663539383,111.02553507031674,75.43125005465018,True,0,False,35,94.34840535967291,1,441,2953925,74.47293187990411
2024-01-05 14:15:00,node-eu-west-1a-01,eu-west-1,1a,shard-002,806,37.13891828602837,41.74162717383205,32.647522009993835,155.49117563136335,249.95525665728033,53.42189007566676,35.68565233699911,True,0,False,3,97.74598486518575,0,268,4827450,78.92942268660975
2024-01-05 14:30:00,node-us-east-1a-01,us-east-1,1a,shard-001,913,36.48345696037402,64.92086219736456,65.55679529201163,219.10672141450968,232.58937217421985,67.51873412443366,50.76796304266757,True,0,True,0,90.15424461258604,1,68,1582459,82.6938361083452
2024-01-05 14:30:00,node-us-east-1b-02,us-east-1,1b,shard-002,1459,45.47677537608224,50.37417943450193,54.0071722792231,314.149952595393,441.87297127974244,106.68082230729438,60.356346950622765,True,0,False,23,88.08462100335713,2,277,4535364,88.24647775515334
2024-01-05 14:30:00,node-us-east-1c-03,us-east-1,1c,shard-001,2199,56.9588577694579,53.456225156799654,34.25027688851174,402.97054452035684,783.4611845780514,196.54803923240206,91.48999000257676,True,0,False,5,96.60882694396597,2,357,1058806,62.01840937045073
2024-01-05 14:30:00,node-us-west-2a-01,us-west-2,2a,shard-003,1513,54.64979827734753,54.94216979084783,33.609783101704245,343.00554313194806,374.96991322616554,107.58237203460897,76.577145659496,True,0,True,0,86.41756215575128,1,85,1919219,38.60564445161267
2024-01-05 14:30:00,node-us-west-2b-02,us-west-2,2b,shard-004,1664,54.80704845814061,70.46304547043079,68.4345584847731,382.40145413391616,554.3251048929134,153.7888691751123,80.20747831934167,True,0,False,48,87.10537578231602,1,322,3098665,53.03016935633163
2024-01-05 14:30:00,node-eu-west-1a-01,eu-west-1,1a,shard-002,1187,44.30179734261667,66.25578093219994,55.827538148473906,231.89121671750337,335.75415613929147,77.75480488181427,69.47309414814548,True,0,False,42,97.46086016245147,0,370,4631247,91.37797155093294
2024-01-05 14:45:00,node-us-east-1a-01,us-east-1,1a,shard-001,2779,75.1886192157599,76.1638276971787,67.02009763221983,517.9589945195387,679.5799122544752,247.2255179404321,129.62099266233434,True,0,True,0,96.88357206783402,2,361,3150303,68.65566880755209
2024-01-05 14:45:00,node-us-east-1b-02,us-east-1,1b,shard-002,1339,45.66670416110223,43.045765653110564,40.95030469534906,286.295662114058,473.4242186551437,104.04037640448851,79.28041658904705,True,0,False,40,97.3037391629701,1,488,3259041,38.862665981335525
2024-01-05 14:45:00,node-us-east-1c-03,us-east-1,1c,shard-001,1533,49.675835839004364,53.99833151170267,65.02519461962555,278.5270950786921,544.388713633518,133.34591426919278,90.35714958188747,True,0,False,26,97.59057045560264,2,182,1373361,24.85459541040095
2024-01-05 14:45:00,node-us-west-2a-01,us-west-2,2a,shard-003,2344,68.112543186647,65.35488915339506,54.000025988555976,538.4060458328942,691.3605870355062,174.80031861650053,119.43359289026,True,0,True,0,97.06871928827563,2,130,3416924,39.34131380872203
2024-01-05 14:45:00,node-us-west-2b-02,us-west-2,2b,shard-004,1286,43.648838501020336,57.606317334286544,51.17486876479139,262.351502950751,362.07515972598793,87.44826950938909,70.60805150452701,True,0,False,19,96.54183809211504,1,199,2837858,72.82869501393965
2024-01-05 14:45:00,node-eu-west-1a-01,eu-west-1,1a,shard-002,1138,45.11414050531866,66.92609859545098,36.23991842039252,207.59134101566883,291.57223037675624,86.04002571562054,65.57175167851302,True,0,False,34,90.49424749487306,0,244,3618591,49.52010093837107
2024-01-05 15:00:00,node-us-east-1a-01,us-east-1,1a,shard-001,3176,73.69802783874603,77.30828604840227,54.907303546546984,509.50860866147065,783.1270586766955,247.99948408621103,153.78959741683914,True,0,True,0,97.65865913877573,4,367,4281371,35.8370783621131
2024-01-05 15:00:00,node-us-east-1b-02,us-east-1,1b,shard-002,1092,41.22827896920699,53.836378333937056,68.79789144888359,226.99489439373653,298.6484913342087,103.37259116379718,44.808417944479025,True,0,False,48,87.65319324374508,0,233,2272300,54.640685451628045
2024-01-05 15:00:00,node-us-east-1c-03,us-east-1,1c,shard-001,2082,59.92482178550884,51.19893660337162,30.870647148164313,425.3594838085708,507.93467685811925,153.90382491618632,94.3901589006755,True,0,False,35,94.45436649775148,2,345,4856135,36.58440365362999
2024-01-05 15:00:00,node-us-west-2a-01,us-west-2,2a,shard-003,1816,60.031784733601576,53.24901639296997,62.92018388006171,384.84666854098657,445.2550790422842,128.03352783223968,84.42094366673582,True,0,True,0,89.00549238218949,1,93,3541156,88.7397529816427
2024-01-05 15:00:00,node-us-west-2b-02,us-west-2,2b,shard-004,600,32.39058223813339,47.03630899449514,69.88468908464864,105.89987300804508,198.54744066429205,50.12938621500122,27.614032999731023,True,0,False,18,86.93530337279083,0,280,3673564,88.6487291308232
2024-01-05 15:00:00,node-eu-west-1a-01,eu-west-1,1a,shard-002,604,33.05166771360388,70.68846831359596,30.252193652632243,138.38196965162302,149.35991148059549,38.82637952902842,25.273897054645733,True,0,False,5,91.09511621951182,0,222,3095170,28.650771619072295
2024-01-05 15:15:00,node-us-east-1a-01,us-east-1,1a,shard-001,1376,44.44692192892912,42.7717374507696,57.67166807889094,301.49078778758627,352.89859136826453,110.34150741940837,75.81459751226357,True,0,True,0,96.72308145167052,1,267,3913057,62.21725702912519
2024-01-05 15:15:00,node-us-east-1b-02,us-east-1,1b,shard-002,1064,37.733109567047734,47.49645114324144,31.28357672623913,221.23672397697638,257.09217481835054,88.66247276365634,55.304926060992095,True,0,False,4,90.61967585649106,1,374,4795333,93.51130435555574
2024-01-05 15:15:00,node-us-east-1c-03,us-east-1,1c,shard-001,2158,57.77842819537276,50.73269933734384,35.27091594544953,478.250061706272,535.0561517748876,166.2047129144851,118.56255367635828,True,0,False,44,91.21983660054414,2,377,2443905,47.53915519711719
2024-01-05 15:15:00,node-us-west-2a-01,us-west-2,2a,shard-003,2294,58.89614707033284,50.35960464032909,46.27756018088098,433.28430681792275,800.8451955467506,213.55344366629888,112.44036571347111,True,0,True,0,94.70433334116957,2,427,3596390,91.87486916057118
2024-01-05 15:15:00,node-us-west-2b-02,us-west-2,2b,shard-004,1177,43.11924615984739,65.63509908012583,63.081178670501544,241.89915764693842,311.51113067983135,101.04706550598551,53.71636948862821,True,0,False,40,89.71786102710882,0,500,4246890,96.25487432763093
2024-01-05 15:15:00,node-eu-west-1a-01,eu-west-1,1a,shard-002,1507,52.379362164131514,66.61086947835375,30.20394295339136,267.640356914929,376.70925436125316,124.88833819971065,87.92989214283192,True,0,False,9,91.00499676475555,1,278,3013755,82.44621196816392
2024-01-05 15:30:00,node-us-east-1a-01,us-east-1,1a,shard-001,2916,84.20241334375626,59.685540081772636,31.460936725022055,488.42538854417876,1045.5211476316144,222.01514477913864,172.796590609727,True,0,True,0,95.41278943352162,1,126,2442454,77.51302798919667
2024-01-05 15:30:00,node-us-east-1b-02,us-east-1,1b,shard-002,2717,67.8032379919635,68.33459563227876,52.98541394844739,474.9592775235303,704.8486794333307,223.53018602765613,137.19155887719242,True,0,False,36,88.66713463276636,3,373,3175317,98.6162328458903
2024-01-05 15:30:00,node-us-east-1c-03,us-east-1,1c,shard-001,2307,62.93789050545528,53.90674826510441,50.54488227888706,498.4260832899112,785.1139872890037,218.90610918556266,115.6689878180282,True,0,False,17,90.25872493376335,2,55,1006343,98.89774471152349
2024-01-05 15:30:00,node-us-west-2a-01,us-west-2,2a,shard-003,2390,60.362699282880115,58.06266781293906,66.86791760704794,420.3032900812538,721.7316434822286,180.51957070046768,138.18650423648344,True,0,True,0,92.13298725836158,1,408,4627215,43.27028656739355
2024-01-05 15:30:00,node-us-west-2b-02,us-west-2,2b,shard-004,999,43.213144896759616,70.06882211239785,34.06213429101808,217.0102122469938,310.40438908640033,83.91106652943147,52.28833505796758,True,0,False,31,94.96012498510142,0,314,2809815,93.01466060414795
2024-01-05 15:30:00,node-eu-west-1a-01,eu-west-1,1a,shard-002,1808,60.57981847089315,47.48346250728231,31.551389027990574,297.7375720211361,530.4105031080786,152.82197413072052,83.15659772714308,True,0,False,26,88.39377919191351,2,317,4728398,29.51180269025923
2024-01-05 15:45:00,node-us-east-1a-01,us-east-1,1a,shard-001,1406,53.14488023394592,45.393678157352745,52.73482109576863,274.14239129897976,446.87093918591955,99.59034907503272,64.81384031805023,True,0,True,0,86.57733724747038,1,267,1324244,73.88770645249424
2024-01-05 15:45:00,node-us-east-1b-02,us-east-1,1b,shard-002,892,35.43606352416494,69.77269105564734,69.31834569235755,208.12564185914155,288.1981690069692,75.42265716383156,45.21206659946741,True,0,False,25,85.50464757524858,0,240,1272562,47.50586563488647
2024-01-05 15:45:00,node-us-east-1c-03,us-east-1,1c,shard-001,2784,69.17649698594857,42.10665257009963,46.66455320993491,488.4920855528851,751.1829986723068,200.7556576467589,128.25089584034927,True,0,False,43,86.87387956417965,2,236,4323389,47.185952844799324
2024-01-05 15:45:00,node-us-west-2a-01,us-west-2,2a,shard-003,1164,45.192064945591255,41.44768935888148,57.677992305908354,216.0220194837769,341.8461333840836,103.28338439223984,46.72052410239942,True,0,True,0,92.2310261984509,0,320,3908968,90.18242780354615
2024-01-05 15:45:00,node-us-west-2b-02,us-west-2,2b,shard-004,456,30.21066132773587,57.93639333168954,61.94182846165785,99.28632213423892,123.87914235733926,32.052981079268775,21.68403429731606,True,0,False,28,87.54541294794855,0,425,1492045,29.135886259017447
2024-01-05 15:45:00,node-eu-west-1a-01,eu-west-1,1a,shard-002,1003,36.122456814037335,41.74473229031831,67.61085207471216,210.3471287205776,311.73491268788183,70.58273667363999,51.75838661651599,True,0,False,31,85.59059475251894,1,311,4227600,85.1969877493016
2024-01-05 16:00:00,node-us-east-1a-01,us-east-1,1a,shard-001,1174,41.32500911156312,64.67929304261982,52.62322728272002,261.11674747359785,332.7172401727864,105.7822791357093,58.672426985907514,True,0,True,0,97.70907502453471,1,443,3495712,46.17127993821856
2024-01-05 16:00:00,node-us-east-1b-02,us-east-1,1b,shard-002,1039,40.37836794099006,62.01396464092656,55.90182972459354,237.55802682328965,310.78981823617545,84.6413882960173,53.5522831446092,True,0,False,30,89.3566113158308,1,248,3078736,69.40110032481692
2024-01-05 16:00:00,node-us-east-1c-03,us-east-1,1c,shard-001,1469,45.66379663747634,77.70805512624756,65.34892284047586,310.18220692946244,451.2944771783813,104.89475621254043,82.18162088979318,True,0,False,28,92.39241759659086,1,337,4490399,57.47769016775958
2024-01-05 16:00:00,node-us-west-2a-01,us-west-2,2a,shard-003,758,37.22187152718981,56.12360679947102,30.378245037378004,161.17484777871147,219.99891911602376,68.16903983429954,33.01789899555342,True,0,True,0,92.59950421669663,0,483,2837662,99.62475234411005
2024-01-05 16:00:00,node-us-west-2b-02,us-west-2,2b,shard-004,1845,62.71211860034042,51.58596444964712,66.4061562401552,368.67500932606623,443.54519228263723,175.00854105284608,88.74880103592484,True,0,False,39,94.53387269324193,2,358,1265396,22.023773178174466
2024-01-05 16:00:00,node-eu-west-1a-01,eu-west-1,1a,shard-002,1344,45.012359935162124,54.158332705770725,58.58632510586986,314.4937308275362,328.2550398894553,128.63023546596074,54.01964018176286,True,0,False,46,85.39174023701331,1,266,1451234,69.69876451236564
2024-01-05 16:15:00,node-us-east-1a-01,us-east-1,1a,shard-001,2639,82.75164423359435,67.81565230926321,44.754901230331996,587.1963772243437,669.5265147651426,182.6007381410643,136.65395607233702,True,0,True,0,85.52088093766623,1,356,2614154,40.50599895758811
2024-01-05 16:15:00,node-us-east-1b-02,us-east-1,1b,shard-002,711,36.702097177956425,79.06880760794931,40.174383454827044,170.08240178702198,229.4992860747014,60.36686384677706,35.677136278982815,True,0,False,42,90.84880956149345,0,340,4725128,29.513079033920153
2024-01-05 16:15:00,node-us-east-1c-03,us-east-1,1c,shard-001,1907,52.86443705280724,54.12283079865988,37.26911122902767,316.64379589957304,665.4828155156671,122.68444038754649,93.55596855549923,True,0,False,30,92.46671659558072,2,471,4202002,53.685707647845
2024-01-05 16:15:00,node-us-west-2a-01,us-west-2,2a,shard-003,1203,39.99591971493737,44.64721280612402,58.489205505809664,274.28609160521876,309.6378833793273,100.49112224590503,64.1043162996763,True,0,True,0,97.36093157770766,1,335,1122547,20.415866978814094
2024-01-05 16:15:00,node-us-west-2b-02,us-west-2,2b,shard-004,871,39.408711390658425,54.51559757313625,47.48910598409544,151.79932260898724,234.66358827196854,74.72835737382648,48.44442066930317,True,0,False,25,91.7463980591297,0,487,2211819,74.929337965531
2024-01-05 16:15:00,node-eu-west-1a-01,eu-west-1,1a,shard-002,1296,46.67807170915573,76.96693496005891,30.371015307312398,219.2948550950316,462.7420241027575,95.44092986300693,61.88007943676925,True,0,False,48,91.6471468716254,1,426,4051509,63.820776642028925
2024-01-05 16:30:00,node-us-east-1a-01,us-east-1,1a,shard-001,2569,73.64322985266293,56.87603402007829,52.75557866263988,503.3888191402656,854.6513548135341,238.98576119703887,116.74756872050602,True,0,True,0,97.5584087885304,1,310,1247147,24.034525110879557
2024-01-05 16:30:00,node-us-east-1b-02,us-east-1,1b,shard-002,1952,55.227522522553095,58.59148784297778,67.2000687314881,452.03843737609986,686.2586792529022,126.91311855791643,79.18843540672175,True,0,False,39,91.93563435784175,2,255,1222303,20.69611022627356
2024-01-05 16:30:00,node-us-east-1c-03,us-east-1,1c,shard-001,1428,52.96021709517472,71.43402225296266,40.91601764632304,290.15762993218067,404.69671021975336,108.5874054861359,73.53742172084273,True,0,False,13,85.91142189050008,1,87,4384199,66.24440779504985
2024-01-05 16:30:00,node-us-west-2a-01,us-west-2,2a,shard-003,1732,57.621367486059164,70.65006823272351,31.831480447319002,316.75256499516985,553.5815236991327,154.72953738769002,86.9354303569028,True,0,True,0,86.70079922683897,2,239,3125049,63.95188378683428
2024-01-05 16:30:00,node-us-west-2b-02,us-west-2,2b,shard-004,1525,52.660720191706275,55.726143067835565,40.49934172686446,298.7210027528132,458.55429433093474,116.37045910622064,90.62051901609263,True,0,False,16,93.68597450143115,2,134,3496344,97.6958971589146
2024-01-05 16:30:00,node-eu-west-1a-01,eu-west-1,1a,shard-002,943,40.891327431138976,44.72603073545831,30.38330743868624,210.0560110618619,332.74277367317455,60.35695939331601,40.58585341934813,True,0,False,37,94.40183354898218,1,294,3024498,69.39717899274564
2024-01-05 16:45:00,node-us-east-1a-01,us-east-1,1a,shard-001,2694,79.38392014578432,62.892750027403466,59.33448389659861,512.2068294512363,713.1582588120931,227.38159138971898,130.74836414872885,True,0,True,0,87.94981183731564,1,345,1711838,22.59133240436607
2024-01-05 16:45:00,node-us-east-1b-02,us-east-1,1b,shard-002,833,37.06968177372049,41.27702263966037,47.00053329511241,149.98695388326328,225.6890521342947,60.82803417818653,44.49195448934845,True,0,False,25,90.86696672486852,1,75,2113542,49.630508844762524
2024-01-05 16:45:00,node-us-east-1c-03,us-east-1,1c,shard-001,905,35.49031474612153,72.73147987557158,69.65214768176466,159.8273339895626,299.094281400758,82.61303633241371,52.49372659603143,True,0,False,7,92.0596505390025,0,386,2619454,74.48466519858158
2024-01-05 16:45:00,node-us-west-2a-01,us-west-2,2a,shard-003,2281,70.39356961559484,59.2010410256008,67.2487436741395,399.556232283773,748.8393086290466,159.43549269622002,124.9829041356017,True,0,True,0,92.60508852221942,1,106,3497146,58.110955809729205
2024-01-05 16:45:00,node-us-west-2b-02,us-west-2,2b,shard-004,1286,46.07933027929485,68.31496674993558,41.30620504658217,210.680876850515,440.77712337140855,89.06982044755507,64.6955906930126,True,0,False,21,87.6145542940219,1,119,1987484,39.35373113075454
2024-01-05 16:45:00,node-eu-west-1a-01,eu-west-1,1a,shard-002,1678,57.09774478542522,40.68677294887814,51.993481692623774,320.9181129411165,603.5598736389445,144.31862207483832,97.76204667877359,True,0,False,19,87.53118685955887,2,120,1518427,76.70064968310056
2024-01-05 17:00:00,node-us-east-1a-01,us-east-1,1a,shard-001,2685,70.90092285565846,75.89322554053096,67.78487369041072,490.8533867015858,852.9785335641333,240.50358593116277,124.26486231809776,True,0,True,0,89.65209158100551,1,173,3664443,37.350171071502785
2024-01-05 17:00:00,node-us-east-1b-02,us-east-1,1b,shard-002,2362,57.908405984865055,66.58066852357008,33.06744898997269,519.4123988166516,730.931704339111,164.4121135293619,138.3105571470257,True,0,False,34,96.17102249742938,2,86,3324394,83.62032771954273
2024-01-05 17:00:00,node-us-east-1c-03,us-east-1,1c,shard-001,868,35.269104248246215,44.313923224795964,64.0176021551065,186.3242687644304,273.1627829195484,56.87020924346953,44.64237680440402,True,0,False,35,92.43756802538886,1,493,1524350,40.46923476041768
2024-01-05 17:00:00,node-us-west-2a-01,us-west-2,2a,shard-003,1041,39.371644982836756,66.75241735775302,38.282685687704884,219.1132654564327,348.36536280261083,79.92078467923811,53.222254921287586,True,0,True,0,93.80310263918136,0,87,4190801,88.02298791301014
2024-01-05 17:00:00,node-us-west-2b-02,us-west-2,2b,shard-004,2203,56.15973608496445,49.59605265237943,60.51893281944996,516.6594338971374,608.2196680264996,178.56036313047912,131.64136377100567,True,0,False,33,85.07861411127851,1,180,3981381,63.31075264202207
2024-01-05 17:00:00,node-eu-west-1a-01,eu-west-1,1a,shard-002,1670,51.10437547653714,45.851548964651855,38.45361948534833,342.80812925438767,519.6648702163099,114.53153410846038,79.98409439376654,True,0,False,17,85.11866982825252,1,286,1254460,90.45605665469742
2024-01-05 17:15:00,node-us-east-1a-01,us-east-1,1a,shard-001,2037,58.87849982232029,58.46368602244313,31.64436052058923,377.26425441009246,586.575340429934,190.65777163092267,83.0705872942309,True,0,True,0,93.91720409666007,2,75,2034835,84.39719327574609
2024-01-05 17:15:00,node-us-east-1b-02,us-east-1,1b,shard-002,2537,69.92928553433308,50.131714678578945,36.54123642852975,518.9599582376117,765.4449041739293,210.49444276151,114.37614426412914,True,0,False,50,97.59697708086235,1,98,3755814,44.942393188426806
2024-01-05 17:15:00,node-us-east-1c-03,us-east-1,1c,shard-001,1433,52.70414630216502,72.2652922651116,68.38522075297173,278.4602140926353,500.7124973116121,113.26993783480977,61.504740274930235,True,0,False,46,85.15968001538936,0,122,3813294,59.35116874646133
2024-01-05 17:15:00,node-us-west-2a-01,us-west-2,2a,shard-003,738,33.39742966827539,69.06115178375158,57.70283465919945,158.88755310060534,233.76424887975924,55.68346983877202,34.84347753674869,True,0,True,0,86.99734705126028,0,315,2764490,44.34372359121418
2024-01-05 17:15:00,node-us-west-2b-02,us-west-2,2b,shard-004,803,35.788941290886264,65.81076169796282,57.886960718286616,144.53068278763283,231.7849118144039,70.8420317948013,34.281812426161196,True,0,False,2,88.20823084828059,0,421,3518820,79.23681790327036
2024-01-05 17:15:00,node-eu-west-1a-01,eu-west-1,1a,shard-002,2204,58.45479752161205,51.842187081785994,59.73448179487091,373.87295946318403,538.0906124643608,155.89113105904724,123.1966910204104,True,0,False,49,93.19568571154134,2,300,3900184,52.51522901756051
2024-01-05 17:30:00,node-us-east-1a-01,us-east-1,1a,shard-001,3355,92.21783640390294,40.76989709352728,67.9476607003663,727.2960267406904,1079.782110162182,272.5780987359675,137.48013206692897,True,0,True,0,96.64092206735685,3,447,3982884,78.62370625009173
2024-01-05 17:30:00,node-us-east-1b-02,us-east-1,1b,shard-002,2226,63.98117863512373,78.40580209899494,64.64961194838335,498.22843009619027,595.9571669120947,197.4661510195258,112.93818197704188,True,0,False,17,96.79610928620777,2,70,1050569,89.74734728348993
2024-01-05 17:30:00,node-us-east-1c-03,us-east-1,1c,shard-001,2494,74.8135999584236,60.806010991211885,56.694682425562966,572.4862262735702,815.7046952281721,232.63477928534147,142.27584635322577,True,0,False,32,86.60539110961162,3,384,4310906,43.187716147089745
2024-01-05 17:30:00,node-us-west-2a-01,us-west-2,2a,shard-003,1172,44.48901420248687,45.40556568164212,31.23895070663144,232.18371892469344,337.1447032122261,99.34934254470014,56.46483328429868,True,0,True,0,92.75984255997973,1,430,3099519,68.04353555140023
2024-01-05 17:30:00,node-us-west-2b-02,us-west-2,2b,shard-004,1170,43.77862844487297,54.27749554534171,42.051345562176124,267.04152562757207,322.6332210050769,91.12823279918187,54.826348938207914,True,0,False,45,92.81653808731129,0,147,2853070,43.15163716568854
2024-01-05 17:30:00,node-eu-west-1a-01,eu-west-1,1a,shard-002,2005,56.6182505143062,74.62412398612716,49.92820108002617,409.32284223160696,703.4271035525124,171.23163483834423,115.48281107307182,True,0,False,37,89.90297301144187,2,216,3430347,79.14516399203671
2024-01-05 17:45:00,node-us-east-1a-01,us-east-1,1a,shard-001,2148,69.77020751896818,46.041063826586296,50.51611279207348,458.0285377627718,568.0494615165123,154.75648273444466,88.72580716538494,True,0,True,0,86.05498527075258,1,232,1396230,66.92900062374187
2024-01-05 17:45:00,node-us-east-1b-02,us-east-1,1b,shard-002,2570,61.88656356389877,58.450672873619325,69.9127322663023,461.7773382699113,807.1665991543498,226.34285347694737,132.60002230547352,True,0,False,13,90.55742612098615,3,213,2054505,28.029714510133505
2024-01-05 17:45:00,node-us-east-1c-03,us-east-1,1c,shard-001,2784,81.3761953695704,59.62146087431627,41.15079059918172,554.2970467903906,912.9506245821009,184.25430386095658,152.66090163815554,True,0,False,1,94.80900126247998,1,499,4948104,85.88146115607518
2024-01-05 17:45:00,node-us-west-2a-01,us-west-2,2a,shard-003,960,35.996785788932776,60.00627711285565,56.10307034526582,228.14254738448642,296.5124529481134,78.29380402049729,44.9662503844303,True,0,True,0,96.37459115669206,0,195,3802483,41.535361790000394
2024-01-05 17:45:00,node-us-west-2b-02,us-west-2,2b,shard-004,871,35.72482078908355,74.90072890959081,56.1842613033392,186.2863477984884,311.5019441638889,59.726606697052304,51.3429571123342,True,0,False,3,91.63893668498264,0,167,3559406,51.17095642972841
2024-01-05 17:45:00,node-eu-west-1a-01,eu-west-1,1a,shard-002,2242,66.11371749287498,61.316459830930725,37.025011645663206,444.5023748868886,740.8073412942028,208.78647142279513,90.29519330313619,True,0,False,16,92.39769765542314,2,250,1421003,70.79461419593656
2024-01-05 18:00:00,node-us-east-1a-01,us-east-1,1a,shard-001,1738,57.9644890850269,74.77380555553698,62.08839416563737,341.6145224253054,464.67302182086286,148.91677074856833,98.50856648200183,True,0,True,0,88.0928196641448,1,427,3316295,52.194963495573596
2024-01-05 18:00:00,node-us-east-1b-02,us-east-1,1b,shard-002,1349,46.820101171306206,74.87981044430943,55.42574866322885,269.59213022417134,407.54058816299016,90.72130881777815,75.0395515741453,True,0,False,34,88.00215777550414,1,396,2755682,41.76148672680615
2024-01-05 18:00:00,node-us-east-1c-03,us-east-1,1c,shard-001,2472,63.19230583011478,43.51079148440842,62.40943785982556,589.4067591187625,827.8587574600456,183.7185029125915,121.63088801821272,True,0,False,24,89.58848840592005,3,487,2955289,73.3267103049277
2024-01-05 18:00:00,node-us-west-2a-01,us-west-2,2a,shard-003,1273,47.93017681749167,46.59320338766891,40.814096268963944,281.2296330051698,324.47273827073644,119.36494696766954,72.46724799173874,True,0,True,0,91.2358726042732,1,313,1936979,44.507257937506104
2024-01-05 18:00:00,node-us-west-2b-02,us-west-2,2b,shard-004,1032,44.553413063927735,70.1537038246299,61.9927727864321,201.89054082904426,252.15860119021625,92.07037571751945,53.22387978661899,True,0,False,42,97.38256821130079,0,83,1142420,52.07566701661576
2024-01-05 18:00:00,node-eu-west-1a-01,eu-west-1,1a,shard-002,1802,55.58518151437353,48.08598109560512,40.50249052183774,328.4125298890329,541.1052260896711,132.9717880531852,74.52993255497032,True,0,False,14,92.30233466164496,1,118,4606064,86.15756178413109
2024-01-05 18:15:00,node-us-east-1a-01,us-east-1,1a,shard-001,2146,63.39835713988794,44.95523686402261,64.04291564076723,441.8652457967756,694.4957476754985,147.2273316610872,109.16210035679102,True,0,True,0,86.338864939316,2,422,2537642,51.09658954823146
2024-01-05 18:15:00,node-us-east-1b-02,us-east-1,1b,shard-002,2125,56.730661965279,43.997903040349655,61.78993532814591,340.7797778572818,688.3247001145168,141.50875086934516,119.3289882973666,True,0,False,1,90.23634574180741,2,277,2224791,66.41889779029573
2024-01-05 18:15:00,node-us-east-1c-03,us-east-1,1c,shard-001,1060,41.82673880988931,69.63291766148535,47.94565263080246,184.677480733828,267.71030591801673,96.1382280968461,43.77954770815383,True,0,False,37,95.17755243481992,1,500,2008228,39.06767211967741
2024-01-05 18:15:00,node-us-west-2a-01,us-west-2,2a,shard-003,802,36.83569671022378,44.41779031337185,35.55640321337508,164.0733621450009,248.51427988136976,75.33135794215653,36.16979728681758,True,0,True,0,95.58642751601147,1,132,4954851,28.672618103628693
2024-01-05 18:15:00,node-us-west-2b-02,us-west-2,2b,shard-004,1058,38.84384582840037,65.09465143145532,48.818942519475385,205.79630751798265,327.7041631316918,84.28260310549781,62.503247366159,True,0,False,32,94.038185667498,1,184,1172758,92.37683987759935
2024-01-05 18:15:00,node-eu-west-1a-01,eu-west-1,1a,shard-002,2370,65.8131847092936,68.71117392746048,60.4164378977714,507.26364812917785,796.1327722726032,154.2974171156022,123.29304514593761,True,0,False,26,91.06341301900464,2,409,4956629,74.78972319479703
2024-01-05 18:30:00,node-us-east-1a-01,us-east-1,1a,shard-001,943,36.462479663213486,42.14947267070385,58.14782115286968,196.65342382754017,229.6411073090624,72.94746931718798,51.448111143204976,True,0,True,0,96.34505889148247,0,167,4421788,89.19550203439202
2024-01-05 18:30:00,node-us-east-1b-02,us-east-1,1b,shard-002,1356,50.01714502083975,79.62162222237228,56.359557094893525,254.8364040681553,429.3052954570299,87.34102826927496,76.45852193373612,True,0,False,38,93.5943202313736,1,204,2867395,29.118763151393836
2024-01-05 18:30:00,node-us-east-1c-03,us-east-1,1c,shard-001,2088,61.82376346260461,53.13323067658551,64.99135889879524,461.94771650961064,642.6698183903261,146.41889444681962,113.41877356350815,True,0,False,12,94.59087778274855,1,137,3602225,63.61220174391369
2024-01-05 18:30:00,node-us-west-2a-01,us-west-2,2a,shard-003,963,41.70606361020428,79.63923198399587,34.65591703827208,189.62408743697085,271.0792806127349,89.93795131103111,55.8356870783795,True,0,True,0,87.69403472764982,0,175,1602064,32.20096627015286
2024-01-05 18:30:00,node-us-west-2b-02,us-west-2,2b,shard-004,1349,48.81810781809513,60.05967751592645,38.073598598730285,289.2861120100077,426.35150464957576,90.4880790911501,76.88238214504555,True,0,False,20,85.53209822078537,1,226,2221365,30.95202433763476
2024-01-05 18:30:00,node-eu-west-1a-01,eu-west-1,1a,shard-002,1590,46.76094307049172,66.60119693979244,52.09029460744548,352.4106778709108,487.7969726835231,133.27756724083244,94.43702156504185,True,0,False,13,97.47589822908726,0,430,2453538,57.13063563851317
2024-01-05 18:45:00,node-us-east-1a-01,us-east-1,1a,shard-001,1025,38.3151282070869,46.4405870579807,47.12947995281123,195.87685281419758,278.90514411026254,98.10404793376752,59.19058576969349,True,0,True,0,92.84833277250003,0,118,3205274,97.65435547408802
2024-01-05 18:45:00,node-us-east-1b-02,us-east-1,1b,shard-002,2037,57.05849328010519,71.14030221401755,40.960399526406675,370.75466285887774,715.5396323561806,177.24175078395697,112.0501750540713,True,0,False,45,95.02856810805288,2,275,2363402,96.28371171499231
2024-01-05 18:45:00,node-us-east-1c-03,us-east-1,1c,shard-001,1083,44.816826569742666,72.95115833223886,64.29201332303913,238.53834068763393,269.4819050507299,103.69347982509167,49.17794959321613,True,0,False,47,96.56116934778201,1,414,3292951,43.88395843819836
2024-01-05 18:45:00,node-us-west-2a-01,us-west-2,2a,shard-003,2235,64.4580137837755,71.53405898108923,47.366794960023014,382.4472316562835,728.5371477014394,155.75486861876246,114.78076941684307,True,0,True,0,97.33701671570238,1,205,2620403,64.95694907288461
2024-01-05 18:45:00,node-us-west-2b-02,us-west-2,2b,shard-004,1521,48.05125841812442,46.9190197448014,39.92495814744575,281.71452801323613,407.1878398386396,102.62117972002883,77.26945302875842,True,0,False,28,89.69626598268187,1,296,3169931,70.02973443367006
2024-01-05 18:45:00,node-eu-west-1a-01,eu-west-1,1a,shard-002,2200,61.652649781834086,68.05850049735753,43.62059195125944,460.3421865365992,530.4071033324516,152.92120080350716,119.35305018356874,True,0,False,26,88.94619408433184,2,475,1817986,77.00499305427115
2024-01-05 19:00:00,node-us-east-1a-01,us-east-1,1a,shard-001,408,29.210885053610273,42.01662802666212,66.14431144965279,93.27822908871434,105.16728424176158,32.418563163338206,18.00306809056828,True,0,True,0,85.48298026101246,0,327,3808956,33.002759656021965
2024-01-05 19:00:00,node-us-east-1b-02,us-east-1,1b,shard-002,522,29.683077106509714,45.24021732056176,53.37753920388759,102.8608783460388,164.9860743496012,43.45119681587352,23.297950726424936,True,0,False,34,93.3996199743503,0,380,3728260,56.64111949530354
2024-01-05 19:00:00,node-us-east-1c-03,us-east-1,1c,shard-001,403,27.253570771845407,53.231336243846826,52.63716378026551,95.22342147969711,105.28642112498261,34.368127861555664,17.72028606095855,True,0,False,43,93.29342280069143,0,445,2076184,84.53382562146962
2024-01-05 19:00:00,node-us-west-2a-01,us-west-2,2a,shard-003,244,25.163546447137577,52.47166886860955,53.739514376900715,55.74712903014519,81.59086396701669,22.14187058824263,11.302989511071694,True,0,True,0,86.42967686736138,0,178,4462444,40.878829353811554
2024-01-05 19:00:00,node-us-west-2b-02,us-west-2,2b,shard-004,256,24.874429090695116,59.31662612318227,49.81204314925249,48.09369899917389,87.9366193391826,22.381298575163328,14.280034427019878,True,0,False,10,87.4059497958036,0,280,1733930,40.445482499085095
2024-01-05 19:00:00,node-eu-west-1a-01,eu-west-1,1a,shard-002,360,25.97279067244162,68.80618660969071,45.63796264708938,75.84663298192265,128.42526004124616,30.164127857846815,16.921947253066687,True,0,False,45,93.2626262274315,0,79,4619482,40.14252624794332
2024-01-05 19:15:00,node-us-east-1a-01,us-east-1,1a,shard-001,355,27.5574017518198,43.148343352793674,40.120683004123094,62.05392864303898,113.05448141022481,33.89180827995837,17.238229229428047,True,0,True,0,89.18470798165508,0,460,4986865,74.26709474146888
2024-01-05 19:15:00,node-us-east-1b-02,us-east-1,1b,shard-002,662,35.08064557378228,55.41953002095051,41.665948366677576,130.60331235346806,218.62211735516806,50.44417204638044,26.79508729202123,True,0,False,50,95.40743382426433,0,428,1145326,69.77530688682359
2024-01-05 19:15:00,node-us-east-1c-03,us-east-1,1c,shard-001,334,26.593012830943227,55.321711811911214,53.873319740850825,54.866615171406465,91.48751202347165,29.68038308857427,13.847979948937953,True,0,False,7,95.8486321462002,0,317,1399392,59.959390173725275
2024-01-05 19:15:00,node-us-west-2a-01,us-west-2,2a,shard-003,255,24.080337645614684,65.6432728883687,33.448310787120306,49.06983699585823,90.78640107870213,18.334147778361487,11.606676974647945,True,0,True,0,93.16874243663837,0,496,4902847,87.22202605055764
2024-01-05 19:15:00,node-us-west-2b-02,us-west-2,2b,shard-004,428,29.66911046582721,64.90412100046876,67.92008233816907,85.3092257676316,137.77696686120015,36.22173138258777,18.851629764445256,True,0,False,8,97.88029003188774,0,111,3720205,80.42044991844102
2024-01-05 19:15:00,node-eu-west-1a-01,eu-west-1,1a,shard-002,203,24.62811021775982,79.26073827521742,56.9557438695979,48.055675571697925,69.70688492175664,19.44195006898261,10.08519139853397,True,0,False,29,86.54946709580315,0,142,2379918,76.34488318541514
2024-01-05 19:30:00,node-us-east-1a-01,us-east-1,1a,shard-001,548,29.521888299662287,64.4820577735889,61.96986074646375,101.35160829229024,190.9338032093368,37.10773802807329,29.836796486857423,True,0,True,0,91.33969526755895,0,63,4620337,56.834251151006825
2024-01-05 19:30:00,node-us-east-1b-02,us-east-1,1b,shard-002,393,28.251444809233604,76.57971924388595,60.759547752128654,86.7515247207706,138.63969494167543,30.399972582284114,21.119198305066487,True,0,False,13,89.01713979040022,0,188,2973251,53.56292673873157
2024-01-05 19:30:00,node-us-east-1c-03,us-east-1,1c,shard-001,435,28.306850855223836,47.49810926004246,48.836187966043795,101.26432617536068,110.94702304349993,31.330041072505843,24.09695768199353,True,0,False,26,87.49469209623994,0,190,1140737,90.83072514848082
2024-01-05 19:30:00,node-us-west-2a-01,us-west-2,2a,shard-003,619,30.474843811662808,52.28554467669425,52.17903309223735,122.16878902268553,154.74864044029957,46.542696465449,32.19049606799155,True,0,True,0,89.7990876547806,0,459,4544666,72.91220206066103
2024-01-05 19:30:00,node-us-west-2b-02,us-west-2,2b,shard-004,391,28.849757311644247,49.287404326939175,42.09342271872018,86.57627151124528,118.79840436195587,33.292704501529315,22.814736406018614,True,0,False,50,97.90507409159429,0,361,3245625,29.485073703302138
2024-01-05 19:30:00,node-eu-west-1a-01,eu-west-1,1a,shard-002,559,29.841623048998933,42.15154755577085,46.730945888688005,111.35508044331576,172.7803184141509,46.70185405918906,28.40227480822081,True,0,False,35,93.01534795581637,0,496,1246788,40.29901441239927
2024-01-05 19:45:00,node-us-east-1a-01,us-east-1,1a,shard-001,258,24.514874166304978,46.64782883284432,43.47354744707425,53.13173488070185,81.16032901611896,21.126885195969326,13.497628176224728,True,0,True,0,94.99541301123665,0,150,2865390,63.65967393331228
2024-01-05 19:45:00,node-us-east-1b-02,us-east-1,1b,shard-002,158,23.021559569758146,73.36584855617001,34.178712486641174,31.482887626802963,47.41085499489748,14.372675706095372,9.211070178695442,True,0,False,21,88.76636773340164,0,173,2439570,87.44682361882458
2024-01-05 19:45:00,node-us-east-1c-03,us-east-1,1c,shard-001,367,26.491714389558965,49.399735841143595,53.23937281728078,86.45391398118099,112.12541356283226,33.04582618500099,17.213629263102487,True,0,False,18,96.45300510671218,0,101,1147141,94.22318034236751
2024-01-05 19:45:00,node-us-west-2a-01,us-west-2,2a,shard-003,246,25.883336855715317,68.03002020736132,53.57131590205984,44.728336781883236,63.274258627649225,18.312990229997165,10.731378820458877,True,0,True,0,89.30267724124354,0,472,3772346,88.45565719246329
2024-01-05 19:45:00,node-us-west-2b-02,us-west-2,2b,shard-004,191,23.128150412663413,63.40568163602483,68.83465451862742,35.04595282800307,56.01519958234641,14.714663921212999,8.546080567128154,True,0,False,1,85.6508911601183,0,67,2118321,93.77402890898344
2024-01-05 19:45:00,node-eu-west-1a-01,eu-west-1,1a,shard-002,500,31.56813065652644,62.06615504697844,59.76942994462068,107.713006071562,157.97947973655414,35.06033653161095,25.802227485156187,True,0,False,6,85.85458788788858,0,416,2652859,94.94145641731512
2024-01-05 20:00:00,node-us-east-1a-01,us-east-1,1a,shard-001,358,26.859908311742146,46.686126093104676,45.56162133303684,83.87283410381517,110.72554411838884,26.26238639802686,17.899956586956304,True,0,True,0,85.75357508388434,0,434,3631992,20.93746905971768
2024-01-05 20:00:00,node-us-east-1b-02,us-east-1,1b,shard-002,336,25.902529202662016,79.00519831823277,39.59709908695365,57.069782521045184,101.25781376350055,30.78503407534823,16.214356298514677,True,0,False,8,88.0851372292032,0,85,1437850,47.79291371215197
2024-01-05 20:00:00,node-us-east-1c-03,us-east-1,1c,shard-001,728,34.474556947075605,49.32583054990779,36.68922405141039,144.04135440043478,246.1586765633403,57.45637243037765,39.8320090787115,True,0,False,50,96.76980058218896,0,475,2396625,61.66847493873608
2024-01-05 20:00:00,node-us-west-2a-01,us-west-2,2a,shard-003,469,30.73702337328627,43.41954622184649,66.87802796221514,88.82279869942803,154.21546137649887,30.237561834661474,28.083817301557445,True,0,True,0,93.20013550136083,0,154,1430585,59.34896428531195
2024-01-05 20:00:00,node-us-west-2b-02,us-west-2,2b,shard-004,216,24.789490170147403,57.82537777493033,48.342775163804916,46.409908874569275,72.3107750419012,15.671716192258321,9.487791698282038,True,0,False,27,89.02071174514664,0,453,2341585,72.05436491390998
2024-01-05 20:00:00,node-eu-west-1a-01,eu-west-1,1a,shard-002,280,25.173720126108996,78.83190487884964,32.61037464450751,58.389328533522786,69.39718330341513,24.896709688106636,12.90937773870687,True,0,False,44,90.30140979365773,0,69,1035227,58.97424160769974
2024-01-05 20:15:00,node-us-east-1a-01,us-east-1,1a,shard-001,661,31.08831503714007,67.3138958509279,47.15508722568154,127.372512089965,236.0558236961224,49.51321232732053,31.76296879876971,True,0,True,0,94.28492344382937,0,106,2515965,34.54210834908185
2024-01-05 20:15:00,node-us-east-1b-02,us-east-1,1b,shard-002,342,25.79701761029642,63.78024262959383,59.44839937289785,65.15341747697104,119.55497338705415,27.9877283361716,19.639312704450223,True,0,False,16,95.39279850862381,0,191,1792661,58.640550694681515
2024-01-05 20:15:00,node-us-east-1c-03,us-east-1,1c,shard-001,509,31.9681003342303,52.114414821014776,56.346088323381174,100.4115756214386,153.98967407540917,44.050556493605185,25.819413925153427,True,0,False,15,95.93125486929642,0,474,2265460,36.15880607719541
2024-01-05 20:15:00,node-us-west-2a-01,us-west-2,2a,shard-003,513,31.14197136007734,42.41380654208822,66.23268297466248,112.06854253692526,177.87745332507745,36.3467605072465,24.55402547334277,True,0,True,0,88.35065013630638,0,227,4233862,31.096257270153515
2024-01-05 20:15:00,node-us-west-2b-02,us-west-2,2b,shard-004,145,22.539857222440194,53.87667487112208,62.94145386375055,32.19867072926098,48.01925264715754,12.696081878113116,6.273270660232786,False,69,False,48,87.29572999852624,0,227,1640161,99.34391591240494
2024-01-05 20:15:00,node-eu-west-1a-01,eu-west-1,1a,shard-002,140,23.045689431500517,56.09218271702113,34.110075065068,25.577786994168914,34.799520779716225,9.373890697056504,8.159063938363476,True,0,False,33,85.12836875337415,0,418,3976339,97.54325351045047
2024-01-05 20:30:00,node-us-east-1a-01,us-east-1,1a,shard-001,459,28.15042478520761,47.377981757275705,51.70427761071916,99.51425478274392,113.20749032178531,32.13239093821295,26.360202774669396,True,0,True,0,89.81959057726402,0,479,4419084,60.280438599354966
2024-01-05 20:30:00,node-us-east-1b-02,us-east-1,1b,shard-002,284,26.327561995244622,58.903872793053374,46.830981714025626,59.15291754852393,89.76201213221526,21.524313489428334,16.271866919526786,True,0,False,9,95.69040518863629,0,251,4473012,90.18134245107979
2024-01-05 20:30:00,node-us-east-1c-03,us-east-1,1c,shard-001,153,23.377767433232325,74.41075937095445,34.785671504841574,25.895226587576786,40.79068841464072,13.197823415392358,8.815909270852801,True,0,False,8,85.10600576408464,0,140,4833086,58.67026539976745
2024-01-05 20:30:00,node-us-west-2a-01,us-west-2,2a,shard-003,473,29.57814319347048,57.61675538815204,60.375785499051624,104.99700192397921,149.95111374083532,36.98119165430972,27.37865167111831,True,0,True,0,92.08685472667229,0,377,3384173,65.44600613858991
2024-01-05 20:30:00,node-us-west-2b-02,us-west-2,2b,shard-004,200,23.375846667279415,55.23999079913012,34.13247903328903,45.24927858405224,52.082926496793625,17.289838375655293,9.006383435374847,True,0,False,48,90.46696767088503,0,144,3399284,61.95259171710145
2024-01-05 20:30:00,node-eu-west-1a-01,eu-west-1,1a,shard-002,350,28.312492345702406,57.60620642964375,53.926345260908306,78.214108869849,92.65976754913828,31.063172684350807,20.058258154049707,True,0,False,38,95.78807960147448,0,333,2536577,40.12737645855668
2024-01-05 20:45:00,node-us-east-1a-01,us-east-1,1a,shard-001,201,24.11003232602332,42.27817810476742,35.75283373207964,33.15971503619729,55.23986520901396,19.136385257625633,8.888513897210126,True,0,True,0,97.12069001484691,0,88,1853364,69.5201849046655
2024-01-05 20:45:00,node-us-east-1b-02,us-east-1,1b,shard-002,506,28.139422769758422,48.94861638507305,44.071783079269494,110.05757049987407,163.07707704225177,47.789859118385515,27.49360671637882,True,0,False,30,88.17418965114328,0,281,2684211,72.43535038860045
2024-01-05 20:45:00,node-us-east-1c-03,us-east-1,1c,shard-001,286,26.10850564695137,66.194924372667,69.45707973494424,52.80671906605788,93.90444510906065,20.31012585249357,13.850011711793407,True,0,False,44,85.29763170402657,0,455,1337382,38.4392753535443
2024-01-05 20:45:00,node-us-west-2a-01,us-west-2,2a,shard-003,211,23.828690845146614,76.49704491444109,38.89847307557964,48.77746261491716,58.50378299424747,15.505565366200496,9.116972876647102,True,0,True,0,96.91389130321583,0,420,1848785,47.721123355342016
2024-01-05 20:45:00,node-us-west-2b-02,us-west-2,2b,shard-004,164,23.661495277713584,40.7273641018431,53.45063793653321,35.62405698958393,54.540224723055964,11.305160243004364,8.677062993529688,True,0,False,6,86.33157057665166,0,285,1209239,65.69736882894105
2024-01-05 20:45:00,node-eu-west-1a-01,eu-west-1,1a,shard-002,236,24.316804413968235,73.21269001283189,63.5635001832039,53.15876633417569,76.45054137533627,16.446785127030285,12.175250742188686,True,0,False,13,95.84936583961765,0,379,4552461,63.54695004246118
2024-01-05 21:00:00,node-us-east-1a-01,us-east-1,1a,shard-001,424,27.703833382032396,45.15670866170772,33.095777028583186,99.51215336521268,112.48292367014083,32.36491264034545,18.344773849994805,True,0,True,0,93.43752256891665,0,350,1428600,75.28466975159247
2024-01-05 21:00:00,node-us-east-1b-02,us-east-1,1b,shard-002,275,24.614524550626744,47.6899811729941,41.52198886685762,60.1467946917486,89.5907273568859,19.454391563765366,14.898905301224346,True,0,False,36,90.5705492769087,0,300,4927303,41.73135532437396
2024-01-05 21:00:00,node-us-east-1c-03,us-east-1,1c,shard-001,372,27.32957708518542,70.34542723942093,64.55663192541715,85.92372194513715,101.75411160177526,32.30244481018225,20.529403818447392,True,0,False,23,96.62858824542188,0,438,2539439,61.68213041876015
2024-01-05 21:00:00,node-us-west-2a-01,us-west-2,2a,shard-003,327,27.24000503898263,72.84927972922256,62.62162328294341,58.995460632761976,95.61879599583054,27.12565850279545,15.692665341688437,True,0,True,0,87.29657694537862,0,157,2994185,42.81465440025998
2024-01-05 21:00:00,node-us-west-2b-02,us-west-2,2b,shard-004,415,27.49869742298857,50.77066557145971,43.15068924172145,75.59106804042283,122.34666877602929,28.285041388269114,18.215409657544214,True,0,False,48,86.70709978543657,0,85,4405879,85.08858991818964
2024-01-05 21:00:00,node-eu-west-1a-01,eu-west-1,1a,shard-002,539,32.76087573434792,71.92025235561204,50.92377536672198,124.04987168896355,179.68942423540844,42.36495329062969,25.19235752167254,True,0,False,13,91.7114938934149,0,247,2593848,42.13724390121048
2024-01-05 21:15:00,node-us-east-1a-01,us-east-1,1a,shard-001,370,28.861510297508048,53.489880089239385,46.37288784590191,60.1381007225559,97.93854373012323,33.821285828467786,21.538167589902066,True,0,True,0,85.50789432626075,0,395,4894553,45.751179468972715
2024-01-05 21:15:00,node-us-east-1b-02,us-east-1,1b,shard-002,605,33.201205391361285,54.65057307375637,36.414314000754565,131.801958982669,208.48588759879252,49.1597611050521,24.885014534666723,True,0,False,12,90.90189094829233,0,432,1388965,27.04786694559008
2024-01-05 21:15:00,node-us-east-1c-03,us-east-1,1c,shard-001,559,32.061933584606635,50.36425395879771,55.5469066154684,131.49699276628974,170.54957732204073,43.98544360593079,32.43029875434847,True,0,False,41,86.84030253627823,0,152,3115145,72.91899815812806
2024-01-05 21:15:00,node-us-west-2a-01,us-west-2,2a,shard-003,288,25.395339170248644,76.11990748155633,52.65805872537654,65.9085924908967,90.21205688304366,20.4490726897946,14.06780130833339,True,0,True,0,91.44200164170145,0,462,1038106,42.458866603379654
2024-01-05 21:15:00,node-us-west-2b-02,us-west-2,2b,shard-004,296,25.39974582789238,52.20847172234912,67.21193727292163,62.673658762051296,84.58230023607744,19.768840271145184,16.170705586936954,True,0,False,18,92.57395676552309,0,176,4850189,31.1866116525945
2024-01-05 21:15:00,node-eu-west-1a-01,eu-west-1,1a,shard-002,257,24.94073494026519,52.045296226261144,52.706992290245196,54.747060369692,62.8303503825913,22.244040616401996,11.528530068807909,True,0,False,16,86.90850905258071,0,60,2635769,52.129071163649954
2024-01-05 21:30:00,node-us-east-1a-01,us-east-1,1a,shard-001,288,26.831705875768677,61.41421811907658,63.48470735091599,49.25396944471051,96.79687183995314,24.68366499407431,14.549077903031971,True,0,True,0,87.71409458983983,0,78,4052877,36.67040543455508
2024-01-05 21:30:00,node-us-east-1b-02,us-east-1,1b,shard-002,414,28.95863691102343,52.9330154406675,43.45229284290789,95.47185820312653,112.01513714909821,37.07215451927168,18.30707111228719,True,0,False,17,86.41483921410983,0,70,4634181,99.8808027570466
2024-01-05 21:30:00,node-us-east-1c-03,us-east-1,1c,shard-001,259,24.630484783170203,79.09627363099662,57.1054834384511,50.726334361366895,74.35828059002884,21.249272200410935,15.404589456063928,True,0,False,14,90.90629829779967,0,491,2526176,52.522124035455704
2024-01-05 21:30:00,node-us-west-2a-01,us-west-2,2a,shard-003,478,30.536284543292506,40.55503198797592,35.050278388955576,106.22393473090082,143.27702776154953,35.39175737894375,27.185214426086016,True,0,True,0,87.5798869542286,0,54,2068562,49.195851546070344
2024-01-05 21:30:00,node-us-west-2b-02,us-west-2,2b,shard-004,306,25.134540290074003,78.08412772244212,64.54624544730449,54.84664922617621,106.76077166453756,26.09251881024531,14.48284681077044,True,0,False,20,94.42656187993242,0,153,3626689,55.211107925066536
2024-01-05 21:30:00,node-eu-west-1a-01,eu-west-1,1a,shard-002,441,28.701897718876282,69.40322804951438,62.00998208804401,93.17942330651643,124.74889489838824,41.25539746694998,17.682629201344195,True,0,False,29,88.62158588071645,0,170,3764083,73.1891229243775
2024-01-05 21:45:00,node-us-east-1a-01,us-east-1,1a,shard-001,412,28.39957849846278,62.13290278584924,49.23302465060196,87.08929358295337,132.0537781994858,31.525225620043216,18.758647392524054,True,0,True,0,90.06481485568733,0,412,2465276,21.265725623564002
2024-01-05 21:45:00,node-us-east-1b-02,us-east-1,1b,shard-002,574,30.388152428487963,51.003933606222915,33.57440185439462,134.76500803836322,165.45111744871883,38.021393427605915,23.823077286466294,True,0,False,46,88.40037929360332,0,354,1577153,98.5063586386268
2024-01-05 21:45:00,node-us-east-1c-03,us-east-1,1c,shard-001,378,26.83711422929404,50.88106088077837,48.80609276420312,80.07934031696854,95.83608072925301,31.129508516927874,20.05728254291005,True,0,False,40,90.5529310476883,0,163,1588976,40.74157893191223
2024-01-05 21:45:00,node-us-west-2a-01,us-west-2,2a,shard-003,498,28.277679052281663,72.52674472183575,34.05339349145534,103.31984522209042,135.05685466146036,37.18858772731496,28.490949033014108,True,0,True,0,97.94482908499742,0,262,3153176,69.09823634000968
2024-01-05 21:45:00,node-us-west-2b-02,us-west-2,2b,shard-004,218,24.336245887973423,69.21689096605762,31.68739969622122,49.05201598869414,75.83083629972117,17.718940927167587,12.164412975650098,True,0,False,22,89.51455639495775,0,455,2296531,23.03505048525843
2024-01-05 21:45:00,node-eu-west-1a-01,eu-west-1,1a,shard-002,385,27.915191081954074,75.9327542803257,58.432447280717035,73.1633300865022,117.17108568391609,25.22876861220605,20.729987987379747,True,0,False,9,88.8802349637981,0,230,4352269,46.02585724938909
2024-01-05 22:00:00,node-us-east-1a-01,us-east-1,1a,shard-001,642,32.79009350604462,67.6846875496658,31.558752634564392,116.61872974631012,171.25616004561502,49.83444177230215,34.175185190160036,True,0,True,0,87.35575189764337,0,178,3931434,32.372559066341886
2024-01-05 22:00:00,node-us-east-1b-02,us-east-1,1b,shard-002,161,23.247993227014078,66.77257042054686,47.42190649739618,29.165182777034076,44.23448622948722,12.979640665293939,7.0583745465047105,True,0,False,20,89.63899351204346,0,462,1251718,46.575118059497164
2024-01-05 22:00:00,node-us-east-1c-03,us-east-1,1c,shard-001,689,35.237027220955845,43.33832942676802,47.34149407687511,158.38000280606568,242.25586567754394,45.218559736581085,37.20863759238484,True,0,False,11,88.97169527174287,0,403,3820026,94.29912763896334
2024-01-05 22:00:00,node-us-west-2a-01,us-west-2,2a,shard-003,528,30.858135193071035,69.68562640009823,37.92764203909731,125.79877930698417,182.73660070877273,47.95306059454089,25.78311778251284,True,0,True,0,91.41476345366407,0,364,3647817,44.43075558419454
2024-01-05 22:00:00,node-us-west-2b-02,us-west-2,2b,shard-004,108,22.565630228890363,78.9015383475408,53.768736720186624,21.343519085842807,26.647657124246297,9.51138754888854,5.872069135428463,True,0,False,12,93.05684421819755,0,444,3159051,83.31087012585279
2024-01-05 22:00:00,node-eu-west-1a-01,eu-west-1,1a,shard-002,386,26.676229202109003,62.174773601360165,55.318988142366756,72.90564280649988,113.15628115970588,27.983257021804764,18.83865199106051,True,0,False,50,93.9053134918253,0,304,3755041,42.10941349131317
2024-01-05 22:15:00,node-us-east-1a-01,us-east-1,1a,shard-001,228,24.148388699933857,51.85649643918833,67.43553053538989,52.29385027198412,62.273242628295094,21.771336616774562,11.991711382052685,True,0,True,0,93.42024968841702,0,119,3066259,20.84827168185295
2024-01-05 22:15:00,node-us-east-1b-02,us-east-1,1b,shard-002,383,28.898134798117514,60.08416340832931,69.68997241951953,83.84899360784709,113.77983928821301,36.267470475295944,15.604603348232581,True,0,False,38,89.37943945334983,0,156,3757590,36.008343058139694
2024-01-05 22:15:00,node-us-east-1c-03,us-east-1,1c,shard-001,229,24.087625856030837,51.76287544383531,50.14192745288197,40.40877433448895,58.167743806827474,20.224242542690778,10.857315734811399,True,0,False,34,87.11787235577174,0,146,2426471,87.60137922327972
2024-01-05 22:15:00,node-us-west-2a-01,us-west-2,2a,shard-003,153,23.162351732534464,68.32178017765713,59.80506857123132,27.578773295947943,54.6409963867553,13.495955631448796,7.304330611173074,True,0,True,0,91.93452838483603,0,171,1188687,46.38070057815235
2024-01-05 22:15:00,node-us-west-2b-02,us-west-2,2b,shard-004,361,26.29482574361847,62.328804647861645,33.88565281148187,82.23600107205883,124.59580538747068,29.799648835874148,19.030781814166,True,0,False,50,90.42484828269191,0,497,1412872,57.28420944271113
2024-01-05 22:15:00,node-eu-west-1a-01,eu-west-1,1a,shard-002,373,26.736403689501252,67.98390304282104,33.99791319558616,69.8580199616364,118.26621778391176,34.713836834580526,17.848510212132243,True,0,False,8,89.34596226769764,0,310,4083738,96.75341527031074
2024-01-05 22:30:00,node-us-east-1a-01,us-east-1,1a,shard-001,472,27.86411231300824,64.17091899383207,51.121305414430225,102.68155261832067,125.29625612733925,38.41934858946438,23.78385810886808,True,0,True,0,91.57615818646948,0,424,4806508,20.832623574437736
2024-01-05 22:30:00,node-us-east-1b-02,us-east-1,1b,shard-002,428,28.88500416638488,59.045062840502744,42.356773882898736,71.82079356462538,124.57561780973418,34.642293104272284,24.954895888356237,True,0,False,22,89.23769006328368,0,231,3231050,87.10253674224951
2024-01-05 22:30:00,node-us-east-1c-03,us-east-1,1c,shard-001,567,31.304220434477905,71.53797099125593,60.50348165226132,101.46073219565272,184.3671195322919,41.00983112192602,27.369094593566675,True,0,False,22,89.83271262155415,0,121,3341217,63.52831256706726
2024-01-05 22:30:00,node-us-west-2a-01,us-west-2,2a,shard-003,437,28.23136317717293,43.73913413709788,44.6039591118483,94.16425756570412,131.78748570016083,38.71717334676391,26.01907172605044,True,0,True,0,86.84398701213993,0,289,3648717,80.06569652505567
2024-01-05 22:30:00,node-us-west-2b-02,us-west-2,2b,shard-004,187,23.55227602229471,66.41925231184351,32.50862259848042,32.277238385481915,51.184952570307786,12.084829143834064,7.933124491514461,True,0,False,37,88.59114978107006,0,398,1603039,85.69274613361473
2024-01-05 22:30:00,node-eu-west-1a-01,eu-west-1,1a,shard-002,170,23.421812589509287,49.361763142853725,57.02064599446347,32.987886750660735,58.84237605821513,16.30758425514613,7.432979798357439,True,0,False,30,92.22160170170226,0,476,3965711,24.440708665187323
2024-01-05 22:45:00,node-us-east-1a-01,us-east-1,1a,shard-001,763,35.02991934892444,70.13066037091451,68.43589658125055,170.4438048200794,215.387590064448,70.6473237898898,38.65502540479196,True,0,True,0,93.06876002179753,0,134,3650905,68.29102638345023
2024-01-05 22:45:00,node-us-east-1b-02,us-east-1,1b,shard-002,516,30.0979836384769,53.611935714315294,39.97501749208747,123.67695721243662,172.51820744718015,34.38370517159365,21.75159100250897,True,0,False,26,86.78430808517858,0,169,1659771,38.43595813242959
2024-01-05 22:45:00,node-us-east-1c-03,us-east-1,1c,shard-001,518,30.00165660780685,58.506420298866516,56.425427932871635,88.55704799041969,183.9314560733035,36.06647090183533,28.05747646617385,True,0,False,47,97.95563385427633,0,324,3271263,76.42063815122538
2024-01-05 22:45:00,node-us-west-2a-01,us-west-2,2a,shard-003,253,24.61737444215094,68.35316646842998,48.356403631270695,45.01555742088339,88.77556825334776,17.954874138174077,10.866417759852888,True,0,True,0,90.83641484945854,0,227,4597507,53.33624822728805
2024-01-05 22:45:00,node-us-west-2b-02,us-west-2,2b,shard-004,273,24.48896645533486,74.35542088247918,41.6996782956136,54.620032945406436,82.32833528233328,23.340303909736946,12.661500491702219,True,0,False,18,85.24651314037875,0,262,3718014,26.931264758924396
2024-01-05 22:45:00,node-eu-west-1a-01,eu-west-1,1a,shard-002,667,34.91625371244822,64.33691478841688,51.40662124432827,144.37984251365944,226.8441477000064,60.91803169012633,35.89761537937987,True,0,False,36,93.89364619691248,0,279,2126631,61.53920136011054
2024-01-05 23:00:00,node-us-east-1a-01,us-east-1,1a,shard-001,692,34.497249797863674,77.69703740377176,64.46863281451974,115.0669530547352,209.33480058024867,45.1546007640681,33.661723935090464,True,0,True,0,97.55713807622826,0,393,2383646,35.181489342972924
2024-01-05 23:00:00,node-us-east-1b-02,us-east-1,1b,shard-002,400,29.168520807706706,76.66005050550424,61.051291800168954,67.61828484436802,108.49534128325527,33.872489541899895,21.896113825986827,True,0,False,16,85.75384807638177,0,291,4940525,21.179847438261532
2024-01-05 23:00:00,node-us-east-1c-03,us-east-1,1c,shard-001,397,27.080109282801594,47.55896340515839,69.05815210436477,87.12663100368553,99.38131863875242,28.890063035342212,16.660626102561885,True,0,False,10,91.41150124012864,0,173,2563020,55.97361890993732
2024-01-05 23:00:00,node-us-west-2a-01,us-west-2,2a,shard-003,323,26.268421316981637,44.77362812557444,45.440564047940725,51.91214512516542,102.23149061977595,28.696590443306288,13.740183793646686,True,0,True,0,92.01329011696033,0,125,2130772,57.01808293297966
2024-01-05 23:00:00,node-us-west-2b-02,us-west-2,2b,shard-004,406,29.55524029960222,75.66127005344379,65.16154409932045,92.21355416982176,134.3243698863043,27.136265149254527,21.538484201174793,True,0,False,40,91.53692938608576,0,422,2689050,48.74820629685281
2024-01-05 23:00:00,node-eu-west-1a-01,eu-west-1,1a,shard-002,574,32.55339234977403,54.94716634383752,50.56281113005922,105.82159310172325,172.55430556130162,41.813355231581056,23.89724859108101,True,0,False,25,96.14782170003602,0,461,1466974,53.06285146137411
2024-01-05 23:15:00,node-us-east-1a-01,us-east-1,1a,shard-001,544,29.654495691903097,45.471842583910515,51.366936493900454,114.13087432025017,154.96805037337958,47.38345891588514,28.431913108275843,True,0,True,0,85.45866693263466,0,181,4680549,49.88322700738791
2024-01-05 23:15:00,node-us-east-1b-02,us-east-1,1b,shard-002,668,33.4763199917246,79.10525429905897,48.376312951451915,156.2611078251688,213.0759851401241,52.4756870709243,27.215567854627093,True,0,False,10,93.06207179923344,0,104,1121644,32.47217369348954
2024-01-05 23:15:00,node-us-east-1c-03,us-east-1,1c,shard-001,550,32.734528191412736,49.22015991714402,33.01517810422363,120.70198968846,161.3942283740011,46.82870925993816,31.998431787154736,True,0,False,32,93.35359758999478,0,276,1120942,46.25887276747263
2024-01-05 23:15:00,node-us-west-2a-01,us-west-2,2a,shard-003,198,24.418448743551888,77.00297561015944,40.96325302970571,42.5018089936577,47.55174842443079,14.049206185856859,11.139929307582424,True,0,True,0,88.66407007256304,0,464,4186563,93.61851686574843
2024-01-05 23:15:00,node-us-west-2b-02,us-west-2,2b,shard-004,158,22.991668240987632,63.77884723090571,36.113972414609705,31.742893891282783,52.19440461035766,15.045715966139452,8.829058568072815,True,0,False,16,90.91910334563349,0,124,2921603,75.65008794700205
2024-01-05 23:15:00,node-eu-west-1a-01,eu-west-1,1a,shard-002,239,24.223303410389477,55.794295827764735,60.90226067939489,44.81501947086636,72.29603772013293,15.708140460924282,12.095429890272639,True,0,False,47,94.99155043065844,0,154,2315210,66.00832781992985
2024-01-05 23:30:00,node-us-east-1a-01,us-east-1,1a,shard-001,573,31.932345277670557,54.32350588415058,64.10483142088596,107.48799876329451,182.6620291721789,44.82623392474029,29.03137775905615,True,0,True,0,92.97195447781623,0,102,4150312,65.39559952435152
2024-01-05 23:30:00,node-us-east-1b-02,us-east-1,1b,shard-002,207,24.282374350243202,44.78066095819351,53.526469838270245,39.68009444964214,50.12950777171013,14.76814954879891,10.00460086350425,True,0,False,35,92.59661655652268,0,403,4582744,95.62235825688805
2024-01-05 23:30:00,node-us-east-1c-03,us-east-1,1c,shard-001,327,27.53448020715586,65.15620903508587,39.930729729679044,66.00630848097146,95.66626641163487,25.317577887988403,18.127696778121457,True,0,False,29,88.46537881699916,0,359,2281004,35.406115884708605
2024-01-05 23:30:00,node-us-west-2a-01,us-west-2,2a,shard-003,188,23.7646547859225,60.59908501126339,66.61278505811373,39.783733136610564,47.69029363276738,12.471388880038111,7.694475471865776,True,0,True,0,93.5904557138209,0,460,3050399,38.211647143581246
2024-01-05 23:30:00,node-us-west-2b-02,us-west-2,2b,shard-004,233,25.398580910176577,64.90506723224823,36.332450307178746,49.30081883711791,72.71522307335607,21.10267996840598,11.553482423365047,True,0,False,20,89.30733166216217,0,439,3861620,23.77666877523967
2024-01-05 23:30:00,node-eu-west-1a-01,eu-west-1,1a,shard-002,281,26.066189876638834,73.0814903139121,39.29265930534383,53.36542517477499,78.33069241707337,22.136609133063587,14.464085023541596,True,0,False,8,97.23085611456767,0,306,3019563,78.37991688504785
2024-01-05 23:45:00,node-us-east-1a-01,us-east-1,1a,shard-001,627,33.075048677492134,53.59854943179087,58.4533370323692,140.2038519271077,225.43220827456517,56.70784345105282,36.533899761005024,True,0,True,0,90.90477199063999,0,394,3156189,73.02394516032355
2024-01-05 23:45:00,node-us-east-1b-02,us-east-1,1b,shard-002,514,32.262187764763375,48.19047698785883,61.41233765344212,91.81490505900915,128.50395955972914,38.5902805010143,29.490515245236324,True,0,False,24,89.09950264023642,0,232,4449561,40.13791731306979
2024-01-05 23:45:00,node-us-east-1c-03,us-east-1,1c,shard-001,592,30.127931480691984,53.253926124296946,49.36111280910811,94.83475670886087,179.1044866503965,52.58582441159976,34.143202383383276,True,0,False,1,96.06573325934423,0,435,3524745,79.72270102995284
2024-01-05 23:45:00,node-us-west-2a-01,us-west-2,2a,shard-003,365,28.5477463184374,57.226980246487614,53.320097350142674,79.37319871967141,114.08725258445095,24.596656264092047,17.093152129371784,True,0,True,0,97.56978015298517,0,200,4101630,73.37179153930109
2024-01-05 23:45:00,node-us-west-2b-02,us-west-2,2b,shard-004,394,26.444397811000883,58.61711402050891,47.04397926867808,74.77831760866229,97.92034761589893,35.0168029810888,19.383195437636214,True,0,False,25,92.95117737892494,0,399,1264472,49.15931004131784
2024-01-05 23:45:00,node-eu-west-1a-01,eu-west-1,1a,shard-002,159,22.57342479261851,54.49848257086458,34.59245852785647,26.45144627078535,38.48913993979546,13.30151463994832,8.214746646662926,True,0,False,5,93.96222635348039,0,189,1445738,28.932482605727152
2024-01-06 00:00:00,node-us-east-1a-01,us-east-1,1a,shard-001,262,25.69672349662425,52.96473167970355,40.345573050173655,56.294919058787855,64.2854211908042,21.334661943572346,12.335284251762575,True,0,True,0,90.87254997849016,0,70,3178567,24.29591670931596
2024-01-06 00:00:00,node-us-east-1b-02,us-east-1,1b,shard-002,172,23.67447411126417,78.90754593819042,62.34730153550992,39.19420794842368,44.02429539159369,11.704795465355797,7.491145363958385,True,0,False,48,87.45066231891666,0,384,4611382,20.05353442970228
2024-01-06 00:00:00,node-us-east-1c-03,us-east-1,1c,shard-001,850,35.54888879693158,79.44676633043488,36.21517495673276,172.4832254661242,232.72562627697891,80.20541634098238,44.658829990353965,True,0,False,20,94.86252880687577,1,405,2051512,23.66291706371637
2024-01-06 00:00:00,node-us-west-2a-01,us-west-2,2a,shard-003,265,24.529214525572062,52.16571056829779,62.78848570741678,49.497970962629275,67.79417207044244,17.68475720926615,10.892775250825029,True,0,True,0,94.90708090264512,0,485,3526771,64.86045508359726
2024-01-06 00:00:00,node-us-west-2b-02,us-west-2,2b,shard-004,440,29.171675123955225,62.90388711687025,39.84856496642646,96.14220206243564,145.83488811060877,41.53652878669806,18.25678879821595,True,0,False,24,90.22805339396143,0,256,2347765,74.40928213200006
2024-01-06 00:00:00,node-eu-west-1a-01,eu-west-1,1a,shard-002,374,26.982183234403543,75.87895204989414,46.43602598560441,64.92826721644772,105.321033600289,28.883682152649776,21.186832160056426,True,0,False,36,88.92385862957315,0,77,2585015,74.54246108145222
2024-01-06 00:15:00,node-us-east-1a-01,us-east-1,1a,shard-001,491,31.085409632087497,78.84645386940673,42.89873665559281,109.6315218639673,173.9423052307593,36.201770872966115,29.361293789467467,True,0,True,0,87.89750604199365,0,221,1251476,55.23440531364493
2024-01-06 00:15:00,node-us-east-1b-02,us-east-1,1b,shard-002,332,27.07309470766881,58.880284811157246,59.07343864923253,59.42479867164391,82.2801638768113,28.616454396560712,16.519691629105857,True,0,False,46,97.56996524472629,0,310,1196541,26.133888392368824
2024-01-06 00:15:00,node-us-east-1c-03,us-east-1,1c,shard-001,777,33.08530139467145,73.1098055283931,40.9026365385709,136.22310682524554,247.7881848388904,64.91921917665424,31.98698853735893,True,0,False,14,91.7074927458927,1,51,4178711,77.6511204441258
2024-01-06 00:15:00,node-us-west-2a-01,us-west-2,2a,shard-003,573,30.18059348638054,67.33652759983433,33.14073086714727,100.58571091805284,179.6380401013574,43.11773889338602,27.2701760614312,True,0,True,0,88.79299462187204,0,498,1809612,42.611013967221496
2024-01-06 00:15:00,node-us-west-2b-02,us-west-2,2b,shard-004,262,26.27189822621847,53.374791871427156,52.806531754838744,57.07863681187527,93.30117769651633,17.392618684306157,12.759739827586488,True,0,False,43,93.34713452347496,0,478,1913683,49.12881106677646
2024-01-06 00:15:00,node-eu-west-1a-01,eu-west-1,1a,shard-002,254,24.74394033782472,47.4471948268126,44.01167108991659,46.4644946788629,86.0995688001974,16.26460738245634,12.232132021067443,True,0,False,2,92.66624373044024,0,233,1050123,96.36296104504068
2024-01-06 00:30:00,node-us-east-1a-01,us-east-1,1a,shard-001,264,25.236645024696458,45.8051449682545,59.42331148566731,54.460544904553714,78.54095572426361,21.364169072503604,13.39034229520013,True,0,True,0,85.88210452524507,0,474,3084589,54.5961051109707
2024-01-06 00:30:00,node-us-east-1b-02,us-east-1,1b,shard-002,207,23.60534492533983,43.9377738417745,60.04011471880322,41.38725996173457,67.93470270434564,15.615177935067432,10.776107966570285,True,0,False,7,94.72718435693223,0,311,4719860,51.98849478564646
2024-01-06 00:30:00,node-us-east-1c-03,us-east-1,1c,shard-001,173,23.995630378466082,76.84309904077332,67.04096642088723,28.13851296682484,58.793247643334425,14.53963657757117,9.599569551694405,True,0,False,29,87.94715006713307,0,356,2516809,74.32791476322262
2024-01-06 00:30:00,node-us-west-2a-01,us-west-2,2a,shard-003,196,23.37270040448689,57.54948314473017,58.301578827982084,34.45969625442091,51.046280795150906,16.38675121179561,9.937480514859656,True,0,True,0,97.19383128592473,0,201,4316324,77.68153881977494
2024-01-06 00:30:00,node-us-west-2b-02,us-west-2,2b,shard-004,173,22.7794510761275,45.614457318982886,51.727643590042234,28.796816967816508,43.170658980551266,13.940663298412227,8.926828718989512,True,0,False,20,94.33637424549268,0,120,4355522,90.79560499712649
2024-01-06 00:30:00,node-eu-west-1a-01,eu-west-1,1a,shard-002,201,23.862461208329144,46.77610962101606,63.6945895461518,45.242604226033485,67.74478580479658,16.255807494267398,8.213306553905523,True,0,False,48,96.63167907995218,0,341,2949262,98.65218907189875
2024-01-06 00:45:00,node-us-east-1a-01,us-east-1,1a,shard-001,189,23.782727212954807,74.10067819926668,31.227646523981164,30.76580763467312,62.48359733446849,16.90721669103059,8.815050261467535,True,0,True,0,88.76575344145036,0,435,2038715,68.83702110847713
2024-01-06 00:45:00,node-us-east-1b-02,us-east-1,1b,shard-002,603,34.054107253140764,50.453219474421864,69.1108034966341,117.98773608605225,211.12759575262913,47.597339456318664,31.039875954801644,True,0,False,39,91.1860860631534,0,347,2749649,81.59855618790041
2024-01-06 00:45:00,node-us-east-1c-03,us-east-1,1c,shard-001,363,27.73481909758233,62.38591883896464,38.299706028687304,77.92891020913467,102.8317661642978,27.013684769755915,15.035388512577804,True,0,False,12,94.56496813158655,0,225,1313877,26.9536503074307
2024-01-06 00:45:00,node-us-west-2a-01,us-west-2,2a,shard-003,439,29.274480487865365,44.77107022631217,69.1318860533842,89.28480187398745,145.5463121763859,37.89889276843834,20.558731323943356,True,0,True,0,89.46948936188737,0,118,2149522,73.55827589185489
2024-01-06 00:45:00,node-us-west-2b-02,us-west-2,2b,shard-004,287,26.30366424622868,55.69053726956781,48.15491001460235,50.897817338007314,88.64033716851696,26.940894765169393,16.544375992770753,True,0,False,30,97.59072429141067,0,190,2987254,47.37274769196844
2024-01-06 00:45:00,node-eu-west-1a-01,eu-west-1,1a,shard-002,119,22.8080439449445,40.602541128726756,65.2865918466913,24.54158036350414,29.608376375494583,9.095657042911293,5.210827367697997,True,0,False,8,97.67095771964557,0,430,4267780,49.49702715188705
2024-01-06 01:00:00,node-us-east-1a-01,us-east-1,1a,shard-001,231,24.59157785250616,51.426208677205956,59.370335817146625,41.94949156470118,71.67602527515265,17.73204955246993,11.417451940070894,True,0,True,0,97.42216893751036,0,63,1863872,36.36179110730242
2024-01-06 01:00:00,node-us-east-1b-02,us-east-1,1b,shard-002,142,23.042189507217078,50.61670684084977,58.42019604598124,33.19808302639728,42.862139150345556,9.79416862551133,5.763531704842583,True,0,False,2,87.22451263308977,0,449,1626849,86.36349113460261
2024-01-06 01:00:00,node-us-east-1c-03,us-east-1,1c,shard-001,524,29.65894219553322,47.71426269753824,66.54700218524178,95.63465415510245,159.11505912404778,43.00164005512965,27.565266123847536,True,0,False,1,94.9560127598296,0,259,3830923,46.25326096762728
2024-01-06 01:00:00,node-us-west-2a-01,us-west-2,2a,shard-003,443,27.467294732244774,54.38964027530076,32.038363610109414,96.52150435485497,115.61970622860439,38.8530362264913,23.917406437850456,True,0,True,0,86.97460155689144,0,288,1537261,95.37635946396678
2024-01-06 01:00:00,node-us-west-2b-02,us-west-2,2b,shard-004,359,26.217057085118974,67.73701264778036,33.40733173273016,82.48738620361098,111.22278514026634,29.07719951129955,21.31650706331694,True,0,False,29,91.65745391350141,0,476,3917864,48.52316570023984
2024-01-06 01:00:00,node-eu-west-1a-01,eu-west-1,1a,shard-002,408,28.71919358065336,40.07467501191115,47.411215369824156,84.08519958725589,132.57302629511557,38.13999782431504,22.047332480143417,True,0,False,3,85.26288929164329,0,69,4338060,48.97171485738515
2024-01-06 01:15:00,node-us-east-1a-01,us-east-1,1a,shard-001,775,35.661200236620864,64.58655382095615,47.06156130647152,146.81024088570373,202.866482991219,63.83306096485452,45.37613536548483,True,0,True,0,91.69981125312391,0,497,3007766,97.59256982293945
2024-01-06 01:15:00,node-us-east-1b-02,us-east-1,1b,shard-002,530,29.830447792702685,45.432531344857395,59.0123590108649,125.27587343835584,128.89308853126715,43.21460925903592,24.740613844354147,True,0,False,48,95.79388912171159,0,354,3462916,70.41167868670009
2024-01-06 01:15:00,node-us-east-1c-03,us-east-1,1c,shard-001,521,28.80197154115165,41.05586979179248,68.44530314343967,87.5544513022285,132.47836477594927,38.737709049606366,22.21893219499801,True,0,False,44,87.66639978308169,0,416,1441577,56.43650295076392
2024-01-06 01:15:00,node-us-west-2a-01,us-west-2,2a,shard-003,413,27.417600462188695,53.57977750314447,42.087539021759,81.3545065709406,110.63963707150955,26.658484469892734,19.741743160973254,True,0,True,0,93.46243578200315,0,397,4802243,56.28123994371056
2024-01-06 01:15:00,node-us-west-2b-02,us-west-2,2b,shard-004,294,25.74976067218064,45.55647739881227,33.72434368783484,64.17085773535102,86.33467891069961,22.579643142060675,14.695710979484094,True,0,False,34,92.61297967514328,0,443,2653625,91.1065190432382
2024-01-06 01:15:00,node-eu-west-1a-01,eu-west-1,1a,shard-002,502,31.710127927281423,43.89347127090291,62.453521315759005,81.79494649708603,172.86944409225708,36.740658757664924,22.52894127956935,True,0,False,6,94.54126950331212,0,406,2695454,25.709458627106834
2024-01-06 01:30:00,node-us-east-1a-01,us-east-1,1a,shard-001,667,31.289396214331276,66.25594274406743,56.34955709366132,109.46464370932213,201.55101591813295,56.00467549517959,35.28483359918418,True,0,True,0,86.8839374051689,0,175,4060068,92.49199041910393
2024-01-06 01:30:00,node-us-east-1b-02,us-east-1,1b,shard-002,388,27.06731845483565,40.88339419182389,66.40974223500712,88.81476262044892,113.82374563141312,28.19294685028758,20.678122669684257,True,0,False,17,97.23740011300018,0,417,4837596,86.57506909489791
2024-01-06 01:30:00,node-us-east-1c-03,us-east-1,1c,shard-001,328,26.17182740391279,78.22300675664994,45.159597356246415,68.150170325372,85.20990873161836,29.115238183356386,15.206378932652076,True,0,False,29,89.76564096594242,0,277,4978956,43.63972690186746
2024-01-06 01:30:00,node-us-west-2a-01,us-west-2,2a,shard-003,434,30.3856940628691,58.07367856052157,65.95047463178642,75.25640801364148,123.01141267228547,34.33621358163913,25.09657829874729,True,0,True,0,86.48077214906237,0,320,2813198,59.824203172808225
2024-01-06 01:30:00,node-us-west-2b-02,us-west-2,2b,shard-004,270,25.77873410968029,50.29544228638522,37.28176243091846,55.16446892716927,85.63578560019508,25.574444600262286,12.007716698195788,True,0,False,3,90.9344144484783,0,265,3909506,22.192976265367932
2024-01-06 01:30:00,node-eu-west-1a-01,eu-west-1,1a,shard-002,140,23.119391304147495,79.44729624947851,49.539645169398625,25.675253586550696,45.362431033199826,11.88800029505721,6.8867766930667855,True,0,False,38,91.02989516740875,0,239,3161640,76.98076528868143
2024-01-06 01:45:00,node-us-east-1a-01,us-east-1,1a,shard-001,300,26.019883730735238,78.48133149526568,64.78795957711081,58.295563056486564,91.73385099496188,20.729319916671397,12.839329491443259,True,0,True,0,95.58758147775328,0,343,4123827,89.98427344650712
2024-01-06 01:45:00,node-us-east-1b-02,us-east-1,1b,shard-002,299,25.71088636148705,42.10332573866144,62.575952747672645,63.511026774790814,98.97892115430757,22.34378101470815,16.690764732444357,True,0,False,48,94.35762507516094,0,86,1414606,21.895144574538676
2024-01-06 01:45:00,node-us-east-1c-03,us-east-1,1c,shard-001,476,31.157594276688904,58.27198639809056,37.64650223022235,95.85877120710875,164.13635919070992,30.776725656737533,26.255834120539365,True,0,False,12,97.61439851842928,0,204,1754513,41.22254140115138
2024-01-06 01:45:00,node-us-west-2a-01,us-west-2,2a,shard-003,233,24.75354862038852,55.38534983712575,41.05126405376616,42.14293629943158,62.854864817780694,16.46483342627017,12.277267718757667,True,0,True,0,92.55583315127,0,242,3423988,35.233034510437946
2024-01-06 01:45:00,node-us-west-2b-02,us-west-2,2b,shard-004,395,28.622055059219807,40.624132904180925,32.3957996179358,66.73043120278676,133.96098608198815,30.047392929936397,19.813895211758442,True,0,False,32,91.63949249518919,0,220,3803076,85.8008800118591
2024-01-06 01:45:00,node-eu-west-1a-01,eu-west-1,1a,shard-002,256,25.553569237572844,46.55237858518583,36.08239867498055,54.17665755068894,80.80924518494508,21.742497753620192,13.050621240017236,True,0,False,15,91.00305943971476,0,434,2643977,25.347353228661298
2024-01-06 02:00:00,node-us-east-1a-01,us-east-1,1a,shard-001,414,29.425422664962298,68.88942568342432,62.158777843582556,93.75794868883943,138.96638296478065,32.51623263006058,20.92230542745192,False,121,True,0,88.6041638730158,0,435,4912396,31.0719383872466
2024-01-06 02:00:00,node-us-east-1b-02,us-east-1,1b,shard-002,348,26.321039339208255,66.31918438530997,44.95204855532167,71.09363174246118,102.10028038606326,24.693804819896844,14.177461062215624,True,0,False,16,86.53802421459974,0,276,3744622,83.3658934842823
2024-01-06 02:00:00,node-us-east-1c-03,us-east-1,1c,shard-001,547,31.43566165316878,71.85191143363313,30.40430683372927,126.83021110705143,194.22462874714685,41.46347072877077,30.455934333250894,True,0,False,46,93.582972856247,0,231,4851253,56.02830641328386
2024-01-06 02:00:00,node-us-west-2a-01,us-west-2,2a,shard-003,575,31.246579492155902,42.87941128564234,54.9459427154924,120.62676484255078,155.6945270336292,44.76110685335085,33.67242608924302,True,0,True,0,93.90291268236926,0,210,4724738,31.282846177524448
2024-01-06 02:00:00,node-us-west-2b-02,us-west-2,2b,shard-004,148,23.232272672323287,51.361958032856506,40.16968678198251,29.64387121944501,39.57429052855621,9.956498536574204,8.288668677295647,True,0,False,23,88.8019719259645,0,372,4650176,58.73429154485762
2024-01-06 02:00:00,node-eu-west-1a-01,eu-west-1,1a,shard-002,360,28.500767839049978,61.23722498899704,55.35920473690319,84.5623788101787,105.24957814980705,34.17138649449117,21.41791852619342,True,0,False,38,91.17489448773826,0,342,1814679,53.73080846115418
2024-01-06 02:15:00,node-us-east-1a-01,us-east-1,1a,shard-001,254,25.720099727769803,41.64809943964052,61.68692004669257,49.08456534816657,71.56299856971008,23.59141992891187,13.91479019398467,True,0,True,0,94.76828398670422,0,437,2277133,33.026909785279855
2024-01-06 02:15:00,node-us-east-1b-02,us-east-1,1b,shard-002,751,36.432921362570674,45.48559102328984,69.79254187080994,134.92503383982992,181.81516751149917,52.80944527604942,44.673159177010376,True,0,False,22,94.93893132231703,0,412,4516744,88.30235504549235
2024-01-06 02:15:00,node-us-east-1c-03,us-east-1,1c,shard-001,589,33.36391790947213,69.38625423128647,49.13618725700436,109.42308502216652,191.3626073154234,47.86329745501847,25.45028108622081,True,0,False,50,93.47071177447604,0,277,1693392,43.91569169128796
2024-01-06 02:15:00,node-us-west-2a-01,us-west-2,2a,shard-003,150,23.073872692874595,56.499717764972885,45.675402843040736,26.226799950934527,44.51857859081494,9.936332378182456,7.590304878376301,True,0,True,0,89.38061117352265,0,400,1314453,80.96399370522464
2024-01-06 02:15:00,node-us-west-2b-02,us-west-2,2b,shard-004,320,25.993047686476167,69.99299363652698,39.02006965541746,57.93065647779196,86.00797311178005,24.680624790443943,14.541018947581529,True,0,False,14,90.69956865437098,0,371,4703505,77.38078722610192
2024-01-06 02:15:00,node-eu-west-1a-01,eu-west-1,1a,shard-002,301,26.668415711393045,71.01224168755478,64.83130020114993,65.6830283501451,92.6203771333791,19.741379250297086,12.99791126347477,True,0,False,22,88.48796194589235,0,495,1513260,79.87850955313172
2024-01-06 02:30:00,node-us-east-1a-01,us-east-1,1a,shard-001,660,32.656302191367104,50.9755972792612,62.64533809701927,157.72013955660574,220.75509909214003,63.130238137262744,34.09032076516819,True,0,True,0,90.15895647619261,0,238,3546422,30.590771083386024
2024-01-06 02:30:00,node-us-east-1b-02,us-east-1,1b,shard-002,567,31.7498904143458,60.61230659272034,53.00606029215158,113.06966844986647,164.68801420148765,44.54593529290038,33.45853063910626,True,0,False,31,86.01093104019448,0,84,4626665,80.7415838853152
2024-01-06 02:30:00,node-us-east-1c-03,us-east-1,1c,shard-001,425,26.961672776894787,49.292126752394054,58.69867974004344,92.87236779787183,124.51943239689942,37.552648899080914,18.267511210057023,True,0,False,48,88.50874472263149,0,205,4322799,25.099577229927654
2024-01-06 02:30:00,node-us-west-2a-01,us-west-2,2a,shard-003,214,25.05699208095439,68.9476736043462,37.487052730579926,36.728036717909816,76.23510362029874,17.963782130105148,11.207023945862826,True,0,True,0,97.78411695343246,0,54,1593518,85.02308061267966
2024-01-06 02:30:00,node-us-west-2b-02,us-west-2,2b,shard-004,438,27.671810839729556,48.888436180530014,57.55697376725111,86.57388994180184,105.86808026138972,38.23602698897126,19.4899251097649,True,0,False,8,92.99098678680207,0,267,2540924,99.95788997113372
2024-01-06 02:30:00,node-eu-west-1a-01,eu-west-1,1a,shard-002,566,32.67789330882471,71.57033552479803,41.20702600841102,100.25084366111169,172.98337269651543,52.1678861868821,33.30103272737949,True,0,False,22,92.41324917524173,0,201,1906518,64.26620734940182
2024-01-06 02:45:00,node-us-east-1a-01,us-east-1,1a,shard-001,604,33.345943841234224,64.38412697541145,61.96016075858496,132.42277519698,196.48880485942496,49.711707669810416,28.622444352296736,True,0,True,0,85.66659867680293,0,326,2078136,45.360815982378924
2024-01-06 02:45:00,node-us-east-1b-02,us-east-1,1b,shard-002,294,25.082698938305867,56.14976569285909,67.53678967732976,50.88789851114085,74.30189159480284,22.13256327307801,13.20889862417975,True,0,False,23,96.7061729101246,0,460,1939060,43.0481831676458
2024-01-06 02:45:00,node-us-east-1c-03,us-east-1,1c,shard-001,394,27.457362146412827,66.85505194177443,63.8913985534998,69.15235405871145,99.3939672994535,33.73307574442735,19.40842587913273,True,0,False,44,86.9991052016451,0,212,2074527,41.53685303327158
2024-01-06 02:45:00,node-us-west-2a-01,us-west-2,2a,shard-003,412,29.453560579116633,77.78376667235253,36.59472881173277,66.5529319527771,112.74818932653314,26.933805629126194,20.232451868384565,True,0,True,0,95.79846554560717,0,247,2555101,70.93338321857962
2024-01-06 02:45:00,node-us-west-2b-02,us-west-2,2b,shard-004,394,27.72496550776604,60.17968383566438,63.275048162214794,76.33459693484056,108.76016428899084,31.674287834337328,22.017553264717378,True,0,False,27,96.87605829582675,0,275,2515597,36.58004360943384
2024-01-06 02:45:00,node-eu-west-1a-01,eu-west-1,1a,shard-002,397,28.605218514917688,63.701348439908045,32.106231541788105,91.60337161804505,111.1522260024651,33.73526560582874,20.713617659044946,True,0,False,37,97.38608284345389,0,287,1615656,34.40000568502752
2024-01-06 03:00:00,node-us-east-1a-01,us-east-1,1a,shard-001,742,37.37835563694762,68.9213364982923,50.21162035315993,129.28719948181518,224.49758409971776,52.00263941709744,31.939659594187468,True,0,True,0,93.61305859449578,0,174,2727753,32.94376701539576
2024-01-06 03:00:00,node-us-east-1b-02,us-east-1,1b,shard-002,783,35.1529548134291,74.573495540404,34.97358867289741,158.56433741549625,210.07165873642165,65.98749112093263,35.421863440857564,True,0,False,38,86.99208982370635,0,356,4991545,66.49569521788908
2024-01-06 03:00:00,node-us-east-1c-03,us-east-1,1c,shard-001,431,28.221399680944252,66.60952789411965,43.493671655465285,69.42337310615447,115.10464724060671,29.388216592172274,23.48939989009247,True,0,False,23,96.03627890000578,0,195,3252199,60.617131190706985
2024-01-06 03:00:00,node-us-west-2a-01,us-west-2,2a,shard-003,305,26.789715826584143,63.70419519751666,62.90109475061124,59.53992408192557,93.94922923485741,27.77713086353534,17.02348608480878,True,0,True,0,96.41965163653673,0,145,2532563,32.064079972849306
2024-01-06 03:00:00,node-us-west-2b-02,us-west-2,2b,shard-004,402,27.524468788046434,74.22007906390462,63.55528148937134,67.60550752749765,137.82387735457488,31.756573816271235,19.7837628010552,True,0,False,50,97.0930740887897,0,372,3771679,50.15440147876484
2024-01-06 03:00:00,node-eu-west-1a-01,eu-west-1,1a,shard-002,306,26.40548543811057,45.455683605257754,69.8406943333014,56.059287893436824,84.71778681675696,29.137715434553023,13.019117464936674,True,0,False,32,96.45842998296096,0,500,1945723,50.38684683891725
2024-01-06 03:15:00,node-us-east-1a-01,us-east-1,1a,shard-001,669,34.25154790873034,71.10616431976979,61.99609438512055,112.83942581768832,212.8224177829351,44.256740326793405,27.921833837725295,True,0,True,0,96.54076409194396,0,450,3915372,83.63611271775454
2024-01-06 03:15:00,node-us-east-1b-02,us-east-1,1b,shard-002,271,24.819257716814242,65.94264036878337,59.786168371641075,57.69483024534396,79.3926220025318,25.173441251612523,12.25293563355995,True,0,False,46,94.32370589283401,0,434,4711485,99.01738322621927
2024-01-06 03:15:00,node-us-east-1c-03,us-east-1,1c,shard-001,640,31.431448305567855,77.60871696414412,61.09904462005025,130.07597842181997,191.72832324529807,51.37002642296202,34.72138281368079,True,0,False,10,86.34646768483613,0,234,2342406,78.52877925644529
2024-01-06 03:15:00,node-us-west-2a-01,us-west-2,2a,shard-003,146,22.895393250080748,50.877349496061925,40.4777767827779,25.057537431739462,46.41189004693803,9.744360772184816,7.243289481748257,True,0,True,0,97.6337465783934,0,199,3287111,81.68117044192833
2024-01-06 03:15:00,node-us-west-2b-02,us-west-2,2b,shard-004,488,29.953798014005862,45.373154854779344,60.627834096765774,94.9795177084463,156.1674707644779,35.72122523257779,28.990120068139245,True,0,False,21,89.5654567695634,0,360,2426283,70.34373911280349
2024-01-06 03:15:00,node-eu-west-1a-01,eu-west-1,1a,shard-002,584,32.87177634814787,66.18020657637412,66.52708877950894,94.06122323670691,203.53100923149717,43.42336847429622,34.16199656644053,True,0,False,14,85.82367227330808,0,79,3222708,70.39223131438071
2024-01-06 03:30:00,node-us-east-1a-01,us-east-1,1a,shard-001,616,33.912784661724935,67.42847344289174,50.8529803909322,121.95404120204317,174.31914597438353,51.533228096916545,25.879613587035188,True,0,True,0,94.19504588633086,0,285,2420636,98.50850474125923
2024-01-06 03:30:00,node-us-east-1b-02,us-east-1,1b,shard-002,373,26.53358369926905,61.300540165952704,56.501944923866816,72.82391209484375,120.64776031860235,27.30412697066782,19.754631037206092,True,0,False,4,88.43536906330048,0,473,2971279,30.29115361067295
2024-01-06 03:30:00,node-us-east-1c-03,us-east-1,1c,shard-001,462,28.497644822856305,40.5884021531919,69.22471417300198,93.8528092411715,136.45241485790652,41.410615825636455,27.2118150900695,True,0,False,41,94.49243605692992,0,169,3505432,25.972889093026865
2024-01-06 03:30:00,node-us-west-2a-01,us-west-2,2a,shard-003,467,29.500423952428342,43.50819225080145,32.867742012529455,103.51649203929442,133.6147137126456,39.504136896733726,26.325807741412586,True,0,True,0,87.18554151873101,0,98,4591631,37.673466731034694
2024-01-06 03:30:00,node-us-west-2b-02,us-west-2,2b,shard-004,224,24.046431738723637,48.58863231419414,45.56905879942875,47.44551207468042,75.59044311304393,15.629326359896789,11.464964871654054,True,0,False,40,90.86348680314181,0,445,3801333,56.52764166179264
2024-01-06 03:30:00,node-eu-west-1a-01,eu-west-1,1a,shard-002,350,26.240754053710003,59.97380889848367,57.31067925741955,70.90753662472615,123.88208019222344,30.100247770991384,15.439265896118796,True,0,False,16,91.9803407849907,0,125,4461595,62.44877499435398
2024-01-06 03:45:00,node-us-east-1a-01,us-east-1,1a,shard-001,880,39.818326608578275,55.30535081900116,40.205325349826495,172.12831038185516,251.76532276259155,56.85083398047733,39.84876056174123,True,0,True,0,91.64982598036502,0,258,1295940,99.27071001108376
2024-01-06 03:45:00,node-us-east-1b-02,us-east-1,1b,shard-002,768,33.952171346292474,57.51004208393866,43.940963735250236,140.3166412225134,265.17333400020914,62.9968286337262,37.111040130780125,True,0,False,46,95.2633999621337,0,288,3513636,90.22320351002291
2024-01-06 03:45:00,node-us-east-1c-03,us-east-1,1c,shard-001,228,24.89910655660055,48.31587826109131,39.559812942223175,37.72192573214284,75.34722869358536,17.028090003690778,12.214140203883035,True,0,False,27,88.33233903961396,0,70,4429901,27.900895072325646
2024-01-06 03:45:00,node-us-west-2a-01,us-west-2,2a,shard-003,419,28.796217950043555,43.063561392121116,45.27600832387381,87.45831083047725,135.49646984501882,39.06457330958448,21.733839815815337,True,0,True,0,95.40739036441805,0,357,2145298,80.39873552806705
2024-01-06 03:45:00,node-us-west-2b-02,us-west-2,2b,shard-004,564,30.689974503427642,68.71774185721168,66.45162274781484,101.79618187938374,144.12019015710595,38.958347618742394,33.2846767588211,True,0,False,5,91.7729733352527,0,207,2643182,70.18483453267275
2024-01-06 03:45:00,node-eu-west-1a-01,eu-west-1,1a,shard-002,512,30.260404745550147,74.73964225874258,55.87695761270123,106.60918951655108,174.56176890155493,41.807591767478144,23.799185876906733,True,0,False,31,97.61086854655372,0,282,2908450,82.63631005101696
2024-01-06 04:00:00,node-us-east-1a-01,us-east-1,1a,shard-001,249,24.056356396805864,67.27694607285781,48.685417916642876,52.79211085637507,75.29578985591205,17.196627137898727,11.47757234184699,True,0,True,0,91.33000429582377,0,471,2860625,56.528218289516815
2024-01-06 04:00:00,node-us-east-1b-02,us-east-1,1b,shard-002,475,29.919522315595188,62.03465489099481,56.293112400390044,103.90107017660719,136.9530748394774,30.728815980751357,25.922602049579133,True,0,False,39,86.93824851856692,0,301,3186319,67.7503675540602
2024-01-06 04:00:00,node-us-east-1c-03,us-east-1,1c,shard-001,225,24.43705181212688,66.44525865444469,68.3950776394513,38.40158268859651,64.7209229740231,14.521187402877242,10.066730693891696,True,0,False,45,95.03680638177194,0,433,2429579,65.2093995917467
2024-01-06 04:00:00,node-us-west-2a-01,us-west-2,2a,shard-003,244,24.71403449725012,67.40080142856426,58.80564351764737,51.304146515555814,69.19739459462197,19.24352239875311,12.403502335123173,True,0,True,0,93.47032761951813,0,237,3973578,22.408879960059906
2024-01-06 04:00:00,node-us-west-2b-02,us-west-2,2b,shard-004,156,23.485929514839768,76.02646478552475,61.78105487930332,28.31796760450854,51.357397141680025,10.997652568704135,7.926923531615104,True,0,False,20,87.13404145439252,0,277,4588513,56.292844489779256
2024-01-06 04:00:00,node-eu-west-1a-01,eu-west-1,1a,shard-002,379,27.669716545854854,60.22176782920921,66.62478430749532,63.34534422665159,126.94316672027772,29.797404012891818,22.62970696276324,True,0,False,29,87.71281085922537,0,321,4746425,30.597231377859437
2024-01-06 04:15:00,node-us-east-1a-01,us-east-1,1a,shard-001,257,25.636037057869878,41.18484054514376,63.460698380511296,43.7668929894666,82.13730590736239,23.74388493325747,15.165274227391329,True,0,True,0,97.61448909825438,0,58,4440362,67.04878767077788
2024-01-06 04:15:00,node-us-east-1b-02,us-east-1,1b,shard-002,653,32.12445914038393,75.18673685805079,57.1346591802293,124.67545672804502,192.18372743811733,47.55997810922422,26.562546548952557,True,0,False,20,87.52860032087419,0,309,2569642,71.81142464920615
2024-01-06 04:15:00,node-us-east-1c-03,us-east-1,1c,shard-001,430,27.03353765941114,40.80258303993404,62.15443804504297,83.14089968931962,109.34734741861416,30.529098563551056,23.570956589107556,True,0,False,24,87.54608691806871,0,149,1649175,72.44439794068667
2024-01-06 04:15:00,node-us-west-2a-01,us-west-2,2a,shard-003,389,26.413975341703647,61.23490134548045,35.421378875138295,85.39942169163982,99.9050125624118,34.52443790060564,19.338701863989723,True,0,True,0,86.84315846372222,0,129,4045744,25.207979479259876
2024-01-06 04:15:00,node-us-west-2b-02,us-west-2,2b,shard-004,176,23.7836290746328,57.51282348478033,69.17690828714947,29.421196915333756,59.16705819082501,14.644496487683076,9.655380627079241,True,0,False,24,96.0100628744255,0,183,4754561,57.02735464623466
2024-01-06 04:15:00,node-eu-west-1a-01,eu-west-1,1a,shard-002,272,25.32236317025766,65.83174534692375,41.72406230367161,47.01247292067318,94.86608863745394,20.462138205356,15.787283587072253,True,0,False,2,96.5062029988471,0,465,3354397,68.28628388917794
2024-01-06 04:30:00,node-us-east-1a-01,us-east-1,1a,shard-001,712,35.56909861983874,46.731584079349616,37.03701646539322,144.36454339937674,251.945015802167,46.50513992461996,39.245025496908305,True,0,True,0,91.6836371908538,0,351,2333397,46.94801146961217
2024-01-06 04:30:00,node-us-east-1b-02,us-east-1,1b,shard-002,447,30.08146538923837,79.91508946472834,39.987507839566874,90.88949337808653,148.3295007603875,36.503558070144734,18.81463570478122,True,0,False,19,87.75064107182702,0,373,3811187,64.73696780969422
2024-01-06 04:30:00,node-us-east-1c-03,us-east-1,1c,shard-001,580,32.38466432903563,60.0659496437918,62.09401171338524,121.73536935851305,206.83692614400164,38.62591132939061,24.899366889801616,True,0,False,26,91.41977226775828,0,189,2813600,32.96484379841531
2024-01-06 04:30:00,node-us-west-2a-01,us-west-2,2a,shard-003,172,24.042130821613107,61.26084196262457,30.18562332436143,35.20127059909287,47.57088116194461,16.24317450711044,8.581387012065449,True,0,True,0,93.4648539590449,0,124,4696274,39.01168567810317
2024-01-06 04:30:00,node-us-west-2b-02,us-west-2,2b,shard-004,452,29.922476577527704,78.71610517436496,34.34361773858936,79.02827214685709,138.02194463566184,32.57437945517191,20.83976942591637,True,0,False,23,95.41104984252915,0,174,3570093,32.872140074903086
2024-01-06 04:30:00,node-eu-west-1a-01,eu-west-1,1a,shard-002,395,26.419389734692853,55.690334176933526,44.55434679148467,65.21538472740073,120.8868617429318,28.278145844503044,20.10791409153701,True,0,False,37,96.82816403538668,0,276,2644419,48.527677024793476
2024-01-06 04:45:00,node-us-east-1a-01,us-east-1,1a,shard-001,809,37.14571151680208,63.1547034501071,31.519537530557116,170.55599517876644,223.59901907145354,65.86902197930146,47.50806686096055,True,0,True,0,88.64223684092775,1,483,2220118,87.81265258972678
2024-01-06 04:45:00,node-us-east-1b-02,us-east-1,1b,shard-002,292,26.657379634299346,50.291161427414295,59.002667312481435,49.55173397617326,76.70616466363919,20.081368797959016,13.558979529410724,True,0,False,14,86.24015806761611,0,156,4472183,55.11558410480649
2024-01-06 04:45:00,node-us-east-1c-03,us-east-1,1c,shard-001,522,31.261014030401146,71.76656017750022,47.94998090398816,116.69164670696419,145.25218301801613,41.70593015976146,25.976120604366113,True,0,False,49,97.9531969707858,0,187,3098509,75.60159993949924
2024-01-06 04:45:00,node-us-west-2a-01,us-west-2,2a,shard-003,166,22.92940021687783,62.08703978310679,53.950123554554075,38.19309088988317,50.454238040315445,14.66813020872412,8.063405809010177,True,0,True,0,85.91194763454136,0,121,3397754,84.79406452959401
2024-01-06 04:45:00,node-us-west-2b-02,us-west-2,2b,shard-004,424,29.44319941390374,66.77386596111718,43.98238615766242,90.77489474526189,103.10551869050938,38.1628071076248,18.30944740772047,True,0,False,50,89.37155415753924,0,212,2730392,85.75866077366624
2024-01-06 04:45:00,node-eu-west-1a-01,eu-west-1,1a,shard-002,119,22.01261665794081,51.85639919443165,48.162029764611965,19.923643225458036,35.50375376350535,10.494906744409697,5.540453114088283,True,0,False,23,87.99395467716468,0,331,3729109,98.80715564005794
2024-01-06 05:00:00,node-us-east-1a-01,us-east-1,1a,shard-001,549,28.828254092435724,69.50094188453343,54.412560168873156,94.43635380650936,184.74692405095993,48.32433926781868,28.64543163219648,True,0,True,0,91.69387067356448,0,328,2204125,42.10073188723406
2024-01-06 05:00:00,node-us-east-1b-02,us-east-1,1b,shard-002,384,27.930416438207235,59.61355285272985,43.94162380954734,71.79387083288364,113.97897151970722,33.01890271624029,16.040651318811364,True,0,False,21,89.87977093860793,0,344,4494880,93.7863812815787
2024-01-06 05:00:00,node-us-east-1c-03,us-east-1,1c,shard-001,663,34.4634901691324,59.56890027941903,36.70067999223372,147.6662520597767,231.33081734281788,46.78385533174983,33.40011056505902,True,0,False,12,85.06389734481085,0,50,2950251,93.10441679363115
2024-01-06 05:00:00,node-us-west-2a-01,us-west-2,2a,shard-003,245,24.112698383343258,73.88359944406105,58.84945630070675,53.956983891181885,87.38619869817985,18.938139858929674,13.647692374045983,True,0,True,0,97.2786450601076,0,53,1048720,39.44158325010243
2024-01-06 05:00:00,node-us-west-2b-02,us-west-2,2b,shard-004,379,28.215903693699474,76.94196373353107,65.67744704458498,86.31053193090872,106.71839844709159,30.836170239610773,15.855105566607836,True,0,False,44,89.32413381376871,0,119,3329828,36.71419086020129
2024-01-06 05:00:00,node-eu-west-1a-01,eu-west-1,1a,shard-002,180,22.89040547265338,50.45008104524307,50.52700888548351,29.236005718567224,60.683898026158815,11.740762848068055,7.882929176499884,True,0,False,24,97.98617032270178,0,290,3844803,55.86666267250885
2024-01-06 05:15:00,node-us-east-1a-01,us-east-1,1a,shard-001,873,38.25156784333031,40.22050970919527,68.00873194675408,160.16438168775218,285.8903642378385,59.66260643270296,50.304961202536326,True,0,True,0,94.23612708254839,0,495,1831142,46.436024362371164
2024-01-06 05:15:00,node-us-east-1b-02,us-east-1,1b,shard-002,733,33.505827327074826,70.50993502624969,55.89164151377649,140.75821330772578,234.1705886719877,66.42150148596413,31.152087111794195,True,0,False,16,93.24942879837803,0,129,1879102,76.91364340114009
2024-01-06 05:15:00,node-us-east-1c-03,us-east-1,1c,shard-001,473,28.561376518282245,56.27943312585525,42.20644106756373,100.68831587419194,131.7138601943175,30.82998180300083,26.375257048514587,True,0,False,40,93.96815877281031,0,160,2488043,91.19868934374747
2024-01-06 05:15:00,node-us-west-2a-01,us-west-2,2a,shard-003,255,25.785264814896937,67.43890364731944,45.912833515361584,47.36903853768432,63.11684724808805,23.880012428314433,10.312845793990105,True,0,True,0,94.63545479617936,0,200,4429965,97.1575180823268
2024-01-06 05:15:00,node-us-west-2b-02,us-west-2,2b,shard-004,354,27.766859237491545,68.19810308789017,64.03046797448962,61.946849044914316,107.14540187943454,25.161432067047105,20.154005937681532,True,0,False,37,85.55772047621504,0,387,2166120,68.01057951865145
2024-01-06 05:15:00,node-eu-west-1a-01,eu-west-1,1a,shard-002,263,26.0066366447382,77.83114985885368,33.87404588054531,51.43803505386709,65.51406022140077,21.617629403753334,11.7450590384417,True,0,False,6,91.59977171381996,0,212,4794896,29.424505534687775
2024-01-06 05:30:00,node-us-east-1a-01,us-east-1,1a,shard-001,615,31.203040432485587,73.62412234605044,42.44296731620776,133.0832496355523,220.30118851616712,44.089934493016315,34.72317182732151,True,0,True,0,87.11243685044123,0,240,1544451,90.48962880875125
2024-01-06 05:30:00,node-us-east-1b-02,us-east-1,1b,shard-002,645,35.09873835418919,45.088000579984076,36.07794551993008,127.41276303406157,226.17350176883198,58.10080546937125,34.85343896802722,True,0,False,19,89.73251745207317,0,480,1913135,90.70976233647247
2024-01-06 05:30:00,node-us-east-1c-03,us-east-1,1c,shard-001,795,33.05892670130676,66.308504274519,48.50457209976382,154.79077099813244,192.5973807072395,61.73157940372165,47.41772355168857,True,0,False,6,86.32274166002506,0,286,2744683,35.192245539391045
2024-01-06 05:30:00,node-us-west-2a-01,us-west-2,2a,shard-003,372,28.875354885171806,46.95567171818762,53.65867076820372,66.36649788773005,104.06943157985481,35.01378762167922,15.767381227156454,True,0,True,0,93.6312411754378,0,65,4485875,81.76037811824975
2024-01-06 05:30:00,node-us-west-2b-02,us-west-2,2b,shard-004,125,22.16855201676099,79.92115895489454,38.10188467045774,20.770102083634175,39.80125304035298,9.789975386229612,5.419021893145723,True,0,False,27,92.08277409073592,0,405,1644992,48.12572547789963
2024-01-06 05:30:00,node-eu-west-1a-01,eu-west-1,1a,shard-002,260,24.343014005394792,42.73051329491938,30.570186890229877,60.57538655591517,91.77004277865015,23.757112770417503,14.114203921283185,True,0,False,38,92.5116020466066,0,257,2342877,60.01981470965315
2024-01-06 05:45:00,node-us-east-1a-01,us-east-1,1a,shard-001,275,25.804742509355467,52.3598653358795,37.15342326975033,55.842864511943446,84.63377307103414,17.975055084275724,13.243860436086877,True,0,True,0,88.48633659754694,0,372,3859572,79.60085182946881
2024-01-06 05:45:00,node-us-east-1b-02,us-east-1,1b,shard-002,348,27.452809002708033,59.97747304476813,48.72462424247056,58.64459493018047,84.44205764601301,25.86433319233741,16.638148992019048,True,0,False,14,85.94759889741985,0,52,2551898,65.55305442690185
2024-01-06 05:45:00,node-us-east-1c-03,us-east-1,1c,shard-001,552,32.96367022770974,60.80290995323841,40.47199213821733,92.56496171583586,145.42425391880923,47.521041311090244,31.157396088430463,True,0,False,32,85.8203542012625,0,306,4232415,23.12318713947085
2024-01-06 05:45:00,node-us-west-2a-01,us-west-2,2a,shard-003,481,31.183730425021412,63.140418243155175,30.066185875976434,99.64322936465098,127.84860844178904,42.67884532515502,28.456955113965513,True,0,True,0,88.89855517861606,0,67,2413562,82.8565591440155
2024-01-06 05:45:00,node-us-west-2b-02,us-west-2,2b,shard-004,274,26.14147665773322,71.48017868658215,41.112768600997335,53.001406820923464,82.34469980524354,19.852919644782123,16.27265690203166,True,0,False,7,94.89125460160979,0,300,3948153,60.64807015515314
2024-01-06 05:45:00,node-eu-west-1a-01,eu-west-1,1a,shard-002,530,32.19068832260585,65.86977825439669,50.992247161452205,104.26157876035599,162.66209207051892,41.4678630802793,24.28188776354068,True,0,False,9,86.3289458180818,0,472,1639414,39.3453936460645
2024-01-06 06:00:00,node-us-east-1a-01,us-east-1,1a,shard-001,955,40.71072102098887,54.402170989525544,68.1662223233118,155.58703647544343,265.1093046676236,70.94018113894067,39.629497057589845,True,0,True,0,96.07455490054492,1,80,4059575,61.34593693931215
2024-01-06 06:00:00,node-us-east-1b-02,us-east-1,1b,shard-002,650,31.329875532000777,62.44486140645311,49.95117529393304,155.39019756046633,214.39020941522293,60.59821872290096,29.719590669638695,True,0,False,46,94.86393596513828,0,129,2521033,37.951547654868214
2024-01-06 06:00:00,node-us-east-1c-03,us-east-1,1c,shard-001,487,30.000722505801818,60.60368982065717,53.28010095465355,111.88428619035713,118.00858832380595,44.08262214366572,25.393117555400856,True,0,False,1,92.33794137017605,0,250,4717107,76.06059574263273
2024-01-06 06:00:00,node-us-west-2a-01,us-west-2,2a,shard-003,421,29.615382851735873,44.20342379390035,37.62044528880593,100.34883350423767,149.06075278115156,36.87817598649619,23.17887047547252,True,0,True,0,92.81332309915639,0,58,1676473,59.43151014594598
2024-01-06 06:00:00,node-us-west-2b-02,us-west-2,2b,shard-004,357,26.505700761902354,42.486096192033635,68.81794168358803,62.12265644026388,96.93630742128673,27.698321237537638,16.487718088113418,True,0,False,42,97.67289825342932,0,139,2005529,86.5231613594586
2024-01-06 06:00:00,node-eu-west-1a-01,eu-west-1,1a,shard-002,580,31.50583110949305,61.17991340589509,35.431107182682545,111.98913497921436,169.79128541666282,37.550742282681995,29.718604038229312,True,0,False,15,95.56042383745991,0,483,4943679,37.94720672582619
2024-01-06 06:15:00,node-us-east-1a-01,us-east-1,1a,shard-001,346,26.39764456193646,72.27047002127132,58.1853808586438,59.215108349576425,108.96230809696793,31.500391062327814,15.825628422611356,True,0,True,0,87.23287150536156,0,284,3409564,50.149906113262944
2024-01-06 06:15:00,node-us-east-1b-02,us-east-1,1b,shard-002,327,27.229135697287422,49.51676863230901,51.41989451390684,73.05424464034833,102.7157916788571,23.064680256723637,13.681311626533496,True,0,False,16,88.05861448281863,0,431,2318778,87.51211568909685
2024-01-06 06:15:00,node-us-east-1c-03,us-east-1,1c,shard-001,287,26.044105235392337,57.64356175580286,48.22699307607541,67.47093824603365,80.25737879692954,25.55965555390077,12.75144266936247,True,0,False,42,90.89200984654693,0,290,3636919,65.05038200516688
2024-01-06 06:15:00,node-us-west-2a-01,us-west-2,2a,shard-003,221,24.15253509428947,45.27953546288616,60.87775659179226,44.13085459249648,56.02509594996498,19.696780380389747,12.674968462947659,True,0,True,0,90.72679416876342,0,255,4050271,90.72133525430692
2024-01-06 06:15:00,node-us-west-2b-02,us-west-2,2b,shard-004,206,24.039174087672116,76.09412138190757,53.101033831269945,39.17284718822609,72.54185765173098,17.673424763504563,11.483670902883775,True,0,False,22,95.38953120824102,0,458,1237816,73.98648205605252
2024-01-06 06:15:00,node-eu-west-1a-01,eu-west-1,1a,shard-002,462,28.00030656228283,43.412690563520265,53.74954017934643,108.1530170622532,129.68974814008436,33.4089964517299,19.259709674212097,True,0,False,42,88.07281202715332,0,348,1099743,49.404746460410365
2024-01-06 06:30:00,node-us-east-1a-01,us-east-1,1a,shard-001,415,27.41034399973607,60.65355048285207,68.17564381814154,70.17086330041136,128.62571234631778,36.10052313229479,23.258943931980184,True,0,True,0,92.85472512634907,0,192,3387094,36.21826294753255
2024-01-06 06:30:00,node-us-east-1b-02,us-east-1,1b,shard-002,156,23.24788289707019,51.24456106778351,67.57613383352232,31.874674082154243,47.024700467491385,13.456036239589311,8.650286200493962,True,0,False,43,92.55489431203465,0,344,3080063,28.10710295708125
2024-01-06 06:30:00,node-us-east-1c-03,us-east-1,1c,shard-001,309,26.78349131274089,46.00947670735091,58.501611595642416,61.066437194786666,106.40252169316281,20.471572690428804,15.557747302229599,True,0,False,6,86.59740468868445,0,218,1795146,45.25658657735478
2024-01-06 06:30:00,node-us-west-2a-01,us-west-2,2a,shard-003,198,24.44914579433705,50.36611676885849,43.65288582378029,44.30429890024568,52.281695206835536,15.583057771623652,11.409455035459395,True,0,True,0,93.40935664268646,0,162,3753633,64.56765713556032
2024-01-06 06:30:00,node-us-west-2b-02,us-west-2,2b,shard-004,251,25.40442514156107,69.92551346310849,37.93023013157487,52.28353038363115,82.13672690299778,20.93827569552266,12.852627638045655,True,0,False,9,88.7802206372472,0,258,4047710,22.19776457697354
2024-01-06 06:30:00,node-eu-west-1a-01,eu-west-1,1a,shard-002,360,28.540172948398272,65.24237201281557,60.707517937904015,68.61031373541613,129.49825892523577,34.35651918828241,19.82616113408033,True,0,False,24,85.88794476520444,0,426,3513444,39.4407335545375
2024-01-06 06:45:00,node-us-east-1a-01,us-east-1,1a,shard-001,713,36.103649060222835,66.65240975696895,38.972968081398456,165.27495645966897,192.20726702149506,66.47907662284398,42.5544529766627,True,0,True,0,92.19149461483438,0,249,3127532,31.634300383362763
2024-01-06 06:45:00,node-us-east-1b-02,us-east-1,1b,shard-002,796,34.01475562898149,59.41274849118385,66.20936243631716,177.14223348891278,247.9944749612042,58.754237741508454,39.20213958112065,True,0,False,1,92.66438778601832,0,445,2561980,35.64226265833253
2024-01-06 06:45:00,node-us-east-1c-03,us-east-1,1c,shard-001,389,27.90149251855906,72.67827592013786,47.55832408601236,73.10978755003705,98.62310241510018,30.764859692724677,21.970735235333887,True,0,False,2,85.75312790369763,0,253,1966798,63.603220554400075
2024-01-06 06:45:00,node-us-west-2a-01,us-west-2,2a,shard-003,303,25.489965512745094,58.59776507442973,63.733242289371404,65.5134418930582,81.78486338588382,27.980937704811424,15.443386017096419,True,0,True,0,97.59350053760433,0,119,1084480,70.81694397984131
2024-01-06 06:45:00,node-us-west-2b-02,us-west-2,2b,shard-004,279,24.933281921138985,56.90368028474671,33.34909909580122,47.961821947927085,68.4290211746222,23.219937574547377,15.668996703940465,True,0,False,3,86.74952124480546,0,307,3983303,89.94981052047503
2024-01-06 06:45:00,node-eu-west-1a-01,eu-west-1,1a,shard-002,387,27.93860757605346,43.87975245398961,45.870114451097095,78.91768929534156,132.26881577803107,36.273241335336245,19.051953276980154,True,0,False,5,85.67776461970544,0,316,1671756,93.33213095615227
2024-01-06 07:00:00,node-us-east-1a-01,us-east-1,1a,shard-001,558,31.57962454043298,41.131704760243466,31.162028163663905,98.32296958478467,150.9481342020007,46.90042171416324,23.306144550472563,True,0,True,0,87.43599262618685,0,58,3767267,75.01497660860484
2024-01-06 07:00:00,node-us-east-1b-02,us-east-1,1b,shard-002,255,25.072037300460305,44.02636267933863,62.525572858973064,51.74804560232377,73.34295235035758,23.964553504944863,12.938108473756518,True,0,False,39,90.74797393909904,0,85,4418726,29.021691054019403
2024-01-06 07:00:00,node-us-east-1c-03,us-east-1,1c,shard-001,236,25.51404519321076,74.26047781343844,64.41981639977139,38.31045032210003,65.14350641244522,17.377775554395377,12.150298066434297,True,0,False,21,94.64828688761561,0,136,4454332,61.58615657960838
2024-01-06 07:00:00,node-us-west-2a-01,us-west-2,2a,shard-003,523,32.329177692601725,70.07670881531718,46.31387430944409,118.79552542703588,162.3412700978982,45.360644715669075,25.268503193671012,True,0,True,0,90.41371598672386,0,278,2374310,65.71999507723831
2024-01-06 07:00:00,node-us-west-2b-02,us-west-2,2b,shard-004,348,27.507569588362443,61.49874215926026,35.113464561779686,69.49664181499702,100.78826707506165,32.50573491128639,19.360768804617717,True,0,False,2,94.4592536247489,0,499,2387247,33.4344056980421
2024-01-06 07:00:00,node-eu-west-1a-01,eu-west-1,1a,shard-002,590,30.10775056044576,60.38692231825136,37.10051851097471,119.18612068304601,143.97010599114202,49.627381905632696,31.58163480620231,True,0,False,43,96.69548140353021,0,160,2719780,46.63437007462679
2024-01-06 07:15:00,node-us-east-1a-01,us-east-1,1a,shard-001,754,35.524113854497315,47.47574509364193,38.23962118957222,178.7783165210864,261.33585947845,55.87948726706662,38.01279213659278,True,0,True,0,91.12750412303191,0,462,1103512,54.09701499775367
2024-01-06 07:15:00,node-us-east-1b-02,us-east-1,1b,shard-002,245,25.55090076960343,41.544280451248255,41.891947461625634,52.83820689406663,83.31758674176744,18.628133612040607,14.569613823133478,True,0,False,37,88.92043131545913,0,421,1626651,74.79860533549245
2024-01-06 07:15:00,node-us-east-1c-03,us-east-1,1c,shard-001,380,26.815868451988706,71.89027540827773,38.71863037074443,81.46699622426829,121.08749752418336,28.09545955534856,17.403902306129893,True,0,False,45,94.08747625102178,0,468,3852640,72.84666879227484
2024-01-06 07:15:00,node-us-west-2a-01,us-west-2,2a,shard-003,342,27.620462955877866,51.66662903738397,53.069653676918136,57.210369957562435,93.93407358084684,31.655764878415585,16.912129852977344,True,0,True,0,96.46129151080187,0,292,2446789,90.36028531620698
2024-01-06 07:15:00,node-us-west-2b-02,us-west-2,2b,shard-004,480,28.079006625333022,48.21388405674891,49.18845143756538,99.50750112251544,169.35397350864395,32.92421702771718,22.804807124298325,True,0,False,19,89.77295104833259,0,198,1428076,61.44214430524663
2024-01-06 07:15:00,node-eu-west-1a-01,eu-west-1,1a,shard-002,613,34.11115183849704,52.88034680252087,32.18585179497085,100.40994876263152,206.804234819555,57.38984060697053,36.048581888293675,True,0,False,46,96.47034690938358,0,217,2372132,91.10687549060644
2024-01-06 07:30:00,node-us-east-1a-01,us-east-1,1a,shard-001,576,29.878523567152342,73.3750228082128,44.74977446577503,134.98730577775132,160.7553556825428,49.278010084361156,24.881822217491393,True,0,True,0,86.68933436556915,0,274,4743438,91.65311570748463
2024-01-06 07:30:00,node-us-east-1b-02,us-east-1,1b,shard-002,428,29.969029056443524,66.07280076919326,42.17016062804174,100.35760228176188,133.26376553299687,39.776373369791514,22.811892000145342,True,0,False,16,96.71241719597457,0,213,3479171,40.50297923290991
2024-01-06 07:30:00,node-us-east-1c-03,us-east-1,1c,shard-001,478,30.74485284696946,69.15341227472096,50.98728949648459,86.26406097183167,130.00970018602254,36.08842745913638,27.043619681665554,True,0,False,46,89.45895725481891,0,373,4265558,22.970793855627292
2024-01-06 07:30:00,node-us-west-2a-01,us-west-2,2a,shard-003,512,29.275410028216648,48.671564299203,66.85779760672696,95.19629774475392,127.37905430484396,39.50259800141159,26.57393181515683,True,0,True,0,92.05584108765017,0,423,1193211,24.82366810498986
2024-01-06 07:30:00,node-us-west-2b-02,us-west-2,2b,shard-004,239,24.972296515453237,40.29838520551199,50.362359003975044,45.48857485445444,68.03686000742744,22.295346257901933,13.125008859575082,True,0,False,42,87.54158795953974,0,490,4603826,33.87879596124387
2024-01-06 07:30:00,node-eu-west-1a-01,eu-west-1,1a,shard-002,326,26.28172719043147,74.2480317342737,67.82105486969876,64.8720191832741,92.58003929193302,20.99674935225894,14.087648481809614,True,0,False,21,87.55096470182573,0,440,1703339,35.23605433587071
2024-01-06 07:45:00,node-us-east-1a-01,us-east-1,1a,shard-001,345,27.99756098360629,79.2219099271277,65.72416311703003,78.3101979540599,103.81832864340379,26.53129045686782,20.067537335351478,True,0,True,0,93.27004256606641,0,350,4804904,52.502868837762875
2024-01-06 07:45:00,node-us-east-1b-02,us-east-1,1b,shard-002,644,35.291050582958135,74.69684706955292,41.558910244048334,125.65855356689833,159.55684677053523,49.98723282346891,36.72543929088006,True,0,False,26,89.07757244524413,0,142,3273961,32.60799170851149
2024-01-06 07:45:00,node-us-east-1c-03,us-east-1,1c,shard-001,438,29.89998631363321,46.204981872636154,41.89645586761735,103.6757379055082,135.79402149252337,38.16169271563996,21.078668914371786,True,0,False,26,94.22242717529834,0,140,2384973,52.407785538736164
2024-01-06 07:45:00,node-us-west-2a-01,us-west-2,2a,shard-003,547,32.66752461755558,79.66587381633013,49.52520290061808,107.05906653024698,176.92446296131476,46.87602496633363,27.455628888754724,True,0,True,0,94.65962972056722,0,157,1184859,43.28945548354196
2024-01-06 07:45:00,node-us-west-2b-02,us-west-2,2b,shard-004,439,27.69591396537966,43.34894444282526,33.241341603447744,95.53849681676016,147.5608905656559,33.78153015539074,19.530818649512554,True,0,False,44,88.37411278978757,0,354,3765875,72.13411196559116
2024-01-06 07:45:00,node-eu-west-1a-01,eu-west-1,1a,shard-002,612,31.897728475758502,76.24116446610991,69.65349519757962,124.73868413072458,192.2790086825779,50.35962798529479,32.80960590427867,True,0,False,8,89.86759381944037,0,168,2616494,36.782267114154486
2024-01-06 08:00:00,node-us-east-1a-01,us-east-1,1a,shard-001,652,30.964862284081704,61.969127500717015,60.39733414974569,129.51844885134247,225.99945707921705,55.29480520336001,26.19115853717023,True,0,True,0,94.38100775959212,0,412,4776804,96.13087609822593
2024-01-06 08:00:00,node-us-east-1b-02,us-east-1,1b,shard-002,438,27.911399430278635,70.62506214970301,61.728511169342774,84.51722190330008,134.97873887992625,28.861584353430025,23.19803494376121,True,0,False,44,88.16185957856058,0,365,1719119,55.21330049761117
2024-01-06 08:00:00,node-us-east-1c-03,us-east-1,1c,shard-001,572,31.429843881768015,70.6477980602738,65.55977834773586,103.04957043209981,169.62664633777746,53.478315565189185,23.73768032202689,True,0,False,10,93.496289603076,0,174,3441444,83.68537700877667
2024-01-06 08:00:00,node-us-west-2a-01,us-west-2,2a,shard-003,507,31.850281941079317,56.84587666777534,61.566934447745666,98.60155756736322,168.4748970954482,38.30206546544097,21.82721612571724,True,0,True,0,94.34559382464555,0,82,3666349,52.465879890821526
2024-01-06 08:00:00,node-us-west-2b-02,us-west-2,2b,shard-004,392,29.214097397433946,45.27941099185925,31.559833716957467,71.43743751227255,116.19372395163192,30.039834989482223,16.417850843634902,True,0,False,19,87.67005878102336,0,69,1274175,87.52881018533938
2024-01-06 08:00:00,node-eu-west-1a-01,eu-west-1,1a,shard-002,376,26.388495465543837,60.743321423744696,32.88954960114965,73.35002111566327,123.303565456673,24.59542355247772,18.97688607967056,True,0,False,11,95.86114655135364,0,500,1711191,47.843084464377625
2024-01-06 08:15:00,node-us-east-1a-01,us-east-1,1a,shard-001,640,32.45890050650535,69.64514460530013,67.74951197370417,110.88305609879625,204.31608198234454,55.8220448432091,29.738815091654175,True,0,True,0,89.8204021118706,0,279,3006022,37.98683091105392
2024-01-06 08:15:00,node-us-east-1b-02,us-east-1,1b,shard-002,168,22.878491760956873,66.656285154842,42.588571126564986,31.81715095541386,58.085838046108364,15.338513694904215,8.088228360353776,True,0,False,12,94.9930192299194,0,219,2536525,64.60511677899723
2024-01-06 08:15:00,node-us-east-1c-03,us-east-1,1c,shard-001,718,33.962743191864575,56.4243893040208,42.73564373356592,131.2478265301885,180.7338104726659,65.10207912113384,41.10257630499324,True,0,False,38,85.72310062077769,0,276,3567843,40.22941889391424
2024-01-06 08:15:00,node-us-west-2a-01,us-west-2,2a,shard-003,224,25.358474719090957,59.49727035829433,37.36463382837285,52.88162798806808,60.32984060477092,17.38995223613265,12.058454887673843,True,0,True,0,86.09482926895696,0,149,4605364,68.48878383842592
2024-01-06 08:15:00,node-us-west-2b-02,us-west-2,2b,shard-004,184,23.854564400681973,72.9302834352054,57.84198112028414,30.967368064702793,59.58742172745704,16.764332244130767,9.748181289184341,True,0,False,11,92.96851677253399,0,109,4259568,82.16382800679625
2024-01-06 08:15:00,node-eu-west-1a-01,eu-west-1,1a,shard-002,494,28.64082689232015,45.31941001997585,42.928925421638226,112.18987780387886,152.09248090616697,32.3098635217681,26.354715342101603,True,0,False,32,86.39512616614364,0,415,4367006,45.61693304496191
2024-01-06 08:30:00,node-us-east-1a-01,us-east-1,1a,shard-001,377,26.984187504563717,77.80448735623166,64.6975613993036,77.61550927080047,128.42519734109922,32.53078956096632,22.51742157257375,True,0,True,0,95.95890751718625,0,60,3327489,89.33107390804102
2024-01-06 08:30:00,node-us-east-1b-02,us-east-1,1b,shard-002,414,29.405738406030007,53.63717888707798,53.42131204561888,74.4178414600099,126.47772399156337,30.013878968234685,18.560669769593808,True,0,False,48,89.58084632579173,0,292,1805454,68.16982204045001
2024-01-06 08:30:00,node-us-east-1c-03,us-east-1,1c,shard-001,294,25.464632054346705,44.594113210371084,41.533745579768556,60.4617428801294,104.90858188407154,23.76802753235021,17.288817902145116,True,0,False,13,97.82334748784366,0,182,2922751,68.32506863001899
2024-01-06 08:30:00,node-us-west-2a-01,us-west-2,2a,shard-003,147,23.315928329960332,41.42098678424942,55.63400927008087,25.002999722607793,46.924512770342226,10.75776052892771,7.127344146636654,True,0,True,0,96.65913458428068,0,240,4058592,58.54213549532696
2024-01-06 08:30:00,node-us-west-2b-02,us-west-2,2b,shard-004,427,27.93770657281616,63.48692689702747,36.1236074024451,99.66385067700656,148.28265067852925,29.847341658500884,25.594994108752783,True,0,False,17,96.17938074268915,0,72,1455660,54.69732896954902
2024-01-06 08:30:00,node-eu-west-1a-01,eu-west-1,1a,shard-002,379,27.733687457025354,62.01194110014126,55.90016447910224,67.62438121843851,122.30496084829701,25.555724072465985,20.66549447626175,True,0,False,47,93.58032118084178,0,466,4801288,23.038435144113745
2024-01-06 08:45:00,node-us-east-1a-01,us-east-1,1a,shard-001,388,26.547681080739967,74.25405931826343,68.76995651200134,75.98628459939955,97.66578293809579,27.33846052465522,18.65228618561342,True,0,True,0,94.07885717411497,0,213,1038413,98.54199158574387
2024-01-06 08:45:00,node-us-east-1b-02,us-east-1,1b,shard-002,493,30.465813728717066,55.65391455192444,62.003121656500085,100.95293841659868,130.848028927854,43.24174136079209,29.259581684854354,True,0,False,48,90.07880419642508,0,120,2104958,87.86926468400347
2024-01-06 08:45:00,node-us-east-1c-03,us-east-1,1c,shard-001,530,30.13951953332485,76.90642515960312,40.508273348834045,116.37422027742234,187.45475227994842,38.842951430584,28.34618554630257,True,0,False,48,91.83789932739094,0,472,3000342,33.762540516685426
2024-01-06 08:45:00,node-us-west-2a-01,us-west-2,2a,shard-003,538,29.909790493708243,66.31299062052366,42.28361177530992,91.87856528543534,192.11446541614052,50.8777135349275,23.65488137964859,True,0,True,0,94.5253852609781,0,222,1418069,40.11227739215922
2024-01-06 08:45:00,node-us-west-2b-02,us-west-2,2b,shard-004,241,25.444429295660488,75.36691579430497,34.84565231532095,54.844043115387485,73.0458022387654,22.26909199775031,13.169725450710693,True,0,False,20,93.18337868726341,0,415,2203973,98.23321387990107
2024-01-06 08:45:00,node-eu-west-1a-01,eu-west-1,1a,shard-002,339,25.589056593924344,60.10026593644073,49.26566612040904,67.06478526246251,111.07703395586641,28.41844884692537,17.293464077992784,True,0,False,27,92.46054596803104,0,78,3073062,73.88739732756969
2024-01-06 09:00:00,node-us-east-1a-01,us-east-1,1a,shard-001,199,24.443663895680423,79.44831124861346,33.63592776154094,36.371741037446824,65.20509494878571,16.034527375386972,10.221711309227956,True,0,True,0,90.97481757456832,0,472,2043620,51.02197010957154
2024-01-06 09:00:00,node-us-east-1b-02,us-east-1,1b,shard-002,267,25.671568240732086,48.847986708594846,46.20753512015278,56.17063253904306,82.66207783730341,20.9484610832848,14.672065768587265,True,0,False,26,92.96294918091355,0,244,1356714,42.91853987021692
2024-01-06 09:00:00,node-us-east-1c-03,us-east-1,1c,shard-001,257,26.12158812582657,70.46941813998399,54.72744632195314,59.40246368062017,70.0760846547962,22.564914509655903,12.987362878975054,True,0,False,31,86.54734025687239,0,234,4512099,63.72353009810914
2024-01-06 09:00:00,node-us-west-2a-01,us-west-2,2a,shard-003,618,30.350403443041813,53.16921404822497,55.683235682490874,146.9698339528296,184.0277768296346,47.98564501949802,36.268650956294856,True,0,True,0,85.08190606056071,0,250,3972751,21.431702460303576
2024-01-06 09:00:00,node-us-west-2b-02,us-west-2,2b,shard-004,341,26.017571710330536,45.1001727639978,51.54680444230591,70.21220902252142,106.55684781906791,26.724585120085127,13.857403443559573,True,0,False,16,93.16341487097905,0,368,3242853,27.78903639755577
2024-01-06 09:00:00,node-eu-west-1a-01,eu-west-1,1a,shard-002,138,23.044284718867186,47.448628915602214,67.9264981548454,25.549569336659086,39.35340417811211,12.63364934236727,7.990819221398055,True,0,False,28,92.9455585980074,0,63,3139473,70.9229811270639
2024-01-06 09:15:00,node-us-east-1a-01,us-east-1,1a,shard-001,503,31.514311421102462,53.614761268250476,57.41252808159957,90.24758332223402,168.55350395198298,39.7571639421509,29.463666048133526,True,0,True,0,94.57998914057337,0,322,2741155,65.7059351466969
2024-01-06 09:15:00,node-us-east-1b-02,us-east-1,1b,shard-002,394,26.411082103431593,71.86349540023014,45.125106181181074,74.77771837196883,124.45661551630583,36.64296758469178,21.99494505267685,True,0,False,22,94.15714903057861,0,204,3485008,40.737133732004736
2024-01-06 09:15:00,node-us-east-1c-03,us-east-1,1c,shard-001,206,23.9697538046845,43.06399461644603,41.10375363561057,45.925839842935815,56.67848249388628,13.53507481511241,10.144347230303449,True,0,False,16,95.30097358091253,0,381,4448331,67.58539372556663
2024-01-06 09:15:00,node-us-west-2a-01,us-west-2,2a,shard-003,151,22.690842137778148,65.21947891130802,47.05938441052135,35.39131244531123,37.473204622593144,11.670211341061107,6.37490357125216,True,0,True,0,93.15185360100219,0,191,4757420,82.09751743775092
2024-01-06 09:15:00,node-us-west-2b-02,us-west-2,2b,shard-004,127,22.22202835620925,77.26132319655414,42.55950540697111,26.63377093947945,34.91656895363435,10.35198235702843,5.994995698645886,True,0,False,31,95.55125507881831,0,122,2069567,20.562739788783446
2024-01-06 09:15:00,node-eu-west-1a-01,eu-west-1,1a,shard-002,533,30.11610818912205,45.47797951138837,50.3154415674153,94.17383606537389,139.43089664893876,35.38538114828883,25.21837410235184,True,0,False,33,97.72941457558716,0,62,2915975,88.82015503740784
2024-01-06 09:30:00,node-us-east-1a-01,us-east-1,1a,shard-001,629,30.678094539743057,42.48942964132908,57.795035311871985,101.86116200780936,175.76170279253148,51.13287804976804,30.69588582156848,True,0,True,0,86.99104765299084,0,360,1372018,58.85267224036397
2024-01-06 09:30:00,node-us-east-1b-02,us-east-1,1b,shard-002,556,30.80112395009408,45.58228075685641,50.51300113159472,101.16237144745604,176.3730363165014,44.974359883060835,28.790866665208014,True,0,False,10,87.02850556413898,0,309,1344236,54.892076634506246
2024-01-06 09:30:00,node-us-east-1c-03,us-east-1,1c,shard-001,284,26.105609871857386,54.43709698707212,40.43254581161733,57.904511204645424,93.38904388117079,23.495283554731856,13.71841415724418,True,0,False,21,96.5916715829517,0,468,1799446,40.94696855711503
2024-01-06 09:30:00,node-us-west-2a-01,us-west-2,2a,shard-003,369,26.82779693825261,40.528048020931756,33.241942266966014,60.55149959139519,117.02550458746434,25.142454086982546,18.812219847973978,True,0,True,0,89.6038278297194,0,344,4769685,91.46880375580193
2024-01-06 09:30:00,node-us-west-2b-02,us-west-2,2b,shard-004,166,23.354322225101217,63.21158936964499,30.53747027753779,29.422418428192714,42.21035136853008,11.841878980875837,8.986890780333754,True,0,False,31,85.89922988283936,0,224,4449766,34.68703607267494
2024-01-06 09:30:00,node-eu-west-1a-01,eu-west-1,1a,shard-002,544,32.03376359362763,59.55865146282997,37.35237400709058,88.75748874638539,174.77312517602206,38.917419763987944,23.899420619120246,True,0,False,6,97.50319678715735,0,113,3617034,46.393570027685314
2024-01-06 09:45:00,node-us-east-1a-01,us-east-1,1a,shard-001,650,32.958262357557146,61.31698103505116,37.559950624831714,123.10960080130448,233.63773171122884,57.97653289899799,28.60743595277652,True,0,True,0,91.03293604962505,0,128,3891135,51.331705220039645
2024-01-06 09:45:00,node-us-east-1b-02,us-east-1,1b,shard-002,449,27.4395702786137,75.3357194851717,35.40472228612729,105.14001332869616,117.56400319033486,37.02668343439903,23.25388012983997,True,0,False,44,97.53309804799576,0,55,3686117,57.337099996350204
2024-01-06 09:45:00,node-us-east-1c-03,us-east-1,1c,shard-001,524,30.20085921950991,48.70148797675533,69.36423325300078,125.62515831631114,160.3261417193866,35.40614362013188,24.68036826275869,True,0,False,2,91.57171208564051,0,458,4307284,26.7780478145923
2024-01-06 09:45:00,node-us-west-2a-01,us-west-2,2a,shard-003,394,28.876149136288234,46.74278874451807,41.95360007189568,83.12416695395012,98.85784170399357,35.11164525665792,21.435577706763915,True,0,True,0,85.84631092895904,0,199,3195576,90.58600579553544
2024-01-06 09:45:00,node-us-west-2b-02,us-west-2,2b,shard-004,230,23.85417941581145,59.53799767442682,59.379905215494986,47.08147510928132,75.45858098529744,17.879209959269637,11.112915347575525,True,0,False,11,95.22662848563228,0,171,3944596,85.79518296372008
2024-01-06 09:45:00,node-eu-west-1a-01,eu-west-1,1a,shard-002,372,25.995972851198193,63.50776819738154,57.49899109341499,66.39958170574697,104.51325015018145,23.873966127055986,16.26084073619024,True,0,False,29,92.36609330175565,0,458,2092558,77.19212924113089
2024-01-06 10:00:00,node-us-east-1a-01,us-east-1,1a,shard-001,574,29.415038436408423,41.03640612332078,34.41827497395472,119.45217362798655,204.02358067710168,51.36716931146895,32.90519952973652,True,0,True,0,90.32483517094047,0,130,4943212,66.99719973548432
2024-01-06 10:00:00,node-us-east-1b-02,us-east-1,1b,shard-002,587,29.48510348495389,40.41670169100196,62.36875629909027,111.97803910865827,194.14619346266122,40.53666727968852,27.68301386382769,True,0,False,27,92.26642966724032,0,245,2704902,71.65934971904976
2024-01-06 10:00:00,node-us-east-1c-03,us-east-1,1c,shard-001,464,30.21742277359479,63.636746732952034,67.29216092458287,81.8991758375145,114.32835421490165,39.64140381189349,24.329239446820935,True,0,False,19,93.78781008657033,0,451,1799284,38.394822168869965
2024-01-06 10:00:00,node-us-west-2a-01,us-west-2,2a,shard-003,426,29.82704743503728,69.18480245405445,46.626494897661274,89.05635724631401,138.08841856741086,29.732440571897545,18.810417654920585,True,0,True,0,92.48172561327213,0,284,3802570,48.31198875310914
2024-01-06 10:00:00,node-us-west-2b-02,us-west-2,2b,shard-004,192,23.76636137399634,64.43606987730429,34.084770132283275,33.16331979694242,66.10652431592626,16.090519045482253,11.509052076783819,True,0,False,27,85.647623411791,0,387,1296654,43.07192060128407
2024-01-06 10:00:00,node-eu-west-1a-01,eu-west-1,1a,shard-002,563,32.278571540621826,71.51174274506707,60.406480551563135,109.18644336473452,200.62697481509844,51.16704093963014,26.509252096136347,True,0,False,50,92.76356021913757,0,352,3563700,38.00640792080873
2024-01-06 10:15:00,node-us-east-1a-01,us-east-1,1a,shard-001,478,31.08023401157353,42.91904867018706,41.84756929254958,86.69615125495308,141.68605998168496,31.480430437505824,23.836906977262622,True,0,True,0,92.7868093642235,0,180,1953399,24.380047451640266
2024-01-06 10:15:00,node-us-east-1b-02,us-east-1,1b,shard-002,656,31.44701969761683,78.16256739418284,57.09262063606556,125.78204729332491,175.42058613053666,60.038538514083065,33.91720615341845,True,0,False,4,88.32972250019392,0,176,2131501,57.976477714512384
2024-01-06 10:15:00,node-us-east-1c-03,us-east-1,1c,shard-001,184,24.290352903190772,79.63944496783242,30.35844593220979,43.622811775529264,51.330165065951576,14.752089283704352,10.866947750505746,True,0,False,28,94.7471447778202,0,392,1551055,92.23721370609016
2024-01-06 10:15:00,node-us-west-2a-01,us-west-2,2a,shard-003,394,28.73236190707717,49.66250628385512,47.37938633045086,92.73251704542467,126.40538872900886,26.66941478767074,21.217230924082127,True,0,True,0,92.15855980839558,0,451,2248466,30.32721965661075
2024-01-06 10:15:00,node-us-west-2b-02,us-west-2,2b,shard-004,244,25.513054418735297,75.69246400986844,39.20620655237305,51.534557094809315,72.51885729122105,17.878855293504028,11.845845336105258,True,0,False,17,89.15904464891976,0,430,4285147,69.41720339539125
2024-01-06 10:15:00,node-eu-west-1a-01,eu-west-1,1a,shard-002,200,24.481595569440408,56.43032393618651,59.57649399606258,45.82130882432716,48.314921843752366,18.89371007253542,8.877818916286484,True,0,False,25,92.153267823844,0,167,2990619,77.63453676345495
2024-01-06 10:30:00,node-us-east-1a-01,us-east-1,1a,shard-001,579,30.94892779119793,78.04115036739054,68.74931991572221,104.73243846858729,161.4887854492334,38.84259931436161,25.785630320247623,True,0,True,0,91.3930768476769,0,261,4090476,76.99368976335468
2024-01-06 10:30:00,node-us-east-1b-02,us-east-1,1b,shard-002,315,27.16319473216649,68.30790305120067,47.0578117875934,64.34415527890567,108.04541359978698,27.215929603218356,15.401209273573796,True,0,False,13,86.59741863492879,0,468,2102249,52.77990990941759
2024-01-06 10:30:00,node-us-east-1c-03,us-east-1,1c,shard-001,530,30.266153687085463,62.791600813206614,60.4979756929941,110.39377914392264,171.228078922124,38.972836096033824,24.064843346620144,True,0,False,4,85.44744243238452,0,269,2959264,87.26236585357947
2024-01-06 10:30:00,node-us-west-2a-01,us-west-2,2a,shard-003,432,27.8420342487305,62.33731649141866,30.600982891189265,89.36051321559552,140.50631635375657,33.5779389895602,17.56575434720515,True,0,True,0,91.92446703581376,0,111,1724268,51.03503190699229
2024-01-06 10:30:00,node-us-west-2b-02,us-west-2,2b,shard-004,384,29.145674543433103,74.95487287106698,32.94617220032776,73.3454170165454,121.11169302393083,31.412489161552628,16.184249224005477,True,0,False,23,85.42888686560126,0,469,2544859,71.16374495306826
2024-01-06 10:30:00,node-eu-west-1a-01,eu-west-1,1a,shard-002,527,28.502924793303414,65.60491243878607,36.93686161615734,96.91830147932649,132.19817840512343,50.50659069844198,28.638870867738337,True,0,False,50,85.65497670124299,0,224,3564272,95.25995544067862
2024-01-06 10:45:00,node-us-east-1a-01,us-east-1,1a,shard-001,615,30.69730747896591,74.87274367561005,39.826655847663474,130.04588316250803,174.13799539300214,53.97205943923809,27.032088448856992,True,0,True,0,92.5493525018352,0,404,1953488,88.45151277794093
2024-01-06 10:45:00,node-us-east-1b-02,us-east-1,1b,shard-002,162,23.800072856208462,42.05032161042699,51.028294555079476,31.787709261467494,56.29209152107696,14.02330181032172,6.648937961777486,True,0,False,41,95.44099964587566,0,442,3519811,71.72210171201834
2024-01-06 10:45:00,node-us-east-1c-03,us-east-1,1c,shard-001,162,23.772174591911455,60.429410012181535,44.33343700335401,27.92320437901724,44.24087777858212,11.843972585820314,6.702097726288269,True,0,False,19,86.24079207205874,0,237,4705101,77.44869390300767
2024-01-06 10:45:00,node-us-west-2a-01,us-west-2,2a,shard-003,596,30.296802858641854,67.57592431597433,53.77045141220971,122.18881980259515,147.59659732698086,55.18952979802956,25.704165261109473,True,0,True,0,90.74890215720934,0,226,4962434,39.13893956356823
2024-01-06 10:45:00,node-us-west-2b-02,us-west-2,2b,shard-004,380,28.51771807654436,70.51744850753258,31.14689378207018,82.44586956264713,131.55732627958042,30.352026959396994,18.829768387686144,True,0,False,47,95.03731114049417,0,219,1315639,39.14043216393451
2024-01-06 10:45:00,node-eu-west-1a-01,eu-west-1,1a,shard-002,290,25.458829669261938,75.32606385936309,54.63358712723597,59.61509008593032,83.4730671735226,25.46023617501699,14.133955182826838,True,0,False,2,92.82397269740679,0,155,4872590,27.318265085790614
2024-01-06 11:00:00,node-us-east-1a-01,us-east-1,1a,shard-001,480,29.509617748744184,59.80980496115002,66.27179782801622,77.32553115388062,163.51754573618808,34.54216218790483,22.150192081236735,True,0,True,0,93.37702610493307,0,443,2996351,45.95104349986734
2024-01-06 11:00:00,node-us-east-1b-02,us-east-1,1b,shard-002,186,23.302486808992107,44.250255568662176,65.6660278825983,35.632949239381546,51.50918318405401,15.93929454445067,8.4284520544982,True,0,False,32,92.96597589241637,0,403,2845640,42.097076600973715
2024-01-06 11:00:00,node-us-east-1c-03,us-east-1,1c,shard-001,211,23.52659906156517,64.17141896188058,43.90824927871297,42.2004254036463,70.8248382710489,16.229888012033566,10.760344815424567,True,0,False,17,90.63207798057296,0,433,1987706,35.528739271179276
2024-01-06 11:00:00,node-us-west-2a-01,us-west-2,2a,shard-003,163,23.373358931835657,61.8795477245832,33.22480250397308,31.70998738551344,41.94674836404131,14.732969789110456,6.758696221306925,True,0,True,0,94.83870426715005,0,250,1547537,30.008671428084774
2024-01-06 11:00:00,node-us-west-2b-02,us-west-2,2b,shard-004,408,29.74855988374789,53.590241288887206,58.61657468031533,85.34373208555407,121.121007446506,26.434611478013792,17.644921598836895,True,0,False,40,88.77908104795881,0,138,4672966,76.81550756343543
2024-01-06 11:00:00,node-eu-west-1a-01,eu-west-1,1a,shard-002,304,26.940221945797955,76.41968025679483,62.37759192161374,48.79744879520929,81.40116637879471,27.133662063348826,17.79457283273029,True,0,False,29,93.13330511589767,0,163,2290925,92.16053647967578
2024-01-06 11:15:00,node-us-east-1a-01,us-east-1,1a,shard-001,882,39.902277929103164,44.18346528093535,49.740027052968244,185.90536687919712,285.1886701355742,62.63823825436436,51.46822458727108,True,0,True,0,87.0005506224798,0,75,4468182,42.80514463820094
2024-01-06 11:15:00,node-us-east-1b-02,us-east-1,1b,shard-002,430,28.444092402201903,42.76869503824947,66.65026489260808,76.9412049610341,151.2454546981863,32.622497637948086,22.109597230943674,True,0,False,4,91.6758338084798,0,215,2124491,49.15230238752601
2024-01-06 11:15:00,node-us-east-1c-03,us-east-1,1c,shard-001,606,33.68209894429402,52.01473443916806,58.737847596668736,138.7327395964095,167.84871569616396,51.753574431294844,24.477922157211736,True,0,False,38,90.8782402175244,0,134,3015539,33.04282782398423
2024-01-06 11:15:00,node-us-west-2a-01,us-west-2,2a,shard-003,401,28.418732108637357,67.25543545281863,66.47606645973224,80.64005818594298,131.16033079914942,38.11956653244198,16.78068642488774,True,0,True,0,94.66152043822935,0,491,4444815,95.96048190212431
2024-01-06 11:15:00,node-us-west-2b-02,us-west-2,2b,shard-004,406,27.834123464934155,63.333037896454066,68.85518950458018,76.3049913991609,112.75552596866724,33.46850167283117,19.334442806287324,True,0,False,15,91.1469790915221,0,409,2800814,74.1693077143938
2024-01-06 11:15:00,node-eu-west-1a-01,eu-west-1,1a,shard-002,491,29.59045218310588,63.2151827450277,49.50531917841322,114.39030647846306,137.6916305412714,38.125806410904275,22.582131613707997,True,0,False,43,94.06716581524725,0,272,1897665,57.15914940617219
2024-01-06 11:30:00,node-us-east-1a-01,us-east-1,1a,shard-001,671,33.45189648337949,79.31426120667041,58.87992908815885,159.13823382410217,211.98645252774685,52.121733068869226,34.0399556090425,True,0,True,0,97.663514665918,0,113,4659957,44.5125131050648
2024-01-06 11:30:00,node-us-east-1b-02,us-east-1,1b,shard-002,348,27.802352586704856,51.75047370845477,36.43903526212407,81.2684678948718,90.87833377913871,29.556575706313847,14.66099805228009,True,0,False,29,91.38172298003067,0,323,4196458,97.77924269502792
2024-01-06 11:30:00,node-us-east-1c-03,us-east-1,1c,shard-001,299,25.25478225637146,79.63116842475851,33.68361111079152,48.950202348080325,81.79987492948727,20.529687074241476,12.321205315471767,True,0,False,50,91.14326233260573,0,54,3988477,71.65655917100086
2024-01-06 11:30:00,node-us-west-2a-01,us-west-2,2a,shard-003,448,27.738288811006694,57.3558744751655,33.70941945116898,76.9873615089353,109.19614043828638,29.21209338273715,26.097810133473843,True,0,True,0,86.39595668208293,0,123,3533040,42.45981240631317
2024-01-06 11:30:00,node-us-west-2b-02,us-west-2,2b,shard-004,211,24.76879659209445,65.81484248882191,61.9708868089864,42.345581739870184,59.38209507980047,15.027747488796924,9.679557196618003,True,0,False,1,89.02694488413404,0,417,2419324,36.58692498810035
2024-01-06 11:30:00,node-eu-west-1a-01,eu-west-1,1a,shard-002,172,23.444500463018805,46.76208604322747,46.71275417054122,28.975821226891536,45.68637447284133,11.835252108509968,7.282496354512014,True,0,False,26,90.82832788838144,0,256,1589998,30.11783276638773
2024-01-06 11:45:00,node-us-east-1a-01,us-east-1,1a,shard-001,586,30.354839729799863,60.58447923083641,47.05182561266622,130.96731490189538,174.58157174178208,56.00305765936647,29.099210549033607,True,0,True,0,86.89681374685205,0,417,2353059,84.13227894131353
2024-01-06 11:45:00,node-us-east-1b-02,us-east-1,1b,shard-002,496,29.115361949705793,62.676141110044775,42.53756203665384,105.83999656223983,157.5614199109812,34.10380317173135,28.11540519549211,True,0,False,21,90.04534158452621,0,83,4357720,58.939230982864444
2024-01-06 11:45:00,node-us-east-1c-03,us-east-1,1c,shard-001,160,23.299198080737998,45.322029729518675,42.261112652238204,27.98776423751099,44.23493814190485,14.353994591327666,7.726841443714481,True,0,False,35,94.46732861692008,0,355,1787407,97.06267675391983
2024-01-06 11:45:00,node-us-west-2a-01,us-west-2,2a,shard-003,550,29.557142369662614,67.4683479146145,38.19372120894498,131.49888679750876,135.9760002136968,46.920636415634036,23.338974713026158,True,0,True,0,85.2566756820666,0,368,4345744,91.03376419223127
2024-01-06 11:45:00,node-us-west-2b-02,us-west-2,2b,shard-004,376,28.580270965090705,65.09891669474575,40.75266454154303,68.5010225557905,114.89346888092751,26.081365701239964,19.1766103879781,True,0,False,15,92.92336171674023,0,496,4350946,72.90176304017518
2024-01-06 11:45:00,node-eu-west-1a-01,eu-west-1,1a,shard-002,214,24.307589386552813,75.8987213970787,33.62719807657176,51.13486854012271,70.53137949519792,18.882074258765286,11.695953083719445,True,0,False,31,87.19160454106841,0,82,4857838,84.51022923568901
2024-01-06 12:00:00,node-us-east-1a-01,us-east-1,1a,shard-001,768,35.818836469919276,48.63890697374933,53.31281964084396,141.6974532074354,225.90126154599776,59.114881440860366,37.5289932538552,True,0,True,0,94.75224420646285,0,403,4418873,84.62837439330264
2024-01-06 12:00:00,node-us-east-1b-02,us-east-1,1b,shard-002,670,30.72989464586758,42.80368097905181,65.74726914408564,159.6240618186523,218.52279354427688,51.594911632583276,32.52291948171258,True,0,False,37,92.51099720089046,0,184,4019913,85.79443269539509
2024-01-06 12:00:00,node-us-east-1c-03,us-east-1,1c,shard-001,301,26.88861454325008,59.5559922866277,62.55355869827515,69.33436069143792,86.446477702369,21.07880497525246,12.154915996375914,True,0,False,31,87.02357977372813,0,374,1850573,77.46966649896032
2024-01-06 12:00:00,node-us-west-2a-01,us-west-2,2a,shard-003,265,25.540800849883723,41.91214299873148,36.70344757359369,43.2740409434448,91.39656405576827,24.9647365957068,10.76730136174426,True,0,True,0,89.104907165423,0,210,4122032,40.0247047763238
2024-01-06 12:00:00,node-us-west-2b-02,us-west-2,2b,shard-004,348,26.360814759328065,78.75851142957558,46.97730873994001,74.60863380352531,103.14988174134821,25.118942820632636,20.68270661586413,True,0,False,43,89.59062698162398,0,110,3441871,47.032804914734
2024-01-06 12:00:00,node-eu-west-1a-01,eu-west-1,1a,shard-002,186,24.378250703514823,70.05350435360236,58.7611541122168,37.888829925143945,57.65702812777571,17.437108572797648,10.060076348558841,True,0,False,13,92.70766127406354,0,146,4256039,79.42771760384574
2024-01-06 12:15:00,node-us-east-1a-01,us-east-1,1a,shard-001,643,31.522500890208036,75.79493719148009,62.033272915833734,130.12421060579464,187.3627408153876,51.70168838333356,34.36157422759274,True,0,True,0,94.79919653620755,0,456,2678111,90.7943759961741
2024-01-06 12:15:00,node-us-east-1b-02,us-east-1,1b,shard-002,300,25.838446591962676,66.2906447693477,42.43498592114312,68.76985072449045,91.16802954845573,19.353000070323862,13.655489297231664,True,0,False,49,91.13823468448807,0,98,1763821,40.08764489817381
2024-01-06 12:15:00,node-us-east-1c-03,us-east-1,1c,shard-001,228,25.041560327745135,63.206902780726324,49.29941090842119,43.30988466846204,75.66920935055583,20.90597952471206,9.296429660955113,True,0,False,32,85.03852070573099,0,393,1026932,73.16764669555525
2024-01-06 12:15:00,node-us-west-2a-01,us-west-2,2a,shard-003,243,24.036201763298713,52.03887009339595,62.71526040704309,40.11978915283832,74.05847665812018,18.740965780760302,11.229487536793247,True,0,True,0,87.11572397224032,0,429,1602366,55.08847012763202
2024-01-06 12:15:00,node-us-west-2b-02,us-west-2,2b,shard-004,187,24.378188119233233,46.030067660840885,62.81303018279386,30.309120118614718,65.33986624591799,13.957059849271694,9.427908715039782,True,0,False,15,91.36475707357671,0,416,3273127,98.8643292137006
2024-01-06 12:15:00,node-eu-west-1a-01,eu-west-1,1a,shard-002,279,24.570635086316308,75.73839353605563,63.759665731157085,55.327251605571824,80.18278783991452,19.79469409631975,12.47870804039296,True,0,False,26,86.89417519995294,0,303,1173700,36.6407245496378
2024-01-06 12:30:00,node-us-east-1a-01,us-east-1,1a,shard-001,192,23.627504739551842,73.99060686978376,58.940787514826276,37.390141044243634,62.6485900824013,13.942320194154696,10.343546481837723,True,0,True,0,88.37966622114656,0,86,1186889,33.14362390806885
2024-01-06 12:30:00,node-us-east-1b-02,us-east-1,1b,shard-002,419,28.696685451500706,54.08057194534966,34.37702606136576,84.49956792392415,108.07896315805618,37.07794823948444,19.367807946730053,True,0,False,40,96.0948223055191,0,192,3603344,76.71611101381396
2024-01-06 12:30:00,node-us-east-1c-03,us-east-1,1c,shard-001,609,34.39505702952735,75.0225179068613,52.17583023843048,108.26855051237958,195.96874797445375,51.907679985089224,34.629585298125605,True,0,False,43,95.64206354058521,0,235,1127200,79.98602445036505
2024-01-06 12:30:00,node-us-west-2a-01,us-west-2,2a,shard-003,303,26.073226126933662,55.82317245951256,53.81043348527434,49.062488071775256,94.4583403598878,26.44239956544076,13.622478275723218,True,0,True,0,95.63729135949447,0,193,3968727,46.16549127860659
2024-01-06 12:30:00,node-us-west-2b-02,us-west-2,2b,shard-004,346,28.269901206662915,49.03669519065689,33.709237274768896,75.81429505927906,116.58176610566267,31.7388319291145,14.333911766641341,True,0,False,49,96.35509218440426,0,51,1784442,34.127633792727316
2024-01-06 12:30:00,node-eu-west-1a-01,eu-west-1,1a,shard-002,333,26.97841146173887,50.4613008101913,65.00535341813699,75.35822561567673,110.69797434736894,29.82592752385218,15.957010651846275,True,0,False,22,91.59432968401013,0,222,4273578,80.679382072696
2024-01-06 12:45:00,node-us-east-1a-01,us-east-1,1a,shard-001,185,23.415648768635062,44.49125350561177,66.91854704620829,41.1859412944457,55.06145051469779,15.165370404990567,7.789361569653807,True,0,True,0,86.53271635958532,0,206,2985880,72.43391599112796
2024-01-06 12:45:00,node-us-east-1b-02,us-east-1,1b,shard-002,710,33.53589673552098,69.48730019899095,30.740313435551347,146.3564725037948,239.17519330669214,51.640962524803044,32.076045198002404,True,0,False,34,86.4646020086673,0,62,4645028,25.654968063413477
2024-01-06 12:45:00,node-us-east-1c-03,us-east-1,1c,shard-001,238,24.11702157602022,68.78976406006726,33.94380605867604,41.39369422489051,59.659589888612246,19.48892654453554,12.89940970185049,True,0,False,10,94.3775171775657,0,418,1900268,74.56731266403065
2024-01-06 12:45:00,node-us-west-2a-01,us-west-2,2a,shard-003,423,28.811792338159947,55.57999568274362,31.23744882627499,84.82563333215593,128.7529356380939,31.277126848008987,18.32222639037208,True,0,True,0,97.69453238766897,0,224,1052437,42.18854444286235
2024-01-06 12:45:00,node-us-west-2b-02,us-west-2,2b,shard-004,164,23.12300313596611,68.5958390332244,50.94270363475985,29.800020944051973,57.45044947149621,13.77080267807629,9.469851841776526,True,0,False,29,97.2593462193795,0,287,4962761,83.98905967742935
2024-01-06 12:45:00,node-eu-west-1a-01,eu-west-1,1a,shard-002,413,26.896266095923057,67.85244187969025,45.18590265929872,81.765807921628,116.93577071586354,37.617784888329076,19.95288500930201,True,0,False,49,95.65608175831156,0,356,3839417,21.412928675868173
2024-01-06 13:00:00,node-us-east-1a-01,us-east-1,1a,shard-001,200,23.87561630614079,62.779658771750064,50.54005054852824,32.74661244301808,56.51173568637015,13.72487752093136,10.309415264365436,True,0,True,0,95.31057376766901,0,129,4981710,56.715329301089774
2024-01-06 13:00:00,node-us-east-1b-02,us-east-1,1b,shard-002,687,35.809572193110625,69.09461375931068,53.201874518349754,126.08466069526817,229.38475312832705,55.14207952767588,28.823892775057995,True,0,False,30,91.19781723715063,0,153,2395518,87.32503077370475
2024-01-06 13:00:00,node-us-east-1c-03,us-east-1,1c,shard-001,678,33.27378396520869,76.16837519697641,52.87802573517723,139.15718563391945,216.6321432641324,47.40543957917541,29.526983330283045,True,0,False,38,85.64025103508224,0,431,2323989,46.62633507143751
2024-01-06 13:00:00,node-us-west-2a-01,us-west-2,2a,shard-003,490,29.134055418946488,62.58459934425506,66.50101449558632,89.24511550722374,124.97071576289018,32.86433327498986,27.742459715146733,True,0,True,0,87.55999210094755,0,133,4095703,82.34385032093962
2024-01-06 13:00:00,node-us-west-2b-02,us-west-2,2b,shard-004,427,27.56762166892672,40.109841584965864,66.10263535589246,73.29995407052515,108.96591947824902,34.92339085770382,20.696602752333835,True,0,False,34,96.2193408286042,0,482,3049003,88.33665961279755
2024-01-06 13:00:00,node-eu-west-1a-01,eu-west-1,1a,shard-002,422,29.810419457038094,57.305853741984954,47.49893693797894,77.50949231312181,115.0520383713135,30.884853342498307,17.190645461354105,True,0,False,45,97.69238504624632,0,78,1243270,90.00006218089491
2024-01-06 13:15:00,node-us-east-1a-01,us-east-1,1a,shard-001,706,34.374706691387246,68.97794168691783,63.2887801945254,161.45616352175716,205.7492447918511,67.19405788283952,41.93148416007958,True,0,True,0,96.44317486754692,1,226,2822353,43.929063310566114
2024-01-06 13:15:00,node-us-east-1b-02,us-east-1,1b,shard-002,458,27.74179426362783,63.78735847513976,53.18682000966343,95.233116818863,140.58081703373756,40.495195319192995,25.285948605507638,True,0,False,43,93.2995166970883,0,131,4394871,53.1290035132836
2024-01-06 13:15:00,node-us-east-1c-03,us-east-1,1c,shard-001,186,24.101650358889607,41.47778073799104,56.536265866344,32.51884957868809,46.642445736700395,17.31011877909985,7.595789263131463,True,0,False,44,92.46033760772492,0,428,2686482,74.80647776630889
2024-01-06 13:15:00,node-us-west-2a-01,us-west-2,2a,shard-003,507,29.237803217206604,52.59050721833149,49.214049372106984,102.60302929401684,125.8887552532194,46.5808368478182,28.451381507854656,True,0,True,0,91.42457504814625,0,492,4324326,49.11302134555821
2024-01-06 13:15:00,node-us-west-2b-02,us-west-2,2b,shard-004,377,28.951118664763,41.06351733332164,50.684193143254696,80.73826477839806,106.35630445493858,24.360566687417354,20.64165086683454,True,0,False,4,86.04198967138932,0,341,4974640,35.9692779590855
2024-01-06 13:15:00,node-eu-west-1a-01,eu-west-1,1a,shard-002,538,29.71822094325743,44.295790879004656,39.06093469729468,127.91045962559878,149.25201527977634,50.919952625929184,30.087829942128792,True,0,False,16,94.98771611366716,0,295,3538470,96.49234519458267
2024-01-06 13:30:00,node-us-east-1a-01,us-east-1,1a,shard-001,372,27.567067917897965,57.71032859185186,55.95609930994152,73.13802292782637,110.08604889502982,26.209126606817872,19.528046337345728,True,0,True,0,85.49665977608105,0,181,2780615,27.515002049331887
2024-01-06 13:30:00,node-us-east-1b-02,us-east-1,1b,shard-002,825,38.84403646663715,43.91922130012628,30.14867476933057,144.47239713264483,209.26387092439296,55.29231350916877,33.28029725806815,True,0,False,11,89.65834801818993,0,221,1076498,34.72789045759072
2024-01-06 13:30:00,node-us-east-1c-03,us-east-1,1c,shard-001,335,26.042646257045504,55.69985048428748,60.19599071079805,67.14227721986298,119.92601138391456,28.398630904528865,15.81526926208781,True,0,False,18,89.27157455775527,0,121,2960007,22.022582700069933
2024-01-06 13:30:00,node-us-west-2a-01,us-west-2,2a,shard-003,187,23.37114159497694,73.54819876394772,68.04403209248748,41.36195076731466,52.50474733320179,15.561550529820863,8.818160365651263,True,0,True,0,91.81604802060032,0,61,4273462,63.725062345256454
2024-01-06 13:30:00,node-us-west-2b-02,us-west-2,2b,shard-004,313,25.49980590178956,73.42392848632711,55.947499465808754,69.14427112210039,90.2045294680935,24.412555134870146,13.414896769503457,True,0,False,38,88.52943779262853,0,221,3129439,51.46161832070783
2024-01-06 13:30:00,node-eu-west-1a-01,eu-west-1,1a,shard-002,568,33.30629060386305,62.54977926560973,63.83400760660014,100.87842734386827,145.23223643944797,43.48949842673552,23.072392615702498,True,0,False,7,88.83524646647697,0,299,3126881,63.43622840242986
2024-01-06 13:45:00,node-us-east-1a-01,us-east-1,1a,shard-001,273,24.60741277803198,41.640540407089745,30.554618115508646,54.93517330462175,78.01228963337265,17.735212297179697,12.584960950265284,True,0,True,0,94.45180913153908,0,317,3142272,91.83043629633542
2024-01-06 13:45:00,node-us-east-1b-02,us-east-1,1b,shard-002,629,34.41220390471312,72.69336110515985,48.84809663858675,111.00809277596484,220.24430682290145,57.77254092326195,34.33547764088288,True,0,False,45,89.89023544250718,0,72,4763294,26.88423748642588
2024-01-06 13:45:00,node-us-east-1c-03,us-east-1,1c,shard-001,542,32.08052849662296,44.980843867450815,50.058848393044464,108.02139979034035,156.8126098421547,41.65733203566081,24.0159724532012,True,0,False,35,95.39360529470093,0,500,1473847,41.60244886688314
2024-01-06 13:45:00,node-us-west-2a-01,us-west-2,2a,shard-003,259,26.02076048734097,62.857435901629074,64.46304998022708,41.83889729081791,73.87862948707468,19.366967713857147,15.350943582966092,True,0,True,0,89.0281030998779,0,368,4406538,65.93123728590065
2024-01-06 13:45:00,node-us-west-2b-02,us-west-2,2b,shard-004,229,24.1703946045887,74.1037272748621,40.396552941401275,50.127249875483194,59.60431003734122,20.198475845628323,9.665500581344022,True,0,False,37,85.19907514446143,0,149,3575045,97.86126053124892
2024-01-06 13:45:00,node-eu-west-1a-01,eu-west-1,1a,shard-002,231,25.005733770587465,66.90796778154001,69.41107170617283,44.76768573090436,76.75456167878907,19.3580535418988,13.117715218920273,True,0,False,19,85.87460208717387,0,124,1602350,44.127136034050054
2024-01-06 14:00:00,node-us-east-1a-01,us-east-1,1a,shard-001,299,24.916584218985538,50.29703546565608,31.303733231901873,59.296652710815685,88.94693168892613,27.833896371615584,15.84349979980101,True,0,True,0,91.72242605893665,0,452,2521117,72.63958154102016
2024-01-06 14:00:00,node-us-east-1b-02,us-east-1,1b,shard-002,262,25.63395311727615,70.91203359545531,53.210653920226534,45.957320824738424,83.41560932708909,18.03211911503037,13.145572816545664,True,0,False,19,93.65131018047782,0,356,3958001,37.28502540852964
2024-01-06 14:00:00,node-us-east-1c-03,us-east-1,1c,shard-001,590,30.34110692615947,74.20236258024909,69.89458763707,115.3336422031474,200.37061734650055,53.24194458338509,29.987388744190273,True,0,False,17,89.85419199852456,0,176,1029942,75.41913191132838
2024-01-06 14:00:00,node-us-west-2a-01,us-west-2,2a,shard-003,538,31.160222118059984,79.01183507604037,51.080422814892614,90.25615190258293,152.0074296659295,41.90022931355627,21.767668756455155,True,0,True,0,94.99834125127606,0,303,3106107,34.913607144007486
2024-01-06 14:00:00,node-us-west-2b-02,us-west-2,2b,shard-004,157,23.044234114480393,72.39277804814921,53.80215156316217,33.81622182768268,52.76009664420266,11.94674163811452,7.458595842514612,True,0,False,17,97.5748184214079,0,191,4800237,44.88132273481753
2024-01-06 14:00:00,node-eu-west-1a-01,eu-west-1,1a,shard-002,362,26.88195299060065,64.13857603461881,61.47953829178946,75.24571928422124,90.3116997749763,28.820384395142682,20.232764877894454,True,0,False,43,85.13868296466693,0,71,2062421,38.212346349851074
2024-01-06 14:15:00,node-us-east-1a-01,us-east-1,1a,shard-001,223,24.629823470555223,58.37115673200643,57.486879106737554,46.351578761233206,60.48201469219781,14.797677188533592,9.463373770533739,True,0,True,0,95.06871978188443,0,160,3060744,42.46324505962376
2024-01-06 14:15:00,node-us-east-1b-02,us-east-1,1b,shard-002,321,25.309808620896057,69.8606765626391,42.41030375264461,63.79384506330755,104.54569754726711,29.9043686401451,13.238787592488451,True,0,False,43,95.83215229103294,0,72,4877690,22.033623909768263
2024-01-06 14:15:00,node-us-east-1c-03,us-east-1,1c,shard-001,691,31.545328372658666,67.43458958349919,31.24844397362564,154.0421212463076,179.3393032823776,64.31307972335956,31.581145812621344,True,0,False,37,88.12860394418179,0,355,2830688,79.19427945610495
2024-01-06 14:15:00,node-us-west-2a-01,us-west-2,2a,shard-003,300,26.100550959192603,58.87180121397901,67.09830479485797,58.76788136388562,97.79369506187149,27.34393384698118,14.252593072311347,True,0,True,0,91.56455762984098,0,471,4135150,29.42928667678182
2024-01-06 14:15:00,node-us-west-2b-02,us-west-2,2b,shard-004,339,25.898414608870716,77.09406395350831,66.60603047669353,62.111174589405806,101.54038143107992,30.76943749713611,19.03424371523512,True,0,False,10,97.3021264346132,0,416,1770607,28.13677242816511
2024-01-06 14:15:00,node-eu-west-1a-01,eu-west-1,1a,shard-002,326,26.266541145926055,79.09360575206875,41.4616841261996,55.4578762232669,112.24771479989596,27.74703526938819,14.564128502130988,True,0,False,28,92.8619019943669,0,330,4584872,40.290043708132075
2024-01-06 14:30:00,node-us-east-1a-01,us-east-1,1a,shard-001,288,25.035003933492447,68.99521129732074,64.65417496761378,51.94471905411088,74.99524956758151,24.30603372521645,14.93125515272999,True,0,True,0,87.64961461248312,0,72,1029759,81.40965212320901
2024-01-06 14:30:00,node-us-east-1b-02,us-east-1,1b,shard-002,282,24.782851102570486,64.75968977416025,48.510848739522885,57.28119637763921,86.94518985908702,18.559920421679525,12.532852770044181,True,0,False,43,86.62738594706319,0,348,1492534,42.551466232692114
2024-01-06 14:30:00,node-us-east-1c-03,us-east-1,1c,shard-001,498,31.37871869763382,56.45545679380413,50.37811677248342,110.3038366716033,125.85168361571657,32.57821512011454,20.042669714855823,True,0,False,5,89.90835914667906,0,404,4541869,95.73549354270678
2024-01-06 14:30:00,node-us-west-2a-01,us-west-2,2a,shard-003,494,29.285945767149258,58.34542713352453,49.31872253058354,98.0681625507571,126.30719334705816,34.03911649037174,23.84620607934686,True,0,True,0,85.1642913363653,0,167,1669007,87.07787255265599
2024-01-06 14:30:00,node-us-west-2b-02,us-west-2,2b,shard-004,555,31.025029799212476,57.65371464698431,50.85326340386169,126.18178088399387,140.73571868531076,49.47322706056725,23.74564933071777,True,0,False,15,96.14243093102716,0,459,1770241,61.09074356583577
2024-01-06 14:30:00,node-eu-west-1a-01,eu-west-1,1a,shard-002,210,24.70236230047072,47.2534279143657,32.00585047492325,45.63063474111302,50.85498827468381,14.254972233594694,9.205003700429064,True,0,False,50,90.24548369482739,0,326,3187675,26.313409677501998
2024-01-06 14:45:00,node-us-east-1a-01,us-east-1,1a,shard-001,769,36.43539970071585,72.62077406210689,54.31129922376927,175.64225093023865,244.6887653550207,53.518816979307374,44.99200714585641,True,0,True,0,85.62400676667332,0,472,4432521,28.144303289729187
2024-01-06 14:45:00,node-us-east-1b-02,us-east-1,1b,shard-002,652,32.04119083783722,60.25723659417705,38.29836562918625,108.621454690789,225.24399172425564,45.479004308670845,30.085323032688773,True,0,False,50,87.1887996781186,0,310,1334148,35.1951749150152
2024-01-06 14:45:00,node-us-east-1c-03,us-east-1,1c,shard-001,595,33.21532629944389,65.98861014340999,41.573742151087465,142.55044289213697,160.47394935796012,43.148962559095814,33.46181337068578,True,0,False,2,93.0567687383042,0,273,1680096,98.48404898964478
2024-01-06 14:45:00,node-us-west-2a-01,us-west-2,2a,shard-003,463,28.097675669068202,49.547352435229556,64.8668595390024,86.60976152002165,114.62926061906731,30.47771220168289,21.889596701846347,True,0,True,0,88.11564065092642,0,469,3669391,49.83666961387445
2024-01-06 14:45:00,node-us-west-2b-02,us-west-2,2b,shard-004,475,28.649340389034258,77.35330455893552,50.67286215938974,87.18133974414788,131.7048723865016,31.774826807014136,23.684724141245344,True,0,False,20,91.29195660001922,0,148,1742420,40.05101864558625
2024-01-06 14:45:00,node-eu-west-1a-01,eu-west-1,1a,shard-002,203,24.717103637247376,43.54599769486292,36.81095997369093,44.88528979995295,49.07662636110168,17.960580195179567,8.5823764734961,True,0,False,8,87.54004914290954,0,186,4755108,99.829117207363
2024-01-06 15:00:00,node-us-east-1a-01,us-east-1,1a,shard-001,243,25.59649671872193,71.17669672142694,42.56649155681646,51.3025587115184,80.02504828562472,17.539831945372402,12.101069622915285,True,0,True,0,94.94608996723115,0,188,4314570,27.773240569303333
2024-01-06 15:00:00,node-us-east-1b-02,us-east-1,1b,shard-002,454,28.310117651460338,40.899764075325336,68.9618827914392,73.60367121016061,127.51302720746224,37.65311307673233,20.97565739280737,True,0,False,10,85.68704552362767,0,171,4911060,34.42344528420044
2024-01-06 15:00:00,node-us-east-1c-03,us-east-1,1c,shard-001,724,33.302216907708726,65.94879987761132,51.37374627424754,149.59505796418648,221.18352080510783,54.75490971443921,37.9506626423356,True,0,False,40,91.58094553835177,0,147,4736456,92.52338559392928
2024-01-06 15:00:00,node-us-west-2a-01,us-west-2,2a,shard-003,242,25.294127559674397,52.468046196973475,37.94407645995975,45.44696871423542,69.34931548935013,17.576221850978197,9.920346087344006,True,0,True,0,86.59064834134512,0,391,2520038,41.42220732616116
2024-01-06 15:00:00,node-us-west-2b-02,us-west-2,2b,shard-004,105,21.771713634703595,40.28124711639565,40.015588400417286,21.42560541193668,34.12888853165358,8.60042914584695,6.111460339797249,True,0,False,31,94.81742734407094,0,477,2506691,42.437114874025895
2024-01-06 15:00:00,node-eu-west-1a-01,eu-west-1,1a,shard-002,496,30.00275386422528,59.54706923488679,44.64319593750348,85.78446660953176,175.34711342441304,34.27675928963732,26.011083539904988,True,0,False,23,88.79060832787017,0,107,4609995,47.941679311398445
2024-01-06 15:15:00,node-us-east-1a-01,us-east-1,1a,shard-001,704,34.277556878401256,72.38662850172436,42.276108074964164,127.14159743745056,183.03016173703804,64.6183910980233,33.878763142718306,True,0,True,0,87.13423557799955,0,373,4405355,94.69136586140009
2024-01-06 15:15:00,node-us-east-1b-02,us-east-1,1b,shard-002,683,31.652567867812664,76.7057562957318,67.56780621737329,159.48807465364058,231.25840964757705,46.05154873241322,36.53258758830682,True,0,False,37,87.13171928417121,0,447,4142517,45.275031303316126
2024-01-06 15:15:00,node-us-east-1c-03,us-east-1,1c,shard-001,217,24.66175437963249,69.0789280046173,66.88344839782047,35.73396654671851,66.37065411246265,16.453346451090507,12.91563707613552,True,0,False,8,92.04669248563073,0,291,2304785,25.040487236105182
2024-01-06 15:15:00,node-us-west-2a-01,us-west-2,2a,shard-003,239,25.12191573412476,72.460509091289,34.410515445858685,41.19960507883032,75.4782446197356,20.959694445310138,9.973816070246889,True,0,True,0,90.55928606327906,0,400,1050213,28.370185701632124
2024-01-06 15:15:00,node-us-west-2b-02,us-west-2,2b,shard-004,413,28.341261157208063,59.429622973324506,55.423929611717085,67.1067231512566,119.80220563265196,28.86138979587774,22.493172157172495,True,0,False,50,93.28964659369781,0,381,1237836,95.19151450029614
2024-01-06 15:15:00,node-eu-west-1a-01,eu-west-1,1a,shard-002,672,33.70221149247679,46.643659258712056,48.654647549009916,127.27708205974548,170.84690800596422,63.844555444209085,35.56009921296088,True,0,False,20,88.26952954100679,0,387,3507660,81.31396414732336
2024-01-06 15:30:00,node-us-east-1a-01,us-east-1,1a,shard-001,529,31.5050205191328,50.209364463481386,44.85304351201154,108.89190465104525,158.66552700101266,40.00117800378576,25.810687132295094,True,0,True,0,85.15494225639088,0,240,3423768,27.572303094299528
2024-01-06 15:30:00,node-us-east-1b-02,us-east-1,1b,shard-002,457,27.71526515310333,50.7830149503872,52.79480142668681,88.7164332961958,137.552465811025,42.10891330754231,18.840675633852147,True,0,False,26,90.45600980266649,0,113,1149468,57.162268411514475
2024-01-06 15:30:00,node-us-east-1c-03,us-east-1,1c,shard-001,324,26.662622266921023,59.05627374213558,35.63055698604841,68.13110748944858,98.77963385110148,25.43508302493157,17.12175450410516,True,0,False,39,94.13339581812362,0,110,1641793,34.92223500072603
2024-01-06 15:30:00,node-us-west-2a-01,us-west-2,2a,shard-003,136,22.916545203786225,53.42570942906094,41.85626959131359,29.1234532448985,40.66781147638331,11.766921229642179,5.576100181982856,True,0,True,0,87.79146311282119,0,264,2406547,73.41576279825622
2024-01-06 15:30:00,node-us-west-2b-02,us-west-2,2b,shard-004,124,22.366662145193246,56.12815176717001,67.49918206830833,29.080381024622582,44.26628613666595,9.413770750316381,7.26994465562048,True,0,False,39,85.13066944477526,0,402,3517227,83.89273468435427
2024-01-06 15:30:00,node-eu-west-1a-01,eu-west-1,1a,shard-002,106,21.83561487775355,60.728559139298795,37.51478769844735,21.099915002133677,25.49941734794032,8.099490723467342,5.301478369541046,True,0,False,41,94.04608743751382,0,496,2352275,28.150748197563047
2024-01-06 15:45:00,node-us-east-1a-01,us-east-1,1a,shard-001,268,25.0416012462299,73.54270928878017,38.76892758765346,44.87810126776591,95.14142575644888,20.176381737040455,13.221554115346418,True,0,True,0,87.24309811540559,0,81,2735338,54.07601499555548
2024-01-06 15:45:00,node-us-east-1b-02,us-east-1,1b,shard-002,178,23.114797778845286,67.73693864796508,61.049376492488086,31.73727224666444,53.875760447685984,13.854861793648316,8.290116315049344,True,0,False,39,88.0507044659152,0,344,2767695,84.2630963091131
2024-01-06 15:45:00,node-us-east-1c-03,us-east-1,1c,shard-001,200,23.904936179959225,60.10040451629906,45.059702597568005,44.51747927976327,50.395804299915575,16.254623932629595,10.272113983096245,True,0,False,8,85.04843599603105,0,453,2840395,54.20137985262362
2024-01-06 15:45:00,node-us-west-2a-01,us-west-2,2a,shard-003,385,29.18588892016836,79.96768670451877,46.5284139673062,66.19671920331785,115.77051024632604,35.98660929233602,21.792851465718602,True,0,True,0,90.48412905657945,0,73,3233758,57.27146938729167
2024-01-06 15:45:00,node-us-west-2b-02,us-west-2,2b,shard-004,369,26.81087049183317,53.76873030996599,34.352160871719086,81.55056990006138,114.39399903963097,33.23498065267057,21.632304388980675,True,0,False,43,86.12226189928609,0,241,3571367,62.07460840062805
2024-01-06 15:45:00,node-eu-west-1a-01,eu-west-1,1a,shard-002,386,28.69687705445001,43.18527128573364,66.17069033017182,68.05628725842884,106.36175516444752,34.43051973517014,19.192173490978806,True,0,False,42,95.00219045722508,0,486,4228487,70.40815961269722
2024-01-06 16:00:00,node-us-east-1a-01,us-east-1,1a,shard-001,375,27.541940359936998,67.65877467560055,35.1960035429522,65.41604896135784,133.01549367469823,31.59987159064982,19.68520191637884,True,0,True,0,86.62950359855589,0,400,3706293,58.53945016114555
2024-01-06 16:00:00,node-us-east-1b-02,us-east-1,1b,shard-002,636,33.26695626817728,54.11276567054543,32.64054192669907,144.44904935719808,153.66382183034443,59.335634205128656,28.133838079137938,True,0,False,14,96.58467475570433,0,263,1978104,21.343014520645582
2024-01-06 16:00:00,node-us-east-1c-03,us-east-1,1c,shard-001,430,30.21226809505729,60.122685992827485,67.76843460224852,96.446786127907,107.61848936749892,32.7397721727846,18.664199352808073,True,0,False,50,96.3542321265418,0,424,4383422,58.86645593349076
2024-01-06 16:00:00,node-us-west-2a-01,us-west-2,2a,shard-003,445,27.466922453920088,70.60856192204095,40.269068720533355,103.64317291439978,139.13451419570612,34.3361532373671,25.743611666207336,True,0,True,0,97.26489277319841,0,259,4782484,75.55724098278449
2024-01-06 16:00:00,node-us-west-2b-02,us-west-2,2b,shard-004,445,29.120874268530223,72.21990676069228,42.08132567662233,96.34802433534063,128.18028794997824,37.326010682042465,22.440133341909306,True,0,False,31,94.98048175522207,0,190,1271071,40.223559286663544
2024-01-06 16:00:00,node-eu-west-1a-01,eu-west-1,1a,shard-002,541,32.81633000869949,43.30382099623299,59.453789750397846,105.10888617284117,153.7703435182446,42.37752961896881,27.64010132459587,True,0,False,35,90.37232708378275,0,143,4009681,93.73613920512999
2024-01-06 16:15:00,node-us-east-1a-01,us-east-1,1a,shard-001,723,35.13095698744121,57.848532862576036,38.535754503209716,158.30081958503663,200.71971569303852,50.67999942718142,37.32480053492832,True,0,True,0,89.62806537438136,0,436,2802893,31.542962998861512
2024-01-06 16:15:00,node-us-east-1b-02,us-east-1,1b,shard-002,187,23.355054318133895,55.30100563951611,56.33424622473878,36.159868432880565,48.98864246249051,17.30422765182303,9.946402866382606,True,0,False,5,92.40925419275263,0,165,3262033,93.02157931088992
2024-01-06 16:15:00,node-us-east-1c-03,us-east-1,1c,shard-001,417,28.94746801880317,46.33656395609222,31.63281135147786,88.36125217144196,128.67767010422278,32.073318313716804,23.64001541677357,True,0,False,4,92.69082240206303,0,449,1021668,59.364126114460674
2024-01-06 16:15:00,node-us-west-2a-01,us-west-2,2a,shard-003,228,25.103383221538813,49.64784841514789,69.99351286345704,40.12580322616057,74.13680772172422,18.572208918052766,10.866975900728136,True,0,True,0,97.30386924997244,0,67,4595829,73.09895168095878
2024-01-06 16:15:00,node-us-west-2b-02,us-west-2,2b,shard-004,279,26.576281266729936,55.68551670336085,45.22186130905045,45.9908821453752,92.1323988753319,20.441723317309105,16.508672545566544,True,0,False,39,93.17172629253835,0,471,1341485,26.174723886484568
2024-01-06 16:15:00,node-eu-west-1a-01,eu-west-1,1a,shard-002,560,31.6363327459824,73.09351229561742,50.72580369633827,110.41431963056675,156.42518542531403,49.06080046445222,28.813575713485147,True,0,False,33,90.79980232564976,0,406,2891659,45.031903885008056
2024-01-06 16:30:00,node-us-east-1a-01,us-east-1,1a,shard-001,337,27.56392842705405,57.64262470830805,36.48444253537868,60.222749583690785,97.25738586646816,27.489757653186583,19.155255246452686,True,0,True,0,89.22429219292096,0,471,4825944,84.17039063390847
2024-01-06 16:30:00,node-us-east-1b-02,us-east-1,1b,shard-002,580,31.448343176138764,60.79641310414064,62.84118156612956,104.46172205077063,175.57596977191992,48.769171851466545,23.68203903242221,True,0,False,9,87.82056563990416,0,498,2049875,26.545395377226182
2024-01-06 16:30:00,node-us-east-1c-03,us-east-1,1c,shard-001,390,28.126169398951625,76.69404665122894,34.43561246931212,93.35737781748156,96.14341273210478,28.361936744773068,23.090271817571654,True,0,False,12,96.24097122188661,0,258,3980038,51.93544299218129
2024-01-06 16:30:00,node-us-west-2a-01,us-west-2,2a,shard-003,284,26.580289592736783,48.35914224015486,34.93852241813372,51.32575249111685,85.9826031960597,21.67229621546846,11.798503646829257,True,0,True,0,89.18747606538932,0,497,1569176,69.43241627129434
2024-01-06 16:30:00,node-us-west-2b-02,us-west-2,2b,shard-004,395,27.168561381353893,46.380439539677724,64.14385409105604,79.08382900557037,109.46503421804306,29.7826931695915,22.734924142982813,True,0,False,8,86.136080021013,0,177,4811809,66.84220886064757
2024-01-06 16:30:00,node-eu-west-1a-01,eu-west-1,1a,shard-002,359,25.763750033697082,68.56826474751641,50.68519941501271,75.85272881128348,115.91622582301162,31.225239252596207,18.242736743431717,True,0,False,22,97.92489802967535,0,453,1826502,68.7751306568242
2024-01-06 16:45:00,node-us-east-1a-01,us-east-1,1a,shard-001,431,27.82814621393573,60.096959324157055,61.23708472128264,70.46504798473231,115.14940756032708,32.17451520792989,24.80487913293989,True,0,True,0,97.8246434693771,0,234,4846406,96.15666615050726
2024-01-06 16:45:00,node-us-east-1b-02,us-east-1,1b,shard-002,741,33.8536289719286,65.99010955877664,49.60847247883292,165.36408890677887,241.72981059862772,69.91337986699945,39.867959505138984,True,0,False,19,97.59762856659482,0,158,1431302,35.3075615954029
2024-01-06 16:45:00,node-us-east-1c-03,us-east-1,1c,shard-001,639,31.54293206158134,49.98351089189775,51.07508590546932,124.87902912460123,201.47521894312865,58.55836321206005,26.152536246790277,True,0,False,6,88.55702740343554,0,282,1558431,86.97749669514212
2024-01-06 16:45:00,node-us-west-2a-01,us-west-2,2a,shard-003,395,28.8469482874783,74.37400100564453,52.0812165808638,89.91272767240713,125.21488082696506,34.651869681129085,18.705141339511215,True,0,True,0,97.06267612737362,0,297,1939105,77.09349473906146
2024-01-06 16:45:00,node-us-west-2b-02,us-west-2,2b,shard-004,298,24.893421386363894,53.46199993282448,63.43946200956254,54.0923110520892,89.22637818170195,20.760069371925105,12.040030778383704,True,0,False,50,94.77517350506827,0,382,2004654,94.01340264522369
2024-01-06 16:45:00,node-eu-west-1a-01,eu-west-1,1a,shard-002,198,23.197528421202467,52.81300066429749,56.607453415872534,45.45351727578944,58.801843313755604,15.692741193597639,11.145939205259495,True,0,False,13,85.23696201012983,0,423,2584056,36.059907893128724
2024-01-06 17:00:00,node-us-east-1a-01,us-east-1,1a,shard-001,777,34.15615824421229,71.30846350657274,47.330927573066646,172.86604955023603,261.697684545671,67.56412405373503,40.26808501397003,True,0,True,0,96.229833002241,1,113,1911115,54.031006089681554
2024-01-06 17:00:00,node-us-east-1b-02,us-east-1,1b,shard-002,424,27.342378663159014,50.06497185276536,56.673652178079315,97.41163712353847,107.14184144222673,34.03193225588502,20.541771194292068,True,0,False,41,93.53417385202121,0,218,1815023,76.18503862783434
2024-01-06 17:00:00,node-us-east-1c-03,us-east-1,1c,shard-001,182,24.125340483328632,44.100694168328694,38.726906848800816,30.759028381917492,60.29735329688903,14.963529669558437,10.14190174603372,True,0,False,25,93.34311269163476,0,316,3645796,30.244832237765014
2024-01-06 17:00:00,node-us-west-2a-01,us-west-2,2a,shard-003,243,24.172105028154995,68.77312927212355,63.340419555013,56.11953224677013,66.53648791343873,17.875268785820644,9.731676694293293,True,0,True,0,88.2672100660424,0,378,2700669,85.71100826066052
2024-01-06 17:00:00,node-us-west-2b-02,us-west-2,2b,shard-004,251,24.17085991953528,62.55182314506836,65.35744744344879,48.366274587294015,81.12406041877603,19.368497971205436,11.34714872409349,True,0,False,47,91.00505230985388,0,369,3526405,66.3669969566271
2024-01-06 17:00:00,node-eu-west-1a-01,eu-west-1,1a,shard-002,266,24.737669073946897,49.41161479120269,41.91842466242271,45.86671047918849,68.9733624691778,23.219705259388594,12.658687287742742,True,0,False,14,90.85703214117763,0,94,3641079,37.131475522011115
2024-01-06 17:15:00,node-us-east-1a-01,us-east-1,1a,shard-001,563,29.182131290509833,78.6067563461364,34.58073904976969,96.93473037551942,136.9476804212239,39.339373057675076,24.89368368881984,True,0,True,0,92.39127471453159,0,181,3741229,60.889884146759876
2024-01-06 17:15:00,node-us-east-1b-02,us-east-1,1b,shard-002,273,26.334856711710824,58.325236059494685,44.57481748000447,46.232376168967626,80.58501646827114,25.750363467247848,12.792585139395134,True,0,False,27,89.41480231104237,0,401,2176998,69.50691156448462
2024-01-06 17:15:00,node-us-east-1c-03,us-east-1,1c,shard-001,704,34.03473933400219,77.79322958542446,34.40653727068969,115.92313634099605,239.1269352780317,64.7358047001596,28.574244527084385,True,0,False,36,97.03901453931223,0,307,2793783,81.86532413027182
2024-01-06 17:15:00,node-us-west-2a-01,us-west-2,2a,shard-003,469,28.888989394119715,79.63680798821596,36.63859241541534,90.17709474053216,125.51161356378019,35.317944186045814,27.438875891188914,True,0,True,0,95.16647292441236,0,335,3578836,84.57644895664485
2024-01-06 17:15:00,node-us-west-2b-02,us-west-2,2b,shard-004,215,24.920727041571737,69.14798350631543,48.521462949357755,49.736049524472676,67.46074267289988,20.14687046957226,11.33871711089357,True,0,False,6,89.02201931350857,0,444,1830544,50.73362340647077
2024-01-06 17:15:00,node-eu-west-1a-01,eu-west-1,1a,shard-002,228,25.46979688899089,78.77975017512203,47.09830286812782,51.45355954647579,56.97250729272495,20.791508849817973,13.454961214393428,True,0,False,21,95.69336721077654,0,94,3887478,72.67125468680666
2024-01-06 17:30:00,node-us-east-1a-01,us-east-1,1a,shard-001,234,25.00371957024112,48.246675982036756,58.97052995822868,50.369864325363025,63.06154238238028,16.12375116007894,12.344540505077179,True,0,True,0,97.2506518749615,0,162,2527183,25.24707693554899
2024-01-06 17:30:00,node-us-east-1b-02,us-east-1,1b,shard-002,532,32.23408351963269,63.52581120789672,31.148599151374817,93.00890860610652,142.80140412354078,35.12079724737812,24.781217076071968,True,0,False,24,95.01477156646051,0,337,2848126,23.487066407725532
2024-01-06 17:30:00,node-us-east-1c-03,us-east-1,1c,shard-001,454,27.521590496736575,78.31548591622126,45.78174870221561,81.96237610847189,126.88657836946645,32.47252055329736,20.80113225315785,True,0,False,33,85.22324305807129,0,139,4299996,27.28796735891546
2024-01-06 17:30:00,node-us-west-2a-01,us-west-2,2a,shard-003,444,28.28967880923296,71.56019523504958,36.066916311879254,73.67065429760318,120.65842840406198,33.847186402673024,26.1838652110132,True,0,True,0,92.32027205496958,0,272,1848093,40.757427298102904
2024-01-06 17:30:00,node-us-west-2b-02,us-west-2,2b,shard-004,283,26.64940729423646,79.39735053462006,51.813934279882886,45.776966338579875,79.96745098239361,20.485791076350004,14.883906485482784,True,0,False,44,95.8746347804522,0,288,2096366,30.67323114843436
2024-01-06 17:30:00,node-eu-west-1a-01,eu-west-1,1a,shard-002,217,24.286460965921012,54.212874264598604,36.757293578946324,35.83046925990229,70.12956992723434,15.81111489736272,9.168742101651395,True,0,False,7,88.700823271885,0,94,2348363,94.88573723649742
2024-01-06 17:45:00,node-us-east-1a-01,us-east-1,1a,shard-001,410,28.69639423251312,63.486080977007504,39.758172683657094,91.49124360344666,113.30750985415956,38.4518414525721,19.563918247666265,True,0,True,0,92.59753164288446,0,428,1255554,46.24435263718549
2024-01-06 17:45:00,node-us-east-1b-02,us-east-1,1b,shard-002,365,27.595790346098198,79.38014404403053,68.86599746233148,70.66204373716647,103.7846813270705,33.70132972074114,19.850087123357383,True,0,False,27,92.52648849587007,0,430,3807984,65.53259525329476
2024-01-06 17:45:00,node-us-east-1c-03,us-east-1,1c,shard-001,364,27.345233005802157,63.56205369785765,32.939726960945734,66.56524127051274,94.09280889144183,33.21445775673425,15.66588377147887,True,0,False,31,91.26507986614139,0,385,4309349,28.35764943549239
2024-01-06 17:45:00,node-us-west-2a-01,us-west-2,2a,shard-003,565,29.455884316653005,74.86045762789615,53.407702740656106,126.03661217460872,162.16832322996657,52.90661604992826,29.905969192594196,True,0,True,0,93.82034061599165,0,246,1717401,34.437097894358395
2024-01-06 17:45:00,node-us-west-2b-02,us-west-2,2b,shard-004,265,26.06295538211668,68.90734765821064,66.81688781401473,49.950494307727794,84.15353634674098,22.885649411010053,11.218440129161985,True,0,False,3,87.1916545993471,0,270,1847807,74.18390897858224
2024-01-06 17:45:00,node-eu-west-1a-01,eu-west-1,1a,shard-002,377,27.855093559998117,63.90699192759445,62.83347220070552,85.64818447634417,105.91049506357706,27.331840810450064,22.506169962756125,True,0,False,23,87.5537348745682,0,410,2305033,78.3382218841686
2024-01-06 18:00:00,node-us-east-1a-01,us-east-1,1a,shard-001,650,33.7409365817678,66.13235177013283,68.54694659343554,125.7164093437037,227.45597349920484,47.27647927360642,31.522222197096763,True,0,True,0,97.30634158028242,0,345,1625005,96.44008391952562
2024-01-06 18:00:00,node-us-east-1b-02,us-east-1,1b,shard-002,755,36.398046037928026,64.60298157056363,54.3117814767941,170.20248216749206,188.66240931561896,60.90995440399635,43.39829518832684,True,0,False,26,87.61825830659062,1,414,2080009,22.94671691083325
2024-01-06 18:00:00,node-us-east-1c-03,us-east-1,1c,shard-001,545,32.08160703365485,71.13878544940147,40.8032071275887,91.62240741444964,172.51820406313385,40.21558473489595,25.74442545724372,True,0,False,31,89.97467089725474,0,200,3078104,78.68837096435306
2024-01-06 18:00:00,node-us-west-2a-01,us-west-2,2a,shard-003,203,24.42976954453135,41.649011774404144,56.638363628737274,37.31232611157652,63.18784498334005,14.743583887287567,11.781626583437713,True,0,True,0,85.27949638736398,0,190,1091145,69.88827019828288
2024-01-06 18:00:00,node-us-west-2b-02,us-west-2,2b,shard-004,543,30.413577845098654,62.24398864903864,35.411857381308984,88.30567168824557,145.30603916264283,38.106817075285,26.086027397462644,True,0,False,41,93.69012476935966,0,381,1697322,37.61419812752317
2024-01-06 18:00:00,node-eu-west-1a-01,eu-west-1,1a,shard-002,191,23.577447917069556,53.4855110767547,67.75536430185839,33.45928485118252,57.59699708315792,17.24715155598276,7.844368277387898,True,0,False,26,89.11671048056881,0,206,4761351,71.06083594944144
2024-01-06 18:15:00,node-us-east-1a-01,us-east-1,1a,shard-001,237,24.390381636100816,40.94297435897523,64.39789361559615,54.04848500187539,74.85289909114306,18.435957263168085,12.331743495183384,True,0,True,0,86.42944262659648,0,232,3399896,86.84050551727083
2024-01-06 18:15:00,node-us-east-1b-02,us-east-1,1b,shard-002,704,31.63657779016353,79.44226692385948,67.00551135251534,122.27085347868962,193.7064732535985,67.21079397456853,31.659466365549044,True,0,False,27,90.72029182498362,0,272,2033593,70.5410823957645
2024-01-06 18:15:00,node-us-east-1c-03,us-east-1,1c,shard-001,515,29.04169888661727,60.545679817120856,67.33405663866765,98.46734096593777,150.0288124265259,38.6010215005899,28.508384910255007,True,0,False,25,94.22780084301998,0,469,1195248,54.135883136494265
2024-01-06 18:15:00,node-us-west-2a-01,us-west-2,2a,shard-003,342,27.368338676945584,54.117636870854724,49.334833884503034,63.14723540741904,94.20091409512405,27.654484206721627,20.307790335311974,True,0,True,0,87.92224261702648,0,365,4977207,35.17996658052702
2024-01-06 18:15:00,node-us-west-2b-02,us-west-2,2b,shard-004,444,28.69747671872113,57.62668381416994,46.86227429873554,91.41632195517072,122.48380588391245,38.440099781312405,20.451235263986156,True,0,False,40,87.03356758117341,0,177,1162460,87.36291747608844
2024-01-06 18:15:00,node-eu-west-1a-01,eu-west-1,1a,shard-002,463,29.32339107251247,71.70203722615028,60.889413418289934,85.12914207962434,120.1612371954927,41.39317318244492,19.252398290792634,True,0,False,3,95.88518284096533,0,177,3144733,89.94290371307571
2024-01-06 18:30:00,node-us-east-1a-01,us-east-1,1a,shard-001,220,24.351771764571783,46.82621579113411,51.532437152108756,52.52558087317412,75.95840608792585,14.51737619694577,12.581528453472941,True,0,True,0,88.3042711529812,0,456,1142525,72.75448437036333
2024-01-06 18:30:00,node-us-east-1b-02,us-east-1,1b,shard-002,534,28.989343984047412,74.23668196491278,31.54994493843834,102.04278463800827,130.0997337494832,49.02964161582658,24.9517739435069,True,0,False,33,97.82498550333717,0,61,2875517,56.12849566780932
2024-01-06 18:30:00,node-us-east-1c-03,us-east-1,1c,shard-001,284,25.16493237112976,64.19592689394568,54.12588450394005,54.53637717695019,81.46233197776104,22.991448408914206,13.82917402144301,True,0,False,45,89.04918163064677,0,417,1622395,66.51473169976994
2024-01-06 18:30:00,node-us-west-2a-01,us-west-2,2a,shard-003,446,28.521985717845503,55.56866472644925,66.6266977858703,99.37009203826821,151.20726946382638,32.45078046251688,18.482847715227958,True,0,True,0,90.91127930190602,0,226,1888086,22.13574236773904
2024-01-06 18:30:00,node-us-west-2b-02,us-west-2,2b,shard-004,236,24.914433655832852,55.06640932076995,48.65435403977742,54.932381527477865,61.50528502525932,22.197496425504323,13.141569553673751,True,0,False,27,85.13641977699592,0,62,2166857,94.66161238028835
2024-01-06 18:30:00,node-eu-west-1a-01,eu-west-1,1a,shard-002,124,22.741422649096783,47.94510081917147,65.82500396963499,22.03927253884446,34.817502688618205,10.553575220630167,7.3762045811323915,True,0,False,46,92.48713968008569,0,334,2253729,84.54400650536749
2024-01-06 18:45:00,node-us-east-1a-01,us-east-1,1a,shard-001,375,26.148780749239208,44.39264093071764,32.788845806565604,81.49875435454507,131.98719581158488,34.063691489468816,21.284969682042888,True,0,True,0,92.89704962734619,0,214,3298205,34.21140734643309
2024-01-06 18:45:00,node-us-east-1b-02,us-east-1,1b,shard-002,627,31.158896700538534,46.55136382863298,66.69360952029855,138.03090524411715,202.66048815375154,40.43258185866799,37.447904985317955,True,0,False,5,90.54389310077676,0,267,2865142,36.82376257509283
2024-01-06 18:45:00,node-us-east-1c-03,us-east-1,1c,shard-001,457,30.72495121359184,55.59933977131867,59.9617214060043,84.54206073384977,157.51496714032115,36.64365444237946,24.495892619808664,True,0,False,45,86.68234133274042,0,466,1314079,39.27300414069738
2024-01-06 18:45:00,node-us-west-2a-01,us-west-2,2a,shard-003,214,24.522454937331823,46.97249317412205,60.0436540823831,40.415968936948,60.616821165048414,16.024973934785017,12.83131267964787,True,0,True,0,87.64312033158781,0,286,1449120,57.80863440814236
2024-01-06 18:45:00,node-us-west-2b-02,us-west-2,2b,shard-004,441,28.239984823241585,76.64918885809462,58.311663728842944,75.05588628304396,130.08065654211148,37.66400927647928,20.292185598050658,True,0,False,17,93.2435573406249,0,316,3724425,96.1937329222794
2024-01-06 18:45:00,node-eu-west-1a-01,eu-west-1,1a,shard-002,441,27.63789302944918,48.33122034753363,65.52796576778985,101.3061508258432,137.14158921381363,29.026642979631035,23.48394921361039,True,0,False,4,92.78457072240974,0,199,2075651,20.12660575758509
2024-01-06 19:00:00,node-us-east-1a-01,us-east-1,1a,shard-001,738,34.409486239271196,43.751002665185965,61.90219747898665,121.77074389590224,178.29972966173986,60.5562261535518,34.79706382940042,True,0,True,0,97.78339534381351,0,149,3315371,82.65811203301608
2024-01-06 19:00:00,node-us-east-1b-02,us-east-1,1b,shard-002,580,31.641374586552896,58.291695687259114,50.91889550886445,106.59985834453319,167.38957061427283,52.61300050932226,30.79811915255675,True,0,False,6,91.40676625270443,0,403,1296636,32.32669472718079
2024-01-06 19:00:00,node-us-east-1c-03,us-east-1,1c,shard-001,414,27.16246514520694,67.79419327526732,66.30388292784784,90.17310630439277,105.29318421739592,30.07469840061046,18.14558729245809,True,0,False,34,94.15581528461821,0,448,1832234,91.00397951451487
2024-01-06 19:00:00,node-us-west-2a-01,us-west-2,2a,shard-003,585,31.057359495498417,67.34211199928096,48.039900082113654,94.58100555565922,179.61296093772802,48.44725975654045,28.101044782695567,True,0,True,0,86.16995680808554,0,177,4124845,85.18575008248335
2024-01-06 19:00:00,node-us-west-2b-02,us-west-2,2b,shard-004,441,27.284035489603895,43.9466585372388,51.38694080654709,88.52926892544941,137.07883661073993,35.122620498822265,23.61220341339536,True,0,False,22,95.22908477728834,0,127,2750062,94.61748007709345
2024-01-06 19:00:00,node-eu-west-1a-01,eu-west-1,1a,shard-002,485,30.763424935711605,57.08292134719238,68.19728861877398,97.13434487301235,144.4546648923082,31.09583436882644,25.972526915630144,True,0,False,40,91.86834764894078,0,353,2823258,70.98528731080282
2024-01-06 19:15:00,node-us-east-1a-01,us-east-1,1a,shard-001,624,31.021191812944814,65.80010079271594,57.72996420722718,127.68376176495784,185.97862996624136,54.21300972406036,31.48578093464323,True,0,True,0,90.66748038104573,0,62,4771776,62.06875213489707
2024-01-06 19:15:00,node-us-east-1b-02,us-east-1,1b,shard-002,311,26.890597491072352,44.137856174285886,56.03109135096826,73.43171866361781,85.73727817547919,25.842696429089898,15.912898065372516,True,0,False,37,94.80462942348097,0,59,2041143,20.529543617947574
2024-01-06 19:15:00,node-us-east-1c-03,us-east-1,1c,shard-001,528,31.3226236809019,50.088340387621614,40.300114309080385,119.15240775139604,189.0773181173987,39.84693799999003,24.618837694595374,True,0,False,33,92.84587061051376,0,207,1699534,60.09793821313653
2024-01-06 19:15:00,node-us-west-2a-01,us-west-2,2a,shard-003,348,26.692131724241726,50.59819173447368,69.52796597631098,82.82425179974446,120.68071767998798,31.10728286348665,14.680816760910892,True,0,True,0,89.22066432262771,0,207,4254624,76.6629237993858
2024-01-06 19:15:00,node-us-west-2b-02,us-west-2,2b,shard-004,425,27.689490568395478,75.40098357576474,43.25044789676459,80.29459341365515,105.63972261457796,33.69004767907795,22.74078422852186,True,0,False,41,85.62339360458195,0,462,1999759,50.55865916929582
2024-01-06 19:15:00,node-eu-west-1a-01,eu-west-1,1a,shard-002,369,27.156971082270953,50.57472705559447,66.85275487383328,71.12576215784658,105.70404556311269,34.66668177010611,15.217431834288053,True,0,False,41,88.4492138184841,0,369,4381193,90.84534490157944
2024-01-06 19:30:00,node-us-east-1a-01,us-east-1,1a,shard-001,493,31.433986654206088,55.71210252514102,67.90126716707472,82.38311260928981,153.53324169848142,42.89841189791964,24.38024764117799,True,0,True,0,97.33178207233539,0,475,3500130,94.5432106494509
2024-01-06 19:30:00,node-us-east-1b-02,us-east-1,1b,shard-002,513,31.9594717262126,72.49103330926857,36.93363397975906,108.9921962696244,184.009376879107,41.307573041850944,30.5619536762987,True,0,False,13,86.29517634688445,0,389,4561333,54.9849574162853
2024-01-06 19:30:00,node-us-east-1c-03,us-east-1,1c,shard-001,214,24.201696178573684,73.94051959400886,31.102255453430683,49.70280460675704,69.33423375429395,17.78325901697556,9.6257307504683,True,0,False,50,92.42641593917935,0,253,1453197,33.02853573555996
2024-01-06 19:30:00,node-us-west-2a-01,us-west-2,2a,shard-003,487,30.331276720776906,43.032819691330026,41.885451472939785,92.53307143209923,170.770614499487,35.743109362391515,28.347378240450464,True,0,True,0,96.14526510802982,0,307,4048055,43.41400542226151
2024-01-06 19:30:00,node-us-west-2b-02,us-west-2,2b,shard-004,265,26.222719652245285,61.87175152804482,66.53311065073942,53.900744721690415,72.40257619400374,21.926219843505155,14.66314255910124,True,0,False,12,95.40048095181609,0,135,1817679,22.871583285093866
2024-01-06 19:30:00,node-eu-west-1a-01,eu-west-1,1a,shard-002,181,23.449104788295895,58.597136758235564,33.15331695995446,36.60096097097503,53.67564436805824,16.877910572882868,9.459702396039578,True,0,False,3,96.64645959183514,0,440,3490125,84.49963827764273
2024-01-06 19:45:00,node-us-east-1a-01,us-east-1,1a,shard-001,568,33.14178784673441,79.81718760989625,58.188253459489964,94.39738373192506,144.75984918036355,48.806320323996644,32.66696572949928,True,0,True,0,86.52999179394236,0,222,3322317,34.64480750125085
2024-01-06 19:45:00,node-us-east-1b-02,us-east-1,1b,shard-002,621,34.24209944121167,40.370210712135076,60.67740521388295,144.71424990976516,152.53830426081532,52.44267589937075,33.89474392516027,True,0,False,43,88.73195308063838,0,162,2743173,35.704024674430066
2024-01-06 19:45:00,node-us-east-1c-03,us-east-1,1c,shard-001,253,25.43420884876891,68.97670818767398,54.76774172096263,56.50909908251945,70.14934546812168,19.932774897967377,12.427889431537142,True,0,False,7,91.66786846731635,0,184,1726443,96.97570795507622
2024-01-06 19:45:00,node-us-west-2a-01,us-west-2,2a,shard-003,171,22.934956809521942,68.966927698101,32.76103252633717,35.84451830299666,54.54928921879719,11.441963905678309,7.860363969353378,True,0,True,0,92.20777217492333,0,326,2755951,55.79334675455141
2024-01-06 19:45:00,node-us-west-2b-02,us-west-2,2b,shard-004,147,22.844755815031252,59.567282155283436,43.93616700359766,29.362455505746134,42.987593936420915,11.769015124276008,7.409174375095726,True,0,False,47,85.06834581166062,0,130,2794662,72.38314462897199
2024-01-06 19:45:00,node-eu-west-1a-01,eu-west-1,1a,shard-002,242,25.627838045014315,71.49467400267622,39.76345797771956,41.031076009639136,77.54602169399459,18.220308922140003,11.471906048578418,True,0,False,39,86.9109756252695,0,475,1640515,42.03656682792638
2024-01-06 20:00:00,node-us-east-1a-01,us-east-1,1a,shard-001,661,30.59411510879386,54.26761598924976,52.24915773270233,133.30688864252866,236.2608945574947,53.416438327013026,28.578590673513293,True,0,True,0,93.60210040045258,0,214,4576914,67.55432338315369
2024-01-06 20:00:00,node-us-east-1b-02,us-east-1,1b,shard-002,844,37.47162073601616,69.31694129195489,30.571781680455654,138.09062857263552,298.72752419981606,74.23857207549474,43.02506191159613,True,0,False,29,93.33320273880983,0,412,2624649,29.727327786557638
2024-01-06 20:00:00,node-us-east-1c-03,us-east-1,1c,shard-001,367,26.317280005807245,71.45346887743798,50.475508483109834,82.83766948120515,129.6739882386578,30.068252845933973,16.717627456772547,True,0,False,36,93.53206398726165,0,58,2821068,47.99584992435
2024-01-06 20:00:00,node-us-west-2a-01,us-west-2,2a,shard-003,278,25.68723949237183,52.92847026617188,33.097310381329386,51.37529705922923,80.46226699748925,20.760052290394032,15.05374627697791,True,0,True,0,93.71569734430409,0,259,4940226,23.63175933125948
2024-01-06 20:00:00,node-us-west-2b-02,us-west-2,2b,shard-004,266,25.32720265512882,45.276226997888166,62.444514551694326,51.11655181053353,76.90618199446838,21.53808546882123,14.71324242245099,True,0,False,35,91.75380780673615,0,209,2075946,28.221899417948613
2024-01-06 20:00:00,node-eu-west-1a-01,eu-west-1,1a,shard-002,154,22.536177572966714,47.028307867546616,67.59713549336311,26.7150477711167,40.92149950823822,12.994853972864304,8.94842714052422,True,0,False,21,91.71665852534673,0,235,2116815,89.09666446626613
2024-01-06 20:15:00,node-us-east-1a-01,us-east-1,1a,shard-001,407,28.830514690281607,45.18872719975778,47.43044587384082,69.76653627958487,128.9934763909606,27.471676528742154,23.907112605149855,True,0,True,0,86.83602538719639,0,133,3779385,72.46569948165725
2024-01-06 20:15:00,node-us-east-1b-02,us-east-1,1b,shard-002,172,23.179902995221834,57.63370814094554,34.479570699686576,38.29511937922958,54.84780092248825,13.785537194576417,8.59799058909947,True,0,False,45,92.12893458821495,0,360,4014877,59.851935914971435
2024-01-06 20:15:00,node-us-east-1c-03,us-east-1,1c,shard-001,349,28.18607234719545,74.91124839403606,57.57435381606998,61.705120225212355,86.0463783757667,28.806803510045352,19.769926433530607,True,0,False,23,85.68835135216104,0,210,2132961,34.98945150729032
2024-01-06 20:15:00,node-us-west-2a-01,us-west-2,2a,shard-003,609,30.51367525485007,64.05897129860797,48.04530081943854,106.06316477527992,208.1238015937336,40.26278147386826,30.596152158717345,True,0,True,0,85.39816923139423,0,273,1387840,21.53297532931252
2024-01-06 20:15:00,node-us-west-2b-02,us-west-2,2b,shard-004,276,24.82809032186546,77.1176069148082,56.35696838003179,59.12927864864278,75.55336629299909,22.258484986260967,15.316442348643365,True,0,False,5,93.82133964940532,0,385,3415452,44.19581226925821
2024-01-06 20:15:00,node-eu-west-1a-01,eu-west-1,1a,shard-002,242,24.45430643462218,64.10256493688803,38.22488099612765,57.02890061222038,84.10235222976519,15.68797162021899,14.492505155328159,True,0,False,20,95.8868904746387,0,452,1990454,92.10937682821212
2024-01-06 20:30:00,node-us-east-1a-01,us-east-1,1a,shard-001,211,24.553473857104866,78.89815103582148,67.15937309192755,35.85494718081272,69.69947097791729,13.666091447466618,11.521382046232443,True,0,True,0,87.10068877433137,0,434,4120662,23.08343980868269
2024-01-06 20:30:00,node-us-east-1b-02,us-east-1,1b,shard-002,348,27.793504673355613,64.49949466227066,43.64049116502935,79.21231888512536,96.41928062750104,24.471920771490563,17.691530279217886,True,0,False,25,92.74249183127904,0,194,2887866,35.49166300471043
2024-01-06 20:30:00,node-us-east-1c-03,us-east-1,1c,shard-001,412,26.947110141949658,42.99574599999046,33.265265483653536,72.46441602950794,148.18932534814297,33.11341776027215,16.72058968514588,True,0,False,11,85.49029203656062,0,426,2427894,50.20477042968845
2024-01-06 20:30:00,node-us-west-2a-01,us-west-2,2a,shard-003,441,30.527635070913057,43.39219037287104,52.065864019295155,83.89507150697645,141.9339321483132,34.9836900856226,17.976138759238363,True,0,True,0,86.64272673272231,0,439,3602897,60.553183608890755
2024-01-06 20:30:00,node-us-west-2b-02,us-west-2,2b,shard-004,317,27.59357114659877,46.52169354958747,61.47079034420419,63.66070676789772,82.40880908671475,23.079008124603153,15.206123563542311,True,0,False,41,94.42547692837367,0,215,3659295,38.50883297155164
2024-01-06 20:30:00,node-eu-west-1a-01,eu-west-1,1a,shard-002,163,23.65916432715571,57.73341352707992,33.57361024302988,31.503578179788153,47.02156900268579,12.95019894190949,8.367608227232013,True,0,False,26,92.84790573772742,0,313,1896037,26.889075783896345
2024-01-06 20:45:00,node-us-east-1a-01,us-east-1,1a,shard-001,767,36.60236269326634,79.96123043714874,47.59129878063301,142.92308958046834,216.5231036583683,51.391468838853314,42.544131162380104,True,0,True,0,90.67200221600625,1,321,1102578,99.23351385253626
2024-01-06 20:45:00,node-us-east-1b-02,us-east-1,1b,shard-002,538,32.0886438646035,43.90365581831102,67.77231717717896,91.20478791335586,184.37450496371653,39.841139437965616,23.3466968326051,True,0,False,30,94.74403742244843,0,348,3951400,82.14157910089736
2024-01-06 20:45:00,node-us-east-1c-03,us-east-1,1c,shard-001,204,24.559756151696078,49.17530633107063,69.74779948599587,34.83634662537519,66.66890993509696,13.307663341456928,11.17976516370036,True,0,False,35,90.56796817572543,0,428,1912003,48.59481100983846
2024-01-06 20:45:00,node-us-west-2a-01,us-west-2,2a,shard-003,510,29.05494797387079,60.725176509415924,61.13822035969731,99.94693597528105,156.24852728438776,37.54629625337022,29.92964931068617,True,0,True,0,87.11327117894598,0,179,3304118,21.279152011395865
2024-01-06 20:45:00,node-us-west-2b-02,us-west-2,2b,shard-004,374,28.43565104680507,53.88943446422526,41.15827805009239,64.91316322488963,130.37803670783504,28.279167608030505,18.946452301055356,True,0,False,30,90.68767741881595,0,131,3921440,29.73424138465461
2024-01-06 20:45:00,node-eu-west-1a-01,eu-west-1,1a,shard-002,425,29.506563541395572,40.92328279151325,61.25413038412782,91.11853799462295,113.65295865921163,37.40063256226855,23.67024886277047,True,0,False,22,86.35773967311106,0,280,3371117,50.95792127765599
2024-01-06 21:00:00,node-us-east-1a-01,us-east-1,1a,shard-001,780,33.56015498515185,43.261647812432834,52.01948292017108,177.37871971876126,213.63858258861723,53.535265917456655,32.72302276726164,True,0,True,0,96.40331647138139,0,487,2720029,73.90698858221907
2024-01-06 21:00:00,node-us-east-1b-02,us-east-1,1b,shard-002,651,33.76108795547866,55.72322718841129,54.00429483704095,105.48782696594749,232.85229047990757,59.015299445446516,32.31324037476705,True,0,False,17,89.28554647501764,0,79,1265539,68.76069884472416
2024-01-06 21:00:00,node-us-east-1c-03,us-east-1,1c,shard-001,695,35.291027676980654,52.59246626126511,43.88822428053487,126.7731914784034,168.47957778618277,50.39140147493378,29.680246422290534,True,0,False,18,85.34785721595173,1,61,3274345,23.178140625381136
2024-01-06 21:00:00,node-us-west-2a-01,us-west-2,2a,shard-003,606,32.78826653898716,58.87810053249794,49.948287069008785,143.46478151164644,156.46999292462795,47.57283035461441,29.632802986215406,True,0,True,0,87.87716145036971,0,264,1665617,49.689516083313734
2024-01-06 21:00:00,node-us-west-2b-02,us-west-2,2b,shard-004,547,33.12200417840149,43.93048914583698,44.27980531214906,104.8223876018453,194.70787151535663,49.10028362353086,28.90853171595003,True,0,False,34,94.07324359292453,0,287,4241221,95.26772742767454
2024-01-06 21:00:00,node-eu-west-1a-01,eu-west-1,1a,shard-002,471,28.748504324354776,64.40321877739714,61.8315626258093,89.93067217537231,143.1265703220855,39.010099647300656,26.042014360724895,True,0,False,24,88.10649366618681,0,126,4919642,66.46153820869917
2024-01-06 21:15:00,node-us-east-1a-01,us-east-1,1a,shard-001,570,32.509491012465745,74.96630064269215,57.5920326254352,102.56793505051574,172.7413502115206,48.340153026388904,33.57882210513798,True,0,True,0,90.3275899007936,0,96,1602711,67.71634150050801
2024-01-06 21:15:00,node-us-east-1b-02,us-east-1,1b,shard-002,519,29.4133338077634,68.5891312951209,47.71900032992011,101.13686284147622,176.12920391666603,42.11300776262338,28.43843764685406,True,0,False,44,85.79917045946208,0,287,2472726,47.28769079972831
2024-01-06 21:15:00,node-us-east-1c-03,us-east-1,1c,shard-001,646,32.551054223570276,47.5866117661507,33.276397594521555,121.50773832020653,219.4074882666704,45.6149502972727,30.751773914747865,True,0,False,33,96.91418775857592,0,402,2551046,28.49371186536283
2024-01-06 21:15:00,node-us-west-2a-01,us-west-2,2a,shard-003,635,32.38753663879953,76.41263916733162,62.41652576900183,144.69976332657302,184.71859451480202,44.39443801880869,29.95267631884735,True,0,True,0,88.27586157121375,0,290,3667068,20.62663383066277
2024-01-06 21:15:00,node-us-west-2b-02,us-west-2,2b,shard-004,433,29.745892012227436,49.93445613978139,36.03101315208961,82.4869074208572,123.45926334878538,41.08573779462963,18.950663378577623,True,0,False,40,85.96177779332096,0,395,3555863,98.796440331651
2024-01-06 21:15:00,node-eu-west-1a-01,eu-west-1,1a,shard-002,277,26.4396215354482,51.32911213370691,69.28394774484269,64.23368573350297,76.33948605734788,24.684169076502933,16.232635240196714,True,0,False,18,97.09939182236191,0,156,3855184,64.3837081731061
2024-01-06 21:30:00,node-us-east-1a-01,us-east-1,1a,shard-001,222,23.883807634162352,41.218411730111406,68.58071459965876,51.82240270828471,62.71028710023635,18.4894675347358,9.512122275825487,True,0,True,0,89.6983933667558,0,427,2437282,85.22107597156473
2024-01-06 21:30:00,node-us-east-1b-02,us-east-1,1b,shard-002,253,24.866736936735037,50.14336820866669,51.20526846783263,55.870269468610516,62.552670131071075,22.31464218114738,10.214933237235588,True,0,False,50,97.22529292438905,0,254,4495114,28.690852278426036
2024-01-06 21:30:00,node-us-east-1c-03,us-east-1,1c,shard-001,570,30.108669565717012,62.48378494001681,57.64065186925246,116.68780192643067,197.13356747126403,45.195971001097156,33.9889010245864,True,0,False,44,97.22818111178368,0,277,1264071,95.08655398562766
2024-01-06 21:30:00,node-us-west-2a-01,us-west-2,2a,shard-003,641,33.88681077094398,42.84196730444027,42.079840215069865,152.25269903059962,219.24647999804773,48.759785626884316,29.71119087796654,True,0,True,0,88.77449315801718,0,279,4036656,51.446245149470194
2024-01-06 21:30:00,node-us-west-2b-02,us-west-2,2b,shard-004,240,25.358291438411662,62.30493897909897,64.58665979259504,48.96944832342784,59.67726638390938,19.108993112012485,14.372084271301196,True,0,False,39,90.0879365131282,0,428,4820013,82.42863360139306
2024-01-06 21:30:00,node-eu-west-1a-01,eu-west-1,1a,shard-002,282,26.37157860219412,75.50229018224414,59.58856206487343,61.81628735382596,74.07678905832655,25.271601089355727,12.164548929414305,True,0,False,31,89.30281222692807,0,276,1180716,79.80420627371608
2024-01-06 21:45:00,node-us-east-1a-01,us-east-1,1a,shard-001,693,34.689902079381135,48.4039207224162,31.20207207805196,148.2680542411923,183.9417567803391,47.1546998035976,37.506643987998174,True,0,True,0,93.0778273550833,0,296,3521829,35.08569924937551
2024-01-06 21:45:00,node-us-east-1b-02,us-east-1,1b,shard-002,691,33.57973584446335,49.224721817084585,60.81084389659605,133.57395198433858,178.19207505167338,46.082526319344154,31.017355206399348,True,0,False,41,90.66809395204066,0,385,4071386,58.43673382367977
2024-01-06 21:45:00,node-us-east-1c-03,us-east-1,1c,shard-001,671,35.639774926318275,73.83246468508935,32.266879760568045,129.30427869823563,177.66824166562404,52.463432881255855,30.007120918185983,True,0,False,2,94.777124236357,0,152,4512175,95.96275369699146
2024-01-06 21:45:00,node-us-west-2a-01,us-west-2,2a,shard-003,357,27.578279385593575,53.23850934709587,53.15126442432018,68.36913442340028,108.91218094438698,27.98560853145191,19.1575404735495,True,0,True,0,85.42479973965061,0,288,2408131,66.61378044134763
2024-01-06 21:45:00,node-us-west-2b-02,us-west-2,2b,shard-004,488,29.012529492027475,69.65423501175124,34.62861099513725,100.26874550812963,121.68320789451371,44.87394688776058,27.300404624370582,True,0,False,33,89.78236314955805,0,297,4444155,24.941938598817394
2024-01-06 21:45:00,node-eu-west-1a-01,eu-west-1,1a,shard-002,148,23.170519953446753,64.76011682974787,68.41237392325556,27.06820679827679,39.540738709146815,10.839860119774798,7.634824335326986,True,0,False,35,95.08056210031205,0,128,3728248,68.21452521187425
2024-01-06 22:00:00,node-us-east-1a-01,us-east-1,1a,shard-001,530,30.471381730504845,67.13040236960708,58.36521239162263,113.2643278825397,146.7587835228245,40.35383838632356,22.608195304121185,True,0,True,0,95.52241842520223,0,273,1100132,51.48790306676085
2024-01-06 22:00:00,node-us-east-1b-02,us-east-1,1b,shard-002,239,24.244044359871765,69.13308207226058,42.410359504587944,38.28008993945037,61.73492199565202,15.861979570139994,11.3459901042249,True,0,False,48,91.8749780422567,0,55,1094929,30.007603349211116
2024-01-06 22:00:00,node-us-east-1c-03,us-east-1,1c,shard-001,251,25.835646881176686,54.64874342739169,38.76142437336097,44.992519877005456,74.28599929246083,19.517664777350625,13.649071216328341,True,0,False,38,88.42935371320456,0,136,3920042,96.99579678907155
2024-01-06 22:00:00,node-us-west-2a-01,us-west-2,2a,shard-003,406,26.863446658678058,70.6342767714504,51.66312855594903,72.88433655321435,106.35749349013442,33.51232602102406,19.292887051199774,True,0,True,0,89.63783759590676,0,431,4829025,68.65387049255446
2024-01-06 22:00:00,node-us-west-2b-02,us-west-2,2b,shard-004,238,24.018466072490206,52.03586246793403,55.40299048041646,49.61544888465636,68.79016859357186,15.81084232356104,13.813650582449082,True,0,False,14,96.54509061304188,0,378,3698274,36.11337527251155
2024-01-06 22:00:00,node-eu-west-1a-01,eu-west-1,1a,shard-002,251,25.3319375785369,64.0413947347921,52.43318418497557,57.515358271868486,79.73598633582328,18.912318654000032,12.756027286847912,True,0,False,18,89.10979526698958,0,75,2938580,45.01070140548981
2024-01-06 22:15:00,node-us-east-1a-01,us-east-1,1a,shard-001,467,28.871463650807826,79.35411618630144,62.991487201475366,92.84561525472216,164.3705632294208,36.2118974291479,21.845767319245518,True,0,True,0,90.2260615734244,0,217,1440067,41.42074314057774
2024-01-06 22:15:00,node-us-east-1b-02,us-east-1,1b,shard-002,155,22.56986277894782,63.64724593800017,33.427038472070485,33.7078189906807,55.378221676091044,13.105125094291196,8.225326937091639,True,0,False,40,91.84845981086671,0,499,2510335,62.923277902630126
2024-01-06 22:15:00,node-us-east-1c-03,us-east-1,1c,shard-001,427,28.35879581859443,55.180847428019234,45.25454862282454,84.35030311447026,106.40602459487582,32.88126785923916,25.149679076677934,True,0,False,47,96.40306345682235,0,238,1033895,39.81438765345917
2024-01-06 22:15:00,node-us-west-2a-01,us-west-2,2a,shard-003,444,29.557659172241003,60.71429915502144,30.347419517375386,93.39433476525389,157.1389335680045,30.36604900617876,24.389304209502424,True,0,True,0,94.62767832850597,0,124,3637390,82.00355449760302
2024-01-06 22:15:00,node-us-west-2b-02,us-west-2,2b,shard-004,137,22.7744489543322,74.82804259153124,63.335342655541005,24.074464246174095,38.00492633826402,9.3851001580658,5.718992995182502,True,0,False,9,91.95748949035611,0,188,2439374,20.356355940846484
2024-01-06 22:15:00,node-eu-west-1a-01,eu-west-1,1a,shard-002,202,24.199225223802777,59.75893650685763,64.15073148462503,32.546704420717894,59.190584873009286,15.78218188193815,8.7912577861053,True,0,False,41,96.18403548486545,0,427,2690070,28.21574641505272
2024-01-06 22:30:00,node-us-east-1a-01,us-east-1,1a,shard-001,659,33.73970711584819,61.68685314427046,30.19513959205267,145.90034038333792,178.1443044819094,48.746328732550076,30.76731683238195,True,0,True,0,92.14444931254519,0,348,2944683,34.1966525840704
2024-01-06 22:30:00,node-us-east-1b-02,us-east-1,1b,shard-002,321,25.731701363516407,65.06211694195733,31.137135217428558,69.05312090704784,112.86595234403167,21.856771178179294,17.67657217413008,True,0,False,38,92.24322485045447,0,293,3364280,36.72130293304054
2024-01-06 22:30:00,node-us-east-1c-03,us-east-1,1c,shard-001,535,30.791105463009178,69.52515791199876,63.16269635623636,112.81334302547705,172.47651826397546,49.637721550941684,27.97062406816614,True,0,False,40,93.88368158878643,0,209,4681933,83.740765544418
2024-01-06 22:30:00,node-us-west-2a-01,us-west-2,2a,shard-003,359,26.95481122787698,77.78160659422129,50.740732108438536,67.59657548671912,127.67814750912048,31.11294398216201,19.275973856162782,True,0,True,0,88.04824720445164,0,398,4245132,65.50895686139629
2024-01-06 22:30:00,node-us-west-2b-02,us-west-2,2b,shard-004,476,30.911319634415605,78.71576964948463,54.09723282436063,88.51744093183846,128.67236007583256,32.06671251779421,25.707890608885744,True,0,False,44,90.03294907889612,0,84,4193884,40.370787605235286
2024-01-06 22:30:00,node-eu-west-1a-01,eu-west-1,1a,shard-002,412,28.00314496921029,42.712802278395884,50.87164914070836,72.78879899060605,132.66957973953575,29.573983790883343,18.855277896957674,True,0,False,21,85.27507556150537,0,430,2548022,66.02577777890784
2024-01-06 22:45:00,node-us-east-1a-01,us-east-1,1a,shard-001,904,37.44428616895213,69.94120736470379,58.330971942568205,177.6337162552293,219.7833745329377,79.74420809670794,47.90146429347504,True,0,True,0,85.93993256414643,0,336,3189812,43.672762220968835
2024-01-06 22:45:00,node-us-east-1b-02,us-east-1,1b,shard-002,568,32.841378004216125,49.256536852159414,54.16731055968235,105.15147207991961,161.39283045016055,52.30312525466645,33.160711287887224,True,0,False,42,87.9401757605065,0,440,2626188,65.19106204174219
2024-01-06 22:45:00,node-us-east-1c-03,us-east-1,1c,shard-001,445,30.54124623271046,44.99079204778977,58.485563306893965,93.07784104761637,140.70102822431735,36.34586862725686,23.88373472571018,True,0,False,7,94.00510345338317,0,54,4282165,27.617493401464877
2024-01-06 22:45:00,node-us-west-2a-01,us-west-2,2a,shard-003,571,32.48206706641695,58.98358442346073,63.970014250853744,97.49662632399743,187.3797214251593,44.07510955880497,25.410861438784902,True,0,True,0,88.33393648354229,0,51,4988076,40.33801294602096
2024-01-06 22:45:00,node-us-west-2b-02,us-west-2,2b,shard-004,429,27.722302017294446,69.34135920878013,45.48446811476393,77.5988507189468,139.41573175745927,31.060916346312936,19.803126468634268,True,0,False,23,90.5254789190456,0,492,4908409,89.06191764526193
2024-01-06 22:45:00,node-eu-west-1a-01,eu-west-1,1a,shard-002,367,26.757708058612664,45.62039862294619,64.10262006080168,59.32558890350819,126.54520788768426,25.329863335807673,14.917572013015652,True,0,False,14,87.03072229348055,0,164,1851359,96.45415742547884
2024-01-06 23:00:00,node-us-east-1a-01,us-east-1,1a,shard-001,592,34.15239500658066,77.20055702409454,60.55991639386126,105.70144917613445,154.49790993823171,50.30607120163542,26.6495856309083,True,0,True,0,90.55153926348903,0,487,2974642,72.16144990231001
2024-01-06 23:00:00,node-us-east-1b-02,us-east-1,1b,shard-002,173,23.026192607068147,78.71459649789865,66.55449001919796,29.79833494819203,56.24305501731984,11.510419217748057,9.779966882665429,True,0,False,44,94.22173241750289,0,267,2502725,33.35081404683557
2024-01-06 23:00:00,node-us-east-1c-03,us-east-1,1c,shard-001,672,34.25320355327668,55.79415086863486,49.55926520783922,112.63789256676009,174.78471157580466,43.729232087172164,31.6084049840441,True,0,False,48,95.20850631663265,0,468,3797617,92.02161772789137
2024-01-06 23:00:00,node-us-west-2a-01,us-west-2,2a,shard-003,587,33.96881607411502,44.39124445571024,51.68110057649559,108.08517450020261,150.4430196164894,40.831748364462136,30.436573187883095,True,0,True,0,87.83049573176287,0,283,2863837,29.97096298159513
2024-01-06 23:00:00,node-us-west-2b-02,us-west-2,2b,shard-004,242,25.162171694803636,49.89529058661012,45.80200993480865,49.65648561615202,59.268466085407674,16.25173692453042,13.68309289940809,True,0,False,33,95.67999440154566,0,322,3713934,25.542006558431947
2024-01-06 23:00:00,node-eu-west-1a-01,eu-west-1,1a,shard-002,399,28.804362399042322,50.68493149775612,44.42513125708565,66.86677215860082,97.56411378617723,38.06243069143913,16.31944703704164,True,0,False,36,94.22427310062275,0,450,3122330,20.833226911307577
2024-01-06 23:15:00,node-us-east-1a-01,us-east-1,1a,shard-001,579,31.575288128800402,79.49939214610987,56.67588085097789,124.56830883813147,169.88253129992887,50.040066087463835,23.287225499078648,True,0,True,0,87.41127706713819,0,382,1838169,70.0043877086255
2024-01-06 23:15:00,node-us-east-1b-02,us-east-1,1b,shard-002,306,26.277696332311294,49.864658297397966,56.19949993018366,69.9502407090103,85.54175540526194,25.220490396759082,13.153961039020306,True,0,False,47,93.5232667648659,0,81,1095067,66.70255849542966
2024-01-06 23:15:00,node-us-east-1c-03,us-east-1,1c,shard-001,607,31.08605520479378,64.07391904664146,50.33457603845985,112.83588607648362,211.4744044812155,55.4181863270137,35.18507038586841,True,0,False,39,94.4204398307118,0,453,1870741,57.67622537644358
2024-01-06 23:15:00,node-us-west-2a-01,us-west-2,2a,shard-003,321,26.258124192687077,49.41969587806686,62.04462819739356,71.27615321341578,80.11603573279771,28.88390059452776,14.069679402595943,True,0,True,0,87.08681185581662,0,331,1492427,83.42317317595722
2024-01-06 23:15:00,node-us-west-2b-02,us-west-2,2b,shard-004,253,25.54783226287375,61.30392756688658,67.53640742487684,47.139997649017,86.81232186318279,21.507152918192965,14.061185901264208,True,0,False,14,90.86107429252557,0,403,3163734,25.02898633104408
2024-01-06 23:15:00,node-eu-west-1a-01,eu-west-1,1a,shard-002,143,22.40450832722242,52.836179626259614,39.63721206301383,31.19560757948115,38.367892001266156,9.713773122881603,6.896134827569251,True,0,False,36,85.264664904949,0,106,1461771,94.37234798422539
2024-01-06 23:30:00,node-us-east-1a-01,us-east-1,1a,shard-001,720,34.3129909698636,68.66711927402481,56.00937744042286,118.35650710849475,176.17172950958923,49.59527523869415,34.66453750842542,True,0,True,0,86.27639800374261,0,125,3054902,39.79246053979669
2024-01-06 23:30:00,node-us-east-1b-02,us-east-1,1b,shard-002,493,28.32659647287582,40.213908261161436,59.94896730803539,114.54275901278811,134.8866481240085,35.46878943860522,28.818739633319545,True,0,False,13,94.59726583544563,0,137,4455159,83.53547150436381
2024-01-06 23:30:00,node-us-east-1c-03,us-east-1,1c,shard-001,296,25.79997136559674,58.12380986117239,42.49524724797382,50.71066241593719,101.05003311067748,22.935213893700237,16.13666397825795,True,0,False,6,95.52512219011925,0,55,1269539,61.89102496861619
2024-01-06 23:30:00,node-us-west-2a-01,us-west-2,2a,shard-003,403,28.25190489846926,58.95435726262782,36.8628756405832,75.64830111520072,128.08318540339914,29.594708561337672,18.31509432862738,True,0,True,0,93.44765429521442,0,352,3269243,29.819545426200076
2024-01-06 23:30:00,node-us-west-2b-02,us-west-2,2b,shard-004,386,28.366882060205597,58.682060151142245,42.39937670804412,71.67368289204683,114.27587152592145,25.71669461419204,16.747060440214696,True,0,False,4,91.63317757353344,0,261,3828127,26.369906878183123
2024-01-06 23:30:00,node-eu-west-1a-01,eu-west-1,1a,shard-002,655,35.21290283577262,42.36232031539813,36.18655461792649,122.53124867407956,191.6446993372245,44.23358451030531,35.7596085070546,True,0,False,40,89.74790195287208,0,381,4215035,75.90932868716295
2024-01-06 23:45:00,node-us-east-1a-01,us-east-1,1a,shard-001,847,38.18342652674588,72.96514233713704,67.98777088523228,180.1395801032689,255.82535759285463,64.10945301299766,50.00203971345113,True,0,True,0,91.07368779313849,0,307,1135769,79.80391549045876
2024-01-06 23:45:00,node-us-east-1b-02,us-east-1,1b,shard-002,521,31.00122090293671,70.51411883857261,48.99622433798122,94.11850029325103,129.79885539510965,46.44272243837869,30.976055095931628,True,0,False,39,97.94877729589125,0,399,4757174,54.76114740849536
2024-01-06 23:45:00,node-us-east-1c-03,us-east-1,1c,shard-001,432,30.060645906215033,49.698389959000565,37.5263421493464,91.43609864857589,107.12785136369757,38.689127692368324,23.429768447040683,True,0,False,8,92.0833441893353,0,58,1910950,64.35112113189373
2024-01-06 23:45:00,node-us-west-2a-01,us-west-2,2a,shard-003,280,24.649639747584438,73.35646744464756,46.82686373378408,61.711990640091614,83.99389872889311,25.856756813293803,14.606945005157705,True,0,True,0,85.2905206137174,0,224,3519742,26.48762705715334
2024-01-06 23:45:00,node-us-west-2b-02,us-west-2,2b,shard-004,302,24.964604105607513,43.31641838494335,43.2844427086589,58.76828396365674,105.46219616928576,22.582756747077962,14.069365012300993,True,0,False,42,97.12516296446748,0,451,1083072,37.05613302804619
2024-01-06 23:45:00,node-eu-west-1a-01,eu-west-1,1a,shard-002,156,22.69524142541075,48.283819823073635,44.81973582093282,35.232933855408376,47.917672719545195,13.98999469945187,8.322650949004634,True,0,False,30,91.09137161692607,0,454,2938639,68.6912255000006
2024-01-07 00:00:00,node-us-east-1a-01,us-east-1,1a,shard-001,577,32.676317128434235,70.62878202155515,59.309853000028596,118.12007045668469,195.65673335103858,48.30696972346394,33.51146522387499,True,0,True,0,85.90274010021494,0,431,1957525,43.61181388348008
2024-01-07 00:00:00,node-us-east-1b-02,us-east-1,1b,shard-002,160,23.669784040741046,66.17703944516572,56.063065292793624,25.866769684532084,53.32947121376013,14.13352723756731,7.236968032186787,True,0,False,19,91.63779371435147,0,98,2062271,81.0104489459807
2024-01-07 00:00:00,node-us-east-1c-03,us-east-1,1c,shard-001,533,29.757543649658384,46.89873295107014,55.96592240195686,111.68969216964854,147.50357676020315,42.488665690764975,31.040084063507095,True,0,False,16,97.59367199572013,0,234,4147405,52.581473169986324
2024-01-07 00:00:00,node-us-west-2a-01,us-west-2,2a,shard-003,241,23.866066203632215,55.44403799199285,57.20641426390294,41.66915333949073,65.20054424946862,20.69134076697179,11.856169686191848,True,0,True,0,93.6402328859795,0,147,2390265,28.143813961224254
2024-01-07 00:00:00,node-us-west-2b-02,us-west-2,2b,shard-004,420,26.871958374284343,73.03443510581664,49.9446780612269,71.6580077577246,113.38615899814948,29.277939622185293,19.622048465784875,True,0,False,32,93.60261624569091,0,481,1804528,29.350919852208158
2024-01-07 00:00:00,node-eu-west-1a-01,eu-west-1,1a,shard-002,513,31.20332550830181,74.3940677527717,41.30461857493618,105.37170513675989,158.23995461823446,48.43313199278808,27.2913919641067,True,0,False,3,96.89479263419679,0,50,3372444,98.39343817088432
