timestamp,region,replication_lag_ms,replication_throughput_mbps,replication_queue_size,consistency_violations,data_durability_percent,raft_term,leader_elections,network_partition_detected,bytes_replicated_gb,replication_connections,is_primary_region,sync_status,is_peak_hour
2024-01-01 00:00:00,us-east-1,4.052617593057372,23.00675796611867,218,0,99.99924284051635,347,2,False,399.1612626584017,44,True,IN_SYNC,False
2024-01-01 00:00:00,us-west-2,16.614073222441764,40.630883998385585,315,0,99.99976011004624,160,2,False,404.2982319877048,19,False,IN_SYNC,False
2024-01-01 00:00:00,eu-west-1,57.085346140371044,80.4035660432279,335,0,99.99999462023399,107,1,False,436.4888550546485,23,False,IN_SYNC,False
2024-01-01 00:00:00,ap-southeast-1,109.81732565480505,23.539293392148977,772,0,99.99946940240265,127,2,False,274.31642611782195,31,False,LAGGING,False
2024-01-01 00:15:00,us-east-1,4.678320001530191,94.49460389441198,778,0,99.99841874466016,132,0,False,219.46771055484498,50,True,IN_SYNC,False
2024-01-01 00:15:00,us-west-2,18.580593087887554,43.840482578290356,670,0,99.99934205958854,223,1,False,198.27318674866405,20,False,IN_SYNC,False
2024-01-01 00:15:00,eu-west-1,55.32605047249775,56.2958965956893,101,0,99.99973412208192,416,2,False,346.1066659197652,20,False,IN_SYNC,False
2024-01-01 00:15:00,ap-southeast-1,104.26024350808841,57.78635503473966,646,0,99.99916445946089,364,1,False,343.2885880490482,30,False,LAGGING,False
2024-01-01 00:30:00,us-east-1,5.941275190197734,73.34928639296916,925,0,99.99855345184154,352,1,False,383.06246403050653,22,True,IN_SYNC,False
2024-01-01 00:30:00,us-west-2,13.547030900061193,59.8258311820764,820,0,99.99916540121652,376,0,False,476.00395859374856,37,False,IN_SYNC,False
2024-01-01 00:30:00,eu-west-1,54.96591569677336,86.16111621239342,900,0,99.99893267207068,356,2,False,447.6487078236755,30,False,IN_SYNC,False
2024-01-01 00:30:00,ap-southeast-1,115.09952671411135,83.70228329912658,87,0,99.999597096837,180,0,False,144.36552710591172,48,False,LAGGING,False
2024-01-01 00:45:00,us-east-1,5.45407223022422,56.03259817852583,635,0,99.9986788393242,144,2,False,386.18099878793504,47,True,IN_SYNC,False
2024-01-01 00:45:00,us-west-2,13.657477114615483,72.50059305483579,457,0,99.9993641464242,485,1,False,439.7768653387318,50,False,IN_SYNC,False
2024-01-01 00:45:00,eu-west-1,53.62326548872301,50.67539760397817,998,0,99.99832039643833,334,3,False,110.33592761115143,26,False,IN_SYNC,False
2024-01-01 00:45:00,ap-southeast-1,91.61557040297436,67.40821843984347,607,0,99.9989369689873,401,0,False,244.40855545190053,25,False,IN_SYNC,False
2024-01-01 01:00:00,us-east-1,4.132820518083992,74.24322609108916,930,0,99.9984317271807,424,2,False,149.57463236705166,20,True,IN_SYNC,False
2024-01-01 01:00:00,us-west-2,15.84366437064727,90.12571997669778,961,0,99.99834519169464,148,2,False,430.06195372758475,22,False,IN_SYNC,False
2024-01-01 01:00:00,eu-west-1,67.02995736721493,60.76249228586205,934,0,99.99892290699434,300,1,False,358.4350061565706,47,False,IN_SYNC,False
2024-01-01 01:00:00,ap-southeast-1,146.62476500347657,54.59419928724235,379,0,99.99954100426875,172,1,False,381.98537569434745,48,False,LAGGING,False
2024-01-01 01:15:00,us-east-1,6.415415341224091,79.20462077147464,346,0,99.99986707638362,200,0,False,458.14454390166185,16,True,IN_SYNC,False
2024-01-01 01:15:00,us-west-2,17.658795650151916,22.25506799052158,328,0,99.99847150720481,400,3,False,417.30222463410007,48,False,IN_SYNC,False
2024-01-01 01:15:00,eu-west-1,65.81998651604484,84.67893125473711,828,0,99.99832387082104,183,3,False,342.38725410303493,30,False,IN_SYNC,False
2024-01-01 01:15:00,ap-southeast-1,126.77845217285346,59.315742288395874,122,0,99.9986616230717,186,3,False,468.89366446984616,46,False,LAGGING,False
2024-01-01 01:30:00,us-east-1,6.639787012616306,60.387432229658955,387,0,99.99856411821375,364,1,False,279.6349445937896,26,True,IN_SYNC,False
2024-01-01 01:30:00,us-west-2,16.799407646376515,99.85631693856972,689,0,99.9987688402107,274,2,False,409.8275591853482,28,False,IN_SYNC,False
2024-01-01 01:30:00,eu-west-1,46.78075122382509,36.254825437209945,240,0,99.99844989008207,223,0,False,179.39696730667637,24,False,IN_SYNC,False
2024-01-01 01:30:00,ap-southeast-1,107.43991604315424,41.40160380328147,509,0,99.99965783993453,435,3,False,490.75488714196064,44,False,LAGGING,False
2024-01-01 01:45:00,us-east-1,6.715379188811987,60.30027731583006,512,0,99.9989940272457,451,2,False,140.59800779070133,22,True,IN_SYNC,False
2024-01-01 01:45:00,us-west-2,17.650121347925804,35.55762829842115,596,0,99.99902526379648,290,0,False,306.1832790900545,18,False,IN_SYNC,False
2024-01-01 01:45:00,eu-west-1,44.02098294686966,42.33957262614346,587,0,99.999350352613,337,2,False,136.06281064151517,22,False,IN_SYNC,False
2024-01-01 01:45:00,ap-southeast-1,88.14099577515677,85.55363583406756,800,0,99.99939857797199,338,2,False,355.86792111914576,28,False,IN_SYNC,False
2024-01-01 02:00:00,us-east-1,6.322091149850708,72.41475709396337,927,0,99.99815276281963,500,1,False,214.43632124358274,17,True,IN_SYNC,False
2024-01-01 02:00:00,us-west-2,17.82660504612816,96.17753168181142,179,0,99.99883266224136,236,0,False,238.39474537139392,32,False,IN_SYNC,False
2024-01-01 02:00:00,eu-west-1,71.28875536892214,38.3774248333376,67,0,99.99896062124411,355,1,False,257.2238196857144,41,False,IN_SYNC,False
2024-01-01 02:00:00,ap-southeast-1,144.6806748430065,73.61878625587013,405,0,99.99830468129049,220,1,False,160.11588687848388,23,False,LAGGING,False
2024-01-01 02:15:00,us-east-1,6.734728227837613,25.19489678720329,461,0,99.9986304292653,333,0,False,476.18042998195085,10,True,IN_SYNC,False
2024-01-01 02:15:00,us-west-2,15.670934007364476,47.314483260833384,270,0,99.9993749707606,467,1,False,405.4726569638367,10,False,IN_SYNC,False
2024-01-01 02:15:00,eu-west-1,58.38011528296152,75.68759822089643,292,0,99.99908970907066,176,3,False,327.3714850854366,12,False,IN_SYNC,False
2024-01-01 02:15:00,ap-southeast-1,134.84877777083767,66.3451974335755,763,0,99.99972029808374,480,1,False,334.51972461152775,31,False,LAGGING,False
2024-01-01 02:30:00,us-east-1,6.654345628554259,81.29323191962474,297,0,99.99848315856397,457,1,False,475.75228983999676,17,True,IN_SYNC,False
2024-01-01 02:30:00,us-west-2,14.840722362139903,82.30570718232518,898,0,99.9986688546088,192,3,False,110.72616249835492,35,False,IN_SYNC,False
2024-01-01 02:30:00,eu-west-1,69.62393772155583,88.29566163266796,499,0,99.99873963360363,228,0,False,319.6161779209598,13,False,IN_SYNC,False
2024-01-01 02:30:00,ap-southeast-1,139.29566011062212,34.44546179317204,72,0,99.99913237438824,423,2,False,300.5321248898333,46,False,LAGGING,False
2024-01-01 02:45:00,us-east-1,4.225468874411501,56.01471315906137,80,0,99.99962218372302,379,2,False,322.6876568765269,10,True,IN_SYNC,False
2024-01-01 02:45:00,us-west-2,22.2476590328113,28.063870727902316,251,0,99.99969469983206,374,3,False,495.74356016986314,47,False,IN_SYNC,False
2024-01-01 02:45:00,eu-west-1,63.8341582877491,51.045763573035465,656,0,99.99918414057758,417,2,False,366.85327562747943,39,False,IN_SYNC,False
2024-01-01 02:45:00,ap-southeast-1,117.94496172640405,54.11714426008846,338,0,99.99972371153262,332,3,False,227.13301462588288,47,False,LAGGING,False
2024-01-01 03:00:00,us-east-1,5.829268961689524,88.56734158256675,409,0,99.99979300545269,165,1,False,460.7276684990823,23,True,IN_SYNC,False
2024-01-01 03:00:00,us-west-2,15.850481431282242,44.73432712210992,572,0,99.99919615490708,267,1,False,495.99888323852826,47,False,IN_SYNC,False
2024-01-01 03:00:00,eu-west-1,58.088557170857754,43.61508013229228,481,0,99.99830183315514,189,0,False,186.93298354751272,24,False,IN_SYNC,False
2024-01-01 03:00:00,ap-southeast-1,108.71896526264884,90.92315001192276,645,0,99.99848291585636,261,3,False,324.6951775127535,37,False,LAGGING,False
2024-01-01 03:15:00,us-east-1,5.974809666007297,98.79667671643433,272,0,99.998838878712,374,0,False,151.51616457033725,11,True,IN_SYNC,False
2024-01-01 03:15:00,us-west-2,16.184949815556557,36.00562348616086,915,0,99.9995890629912,360,1,False,269.95539440861705,44,False,IN_SYNC,False
2024-01-01 03:15:00,eu-west-1,44.8939779335539,41.63892708329263,346,0,99.99831242529545,238,3,False,251.24676039481514,42,False,IN_SYNC,False
2024-01-01 03:15:00,ap-southeast-1,83.27636533858119,94.31725454947755,195,0,99.99871495252937,326,0,False,176.75772833840085,36,False,IN_SYNC,False
2024-01-01 03:30:00,us-east-1,5.335603031208231,77.25799824158855,927,0,99.99956687896426,409,0,False,113.40082959099784,22,True,IN_SYNC,False
2024-01-01 03:30:00,us-west-2,21.801726754752718,67.57186159744174,462,0,99.99835214930998,480,2,False,341.29028987019905,20,False,IN_SYNC,False
2024-01-01 03:30:00,eu-west-1,68.23059859928472,67.92812979545293,740,0,99.99906128117529,328,3,False,158.74528659772378,20,False,IN_SYNC,False
2024-01-01 03:30:00,ap-southeast-1,139.15804459788862,64.9201874490651,963,0,99.99981162477052,266,0,False,366.809096321365,25,False,LAGGING,False
2024-01-01 03:45:00,us-east-1,4.172605094120692,40.13312639322153,667,0,99.99890841733807,143,1,False,175.6904299461521,32,True,IN_SYNC,False
2024-01-01 03:45:00,us-west-2,16.061524627851696,48.65501380124919,664,0,99.99974774199046,169,2,False,446.0944350256693,29,False,IN_SYNC,False
2024-01-01 03:45:00,eu-west-1,43.015070658709725,55.5267388225039,666,0,99.9981896783141,399,3,False,292.0412322086297,27,False,IN_SYNC,False
2024-01-01 03:45:00,ap-southeast-1,104.3683453869896,63.24774177882004,158,0,99.9985872030665,247,3,False,283.85391757513486,10,False,LAGGING,False
2024-01-01 04:00:00,us-east-1,4.011138841103496,46.02055700237208,989,0,99.99936212842461,124,1,False,416.3677325408909,30,True,IN_SYNC,False
2024-01-01 04:00:00,us-west-2,13.806924670082221,63.647036524533064,127,0,99.99930014667848,467,2,False,143.4560922531286,33,False,IN_SYNC,False
2024-01-01 04:00:00,eu-west-1,64.20732835426521,54.808626509682085,714,0,99.99980816274069,357,1,False,357.1898725634503,19,False,IN_SYNC,False
2024-01-01 04:00:00,ap-southeast-1,123.1389399441436,40.32557676097448,74,0,99.9988599899746,302,0,False,320.3606150330934,28,False,LAGGING,False
2024-01-01 04:15:00,us-east-1,7.250584149639796,76.17158312993381,833,0,99.9997838344142,296,1,False,331.6241086804291,17,True,IN_SYNC,False
2024-01-01 04:15:00,us-west-2,20.180276013327052,57.03699307842943,532,0,99.99912951578621,426,2,False,315.7121893035036,31,False,IN_SYNC,False
2024-01-01 04:15:00,eu-west-1,48.528306296787036,67.71949564513308,801,0,99.99950437983718,418,0,False,120.30117168550771,13,False,IN_SYNC,False
2024-01-01 04:15:00,ap-southeast-1,149.1035166439973,61.21305001574293,155,0,99.99957822875142,129,0,False,300.74370290558295,43,False,LAGGING,False
2024-01-01 04:30:00,us-east-1,5.317260609693588,30.92400155530538,266,0,99.99846207096945,148,1,False,160.4305466329705,21,True,IN_SYNC,False
2024-01-01 04:30:00,us-west-2,18.304642209270444,92.06986841169787,993,0,99.99958965093982,428,2,False,486.89511752664913,23,False,IN_SYNC,False
2024-01-01 04:30:00,eu-west-1,69.38112437292749,23.83345834465856,960,0,99.99906755671853,349,1,False,428.1131753563943,35,False,IN_SYNC,False
2024-01-01 04:30:00,ap-southeast-1,140.40553731207442,26.12975711561606,863,0,99.9991093292162,231,3,False,313.4772373491753,48,False,LAGGING,False
2024-01-01 04:45:00,us-east-1,5.876675298073906,44.21378485236637,434,0,99.99909999737491,201,2,False,449.77100139203816,26,True,IN_SYNC,False
2024-01-01 04:45:00,us-west-2,17.580263312411038,33.15586364311423,773,0,99.99830964923216,261,1,False,320.0107164069978,19,False,IN_SYNC,False
2024-01-01 04:45:00,eu-west-1,69.86585907634178,96.14107093954318,486,0,99.99872549440086,134,1,False,270.00198837300945,27,False,IN_SYNC,False
2024-01-01 04:45:00,ap-southeast-1,141.93119590325142,67.86268012508769,201,0,99.99896223409779,118,0,False,438.98955665478945,29,False,LAGGING,False
2024-01-01 05:00:00,us-east-1,6.829592450343739,37.451213819368334,14,0,99.99940645816609,111,3,False,427.53776323805454,48,True,IN_SYNC,False
2024-01-01 05:00:00,us-west-2,13.955024395222651,50.8838083589358,814,0,99.99950813957712,178,0,False,469.5472810123591,28,False,IN_SYNC,False
2024-01-01 05:00:00,eu-west-1,47.040179253221446,37.39848297607007,340,0,99.99858841755393,470,0,False,482.90472493312825,49,False,IN_SYNC,False
2024-01-01 05:00:00,ap-southeast-1,90.28167967082263,70.3898478851778,431,0,99.99810854067755,174,3,False,132.00029782713654,40,False,IN_SYNC,False
2024-01-01 05:15:00,us-east-1,6.493717498763981,23.33085401247736,646,0,99.99896549289237,256,2,False,497.9441715970823,43,True,IN_SYNC,False
2024-01-01 05:15:00,us-west-2,16.20162084274895,20.559308859254557,478,0,99.99863447709843,239,1,False,192.6654810449652,15,False,IN_SYNC,False
2024-01-01 05:15:00,eu-west-1,67.18181887653263,80.11183357563684,323,0,99.99962898687718,351,2,False,148.09013517751458,21,False,IN_SYNC,False
2024-01-01 05:15:00,ap-southeast-1,124.23124429117829,61.67856279984095,981,0,99.99815629206672,212,3,False,431.65743016340974,21,False,LAGGING,False
2024-01-01 05:30:00,us-east-1,7.141398318537715,95.43020538409668,540,0,99.99830625664659,103,3,False,203.09891118580592,43,True,IN_SYNC,False
2024-01-01 05:30:00,us-west-2,18.582063165315216,79.25645151802556,266,0,99.99854312582933,205,2,False,476.3300877827388,22,False,IN_SYNC,False
2024-01-01 05:30:00,eu-west-1,59.21913101416394,28.380096523531762,957,0,99.99977155765971,316,3,False,341.5061850371149,16,False,IN_SYNC,False
2024-01-01 05:30:00,ap-southeast-1,142.09197814662207,27.70674445084051,13,0,99.99919706338885,328,3,False,384.3617364909159,25,False,LAGGING,False
2024-01-01 05:45:00,us-east-1,4.951357601730789,93.71643857565446,50,0,99.99960569852709,126,1,False,344.8886601596482,44,True,IN_SYNC,False
2024-01-01 05:45:00,us-west-2,21.46852168388372,51.365557856601555,481,0,99.9995538950902,219,0,False,383.48149536467554,50,False,IN_SYNC,False
2024-01-01 05:45:00,eu-west-1,43.328560897981376,55.03210962770447,420,0,99.99972666828856,144,3,False,102.31287217592478,14,False,IN_SYNC,False
2024-01-01 05:45:00,ap-southeast-1,145.81730327099694,53.19428280117016,240,0,99.99807907459427,361,2,False,325.6940381722892,30,False,LAGGING,False
2024-01-01 06:00:00,us-east-1,7.487349252118173,99.88705398960404,371,0,99.99913207777236,200,0,False,406.5266824474174,16,True,IN_SYNC,False
2024-01-01 06:00:00,us-west-2,19.56333027651834,71.02117340285429,598,0,99.99894741653843,287,3,False,449.44106141087923,15,False,IN_SYNC,False
2024-01-01 06:00:00,eu-west-1,57.126102018896674,44.65977779297751,291,0,99.99957828397892,100,3,False,174.21366446189995,36,False,IN_SYNC,False
2024-01-01 06:00:00,ap-southeast-1,109.60102081896213,87.04258067237852,304,0,99.99874782524948,393,1,False,406.7104419985519,35,False,LAGGING,False
2024-01-01 06:15:00,us-east-1,5.402629558164305,41.395671034074184,483,0,99.99903664626964,171,3,False,180.2948132986059,16,True,IN_SYNC,False
2024-01-01 06:15:00,us-west-2,16.598345870531357,20.88688756689974,787,0,99.99815678246307,225,2,False,292.64588069979277,37,False,IN_SYNC,False
2024-01-01 06:15:00,eu-west-1,49.59546491555473,85.2204147163084,865,0,99.9994239050367,340,0,False,401.71727639937467,23,False,IN_SYNC,False
2024-01-01 06:15:00,ap-southeast-1,132.30563235622628,85.9134208491323,984,0,99.99991256096024,497,0,False,453.2343514833872,18,False,LAGGING,False
2024-01-01 06:30:00,us-east-1,5.020246818497828,31.42532868082189,72,0,99.99912440471728,470,1,False,273.38898552825935,29,True,IN_SYNC,False
2024-01-01 06:30:00,us-west-2,13.612430417395487,37.57143249792514,485,0,99.99807474339799,394,3,False,423.14195236235446,49,False,IN_SYNC,False
2024-01-01 06:30:00,eu-west-1,56.43898845678219,37.98859558202119,184,0,99.99889800846181,294,3,False,287.65973046070025,20,False,IN_SYNC,False
2024-01-01 06:30:00,ap-southeast-1,93.16410180429877,68.82205193942372,621,0,99.99969334860157,449,0,False,172.38631662830235,16,False,IN_SYNC,False
2024-01-01 06:45:00,us-east-1,4.842184055819002,20.82397454368662,961,0,99.99854393331779,343,3,False,340.07167569009954,18,True,IN_SYNC,False
2024-01-01 06:45:00,us-west-2,12.591978217461165,66.1075580932291,561,0,99.99866965227196,425,1,False,206.14237200734254,44,False,IN_SYNC,False
2024-01-01 06:45:00,eu-west-1,65.83435781315599,81.36852052525606,491,0,99.99935425017415,256,1,False,253.71291326046398,12,False,IN_SYNC,False
2024-01-01 06:45:00,ap-southeast-1,126.46953667676264,54.19948307853919,352,0,99.99823860510593,322,1,False,207.08104215086811,31,False,LAGGING,False
2024-01-01 07:00:00,us-east-1,6.5326522011414765,95.12237016375246,642,0,99.99969904677494,412,3,False,253.90903266772114,35,True,IN_SYNC,False
2024-01-01 07:00:00,us-west-2,12.48613482260035,34.110031421519636,997,0,99.99913946196483,121,3,False,377.6388984535323,44,False,IN_SYNC,False
2024-01-01 07:00:00,eu-west-1,46.32327713928666,86.59464128757884,291,0,99.99883447143586,116,1,False,148.71476543488745,22,False,IN_SYNC,False
2024-01-01 07:00:00,ap-southeast-1,139.78637049776256,63.68190718733827,733,0,99.99877517146093,313,1,False,131.89238006686764,37,False,LAGGING,False
2024-01-01 07:15:00,us-east-1,6.756618679691111,84.48031101909916,608,0,99.99940967425341,257,1,False,216.6909356891902,32,True,IN_SYNC,False
2024-01-01 07:15:00,us-west-2,14.690194142491094,54.46830983860635,518,0,99.99856198048285,199,1,False,240.35980779089644,21,False,IN_SYNC,False
2024-01-01 07:15:00,eu-west-1,59.0142412532171,28.9258084134271,341,0,99.99929592547154,286,1,False,338.07719294187314,39,False,IN_SYNC,False
2024-01-01 07:15:00,ap-southeast-1,90.70714075098029,37.39799316914305,232,0,99.9986833928779,393,3,False,345.98664854612787,40,False,IN_SYNC,False
2024-01-01 07:30:00,us-east-1,5.959303719939077,43.0379469876449,116,0,99.99927505370479,384,1,False,284.2955063058919,46,True,IN_SYNC,False
2024-01-01 07:30:00,us-west-2,15.974678864762144,65.0557034143132,31,0,99.9993975969428,238,0,False,317.9551906449061,42,False,IN_SYNC,False
2024-01-01 07:30:00,eu-west-1,43.377036575818295,78.07083162144528,72,0,99.99805833383981,190,3,False,411.59580499024753,27,False,IN_SYNC,False
2024-01-01 07:30:00,ap-southeast-1,110.81671590004676,47.956136228096405,639,0,99.99930753634949,180,2,False,386.0715987153734,15,False,LAGGING,False
2024-01-01 07:45:00,us-east-1,4.616819026463033,23.479143720989263,96,0,99.9991445783033,330,2,False,275.1218301506781,41,True,IN_SYNC,False
2024-01-01 07:45:00,us-west-2,18.801729487454594,69.73637647543146,947,0,99.99996391988248,483,2,False,339.85364826348086,37,False,IN_SYNC,False
2024-01-01 07:45:00,eu-west-1,68.4848716633436,60.63608964707165,840,0,99.99827052182088,203,0,False,197.76392291096676,15,False,IN_SYNC,False
2024-01-01 07:45:00,ap-southeast-1,87.3523748800759,81.94449247068727,559,0,99.99990869412991,418,2,False,446.9048562281069,40,False,IN_SYNC,False
2024-01-01 08:00:00,us-east-1,7.12714327747473,35.552394623146775,752,0,99.99944627828982,488,1,False,406.0842613716352,40,True,IN_SYNC,False
2024-01-01 08:00:00,us-west-2,15.059263522901967,68.82425160596102,999,0,99.99861143159742,100,2,False,288.00946877444176,27,False,IN_SYNC,False
2024-01-01 08:00:00,eu-west-1,70.70991135159201,98.79361532183316,105,0,99.99804507794488,221,0,False,490.97669871330083,40,False,IN_SYNC,False
2024-01-01 08:00:00,ap-southeast-1,115.86910977153349,48.676027585837865,143,0,99.99812498640932,339,1,False,339.04093034928826,39,False,LAGGING,False
2024-01-01 08:15:00,us-east-1,4.511894388692694,81.69060610557003,178,0,99.99982832568797,332,0,False,151.09190499073915,10,True,IN_SYNC,False
2024-01-01 08:15:00,us-west-2,18.19951691562361,54.556710132562884,383,0,99.99878784548895,248,3,False,424.0009814762682,45,False,IN_SYNC,False
2024-01-01 08:15:00,eu-west-1,64.57315498155407,72.3693680592819,174,0,99.9990503552733,355,0,False,151.67649541414988,32,False,IN_SYNC,False
2024-01-01 08:15:00,ap-southeast-1,85.45223268079684,77.15902453666382,765,0,99.99955310566392,344,1,False,146.00546723990072,15,False,IN_SYNC,False
2024-01-01 08:30:00,us-east-1,7.249681120195255,72.60988618696605,632,0,99.99992489948669,160,1,False,492.35957682090714,36,True,IN_SYNC,False
2024-01-01 08:30:00,us-west-2,17.20340837604027,67.14958328689988,131,0,99.99975817686216,440,3,False,393.70324887910897,40,False,IN_SYNC,False
2024-01-01 08:30:00,eu-west-1,54.12217515950304,72.37656161380414,375,0,99.99977345685346,317,3,False,321.3250223442469,37,False,IN_SYNC,False
2024-01-01 08:30:00,ap-southeast-1,102.79509441972887,89.20862745811891,654,0,99.99858432562613,333,2,False,329.04495351141156,29,False,LAGGING,False
2024-01-01 08:45:00,us-east-1,7.207605702216436,78.47198100758905,417,0,99.99924945120671,333,2,False,260.34029209845403,38,True,IN_SYNC,False
2024-01-01 08:45:00,us-west-2,16.115786090317915,51.692360294640764,309,0,99.99858562435581,321,2,False,190.36138295753685,42,False,IN_SYNC,False
2024-01-01 08:45:00,eu-west-1,63.666310028625496,97.06853915150889,807,0,99.99976101764213,434,2,False,136.91279954805054,27,False,IN_SYNC,False
2024-01-01 08:45:00,ap-southeast-1,104.50316809122211,78.84767060776815,898,0,99.9983188079346,330,0,False,332.07707480493923,13,False,LAGGING,False
2024-01-01 09:00:00,us-east-1,7.138182385379137,166.51690883135825,527,0,99.99833333539472,349,1,False,494.40783114658285,38,True,IN_SYNC,True
2024-01-01 09:00:00,us-west-2,19.808126462595624,80.20722583470231,801,0,99.99929202807964,103,0,False,179.71382005550103,38,False,IN_SYNC,True
2024-01-01 09:00:00,eu-west-1,73.59214407473524,101.13967478182383,694,0,99.99967001223182,155,1,False,458.4449977475917,28,False,IN_SYNC,True
2024-01-01 09:00:00,ap-southeast-1,83.27074346136445,109.77706422384404,321,0,99.9999980288291,400,0,False,339.57871582805404,21,False,IN_SYNC,True
2024-01-01 09:15:00,us-east-1,7.495493857987774,79.99330579087108,740,0,99.99987560835874,166,2,False,427.19586240557817,30,True,IN_SYNC,True
2024-01-01 09:15:00,us-west-2,13.493437734734686,175.7229447517148,607,0,99.99842415260446,421,2,False,215.72687557571868,15,False,IN_SYNC,True
2024-01-01 09:15:00,eu-west-1,46.15152487757817,155.30392495196094,398,0,99.9983230957732,466,2,False,114.8152017609255,18,False,IN_SYNC,True
2024-01-01 09:15:00,ap-southeast-1,91.72308916216126,169.0820801732277,286,0,99.9999335883686,481,3,False,178.4046947305058,41,False,IN_SYNC,True
2024-01-01 09:30:00,us-east-1,5.284314216705233,148.02446671823998,901,0,99.9993266178597,257,2,False,372.0901181969063,41,True,IN_SYNC,True
2024-01-01 09:30:00,us-west-2,20.746277230714416,58.28831074453919,374,0,99.99856002123461,284,3,False,322.34801994429785,11,False,IN_SYNC,True
2024-01-01 09:30:00,eu-west-1,53.202543374148384,112.8819899454899,497,0,99.99862470270706,133,0,False,149.20712996569233,27,False,IN_SYNC,True
2024-01-01 09:30:00,ap-southeast-1,127.00661841782991,116.54508159092323,237,0,99.99812730976117,372,1,False,498.56097155400147,42,False,LAGGING,True
2024-01-01 09:45:00,us-east-1,5.509377489355691,192.69632957098602,381,0,99.99875439132848,478,0,False,292.5779346959711,25,True,IN_SYNC,True
2024-01-01 09:45:00,us-west-2,21.426343348381838,178.03455219113994,405,0,99.99921811146801,357,1,False,126.32338240615893,35,False,IN_SYNC,True
2024-01-01 09:45:00,eu-west-1,64.28774889793752,156.55896968125145,773,0,99.99999349309434,340,3,False,380.83318555375433,40,False,IN_SYNC,True
2024-01-01 09:45:00,ap-southeast-1,88.34380277888563,160.49820198668192,40,0,99.99886803113102,120,0,False,324.1767465218037,20,False,IN_SYNC,True
2024-01-01 10:00:00,us-east-1,5.001415667096232,182.66095119770216,879,0,99.9991387052454,423,1,False,497.1370770134406,44,True,IN_SYNC,True
2024-01-01 10:00:00,us-west-2,22.195520408358792,139.18692315408828,623,0,99.99835138914798,219,2,False,155.82147149388237,33,False,IN_SYNC,True
2024-01-01 10:00:00,eu-west-1,49.507227871207164,150.52751560014596,155,0,99.99930404921395,376,2,False,416.63182804342995,28,False,IN_SYNC,True
2024-01-01 10:00:00,ap-southeast-1,132.48186934334072,50.1300055181945,231,0,99.9990370163351,294,3,False,229.04464070367223,11,False,LAGGING,True
2024-01-01 10:15:00,us-east-1,6.747373065038074,171.79671672423925,171,0,99.9996412061416,409,3,False,301.03474788649646,23,True,IN_SYNC,True
2024-01-01 10:15:00,us-west-2,14.489427724873826,62.842798162827215,930,0,99.99824847080876,365,3,False,191.878012597732,11,False,IN_SYNC,True
2024-01-01 10:15:00,eu-west-1,56.25729961332722,197.41350304481034,250,0,99.99994850778926,380,3,False,198.76621224647403,37,False,IN_SYNC,True
2024-01-01 10:15:00,ap-southeast-1,120.30877848918769,96.38319349663851,803,0,99.99809959571198,456,3,False,136.20508034260598,34,False,LAGGING,True
2024-01-01 10:30:00,us-east-1,6.221658477076488,105.49989071105009,375,0,99.99927743466294,334,0,False,150.71384983721407,21,True,IN_SYNC,True
2024-01-01 10:30:00,us-west-2,14.38157469373726,145.39556508405195,899,0,99.99994043088094,340,2,False,244.45710965784863,25,False,IN_SYNC,True
2024-01-01 10:30:00,eu-west-1,73.89807511413227,150.8148721776589,765,0,99.99887795776822,243,3,False,499.9512344389899,16,False,IN_SYNC,True
2024-01-01 10:30:00,ap-southeast-1,145.7715733374421,92.77735846150456,486,0,99.99948297748986,344,3,False,451.69783559085323,13,False,LAGGING,True
2024-01-01 10:45:00,us-east-1,5.800764721061902,130.06161506767785,576,0,99.9991655335761,382,1,False,136.30291676716155,27,True,IN_SYNC,True
2024-01-01 10:45:00,us-west-2,16.850504359034066,114.91728824212353,209,0,99.9994755553188,243,1,False,483.88654913333954,18,False,IN_SYNC,True
2024-01-01 10:45:00,eu-west-1,43.211048618744016,136.8613637941915,421,0,99.99936155281223,239,0,False,259.7654101191568,47,False,IN_SYNC,True
2024-01-01 10:45:00,ap-southeast-1,136.33095919584642,140.18756926612252,310,0,99.99903704477687,469,1,False,134.6672642028049,29,False,LAGGING,True
2024-01-01 11:00:00,us-east-1,6.7267899538896945,186.90948010163763,33,0,99.99975251850186,354,3,False,382.5250138645239,25,True,IN_SYNC,True
2024-01-01 11:00:00,us-west-2,14.703804968153612,81.16361194729296,430,0,99.9990460566412,106,3,False,396.26016850124887,33,False,IN_SYNC,True
2024-01-01 11:00:00,eu-west-1,64.33113717012368,121.15551696786893,473,0,99.99926047499861,330,0,False,380.35128227176284,38,False,IN_SYNC,True
2024-01-01 11:00:00,ap-southeast-1,124.85217373484257,189.4081431102442,440,0,99.99812194530145,446,2,False,345.30631824244057,23,False,LAGGING,True
2024-01-01 11:15:00,us-east-1,7.121404080063492,72.36691426128682,73,0,99.9981725383693,279,0,False,398.5278224557462,41,True,IN_SYNC,True
2024-01-01 11:15:00,us-west-2,18.942117004560338,155.49403080625248,880,0,99.99983880169087,390,0,False,332.8580537135846,32,False,IN_SYNC,True
2024-01-01 11:15:00,eu-west-1,51.01547727668646,85.99435276017823,944,0,99.99900471219402,469,0,False,133.5385984110873,10,False,IN_SYNC,True
2024-01-01 11:15:00,ap-southeast-1,103.57970960099503,184.38312287109258,913,0,99.99962072279328,475,0,False,322.3792925119552,38,False,LAGGING,True
2024-01-01 11:30:00,us-east-1,5.8665235844734545,75.62033083763038,836,0,99.99873224054464,345,0,False,461.1159950506909,45,True,IN_SYNC,True
2024-01-01 11:30:00,us-west-2,13.435586265579367,184.82428373436213,570,0,99.99849346467295,464,1,False,468.7775822362694,42,False,IN_SYNC,True
2024-01-01 11:30:00,eu-west-1,72.06704814986635,127.7689718280935,474,0,99.99839899563723,112,0,False,112.35059304613108,46,False,IN_SYNC,True
2024-01-01 11:30:00,ap-southeast-1,94.58331727647395,188.61439818662464,412,0,99.99942259898752,400,1,False,147.2478057133123,14,False,IN_SYNC,True
2024-01-01 11:45:00,us-east-1,7.051482548732446,196.53103978214045,662,0,99.999810333398,168,1,False,315.8247002624557,12,True,IN_SYNC,True
2024-01-01 11:45:00,us-west-2,17.647458786859247,130.64942663395348,840,0,99.99914665917035,215,0,False,169.06636352993945,31,False,IN_SYNC,True
2024-01-01 11:45:00,eu-west-1,53.033477763241976,89.23704131719222,566,0,99.99897679714088,279,3,False,217.56687955309073,29,False,IN_SYNC,True
2024-01-01 11:45:00,ap-southeast-1,140.3147677093067,54.870110005841035,532,0,99.99923597648035,392,0,False,473.61299257001775,15,False,LAGGING,True
2024-01-01 12:00:00,us-east-1,5.201132748569927,107.7014300794949,935,0,99.99924531418564,242,3,False,410.90222508653034,11,True,IN_SYNC,True
2024-01-01 12:00:00,us-west-2,13.15684883447757,75.97506999256296,195,0,99.99806203130287,145,3,False,184.66058178300307,18,False,IN_SYNC,True
2024-01-01 12:00:00,eu-west-1,49.87522869595065,88.4587814541284,929,0,99.9987724122292,199,1,False,119.0739054702779,46,False,IN_SYNC,True
2024-01-01 12:00:00,ap-southeast-1,114.18122972987202,115.28343445414207,398,0,99.9991785650077,280,1,False,356.4921000430369,32,False,LAGGING,True
2024-01-01 12:15:00,us-east-1,5.653411010538387,95.75400438589193,120,0,99.99915862300246,472,3,False,214.63294901203196,24,True,IN_SYNC,True
2024-01-01 12:15:00,us-west-2,16.56233888766739,178.337461869369,115,0,99.99816012450873,221,1,False,362.80375766852893,40,False,IN_SYNC,True
2024-01-01 12:15:00,eu-west-1,48.915760898003086,113.10506923978281,865,0,99.99866911548956,343,0,False,278.1375751395432,18,False,IN_SYNC,True
2024-01-01 12:15:00,ap-southeast-1,116.680401766799,156.6777118643485,621,0,99.99902016785948,335,1,False,165.82577745334666,20,False,LAGGING,True
2024-01-01 12:30:00,us-east-1,5.177534137245267,97.54104227202734,487,0,99.99819125315781,414,1,False,446.97994202511865,43,True,IN_SYNC,True
2024-01-01 12:30:00,us-west-2,14.014077399290272,64.4479824677785,775,0,99.99803539257707,151,1,False,153.21643031079054,22,False,IN_SYNC,True
2024-01-01 12:30:00,eu-west-1,68.86143304633845,65.2005432883262,249,0,99.99823708856518,223,3,False,344.96229492013185,24,False,IN_SYNC,True
2024-01-01 12:30:00,ap-southeast-1,93.17493824240233,146.65896248399244,876,0,99.99852185583134,401,1,False,311.16429128860614,45,False,IN_SYNC,True
2024-01-01 12:45:00,us-east-1,4.915307753300453,56.02569400374614,891,0,99.99848613172472,400,3,False,461.4052764888934,14,True,IN_SYNC,True
2024-01-01 12:45:00,us-west-2,19.30456341556679,107.17533573735068,566,0,99.99948889946172,270,1,False,194.59251381216598,29,False,IN_SYNC,True
2024-01-01 12:45:00,eu-west-1,52.913453014916044,115.74443800909673,42,0,99.99894591302134,235,1,False,212.16116295728904,47,False,IN_SYNC,True
2024-01-01 12:45:00,ap-southeast-1,90.38490908029753,95.04226874094394,58,0,99.99913349706337,125,1,False,324.52409049706114,41,False,IN_SYNC,True
2024-01-01 13:00:00,us-east-1,4.303234863041959,102.01894009247158,117,0,99.99865719054571,103,3,False,277.20987028300374,39,True,IN_SYNC,True
2024-01-01 13:00:00,us-west-2,17.59639742446412,69.1541420711356,353,0,99.99807200391163,330,2,False,477.8130993826207,42,False,IN_SYNC,True
2024-01-01 13:00:00,eu-west-1,73.0703336442865,67.80279856917632,163,0,99.99999684797154,291,0,False,284.6208145717853,16,False,IN_SYNC,True
2024-01-01 13:00:00,ap-southeast-1,95.41734408520813,157.1364462410042,517,0,99.99958675502053,306,3,False,264.18383915572656,19,False,IN_SYNC,True
2024-01-01 13:15:00,us-east-1,4.431648256296842,129.1854757655953,797,0,99.99953825766387,228,2,False,240.48779447255632,10,True,IN_SYNC,True
2024-01-01 13:15:00,us-west-2,14.682309708110026,113.77939346738563,573,0,99.99871372344096,205,0,False,107.70817296704953,37,False,IN_SYNC,True
2024-01-01 13:15:00,eu-west-1,43.67345170534519,194.9690332681063,518,0,99.9986658332042,223,1,False,191.83628916212237,41,False,IN_SYNC,True
2024-01-01 13:15:00,ap-southeast-1,125.1987103979272,134.82933265008637,165,0,99.99851099761956,404,2,False,378.11440621547104,20,False,LAGGING,True
2024-01-01 13:30:00,us-east-1,5.535093757410739,106.21473696329559,578,0,99.99924495653279,144,1,False,454.6230419434428,36,True,IN_SYNC,True
2024-01-01 13:30:00,us-west-2,17.865715935895285,134.76105306896295,995,0,99.99890047472552,224,0,False,335.48482613942787,25,False,IN_SYNC,True
2024-01-01 13:30:00,eu-west-1,66.11205735620015,83.19112211812157,792,0,99.99974989817726,177,0,False,208.59937051954023,28,False,IN_SYNC,True
2024-01-01 13:30:00,ap-southeast-1,146.1107426769631,60.478134508038735,267,0,99.9996974946435,302,3,False,310.9743571641313,44,False,LAGGING,True
2024-01-01 13:45:00,us-east-1,7.03128469809588,123.58910261035452,605,0,99.99862414071036,133,1,False,465.48493851558464,21,True,IN_SYNC,True
2024-01-01 13:45:00,us-west-2,20.023918537633435,162.65192149971838,248,0,99.99905573714481,373,2,False,110.83645959411098,13,False,IN_SYNC,True
2024-01-01 13:45:00,eu-west-1,65.55841325309399,61.11156186413167,464,0,99.99800148932688,154,1,False,325.74443568241406,42,False,IN_SYNC,True
2024-01-01 13:45:00,ap-southeast-1,128.50689985073876,174.87796294016846,13,0,99.99920813655632,216,3,False,384.0758004687677,23,False,LAGGING,True
2024-01-01 14:00:00,us-east-1,5.878893329426052,191.55909609635697,157,0,99.99851202990837,201,1,False,367.1829693527885,38,True,IN_SYNC,True
2024-01-01 14:00:00,us-west-2,16.937066704904815,126.73203644013805,698,0,99.99938339830413,437,1,False,167.7608346129281,25,False,IN_SYNC,True
2024-01-01 14:00:00,eu-west-1,54.41554474702712,106.43673905537152,604,0,99.99984991579684,159,3,False,215.89227426737585,32,False,IN_SYNC,True
2024-01-01 14:00:00,ap-southeast-1,124.43358638147836,100.78123779488965,786,0,99.99972132104315,461,0,False,354.8221313675307,25,False,LAGGING,True
2024-01-01 14:15:00,us-east-1,4.544944943388698,104.26499692579652,444,0,99.9992006679572,311,0,False,226.2057734217333,25,True,IN_SYNC,True
2024-01-01 14:15:00,us-west-2,21.506085958057504,95.08336917683297,368,0,99.99975634891035,374,0,False,464.1056682398183,24,False,IN_SYNC,True
2024-01-01 14:15:00,eu-west-1,62.97883220152415,135.04062781631245,48,0,99.99846606495487,479,0,False,284.98528278973674,25,False,IN_SYNC,True
2024-01-01 14:15:00,ap-southeast-1,124.02583496449544,121.00561075678075,782,0,99.99911589310233,481,3,False,442.65710439929376,42,False,LAGGING,True
2024-01-01 14:30:00,us-east-1,4.6402237652428155,189.0768491207111,987,0,99.99832849750308,268,3,False,180.38200889349315,21,True,IN_SYNC,True
2024-01-01 14:30:00,us-west-2,13.863231176731476,150.43196494812824,93,0,99.9986049737254,414,2,False,445.32961331566673,24,False,IN_SYNC,True
2024-01-01 14:30:00,eu-west-1,47.63760619193277,136.04448355513347,273,0,99.99809088971004,351,0,False,323.7898249112157,37,False,IN_SYNC,True
2024-01-01 14:30:00,ap-southeast-1,100.45065806137399,120.82877842535885,601,0,99.99996936365368,389,2,False,498.51428881008826,19,False,LAGGING,True
2024-01-01 14:45:00,us-east-1,5.009952930395141,72.24314314005989,566,0,99.99829851075083,253,3,False,314.46842290952645,48,True,IN_SYNC,True
2024-01-01 14:45:00,us-west-2,15.592882794663346,64.66582508030824,111,0,99.99991784415998,248,0,False,208.83405757383406,20,False,IN_SYNC,True
2024-01-01 14:45:00,eu-west-1,55.08329446746585,130.6079365498664,550,0,99.99829045191055,142,3,False,163.06605170718103,42,False,IN_SYNC,True
2024-01-01 14:45:00,ap-southeast-1,108.09044503344604,188.89846707712874,491,0,99.99953907007595,170,1,False,395.5303076993747,48,False,LAGGING,True
2024-01-01 15:00:00,us-east-1,4.786470011517251,112.64777046932747,922,0,99.99929826063594,376,2,False,275.3159296874527,21,True,IN_SYNC,True
2024-01-01 15:00:00,us-west-2,21.7876139475491,187.40786303995532,224,0,99.99852726168007,196,3,False,209.420039148772,23,False,IN_SYNC,True
2024-01-01 15:00:00,eu-west-1,40.513133888529616,62.641773885860474,928,0,99.99886645252326,269,2,False,305.143414396504,25,False,IN_SYNC,True
2024-01-01 15:00:00,ap-southeast-1,143.34715203249004,126.97606923943002,902,0,99.99959897038926,493,0,False,471.92588038270753,24,False,LAGGING,True
2024-01-01 15:15:00,us-east-1,4.893970789399482,172.93172529406718,87,0,99.99824509109614,221,0,False,171.59997158002977,12,True,IN_SYNC,True
2024-01-01 15:15:00,us-west-2,20.24682526534918,53.290490290602534,115,0,99.99846575219527,379,1,False,315.51125695795224,43,False,IN_SYNC,True
2024-01-01 15:15:00,eu-west-1,59.73647133966964,51.8419587331159,542,0,99.99953480566623,151,1,False,157.7587503876396,27,False,IN_SYNC,True
2024-01-01 15:15:00,ap-southeast-1,149.6210681276009,145.14203731897794,222,0,99.99917221731569,361,2,False,226.8929162013114,29,False,LAGGING,True
2024-01-01 15:30:00,us-east-1,7.380642286734814,131.79680205569264,397,0,99.99915562442759,207,3,False,182.7486943576984,42,True,IN_SYNC,True
2024-01-01 15:30:00,us-west-2,19.829715899611983,86.16787596037867,767,0,99.9994185169404,235,0,False,124.54004388398268,12,False,IN_SYNC,True
2024-01-01 15:30:00,eu-west-1,62.93939442967744,165.964194110944,121,0,99.99988484784902,114,2,False,262.9778504673005,13,False,IN_SYNC,True
2024-01-01 15:30:00,ap-southeast-1,84.79291985207016,98.8158935823111,346,0,99.99863025761347,240,1,False,125.90160875484817,42,False,IN_SYNC,True
2024-01-01 15:45:00,us-east-1,4.038655688536441,83.76530170248662,106,0,99.99875131680704,181,0,False,319.9245133199928,44,True,IN_SYNC,True
2024-01-01 15:45:00,us-west-2,22.268716045820305,113.12495930513484,895,0,99.9999097848263,484,2,False,425.8977107590097,34,False,IN_SYNC,True
2024-01-01 15:45:00,eu-west-1,59.282501192282666,130.2766960539991,503,0,99.99855998775823,440,1,False,169.40385668113015,34,False,IN_SYNC,True
2024-01-01 15:45:00,ap-southeast-1,86.0630836374164,111.02852927582732,159,0,99.99887192248374,306,0,False,426.0789183047883,34,False,IN_SYNC,True
2024-01-01 16:00:00,us-east-1,4.455163492707319,189.7946706035741,689,0,99.99812007147435,432,2,False,250.60031324581118,44,True,IN_SYNC,True
2024-01-01 16:00:00,us-west-2,18.23018076178647,140.02642538471542,237,0,99.99853052862831,314,3,False,112.58656332365517,33,False,IN_SYNC,True
2024-01-01 16:00:00,eu-west-1,65.19682652692109,185.9934563484766,505,0,99.99956161198602,447,0,False,127.55778591230555,21,False,IN_SYNC,True
2024-01-01 16:00:00,ap-southeast-1,87.90231970473673,176.58839188889516,418,0,99.99852708579667,495,3,False,188.99083111703004,15,False,IN_SYNC,True
2024-01-01 16:15:00,us-east-1,4.501530321822153,105.73380678697492,931,0,99.99892544615827,393,1,False,456.8277420427284,17,True,IN_SYNC,True
2024-01-01 16:15:00,us-west-2,13.989552308173408,87.16387030817438,476,0,99.99959475654576,429,2,False,133.52543894382228,37,False,IN_SYNC,True
2024-01-01 16:15:00,eu-west-1,65.15859277852533,114.32950347694502,498,0,99.99845046057098,476,3,False,281.27526963328125,34,False,IN_SYNC,True
2024-01-01 16:15:00,ap-southeast-1,137.72571256091584,115.99339838180596,638,0,99.99913883800812,438,0,False,246.30011116038241,49,False,LAGGING,True
2024-01-01 16:30:00,us-east-1,4.769097642880556,101.97980430817839,647,0,99.99820207152456,322,2,False,242.54146446947513,35,True,IN_SYNC,True
2024-01-01 16:30:00,us-west-2,19.982923295074748,189.8670415323964,358,0,99.99949549644536,449,3,False,438.92426673544037,50,False,IN_SYNC,True
2024-01-01 16:30:00,eu-west-1,41.949158947001955,81.14617347511295,623,0,99.99868672324352,400,2,False,329.4445859422148,46,False,IN_SYNC,True
2024-01-01 16:30:00,ap-southeast-1,112.81435667585684,72.57860875877032,144,0,99.99984758398845,191,0,False,299.09579992067495,37,False,LAGGING,True
2024-01-01 16:45:00,us-east-1,4.139618047209727,141.2893206091509,553,0,99.99817956134288,451,1,False,409.4021872912392,11,True,IN_SYNC,True
2024-01-01 16:45:00,us-west-2,16.778852607786376,122.59035056372805,194,0,99.99845904749726,482,2,False,124.06363703344661,10,False,IN_SYNC,True
2024-01-01 16:45:00,eu-west-1,53.21047820633091,134.34926119276946,798,0,99.99894673996808,200,2,False,323.8031915924487,50,False,IN_SYNC,True
2024-01-01 16:45:00,ap-southeast-1,129.23142745942894,127.23834570867446,173,0,99.99813608487744,399,1,False,274.70940739970285,28,False,LAGGING,True
2024-01-01 17:00:00,us-east-1,4.377645522105904,76.1442510940902,603,0,99.99861879362396,494,2,False,178.91498622741665,49,True,IN_SYNC,True
2024-01-01 17:00:00,us-west-2,22.343763102457473,153.12504890026844,485,0,99.99890166083053,355,1,False,173.98886322470565,23,False,IN_SYNC,True
2024-01-01 17:00:00,eu-west-1,41.919945001710985,187.7961316114911,991,0,99.99981256167764,144,3,False,120.81647308229032,46,False,IN_SYNC,True
2024-01-01 17:00:00,ap-southeast-1,100.63258181124573,177.0265248722876,661,0,99.99910788336094,433,2,False,265.83852686025176,24,False,LAGGING,True
2024-01-01 17:15:00,us-east-1,4.463652998267063,160.38715820519724,586,0,99.9988525593696,137,0,False,443.6581649658601,45,True,IN_SYNC,True
2024-01-01 17:15:00,us-west-2,16.651542680567875,191.72082655058182,540,0,99.99882594563695,238,0,False,248.041481986371,45,False,IN_SYNC,True
2024-01-01 17:15:00,eu-west-1,48.84522389417237,50.307130296502365,843,0,99.99960098510327,202,1,False,477.4029065413605,22,False,IN_SYNC,True
2024-01-01 17:15:00,ap-southeast-1,83.04144123445035,171.1950446815014,578,0,99.99818350897613,361,2,False,368.97334510991533,22,False,IN_SYNC,True
2024-01-01 17:30:00,us-east-1,4.406523125791812,91.50665435417235,212,0,99.9988247018454,455,1,False,159.05473425359315,44,True,IN_SYNC,True
2024-01-01 17:30:00,us-west-2,20.605402193456793,192.66313424434387,696,0,99.99993075869607,381,3,False,160.9472832206302,32,False,IN_SYNC,True
2024-01-01 17:30:00,eu-west-1,73.9455612345016,75.83155186291857,1000,0,99.99919086950315,388,0,False,180.94770085420265,49,False,IN_SYNC,True
2024-01-01 17:30:00,ap-southeast-1,132.7147409761605,139.16902094967708,620,0,99.99831887157032,282,3,False,369.18471939043206,11,False,LAGGING,True
2024-01-01 17:45:00,us-east-1,6.389774171468204,112.55708669070441,148,0,99.99968386377509,294,3,False,249.93420630323203,44,True,IN_SYNC,True
2024-01-01 17:45:00,us-west-2,20.995659228381985,161.8177320206904,839,0,99.99880506397646,356,1,False,468.34614289733446,13,False,IN_SYNC,True
2024-01-01 17:45:00,eu-west-1,54.0564164875814,196.09633555964544,785,0,99.9991054420711,232,2,False,247.12409314119176,37,False,IN_SYNC,True
2024-01-01 17:45:00,ap-southeast-1,146.33194263424028,110.69083143620625,78,0,99.99994545909071,190,3,False,231.147256698827,14,False,LAGGING,True
2024-01-01 18:00:00,us-east-1,4.397738805711653,139.96793941574907,680,0,99.99981997465613,114,1,False,374.1042401329688,26,True,IN_SYNC,True
2024-01-01 18:00:00,us-west-2,13.111889767990116,199.84883629639606,342,0,99.99884974621243,407,0,False,273.6623851118603,12,False,IN_SYNC,True
2024-01-01 18:00:00,eu-west-1,62.823884939883946,196.40032292772435,808,0,99.9997716643204,225,2,False,380.43948487932926,39,False,IN_SYNC,True
2024-01-01 18:00:00,ap-southeast-1,149.5896571315198,185.8599578641339,589,0,99.99940157401363,325,0,False,483.41851388277763,26,False,LAGGING,True
2024-01-01 18:15:00,us-east-1,4.238088745757903,169.05308844468595,195,0,99.99851625624177,109,3,False,260.6573224475189,42,True,IN_SYNC,True
2024-01-01 18:15:00,us-west-2,12.838355701944684,85.45500280920754,788,0,99.99888624940229,419,2,False,382.3395497845465,18,False,IN_SYNC,True
2024-01-01 18:15:00,eu-west-1,62.598075797659746,119.04020497422,614,0,99.99853977591317,477,1,False,289.00567605335186,49,False,IN_SYNC,True
2024-01-01 18:15:00,ap-southeast-1,147.5189841989813,121.44512547162051,88,0,99.99844273633694,312,3,False,355.4031135225423,44,False,LAGGING,True
2024-01-01 18:30:00,us-east-1,6.941933795501902,185.1562387848227,275,0,99.99974417447773,487,1,False,286.80623997716333,36,True,IN_SYNC,True
2024-01-01 18:30:00,us-west-2,21.248594886792585,144.69166930270157,125,0,99.99903168193424,298,1,False,408.24972497355907,43,False,IN_SYNC,True
2024-01-01 18:30:00,eu-west-1,41.38012561579992,183.94923721077265,807,0,99.99900716580433,253,2,False,457.45056219307946,43,False,IN_SYNC,True
2024-01-01 18:30:00,ap-southeast-1,123.38573145403913,93.81843550564386,373,0,99.99860551079409,281,3,False,102.0880385054479,45,False,LAGGING,True
2024-01-01 18:45:00,us-east-1,4.987589485596856,130.738515151602,938,0,99.99924175295591,104,2,False,133.2026155423601,15,True,IN_SYNC,True
2024-01-01 18:45:00,us-west-2,19.462486677847323,186.23131477614555,3,0,99.99977911681623,485,3,False,400.71224861350254,13,False,IN_SYNC,True
2024-01-01 18:45:00,eu-west-1,62.76417855928078,75.10838753120913,603,0,99.99889747603434,165,1,False,116.13050199778905,14,False,IN_SYNC,True
2024-01-01 18:45:00,ap-southeast-1,128.4500677001621,87.13409312376612,585,0,99.99992803242183,257,0,False,147.9959623702944,24,False,LAGGING,True
2024-01-01 19:00:00,us-east-1,5.5701796939850485,82.02514870313169,105,0,99.9994515701026,193,0,False,347.01256545410325,45,True,IN_SYNC,False
2024-01-01 19:00:00,us-west-2,18.03635581653952,59.63034551012855,868,0,99.99952739731944,190,0,False,264.7182991248447,26,False,IN_SYNC,False
2024-01-01 19:00:00,eu-west-1,42.4226603801582,87.20253003030389,223,0,99.99954712842775,428,1,False,312.6100285036181,34,False,IN_SYNC,False
2024-01-01 19:00:00,ap-southeast-1,149.1159355566862,68.68656862145424,68,0,99.99987381508565,382,3,False,125.09438529409013,17,False,LAGGING,False
2024-01-01 19:15:00,us-east-1,4.021198212024236,63.90408813655654,419,0,99.99912076715293,281,2,False,452.62601344766796,42,True,IN_SYNC,False
2024-01-01 19:15:00,us-west-2,16.866913930952457,87.48655672707156,260,0,99.99965339276096,325,2,False,449.37004831807667,21,False,IN_SYNC,False
2024-01-01 19:15:00,eu-west-1,43.110638205810446,81.75553066522372,821,0,99.99878727951729,297,1,False,130.87854865259962,42,False,IN_SYNC,False
2024-01-01 19:15:00,ap-southeast-1,139.7857275782398,60.92842204022868,372,0,99.99903269079972,400,1,False,308.9328763232835,43,False,LAGGING,False
2024-01-01 19:30:00,us-east-1,7.179618581845628,60.46905769728758,449,0,99.99860026240633,464,2,False,463.07698654409216,12,True,IN_SYNC,False
2024-01-01 19:30:00,us-west-2,20.318024785346008,40.07379117387342,455,0,99.99898789124747,408,1,False,372.7152641755058,16,False,IN_SYNC,False
2024-01-01 19:30:00,eu-west-1,59.119334094292995,41.728431511081524,475,0,99.99834556577082,304,0,False,281.27446302402984,31,False,IN_SYNC,False
2024-01-01 19:30:00,ap-southeast-1,111.3473290779361,99.60829375866003,655,0,99.99825872419233,259,0,False,161.3281438298015,48,False,LAGGING,False
2024-01-01 19:45:00,us-east-1,6.1732845237963545,56.45224040346047,825,0,99.99858965553983,305,3,False,251.29667628107217,40,True,IN_SYNC,False
2024-01-01 19:45:00,us-west-2,14.997127846171884,57.54387434349708,82,0,99.998136398019,142,1,False,409.17384825583787,18,False,IN_SYNC,False
2024-01-01 19:45:00,eu-west-1,43.29070862075529,35.26130231960856,262,0,99.99874629865944,252,0,False,137.17914575171739,18,False,IN_SYNC,False
2024-01-01 19:45:00,ap-southeast-1,95.37426419361682,84.35678696612135,335,0,99.99846809141117,223,0,False,447.5289522843429,10,False,IN_SYNC,False
2024-01-01 20:00:00,us-east-1,5.742926735132969,52.80065786187214,212,0,99.9999518618405,290,1,False,440.3933190249696,23,True,IN_SYNC,False
2024-01-01 20:00:00,us-west-2,18.040078180383084,78.37516809188512,555,0,99.99946726238672,491,2,False,466.5408979555158,24,False,IN_SYNC,False
2024-01-01 20:00:00,eu-west-1,54.62215873248368,85.1693846177476,916,0,99.99951177692448,412,0,False,274.5743931354566,10,False,IN_SYNC,False
2024-01-01 20:00:00,ap-southeast-1,125.78066008223297,21.60308315724923,957,0,99.99993889904977,455,1,False,437.61499477045123,46,False,LAGGING,False
2024-01-01 20:15:00,us-east-1,6.217089322259319,88.18498365383229,948,0,99.99801610746482,116,0,False,431.89199883119426,24,True,IN_SYNC,False
2024-01-01 20:15:00,us-west-2,20.225155285765585,80.59444715295687,416,0,99.99945536802541,250,3,False,375.01845889900966,34,False,IN_SYNC,False
2024-01-01 20:15:00,eu-west-1,43.485820326918564,24.747641442240777,384,0,99.9993680819312,168,0,False,297.74005670113183,26,False,IN_SYNC,False
2024-01-01 20:15:00,ap-southeast-1,114.87944530455083,85.38069228891703,752,0,99.9988654928125,245,3,False,170.57567337797258,18,False,LAGGING,False
2024-01-01 20:30:00,us-east-1,6.797830622402518,32.795966093924804,681,0,99.99974872595078,343,0,False,267.83761132650534,18,True,IN_SYNC,False
2024-01-01 20:30:00,us-west-2,12.487306757493322,28.3638009843272,321,0,99.99906662342191,347,0,False,349.94780495991097,50,False,IN_SYNC,False
2024-01-01 20:30:00,eu-west-1,63.45372249274851,76.62045318137604,80,0,99.99817279885895,168,2,False,299.8285771342165,35,False,IN_SYNC,False
2024-01-01 20:30:00,ap-southeast-1,88.02123755019365,74.28561469514233,334,0,99.99931272584462,449,3,False,270.44218835699417,29,False,IN_SYNC,False
2024-01-01 20:45:00,us-east-1,4.210648017100474,27.06821460316676,820,0,99.99897395944866,282,1,False,461.31527224026996,49,True,IN_SYNC,False
2024-01-01 20:45:00,us-west-2,17.45255807415516,22.454696777694416,800,0,99.99858033635601,303,2,False,347.84318120424905,22,False,IN_SYNC,False
2024-01-01 20:45:00,eu-west-1,68.18298022250102,27.833685063920576,338,0,99.99898733966818,328,2,False,393.8662023441776,16,False,IN_SYNC,False
2024-01-01 20:45:00,ap-southeast-1,103.92386714315973,58.65549468847169,10,0,99.99829454730195,463,1,False,482.84621183414896,50,False,LAGGING,False
2024-01-01 21:00:00,us-east-1,4.15266432916093,37.02753674455793,655,0,99.99939687666776,148,0,False,324.19986440364903,49,True,IN_SYNC,False
2024-01-01 21:00:00,us-west-2,16.00905873978605,21.164514760512194,43,0,99.99951989134246,497,1,False,449.6315144652033,29,False,IN_SYNC,False
2024-01-01 21:00:00,eu-west-1,53.93830260709688,95.66568689006523,8,0,99.99878587828411,338,0,False,455.035556294019,26,False,IN_SYNC,False
2024-01-01 21:00:00,ap-southeast-1,83.5366709199898,37.256606451385714,518,0,99.9980464896264,385,2,False,408.41951222164596,46,False,IN_SYNC,False
2024-01-01 21:15:00,us-east-1,7.261256903678481,64.92916467406864,40,0,99.99927476877939,333,1,False,312.40909649192224,47,True,IN_SYNC,False
2024-01-01 21:15:00,us-west-2,13.24128674348612,70.962415993577,929,0,99.99896908159853,112,2,False,322.85773523635646,15,False,IN_SYNC,False
2024-01-01 21:15:00,eu-west-1,59.678996453907,26.25077592456443,203,0,99.9988652982387,480,1,False,163.6001238816751,47,False,IN_SYNC,False
2024-01-01 21:15:00,ap-southeast-1,88.66357051623112,85.70798365995347,653,0,99.99937642637008,477,3,False,471.553470743221,38,False,IN_SYNC,False
2024-01-01 21:30:00,us-east-1,5.628449968309638,79.40598841136058,885,0,99.99811026023991,390,3,False,469.3722714357184,24,True,IN_SYNC,False
2024-01-01 21:30:00,us-west-2,21.999312369416963,64.95120998730249,110,0,99.99872845336098,363,2,False,395.7356379853898,31,False,IN_SYNC,False
2024-01-01 21:30:00,eu-west-1,46.22822064789503,56.94377812320819,725,0,99.99876811535638,203,2,False,454.4845250618967,11,False,IN_SYNC,False
2024-01-01 21:30:00,ap-southeast-1,130.10183530497324,28.165939332676242,389,0,99.99957406844513,148,3,False,360.79844789472804,13,False,LAGGING,False
2024-01-01 21:45:00,us-east-1,5.247345620243423,80.0782113237664,455,0,99.9984793538987,293,2,False,140.27855276767593,21,True,IN_SYNC,False
2024-01-01 21:45:00,us-west-2,15.4888722380028,87.50819535126875,865,0,99.99872827124418,404,0,False,162.92099774695728,35,False,IN_SYNC,False
2024-01-01 21:45:00,eu-west-1,71.61736723167473,43.981472621494945,268,0,99.99958544642907,119,3,False,477.4439112149051,49,False,IN_SYNC,False
2024-01-01 21:45:00,ap-southeast-1,99.69811177214338,78.68918133167833,797,0,99.99895298092605,154,3,False,201.13499154107623,45,False,IN_SYNC,False
2024-01-01 22:00:00,us-east-1,5.549702962382732,75.9035571777614,937,0,99.99843200799835,429,1,False,379.7114923966287,38,True,IN_SYNC,False
2024-01-01 22:00:00,us-west-2,21.610630348131817,99.36044924294114,970,0,99.99810177799267,171,3,False,416.8432297911032,21,False,IN_SYNC,False
2024-01-01 22:00:00,eu-west-1,73.02216246129787,28.96201265491389,437,0,99.99852542874814,484,0,False,390.6628180365158,33,False,IN_SYNC,False
2024-01-01 22:00:00,ap-southeast-1,105.33544742251964,68.94666033882552,664,0,99.99823283123997,140,3,False,149.65955065398867,36,False,LAGGING,False
2024-01-01 22:15:00,us-east-1,4.374295938763713,29.969898901353016,264,0,99.99912096987885,374,1,False,300.79023395236294,40,True,IN_SYNC,False
2024-01-01 22:15:00,us-west-2,12.096302161847438,34.14498569324042,316,0,99.9989469067491,136,3,False,431.17602601922664,41,False,IN_SYNC,False
2024-01-01 22:15:00,eu-west-1,58.91799338460275,88.56902528892056,118,0,99.99831085394975,114,2,False,286.3287706164385,28,False,IN_SYNC,False
2024-01-01 22:15:00,ap-southeast-1,105.96673062770483,49.37889543666504,769,0,99.99984130489061,113,2,False,238.4722711065882,10,False,LAGGING,False
2024-01-01 22:30:00,us-east-1,6.2688710767390905,61.1183618114878,483,0,99.99804850576274,387,0,False,202.78959601129867,31,True,IN_SYNC,False
2024-01-01 22:30:00,us-west-2,14.209903081104834,35.02973691644513,91,0,99.99967426750469,344,1,False,459.06751866811305,24,False,IN_SYNC,False
2024-01-01 22:30:00,eu-west-1,59.72444034923935,31.850234055661673,551,0,99.99983311115889,310,0,False,427.2184024693706,21,False,IN_SYNC,False
2024-01-01 22:30:00,ap-southeast-1,113.87955694394188,22.338901184971924,590,0,99.99827419383745,171,1,False,494.5140184314757,26,False,LAGGING,False
2024-01-01 22:45:00,us-east-1,5.2962230610475185,55.78909699449861,56,0,99.99981529607982,157,3,False,382.76202590850704,13,True,IN_SYNC,False
2024-01-01 22:45:00,us-west-2,14.459798657885216,22.210258075701237,443,0,99.99976791738668,163,1,False,112.35334614431905,47,False,IN_SYNC,False
2024-01-01 22:45:00,eu-west-1,63.78145079193165,85.17378689142129,920,0,99.9997550633404,254,2,False,435.67161611708246,28,False,IN_SYNC,False
2024-01-01 22:45:00,ap-southeast-1,142.67851077731436,43.205549592024994,695,0,99.99904853144807,275,3,False,322.4060545260537,49,False,LAGGING,False
2024-01-01 23:00:00,us-east-1,5.1156545157004825,86.76835134411225,591,0,99.99939749463566,321,1,False,482.3448353331315,34,True,IN_SYNC,False
2024-01-01 23:00:00,us-west-2,14.46443284587156,59.89444209135484,455,0,99.99882658584242,371,0,False,316.58944127935126,35,False,IN_SYNC,False
2024-01-01 23:00:00,eu-west-1,74.44228566662075,47.74525504439323,715,0,99.99850522172844,483,0,False,260.65361394421063,21,False,IN_SYNC,False
2024-01-01 23:00:00,ap-southeast-1,118.72682410146578,88.71417657205461,253,0,99.99844881041739,485,3,False,141.17089747344838,24,False,LAGGING,False
2024-01-01 23:15:00,us-east-1,5.6454886812399465,34.225525040486616,857,0,99.99940124630817,286,2,False,156.25096717665352,43,True,IN_SYNC,False
2024-01-01 23:15:00,us-west-2,19.579970738379075,26.64043552652643,847,0,99.99987152440228,408,2,False,117.00102239795349,42,False,IN_SYNC,False
2024-01-01 23:15:00,eu-west-1,48.18269641919134,54.89604343701793,405,0,99.99867185215024,494,2,False,284.53749206576333,12,False,IN_SYNC,False
2024-01-01 23:15:00,ap-southeast-1,97.92831364585808,78.11784174519806,393,0,99.9989795982008,197,0,False,445.0474081762726,21,False,IN_SYNC,False
2024-01-01 23:30:00,us-east-1,4.735049160318261,52.50027054082574,670,0,99.99914328823681,489,2,False,367.01693970618646,17,True,IN_SYNC,False
2024-01-01 23:30:00,us-west-2,19.743184442514558,98.18958167948514,788,0,99.99984495951533,302,1,False,143.69833444988905,33,False,IN_SYNC,False
2024-01-01 23:30:00,eu-west-1,61.85416355763328,98.4518757760611,239,0,99.99900596807791,454,0,False,279.34795661179055,24,False,IN_SYNC,False
2024-01-01 23:30:00,ap-southeast-1,104.58961177915323,35.938323157941,462,0,99.99903214135884,378,0,False,408.04715169405455,39,False,LAGGING,False
2024-01-01 23:45:00,us-east-1,7.158626847567131,39.63160550461274,268,0,99.99821302090423,390,3,False,333.30394178092257,15,True,IN_SYNC,False
2024-01-01 23:45:00,us-west-2,13.273984923223846,41.94222994728893,846,0,99.9982812471391,342,2,False,160.33485240401092,11,False,IN_SYNC,False
2024-01-01 23:45:00,eu-west-1,47.09866488584826,40.50721661785354,718,0,99.99979813581072,276,2,False,235.80141359381878,25,False,IN_SYNC,False
2024-01-01 23:45:00,ap-southeast-1,101.07651886764965,97.29731666233101,22,0,99.99945795592943,235,0,False,140.0898128189136,23,False,LAGGING,False
2024-01-02 00:00:00,us-east-1,6.710681946803593,50.15545189768548,774,0,99.99838733725962,392,3,False,220.76676329659637,31,True,IN_SYNC,False
2024-01-02 00:00:00,us-west-2,19.946898544219266,95.25829072268289,991,0,99.99936805549164,273,3,False,430.614989714504,26,False,IN_SYNC,False
2024-01-02 00:00:00,eu-west-1,58.397073819745884,52.129771035673784,101,0,99.999488300433,289,1,False,436.2603569122557,28,False,IN_SYNC,False
2024-01-02 00:00:00,ap-southeast-1,117.2926832497789,77.90241268358446,802,0,99.9983556041452,426,2,False,199.72372736327185,43,False,LAGGING,False
2024-01-02 00:15:00,us-east-1,5.577269602889486,63.578474970912275,273,0,99.99995705082922,233,2,False,309.780257753512,27,True,IN_SYNC,False
2024-01-02 00:15:00,us-west-2,16.23645264679215,25.905969456572304,190,0,99.99933337591088,236,2,False,247.92280270270658,19,False,IN_SYNC,False
2024-01-02 00:15:00,eu-west-1,59.719048435186,68.59711161591456,291,0,99.99823649090058,233,0,False,417.70312695996944,14,False,IN_SYNC,False
2024-01-02 00:15:00,ap-southeast-1,98.0437413798252,32.84884800030817,994,0,99.99848752439651,273,3,False,399.4130973956932,35,False,IN_SYNC,False
2024-01-02 00:30:00,us-east-1,7.10669898494173,65.60341807081198,959,0,99.99860165368207,300,0,False,142.10916975475368,27,True,IN_SYNC,False
2024-01-02 00:30:00,us-west-2,20.437919878054135,36.42702570974761,757,0,99.9989671435566,177,1,False,357.18251959223636,19,False,IN_SYNC,False
2024-01-02 00:30:00,eu-west-1,70.80375758403643,79.99172285711427,789,0,99.99911589069576,111,1,False,278.66233310472114,49,False,IN_SYNC,False
2024-01-02 00:30:00,ap-southeast-1,95.78575798055978,90.96375861560455,124,0,99.99949040636551,209,2,False,335.5014023609699,16,False,IN_SYNC,False
2024-01-02 00:45:00,us-east-1,4.1489794888341756,80.22165362661738,507,0,99.99988069935898,348,1,False,487.9622371017027,26,True,IN_SYNC,False
2024-01-02 00:45:00,us-west-2,18.389184934879765,50.00468719539862,352,0,99.99901425543976,399,1,False,490.40525843958505,25,False,IN_SYNC,False
2024-01-02 00:45:00,eu-west-1,47.489943140604396,22.575808168109745,762,0,99.9996348728462,121,0,False,117.34193416800531,49,False,IN_SYNC,False
2024-01-02 00:45:00,ap-southeast-1,86.40598024718099,36.84325728208645,962,0,99.99884806334178,162,1,False,252.21056716648826,22,False,IN_SYNC,False
2024-01-02 01:00:00,us-east-1,6.95527308582319,29.969958304537663,680,0,99.999750978685,356,3,False,129.42009474410034,47,True,IN_SYNC,False
2024-01-02 01:00:00,us-west-2,17.698494638083297,28.536741867537625,613,0,99.99955718942827,254,0,False,407.41961754216214,12,False,IN_SYNC,False
2024-01-02 01:00:00,eu-west-1,68.7466385079446,72.2940051069775,419,0,99.99822990967185,329,1,False,384.78786748432657,32,False,IN_SYNC,False
2024-01-02 01:00:00,ap-southeast-1,119.60427543114243,81.73576358206347,161,0,99.99927561263993,321,1,False,486.31324020757427,27,False,LAGGING,False
2024-01-02 01:15:00,us-east-1,7.27112773996939,76.85446917142997,200,0,99.9989716009431,384,3,False,185.57811732123741,39,True,IN_SYNC,False
2024-01-02 01:15:00,us-west-2,12.922377233351343,22.529667946112628,642,0,99.99814507332539,430,0,False,251.15870272802994,50,False,IN_SYNC,False
2024-01-02 01:15:00,eu-west-1,57.14790252828333,81.74745791735674,888,0,99.99881439669508,467,1,False,367.9466013789805,44,False,IN_SYNC,False
2024-01-02 01:15:00,ap-southeast-1,140.56000838309396,38.09723794974562,375,0,99.99999105742256,428,2,False,454.75744265125957,12,False,LAGGING,False
2024-01-02 01:30:00,us-east-1,5.833848863187426,71.09611320652762,933,0,99.9995219250867,137,2,False,397.776127257084,35,True,IN_SYNC,False
2024-01-02 01:30:00,us-west-2,19.558864461209257,80.10970749007721,295,0,99.99906021419336,346,3,False,342.5479586930833,11,False,IN_SYNC,False
2024-01-02 01:30:00,eu-west-1,67.62389286682064,63.662346375882215,140,0,99.99996134523697,139,0,False,153.65189134953818,15,False,IN_SYNC,False
2024-01-02 01:30:00,ap-southeast-1,131.54962740263105,57.37092752861729,278,0,99.99893765240819,408,2,False,158.65294520710975,31,False,LAGGING,False
2024-01-02 01:45:00,us-east-1,5.337623238821471,40.86751769285213,801,0,99.99942628680678,401,0,False,334.19926918238684,29,True,IN_SYNC,False
2024-01-02 01:45:00,us-west-2,13.864368477255782,79.08050148285325,968,0,99.99835181528607,305,1,False,262.97599644198215,24,False,IN_SYNC,False
2024-01-02 01:45:00,eu-west-1,65.3360692870825,87.2339856311151,236,0,99.99994327368071,344,1,False,125.10036069188297,14,False,IN_SYNC,False
2024-01-02 01:45:00,ap-southeast-1,112.69686757454194,75.91662015695192,144,0,99.99993650067843,387,3,False,260.53075372831137,38,False,LAGGING,False
2024-01-02 02:00:00,us-east-1,7.0283478057549775,94.85840402670833,128,0,99.99856848350541,297,3,False,125.84368702813906,50,True,IN_SYNC,False
2024-01-02 02:00:00,us-west-2,13.122418413084883,92.5186528602511,417,0,99.99830020589764,138,3,False,491.69025371194033,30,False,IN_SYNC,False
2024-01-02 02:00:00,eu-west-1,62.83743585357114,56.71825318576593,306,0,99.99981284611435,336,0,False,130.15297853143238,17,False,IN_SYNC,False
2024-01-02 02:00:00,ap-southeast-1,122.30010819029178,74.39035514353043,573,0,99.99834221234431,471,2,False,227.2597546925141,27,False,LAGGING,False
2024-01-02 02:15:00,us-east-1,6.61462628866099,86.82581460691944,139,0,99.99837333144205,417,2,False,274.5373192240503,19,True,IN_SYNC,False
2024-01-02 02:15:00,us-west-2,20.48017429434053,85.63305460590936,258,0,99.99878503502178,346,2,False,341.5449552508263,48,False,IN_SYNC,False
2024-01-02 02:15:00,eu-west-1,55.01371800254859,25.876480038970342,692,0,99.99812330289632,117,2,False,115.72261566412666,48,False,IN_SYNC,False
2024-01-02 02:15:00,ap-southeast-1,110.53896218261525,75.49110389077713,23,0,99.99906510575357,209,1,False,137.35047306773365,19,False,LAGGING,False
2024-01-02 02:30:00,us-east-1,6.596311476447967,59.10993649380249,551,0,99.99961633524102,488,3,False,217.640983327062,33,True,IN_SYNC,False
2024-01-02 02:30:00,us-west-2,15.759833738372997,36.68573878045968,246,0,99.99825054991962,236,1,False,229.7094674953281,29,False,IN_SYNC,False
2024-01-02 02:30:00,eu-west-1,40.89691476208003,99.66790380400172,392,0,99.99862822955724,323,1,False,440.060372238647,45,False,IN_SYNC,False
2024-01-02 02:30:00,ap-southeast-1,107.28163437612308,64.56520593137853,977,0,99.99900280084155,408,3,False,309.62593019941846,34,False,LAGGING,False
2024-01-02 02:45:00,us-east-1,6.796028229390608,38.531121183193555,925,0,99.99861944895332,447,2,False,375.6572348397445,14,True,IN_SYNC,False
2024-01-02 02:45:00,us-west-2,18.545371061300663,80.11209497793658,153,0,99.9986032576598,366,1,False,257.2880081268439,10,False,IN_SYNC,False
2024-01-02 02:45:00,eu-west-1,73.83398767779343,28.787726328342593,84,0,99.998405133619,477,3,False,445.7886888957968,39,False,IN_SYNC,False
2024-01-02 02:45:00,ap-southeast-1,131.62634778521925,93.6430841238093,682,0,99.9985765357566,404,0,False,259.1733930532011,40,False,LAGGING,False
2024-01-02 03:00:00,us-east-1,6.268261591176665,93.95663967462798,145,0,99.99984479362702,476,3,False,375.9230881379029,32,True,IN_SYNC,False
2024-01-02 03:00:00,us-west-2,13.4729103792494,34.239991788537445,491,0,99.99989383932957,367,0,False,127.17055505260468,34,False,IN_SYNC,False
2024-01-02 03:00:00,eu-west-1,40.02742752317804,66.03954156874511,692,0,99.99884454153178,231,3,False,199.1902232330554,17,False,IN_SYNC,False
2024-01-02 03:00:00,ap-southeast-1,104.96337640534459,48.922977490328506,755,0,99.9999405956009,490,3,False,352.62668226941855,15,False,LAGGING,False
2024-01-02 03:15:00,us-east-1,5.396687013092857,23.4045616325076,755,0,99.99995944391183,159,2,False,418.57165433575403,17,True,IN_SYNC,False
2024-01-02 03:15:00,us-west-2,15.904675969846924,57.30003333847186,381,0,99.9993003352327,364,0,False,183.92814739578785,31,False,IN_SYNC,False
2024-01-02 03:15:00,eu-west-1,47.16889171366196,93.85668649920072,962,0,99.9981131019768,271,3,False,160.61207349725572,34,False,IN_SYNC,False
2024-01-02 03:15:00,ap-southeast-1,80.51108696030087,56.449925463786464,989,0,99.99852584124353,212,1,False,243.69071466647205,13,False,IN_SYNC,False
2024-01-02 03:30:00,us-east-1,4.08394495825423,56.217148696066076,728,0,99.99989879510495,242,3,False,443.47043468720216,23,True,IN_SYNC,False
2024-01-02 03:30:00,us-west-2,21.811806269535097,68.27300947458542,556,0,99.99991734061604,248,2,False,325.50362007438764,11,False,IN_SYNC,False
2024-01-02 03:30:00,eu-west-1,63.561151720975275,35.45373860663476,338,0,99.99827688563158,432,2,False,391.30509242341657,44,False,IN_SYNC,False
2024-01-02 03:30:00,ap-southeast-1,136.45134426944162,89.02986087726477,604,0,99.99867068567046,429,2,False,216.35959269941424,31,False,LAGGING,False
2024-01-02 03:45:00,us-east-1,6.2172639534329885,25.23698209609715,26,0,99.99862383362807,310,0,False,247.10820053623763,24,True,IN_SYNC,False
2024-01-02 03:45:00,us-west-2,18.910537163311705,22.007879835801447,699,0,99.99946817908075,167,1,False,206.57153004658977,41,False,IN_SYNC,False
2024-01-02 03:45:00,eu-west-1,42.23918169355175,35.25293164217649,960,0,99.99981865211349,194,3,False,411.2978968203765,40,False,IN_SYNC,False
2024-01-02 03:45:00,ap-southeast-1,105.42331458865455,28.99453225997415,77,0,99.99878316763755,398,2,False,409.2073213981684,30,False,LAGGING,False
2024-01-02 04:00:00,us-east-1,6.070851289852632,30.0156805234249,767,0,99.99831943586392,190,2,False,243.4740774297063,49,True,IN_SYNC,False
2024-01-02 04:00:00,us-west-2,16.66322947021433,64.30488261478352,167,0,99.99875994064362,493,3,False,438.6969079220679,28,False,IN_SYNC,False
2024-01-02 04:00:00,eu-west-1,40.26866637914973,29.117541861450693,761,0,99.9981818174419,448,2,False,443.1244975529983,46,False,IN_SYNC,False
2024-01-02 04:00:00,ap-southeast-1,98.64638517584837,96.44892342354025,684,0,99.99810830336759,176,2,False,262.702937707841,34,False,IN_SYNC,False
2024-01-02 04:15:00,us-east-1,5.401759023829538,48.6703678220199,363,0,99.99913314425791,332,1,False,376.0705113380576,12,True,IN_SYNC,False
2024-01-02 04:15:00,us-west-2,13.947966044150133,47.45647052391898,948,0,99.99897477637043,245,0,False,251.30965409669858,15,False,IN_SYNC,False
2024-01-02 04:15:00,eu-west-1,53.31241777713598,82.92355303782969,905,0,99.99890720667918,119,0,False,294.91326044056916,26,False,IN_SYNC,False
2024-01-02 04:15:00,ap-southeast-1,96.94805481291411,64.99765192389235,522,0,99.99864174224001,143,1,False,271.80499627794495,21,False,IN_SYNC,False
2024-01-02 04:30:00,us-east-1,5.310835949667685,89.99745966859778,899,0,99.99805214556503,435,0,False,403.2869117883607,35,True,IN_SYNC,False
2024-01-02 04:30:00,us-west-2,22.17051248259138,96.76837635102999,837,0,99.99817966634093,410,1,False,218.09250046042507,50,False,IN_SYNC,False
2024-01-02 04:30:00,eu-west-1,45.87510433601886,82.6135001176656,774,0,99.99923290047276,240,3,False,402.78683425978625,34,False,IN_SYNC,False
2024-01-02 04:30:00,ap-southeast-1,148.8334133845709,25.597187409838725,357,0,99.99818271582558,247,3,False,431.88058127313866,39,False,LAGGING,False
2024-01-02 04:45:00,us-east-1,5.355651227037669,62.86754423670493,985,0,99.99949390807417,353,2,False,299.20975766559195,45,True,IN_SYNC,False
2024-01-02 04:45:00,us-west-2,16.6261751756474,48.521023811389874,866,0,99.99866574826831,406,0,False,291.1539472538634,35,False,IN_SYNC,False
2024-01-02 04:45:00,eu-west-1,63.51262202060788,99.2270318535437,124,0,99.99870414252388,426,0,False,292.1020607178958,24,False,IN_SYNC,False
2024-01-02 04:45:00,ap-southeast-1,106.10535442407667,63.24042870888852,867,0,99.99895714689686,206,1,False,252.10711951656236,40,False,LAGGING,False
2024-01-02 05:00:00,us-east-1,4.208379142948364,44.61091409876775,342,0,99.99944027542533,389,1,False,346.52540547324907,11,True,IN_SYNC,False
2024-01-02 05:00:00,us-west-2,18.428429879892924,20.882929183032886,446,0,99.99909453135145,310,0,False,376.7542605446084,40,False,IN_SYNC,False
2024-01-02 05:00:00,eu-west-1,59.71219456535233,53.161177533676145,469,0,99.99896535880161,419,0,False,359.0943259549622,15,False,IN_SYNC,False
2024-01-02 05:00:00,ap-southeast-1,81.5537671754737,58.26175068439134,354,0,99.99882345676889,360,3,False,352.5926446369218,25,False,IN_SYNC,False
2024-01-02 05:15:00,us-east-1,6.875262803078415,83.15800960741404,965,0,99.99923146102593,284,0,False,485.88319595762044,48,True,IN_SYNC,False
2024-01-02 05:15:00,us-west-2,21.33808925732952,86.686083903493,779,0,99.99828976885411,480,3,False,487.22725887004617,36,False,IN_SYNC,False
2024-01-02 05:15:00,eu-west-1,71.13152409708327,76.06630660316135,426,0,99.99937365890378,120,1,False,232.72101308067548,10,False,IN_SYNC,False
2024-01-02 05:15:00,ap-southeast-1,113.34090725534853,22.442500950472343,364,0,99.99951534862707,313,3,False,214.22234214855888,18,False,LAGGING,False
2024-01-02 05:30:00,us-east-1,4.871428644367536,79.77312493419416,540,0,99.99878500145647,341,3,False,334.9873552910203,44,True,IN_SYNC,False
2024-01-02 05:30:00,us-west-2,16.745418164379853,60.21924157248563,444,0,99.99832106969174,430,0,False,214.5819636476429,49,False,IN_SYNC,False
2024-01-02 05:30:00,eu-west-1,44.851365798230944,55.1519095540581,775,0,99.99807715007857,144,2,False,337.64095643495284,30,False,IN_SYNC,False
2024-01-02 05:30:00,ap-southeast-1,118.79767567696311,94.6862912904012,582,0,99.99882854560087,207,3,False,380.41452292866416,48,False,LAGGING,False
2024-01-02 05:45:00,us-east-1,6.0499759774027195,30.78608754829469,489,0,99.99838499884403,279,3,False,293.9833303732654,33,True,IN_SYNC,False
2024-01-02 05:45:00,us-west-2,21.68625354872717,41.46456991170555,115,0,99.99812347142148,177,0,False,188.56939691937993,10,False,IN_SYNC,False
2024-01-02 05:45:00,eu-west-1,53.090668922880766,93.13302153795527,178,0,99.99831025230729,413,3,False,153.38885326113143,41,False,IN_SYNC,False
2024-01-02 05:45:00,ap-southeast-1,133.28168900077173,89.20162244211303,310,0,99.99833798660639,468,1,False,279.14836110369583,28,False,LAGGING,False
2024-01-02 06:00:00,us-east-1,5.915577896770895,82.15399578438826,538,0,99.99984564463115,402,1,False,185.18721302664912,21,True,IN_SYNC,False
2024-01-02 06:00:00,us-west-2,15.745010350305916,60.149717786107274,707,0,99.9985566168433,256,1,False,122.27183763845795,48,False,IN_SYNC,False
2024-01-02 06:00:00,eu-west-1,59.67662564887952,74.11263322007993,165,0,99.99974083699247,271,2,False,341.385341120174,49,False,IN_SYNC,False
2024-01-02 06:00:00,ap-southeast-1,140.75516872508427,27.87327417357483,212,0,99.99800657493255,288,1,False,450.65633544723613,31,False,LAGGING,False
2024-01-02 06:15:00,us-east-1,5.439693872769242,86.46723087527859,913,0,99.99841141227759,228,2,False,338.012197567318,22,True,IN_SYNC,False
2024-01-02 06:15:00,us-west-2,16.510459120504805,86.78478935536853,518,0,99.99804315548883,356,0,False,348.2128657495808,17,False,IN_SYNC,False
2024-01-02 06:15:00,eu-west-1,55.24302789090647,92.11160637074501,40,0,99.99890257924132,367,0,False,319.0847712374009,46,False,IN_SYNC,False
2024-01-02 06:15:00,ap-southeast-1,132.2631595957179,47.49786123396173,841,0,99.99930567680791,200,2,False,210.54483661530224,38,False,LAGGING,False
2024-01-02 06:30:00,us-east-1,5.129197734010809,81.32593762177717,12,0,99.99888456295976,128,2,False,498.5168682302642,24,True,IN_SYNC,False
2024-01-02 06:30:00,us-west-2,17.616491035001637,59.566154808488456,531,0,99.99911668957364,247,0,False,201.58358000484404,22,False,IN_SYNC,False
2024-01-02 06:30:00,eu-west-1,62.27432976165621,63.155717963135714,865,0,99.99938442163418,179,0,False,485.86820769629117,47,False,IN_SYNC,False
2024-01-02 06:30:00,ap-southeast-1,149.20777421925297,41.567559572633684,784,0,99.99809678420377,125,0,False,166.67637236538897,26,False,LAGGING,False
2024-01-02 06:45:00,us-east-1,4.764173100799143,70.10473614066032,632,0,99.99826818733415,450,0,False,486.453139530507,22,True,IN_SYNC,False
2024-01-02 06:45:00,us-west-2,21.257851005588446,59.63602426200849,751,0,99.99859367742401,496,2,False,294.15223939483394,24,False,IN_SYNC,False
2024-01-02 06:45:00,eu-west-1,65.43044287552955,35.654972587600646,302,0,99.99941407038503,391,0,False,240.49889081155888,18,False,IN_SYNC,False
2024-01-02 06:45:00,ap-southeast-1,120.16199085630306,42.71486840829624,249,0,99.99904348940598,203,2,False,443.23463648122123,10,False,LAGGING,False
2024-01-02 07:00:00,us-east-1,6.265664457818666,79.62172302723822,371,0,99.99804904811499,301,3,False,418.51699469883783,19,True,IN_SYNC,False
2024-01-02 07:00:00,us-west-2,13.277118407590873,89.3929847889913,572,0,99.99977578126688,222,2,False,396.8639334650548,35,False,IN_SYNC,False
2024-01-02 07:00:00,eu-west-1,61.94906678100749,99.82433022907466,809,0,99.99851620257496,319,3,False,387.31619428058417,35,False,IN_SYNC,False
2024-01-02 07:00:00,ap-southeast-1,138.99655373632288,62.84114631694276,148,0,99.99901485041762,347,3,False,315.20129925522224,29,False,LAGGING,False
2024-01-02 07:15:00,us-east-1,6.4660660199472435,51.37963334153797,837,0,99.9988739789795,282,1,False,141.8609355162532,34,True,IN_SYNC,False
2024-01-02 07:15:00,us-west-2,22.175501570849644,77.1169054285843,619,0,99.99823008582082,104,2,False,418.2372112752535,38,False,IN_SYNC,False
2024-01-02 07:15:00,eu-west-1,70.0348932268964,68.13401613623074,954,0,99.9989642219639,176,2,False,393.2778083786902,36,False,IN_SYNC,False
2024-01-02 07:15:00,ap-southeast-1,81.11623423582104,27.204882643205927,578,0,99.99888921938921,312,1,False,194.9117879027247,45,False,IN_SYNC,False
2024-01-02 07:30:00,us-east-1,6.210576297771919,93.90515231516201,395,0,99.99994891764241,285,2,False,353.842405022045,16,True,IN_SYNC,False
2024-01-02 07:30:00,us-west-2,17.304509597698527,62.63341577178486,542,0,99.99813404271829,221,3,False,224.16019168959664,37,False,IN_SYNC,False
2024-01-02 07:30:00,eu-west-1,74.57306666569511,45.76191728642726,412,0,99.9986231898868,174,1,False,495.93381335594717,34,False,IN_SYNC,False
2024-01-02 07:30:00,ap-southeast-1,148.2390254880966,64.60167561567576,999,0,99.99900952966496,151,1,False,246.50732117937935,24,False,LAGGING,False
2024-01-02 07:45:00,us-east-1,5.981720166959064,60.10059518079241,320,0,99.99974234169008,147,2,False,163.09480100058033,40,True,IN_SYNC,False
2024-01-02 07:45:00,us-west-2,21.409542193817828,38.55628084157495,256,0,99.99816772422881,373,1,False,205.80222844539645,30,False,IN_SYNC,False
2024-01-02 07:45:00,eu-west-1,65.95836659862016,36.989075718313266,818,0,99.99858642470959,311,0,False,436.552956909692,26,False,IN_SYNC,False
2024-01-02 07:45:00,ap-southeast-1,89.01378771066312,59.58475619977831,245,0,99.99998921933232,278,2,False,164.27107491819453,25,False,IN_SYNC,False
2024-01-02 08:00:00,us-east-1,4.692464241767209,45.9195586079014,908,0,99.99961150689998,435,3,False,181.1629810578685,12,True,IN_SYNC,False
2024-01-02 08:00:00,us-west-2,16.576500616239997,43.63023011925417,183,0,99.99897473655653,196,1,False,311.5172740588961,24,False,IN_SYNC,False
2024-01-02 08:00:00,eu-west-1,42.66645298456327,76.75107878642618,56,0,99.9983716382125,333,0,False,301.92414900760497,44,False,IN_SYNC,False
2024-01-02 08:00:00,ap-southeast-1,97.80291416111281,93.22306256089904,718,0,99.99880440586895,306,0,False,177.7626848952241,33,False,IN_SYNC,False
2024-01-02 08:15:00,us-east-1,6.3567014263178905,20.660481926030396,994,0,99.9997948586905,458,3,False,372.65718854605143,11,True,IN_SYNC,False
2024-01-02 08:15:00,us-west-2,21.4296771007731,45.09648424145019,900,0,99.99873441407249,375,2,False,363.0876844158395,47,False,IN_SYNC,False
2024-01-02 08:15:00,eu-west-1,61.790120090496146,37.29281032861501,330,0,99.99927713970052,469,3,False,192.5650804667341,46,False,IN_SYNC,False
2024-01-02 08:15:00,ap-southeast-1,130.9281618588769,65.45936268072231,313,0,99.99880248698805,447,1,False,353.23353588339023,29,False,LAGGING,False
2024-01-02 08:30:00,us-east-1,4.028288802299453,57.63953345309781,490,0,99.99834789056199,214,2,False,223.39758606662295,40,True,IN_SYNC,False
2024-01-02 08:30:00,us-west-2,18.599700399685645,86.87757054758151,489,0,99.99876866433775,293,3,False,383.7304392014258,38,False,IN_SYNC,False
2024-01-02 08:30:00,eu-west-1,51.61660916698786,95.0568955590097,981,0,99.99922127665941,258,3,False,242.57520462226262,16,False,IN_SYNC,False
2024-01-02 08:30:00,ap-southeast-1,113.07977846200048,69.08369964755909,705,0,99.99999900780016,285,3,False,412.8251773499028,31,False,LAGGING,False
2024-01-02 08:45:00,us-east-1,5.074769101308307,23.490992921125464,961,0,99.99952435153142,176,1,False,185.1676616499753,22,True,IN_SYNC,False
2024-01-02 08:45:00,us-west-2,12.558067134003242,79.0957162492301,697,0,99.99932397779452,383,1,False,418.6729695604654,14,False,IN_SYNC,False
2024-01-02 08:45:00,eu-west-1,62.699989693486735,28.628341115022824,630,0,99.99833017419638,469,1,False,221.1535876476117,32,False,IN_SYNC,False
2024-01-02 08:45:00,ap-southeast-1,93.74832121175267,31.829679653171958,945,0,99.9985237182372,479,1,False,361.7635965001176,35,False,IN_SYNC,False
2024-01-02 09:00:00,us-east-1,6.000270556661048,66.1487802286702,163,0,99.99978486960691,100,1,False,201.27760803038763,28,True,IN_SYNC,True
2024-01-02 09:00:00,us-west-2,16.58869599584634,106.74635989692331,914,0,99.99974744533895,450,1,False,459.25143324204186,45,False,IN_SYNC,True
2024-01-02 09:00:00,eu-west-1,64.10784518964162,144.48528435140156,99,0,99.99837688919568,246,0,False,476.6342476215068,34,False,IN_SYNC,True
2024-01-02 09:00:00,ap-southeast-1,100.97889966650757,109.22442021447554,229,0,99.99969223797575,270,3,False,190.86752172112227,41,False,LAGGING,True
2024-01-02 09:15:00,us-east-1,6.015232239363009,173.19867612644487,555,0,99.9998598902334,239,1,False,179.2215135347585,49,True,IN_SYNC,True
2024-01-02 09:15:00,us-west-2,13.884348882932896,167.61628117646455,390,0,99.99896133500775,309,1,False,135.95935836526428,16,False,IN_SYNC,True
2024-01-02 09:15:00,eu-west-1,62.30954483648177,59.13914260688642,542,0,99.99919803026015,131,3,False,136.3240919744662,48,False,IN_SYNC,True
2024-01-02 09:15:00,ap-southeast-1,102.02017474435858,176.66632093818617,512,0,99.9991361102464,474,2,False,157.188884006029,22,False,LAGGING,True
2024-01-02 09:30:00,us-east-1,5.3216000300572475,88.85385364517049,876,0,99.99886261171252,157,0,False,152.45315922335402,30,True,IN_SYNC,True
2024-01-02 09:30:00,us-west-2,16.96913330216198,187.093188002689,960,0,99.99998073800505,168,3,False,337.57769226874257,28,False,IN_SYNC,True
2024-01-02 09:30:00,eu-west-1,68.38423833511862,73.66489814680597,536,0,99.99826479127645,416,0,False,359.91651427990774,24,False,IN_SYNC,True
2024-01-02 09:30:00,ap-southeast-1,108.67566756671539,172.71630684028747,500,0,99.9991080477865,349,3,False,439.79247746590755,32,False,LAGGING,True
2024-01-02 09:45:00,us-east-1,4.74000867714812,169.64827159912326,676,3,99.99808218645263,170,0,False,326.4922030711554,32,True,IN_SYNC,True
2024-01-02 09:45:00,us-west-2,21.13003017627882,102.46824140085573,813,0,99.99940372833593,226,3,False,255.92835665432793,27,False,IN_SYNC,True
2024-01-02 09:45:00,eu-west-1,44.481171618418564,172.35086205079153,995,0,99.99901498112888,307,2,False,131.78281873079703,16,False,IN_SYNC,True
2024-01-02 09:45:00,ap-southeast-1,93.80828194913867,71.35827450526426,449,0,99.99869797253125,324,3,False,275.9930606904006,14,False,IN_SYNC,True
2024-01-02 10:00:00,us-east-1,5.500765362231327,111.57670972269727,691,0,99.99860575538098,388,1,False,457.67917938009657,19,True,IN_SYNC,True
2024-01-02 10:00:00,us-west-2,18.148222990863573,106.81654129785193,991,0,99.99830208832873,110,0,False,286.02816122770275,38,False,IN_SYNC,True
2024-01-02 10:00:00,eu-west-1,54.024202888671255,101.59987087378066,487,0,99.99898577066512,482,0,False,206.2138501292971,32,False,IN_SYNC,True
2024-01-02 10:00:00,ap-southeast-1,119.70846232350412,185.2254920767791,426,0,99.9997481529004,227,0,False,481.6863288944434,16,False,LAGGING,True
2024-01-02 10:15:00,us-east-1,4.101669863841008,133.32275308135746,474,0,99.99840383075087,128,2,False,192.57302634608612,11,True,IN_SYNC,True
2024-01-02 10:15:00,us-west-2,18.886636516784108,63.42113873636502,500,0,99.9993288289273,165,3,False,100.84447890783844,49,False,IN_SYNC,True
2024-01-02 10:15:00,eu-west-1,66.06144302409955,65.96463016796038,831,0,99.99991062748424,444,0,False,299.7189010533955,46,False,IN_SYNC,True
2024-01-02 10:15:00,ap-southeast-1,93.58025140147213,165.42158845365384,839,0,99.9994247373324,144,3,False,209.2665673842612,26,False,IN_SYNC,True
2024-01-02 10:30:00,us-east-1,7.1646543007863635,145.87097232557224,93,0,99.99861183520542,318,3,False,321.2860755635633,24,True,IN_SYNC,True
2024-01-02 10:30:00,us-west-2,21.094089222094333,99.46495994569737,737,0,99.99864562234715,423,2,False,329.80103387934673,33,False,IN_SYNC,True
2024-01-02 10:30:00,eu-west-1,54.03998728001742,80.68904239043034,816,0,99.99896503127,150,0,False,252.55177568636552,17,False,IN_SYNC,True
2024-01-02 10:30:00,ap-southeast-1,87.5752837304256,174.73665432178376,869,0,99.99914626848981,445,3,False,250.4255514386689,46,False,IN_SYNC,True
2024-01-02 10:45:00,us-east-1,5.979824272665841,146.7544576259868,876,0,99.99912725089938,162,0,False,409.99127395215487,13,True,IN_SYNC,True
2024-01-02 10:45:00,us-west-2,14.768892556799882,197.5914604887633,474,0,99.99893572738817,106,0,False,333.3202394281875,41,False,IN_SYNC,True
2024-01-02 10:45:00,eu-west-1,49.803737747642245,53.80778230323172,942,0,99.99838015509543,201,1,False,117.43494594396054,42,False,IN_SYNC,True
2024-01-02 10:45:00,ap-southeast-1,110.28871937812885,157.3304135698828,503,0,99.99977021272203,393,1,False,144.4508256196055,14,False,LAGGING,True
2024-01-02 11:00:00,us-east-1,5.121518161235285,131.15079347000716,644,0,99.99944028110887,202,3,False,181.94816427619722,11,True,IN_SYNC,True
2024-01-02 11:00:00,us-west-2,12.731568350925718,111.0894223011179,762,0,99.9983205023556,111,0,False,333.2962566228955,25,False,IN_SYNC,True
2024-01-02 11:00:00,eu-west-1,57.548281488031236,195.67781615695702,480,0,99.999112836609,416,1,False,267.7809118701676,20,False,IN_SYNC,True
2024-01-02 11:00:00,ap-southeast-1,141.39022414698837,145.93163049910234,220,0,99.99965265710549,423,0,False,364.6554436430219,20,False,LAGGING,True
2024-01-02 11:15:00,us-east-1,5.335776788263048,159.32583980298566,888,0,99.9991907310042,351,1,False,177.52837862428345,18,True,IN_SYNC,True
2024-01-02 11:15:00,us-west-2,13.949962734368409,78.53614341389971,788,0,99.99884989823948,216,3,False,469.5301639519838,26,False,IN_SYNC,True
2024-01-02 11:15:00,eu-west-1,43.876817469456164,121.41410664683534,536,0,99.99990817662173,258,2,False,487.9642462885291,15,False,IN_SYNC,True
2024-01-02 11:15:00,ap-southeast-1,145.19923622561745,92.39437998207293,346,0,99.99961997558557,294,1,False,324.39575407805444,16,False,LAGGING,True
2024-01-02 11:30:00,us-east-1,5.397685049616795,179.63013715028768,890,0,99.99817831919218,233,3,False,133.66178248802896,17,True,IN_SYNC,True
2024-01-02 11:30:00,us-west-2,13.56701388613377,148.9780831779322,653,0,99.99863319310248,185,2,False,459.0843942403553,19,False,IN_SYNC,True
2024-01-02 11:30:00,eu-west-1,67.6020492677289,198.44060793578456,618,0,99.9985407133085,101,3,False,302.0284955855723,29,False,IN_SYNC,True
2024-01-02 11:30:00,ap-southeast-1,81.71071704783574,190.65771909173094,300,0,99.99847168998572,495,1,False,308.4662082327969,49,False,IN_SYNC,True
2024-01-02 11:45:00,us-east-1,4.656516316170902,138.43912629681125,794,0,99.99948540379025,171,3,False,126.27675996287549,25,True,IN_SYNC,True
2024-01-02 11:45:00,us-west-2,14.371636313313838,79.89637403275042,109,0,99.99886296542188,267,0,False,422.7834520880805,19,False,IN_SYNC,True
2024-01-02 11:45:00,eu-west-1,45.5419544220935,164.31814397558958,918,0,99.99945652707667,183,3,False,366.46771700958436,16,False,IN_SYNC,True
2024-01-02 11:45:00,ap-southeast-1,118.6128636222733,148.38261510119122,619,0,99.99961431369397,210,0,False,135.66263787569267,45,False,LAGGING,True
2024-01-02 12:00:00,us-east-1,6.027487562467995,165.83021733976005,398,0,99.99992686622936,376,0,False,215.68600403519133,24,True,IN_SYNC,True
2024-01-02 12:00:00,us-west-2,20.24030884402649,145.3529807630917,484,0,99.9992729855528,185,1,False,129.36640823864946,44,False,IN_SYNC,True
2024-01-02 12:00:00,eu-west-1,49.91541850896633,124.69169338596912,320,0,99.9990219474169,357,3,False,394.82285410403426,18,False,IN_SYNC,True
2024-01-02 12:00:00,ap-southeast-1,115.95408265708245,181.34788392691166,49,0,99.99976398608338,442,0,False,389.8465233884432,15,False,LAGGING,True
2024-01-02 12:15:00,us-east-1,6.846942674605745,171.42980185077917,978,0,99.99858938767832,460,1,False,203.78135210428812,38,True,IN_SYNC,True
2024-01-02 12:15:00,us-west-2,20.18709776946217,121.57283931316825,624,0,99.99981683250216,142,2,False,332.40379821827264,38,False,IN_SYNC,True
2024-01-02 12:15:00,eu-west-1,48.50227352643703,70.11422047400364,235,0,99.99844625129607,273,1,False,360.02042732763636,21,False,IN_SYNC,True
2024-01-02 12:15:00,ap-southeast-1,105.82083704116113,137.29921081872726,963,0,99.99887639393735,131,1,False,257.2836065046539,16,False,LAGGING,True
2024-01-02 12:30:00,us-east-1,5.2524855244569535,66.62278399240049,586,0,99.9990800246987,179,3,False,445.11857674381406,44,True,IN_SYNC,True
2024-01-02 12:30:00,us-west-2,21.53094061882015,54.338210055318584,634,0,99.99925445848909,475,1,False,157.75205154192932,43,False,IN_SYNC,True
2024-01-02 12:30:00,eu-west-1,58.68266509647152,82.89629490688401,144,0,99.99812053746555,423,0,False,141.96485036593805,44,False,IN_SYNC,True
2024-01-02 12:30:00,ap-southeast-1,146.20769810678195,105.15701856117346,595,0,99.9989528583556,251,2,False,267.67626046560633,24,False,LAGGING,True
2024-01-02 12:45:00,us-east-1,6.618356928333348,131.51499904548734,342,0,99.99970490728705,479,2,False,225.99005622348236,42,True,IN_SYNC,True
2024-01-02 12:45:00,us-west-2,20.416544210054305,108.3675540401837,20,0,99.99880946058575,111,1,False,178.2425974266562,39,False,IN_SYNC,True
2024-01-02 12:45:00,eu-west-1,50.75665193265584,124.01733317103465,947,0,99.99912897395195,390,2,False,356.32910085933867,28,False,IN_SYNC,True
2024-01-02 12:45:00,ap-southeast-1,128.4623817379405,50.40648336847839,410,0,99.99828429311113,420,1,False,261.1961258392273,10,False,LAGGING,True
2024-01-02 13:00:00,us-east-1,6.486616371233481,190.04278547895908,282,0,99.99819468729164,259,2,False,470.4453253100018,37,True,IN_SYNC,True
2024-01-02 13:00:00,us-west-2,18.56069357173396,96.87893948855623,859,0,99.99843928966979,283,3,False,293.2573868034026,27,False,IN_SYNC,True
2024-01-02 13:00:00,eu-west-1,47.37527632875045,84.23161103130737,516,0,99.99972103318257,184,1,False,298.29081444632334,43,False,IN_SYNC,True
2024-01-02 13:00:00,ap-southeast-1,141.89415613313395,84.29092478592469,127,0,99.99895932491931,470,2,False,434.59797010553774,38,False,LAGGING,True
2024-01-02 13:15:00,us-east-1,4.689329363763111,138.7909459520411,853,0,99.99891417316056,111,2,False,453.1434402727269,32,True,IN_SYNC,True
2024-01-02 13:15:00,us-west-2,21.539964066110358,83.40062722117713,127,0,99.9994733647194,189,1,False,377.3064055391342,18,False,IN_SYNC,True
2024-01-02 13:15:00,eu-west-1,56.96982042251737,92.78448291977935,771,0,99.99894768163631,136,3,False,454.9392646615549,39,False,IN_SYNC,True
2024-01-02 13:15:00,ap-southeast-1,146.92921524008386,107.30134887780744,499,0,99.9988980536202,235,3,False,309.0783334083415,17,False,LAGGING,True
2024-01-02 13:30:00,us-east-1,4.878804224298081,92.53764378973023,728,0,99.99924532394944,264,0,False,258.21311747943173,29,True,IN_SYNC,True
2024-01-02 13:30:00,us-west-2,12.079390020296284,100.47120616550201,895,0,99.99993008172613,464,3,False,461.57521500897525,16,False,IN_SYNC,True
2024-01-02 13:30:00,eu-west-1,60.29291254627586,168.26955800548566,466,0,99.99914501074727,301,2,False,492.73700139287587,38,False,IN_SYNC,True
2024-01-02 13:30:00,ap-southeast-1,137.35278793465437,164.26565328534002,269,0,99.99896319721755,309,1,False,365.27321166524604,12,False,LAGGING,True
2024-01-02 13:45:00,us-east-1,7.403259115047831,148.93714585929723,513,0,99.99960727811684,171,1,False,255.37838726061196,31,True,IN_SYNC,True
2024-01-02 13:45:00,us-west-2,19.806135177370066,167.52197750231275,741,0,99.99925285937823,298,0,False,196.71277320277528,37,False,IN_SYNC,True
2024-01-02 13:45:00,eu-west-1,61.48745334345305,112.7690915690567,470,0,99.99814271161151,329,0,False,308.3181303417925,23,False,IN_SYNC,True
2024-01-02 13:45:00,ap-southeast-1,97.59587986095929,138.09705253713338,529,0,99.99879511729257,215,2,False,232.45404120108262,42,False,IN_SYNC,True
2024-01-02 14:00:00,us-east-1,4.072712423970911,63.48196909174719,479,0,99.99884790251753,167,3,False,289.77629777915485,18,True,IN_SYNC,True
2024-01-02 14:00:00,us-west-2,13.177980617409187,93.86936199780864,487,0,99.99851038337086,179,1,False,285.23959443045203,46,False,IN_SYNC,True
2024-01-02 14:00:00,eu-west-1,68.56546175527039,180.44616001089673,201,0,99.99968578719191,328,0,False,132.38865278272502,19,False,IN_SYNC,True
2024-01-02 14:00:00,ap-southeast-1,148.71161884713345,123.66528418797873,654,0,99.9999504597119,498,2,False,343.0410129794087,11,False,LAGGING,True
2024-01-02 14:15:00,us-east-1,5.008101809445088,87.72329776737992,633,0,99.99920110241514,323,1,False,408.4280351761875,21,True,IN_SYNC,True
2024-01-02 14:15:00,us-west-2,17.908987562311797,170.78609017504323,953,0,99.99925955781084,154,3,False,163.4271388104867,35,False,IN_SYNC,True
2024-01-02 14:15:00,eu-west-1,53.54572752372554,107.55922253820034,118,0,99.99916291820429,339,3,False,195.8803281288842,10,False,IN_SYNC,True
2024-01-02 14:15:00,ap-southeast-1,120.15268369951895,54.01296817517898,227,4,99.99844387944832,329,1,False,137.94721004349856,12,False,LAGGING,True
2024-01-02 14:30:00,us-east-1,7.418854109022705,184.54988420848684,301,0,99.99852198321892,156,1,False,316.4844853896873,48,True,IN_SYNC,True
2024-01-02 14:30:00,us-west-2,17.820540658502793,115.39451785239638,96,0,99.99935978113763,268,0,False,204.25129168442538,18,False,IN_SYNC,True
2024-01-02 14:30:00,eu-west-1,52.58872379535391,89.80097901978718,269,0,99.99848739738157,358,0,False,323.61103562380606,17,False,IN_SYNC,True
2024-01-02 14:30:00,ap-southeast-1,80.39555194613777,190.12633097206412,681,0,99.99867697084198,120,0,False,168.4914426011204,11,False,IN_SYNC,True
2024-01-02 14:45:00,us-east-1,7.47563590057416,117.6094301563081,191,0,99.99899440610359,478,3,False,183.9575311172738,37,True,IN_SYNC,True
2024-01-02 14:45:00,us-west-2,16.714661218594323,101.96045889402252,723,0,99.9983114907783,370,2,False,352.59728211572633,18,False,IN_SYNC,True
2024-01-02 14:45:00,eu-west-1,54.71455212110755,161.2939038707724,295,0,99.99892885781959,347,3,False,228.90540709306867,20,False,IN_SYNC,True
2024-01-02 14:45:00,ap-southeast-1,98.03415931925129,193.1862360157112,669,0,99.99885225692867,457,0,False,320.9240180889112,20,False,IN_SYNC,True
2024-01-02 15:00:00,us-east-1,6.1693253746507235,164.17365075605233,25,0,99.9986361583533,409,0,False,373.60247944520376,33,True,IN_SYNC,True
2024-01-02 15:00:00,us-west-2,16.499471710462814,65.20908726251095,203,0,99.99817422970561,383,0,False,411.5480917163779,29,False,IN_SYNC,True
2024-01-02 15:00:00,eu-west-1,65.10276958927257,103.68878555051037,177,0,99.99907742469571,455,0,False,257.1698333048863,41,False,IN_SYNC,True
2024-01-02 15:00:00,ap-southeast-1,103.36275962450188,196.5359696551402,438,0,99.99832849896147,368,2,False,270.5694666597652,23,False,LAGGING,True
2024-01-02 15:15:00,us-east-1,5.134092201812939,122.13180266854957,770,0,99.99835278588948,431,0,False,470.23418214577504,47,True,IN_SYNC,True
2024-01-02 15:15:00,us-west-2,20.800956015677162,185.12387163290344,724,0,99.99885442339786,484,2,False,346.9987511363547,22,False,IN_SYNC,True
2024-01-02 15:15:00,eu-west-1,60.058865038336286,55.058668013170106,516,0,99.99889626538605,355,0,False,361.27567138286037,27,False,IN_SYNC,True
2024-01-02 15:15:00,ap-southeast-1,109.5169042494938,181.11729063419682,876,0,99.99849936988139,179,1,False,425.8330468250791,28,False,LAGGING,True
2024-01-02 15:30:00,us-east-1,5.3567612013433745,171.389574731229,818,0,99.99919354476934,228,1,False,352.04962626218145,24,True,IN_SYNC,True
2024-01-02 15:30:00,us-west-2,12.10276441220085,114.19403153735341,842,0,99.99914725026082,415,2,False,496.01069564114306,42,False,IN_SYNC,True
2024-01-02 15:30:00,eu-west-1,60.00161910974473,154.54082115245097,265,0,99.99956247507498,298,3,False,255.01226693474294,27,False,IN_SYNC,True
2024-01-02 15:30:00,ap-southeast-1,94.46857218239246,121.7842158865297,654,0,99.9982551112476,396,3,False,281.913576062428,19,False,IN_SYNC,True
2024-01-02 15:45:00,us-east-1,7.152049124850164,119.37981152060551,508,0,99.99876802918494,369,0,False,365.55760667810523,46,True,IN_SYNC,True
2024-01-02 15:45:00,us-west-2,17.439117940391437,164.4774172998478,883,0,99.99888460534059,301,1,False,361.08597501652883,23,False,IN_SYNC,True
2024-01-02 15:45:00,eu-west-1,72.18139177526402,76.40101804146947,291,0,99.99908073475893,384,2,False,430.76101220522713,30,False,IN_SYNC,True
2024-01-02 15:45:00,ap-southeast-1,141.3045940785848,124.30046806372115,976,0,99.99966482400407,452,1,False,316.12506659762084,25,False,LAGGING,True
2024-01-02 16:00:00,us-east-1,5.88332722102046,103.78592231516421,857,0,99.99824741617884,108,0,False,118.85152752736592,38,True,IN_SYNC,True
2024-01-02 16:00:00,us-west-2,14.658945448045973,105.81878163912234,252,0,99.99805031250078,110,2,False,272.7940827027535,15,False,IN_SYNC,True
2024-01-02 16:00:00,eu-west-1,48.82548630140563,52.66688960918506,345,0,99.99827031106119,416,1,False,202.9451210774944,14,False,IN_SYNC,True
2024-01-02 16:00:00,ap-southeast-1,109.98613688183876,60.502894305349145,754,0,99.99906690121604,251,0,False,152.33996933512626,20,False,LAGGING,True
2024-01-02 16:15:00,us-east-1,7.36694205941979,63.60944042721208,640,0,99.99900256188346,398,3,False,115.05057033915658,13,True,IN_SYNC,True
2024-01-02 16:15:00,us-west-2,19.101512165737248,178.0475048044172,953,0,99.99995743996476,456,0,False,330.9745933052278,29,False,IN_SYNC,True
2024-01-02 16:15:00,eu-west-1,62.46085233159694,92.85178521431845,401,0,99.9994984243373,457,3,False,166.51677825278966,22,False,IN_SYNC,True
2024-01-02 16:15:00,ap-southeast-1,90.75622136532913,113.38453068003219,41,0,99.99901364190427,405,2,False,346.88573733794505,29,False,IN_SYNC,True
2024-01-02 16:30:00,us-east-1,4.500915286410602,140.60905099889257,332,0,99.99915821244554,196,0,False,410.36274963151754,41,True,IN_SYNC,True
2024-01-02 16:30:00,us-west-2,22.4629007241566,98.40855250278861,565,0,99.99897619944039,163,2,False,187.60084529667952,47,False,IN_SYNC,True
2024-01-02 16:30:00,eu-west-1,43.475677770220166,169.64830625300198,233,0,99.99892782740788,304,2,False,334.63874579907116,16,False,IN_SYNC,True
2024-01-02 16:30:00,ap-southeast-1,146.82992079668838,158.96213464651822,796,0,99.99942383823037,323,0,False,153.9212001567094,17,False,LAGGING,True
2024-01-02 16:45:00,us-east-1,5.7705764491552,126.98528125699308,863,0,99.99953575056983,311,3,False,229.87728929614514,36,True,IN_SYNC,True
2024-01-02 16:45:00,us-west-2,17.572808236600665,67.54803406914458,649,0,99.998961529876,464,1,False,211.3074114876436,41,False,IN_SYNC,True
2024-01-02 16:45:00,eu-west-1,65.71952904496149,75.84238092955208,912,0,99.99890916000403,435,1,False,316.63856219485695,44,False,IN_SYNC,True
2024-01-02 16:45:00,ap-southeast-1,88.94599238166624,121.0324663697908,959,0,99.99973090616906,447,0,False,124.13186961959121,27,False,IN_SYNC,True
2024-01-02 17:00:00,us-east-1,6.293321373881502,170.77535090741696,543,0,99.99909906018412,228,1,False,376.21677191588617,28,True,IN_SYNC,True
2024-01-02 17:00:00,us-west-2,12.155599917361739,158.0576208878611,718,0,99.99826071968789,354,1,False,426.55739650719397,30,False,IN_SYNC,True
2024-01-02 17:00:00,eu-west-1,47.53006830558948,144.5639382120702,511,0,99.99845134855947,164,2,False,155.48850991084123,31,False,IN_SYNC,True
2024-01-02 17:00:00,ap-southeast-1,141.8093282568525,73.2814474025524,971,0,99.99900643811456,410,2,False,455.9901470832564,13,False,LAGGING,True
2024-01-02 17:15:00,us-east-1,7.139139430918413,94.15032983194376,570,0,99.99915181403685,216,3,False,184.68334731531147,16,True,IN_SYNC,True
2024-01-02 17:15:00,us-west-2,12.270570974639147,100.7526085372404,463,0,99.99924425181646,392,3,False,100.43824278723008,24,False,IN_SYNC,True
2024-01-02 17:15:00,eu-west-1,43.816196352546626,94.48516890180058,216,0,99.99943648579885,400,2,False,167.6581049202614,27,False,IN_SYNC,True
2024-01-02 17:15:00,ap-southeast-1,105.8283721443075,162.14594905648272,186,0,99.99806911155567,360,3,False,200.544887040153,20,False,LAGGING,True
2024-01-02 17:30:00,us-east-1,5.2349328230918,79.1746716218693,836,0,99.99983003293035,396,3,False,174.699964045059,15,True,IN_SYNC,True
2024-01-02 17:30:00,us-west-2,21.488590005932128,74.23265938985294,901,0,99.99838570652939,130,0,False,462.3303346616572,38,False,IN_SYNC,True
2024-01-02 17:30:00,eu-west-1,62.79853787837909,186.39771863221443,631,0,99.9994454713668,197,2,False,202.64461071334551,13,False,IN_SYNC,True
2024-01-02 17:30:00,ap-southeast-1,149.90289366687128,191.9404262834987,602,0,99.99945966609971,373,3,False,281.1876305028395,46,False,LAGGING,True
2024-01-02 17:45:00,us-east-1,5.531572484870308,103.98103244647558,919,0,99.99967412268512,150,3,False,296.2764593788679,38,True,IN_SYNC,True
2024-01-02 17:45:00,us-west-2,14.253820940441797,60.527215464286584,576,0,99.99950630834333,331,2,False,354.9218952557858,44,False,IN_SYNC,True
2024-01-02 17:45:00,eu-west-1,40.004498347908054,144.55897813115058,625,0,99.99806396104819,414,3,False,231.44025171718482,24,False,IN_SYNC,True
2024-01-02 17:45:00,ap-southeast-1,143.32147037175363,194.70805214871427,710,0,99.99890917474636,252,2,False,490.2457905554613,15,False,LAGGING,True
2024-01-02 18:00:00,us-east-1,6.527097639829114,70.84868895578744,149,0,99.99896805875008,400,3,False,390.866662282572,27,True,IN_SYNC,True
2024-01-02 18:00:00,us-west-2,12.852618713483485,82.42889787567064,64,0,99.99864148231579,238,3,False,498.7173004126196,49,False,IN_SYNC,True
2024-01-02 18:00:00,eu-west-1,63.197863313618456,193.38282689596326,751,0,99.99985713422899,463,1,False,216.56229747273062,23,False,IN_SYNC,True
2024-01-02 18:00:00,ap-southeast-1,85.503258563844,189.49999333559487,647,0,99.99866644868543,310,1,False,315.54942486251923,34,False,IN_SYNC,True
2024-01-02 18:15:00,us-east-1,5.7514883475198175,137.25308912617785,344,0,99.99965397953844,122,0,False,188.05670619554047,22,True,IN_SYNC,True
2024-01-02 18:15:00,us-west-2,21.426415015858538,84.89046355538885,330,0,99.9984311245334,147,2,False,221.678342894205,26,False,IN_SYNC,True
2024-01-02 18:15:00,eu-west-1,41.47126512741276,55.75660469575624,249,0,99.99874097923575,325,3,False,396.6673338846865,48,False,IN_SYNC,True
2024-01-02 18:15:00,ap-southeast-1,127.59325722036226,58.884324392677186,464,0,99.99920641513384,414,3,False,120.65942391114142,23,False,LAGGING,True
2024-01-02 18:30:00,us-east-1,5.6632327125985285,119.33805467560666,37,0,99.99964387060955,319,3,False,418.8382122404378,27,True,IN_SYNC,True
2024-01-02 18:30:00,us-west-2,14.2453838010183,101.08279360509327,841,0,99.99868184291752,365,1,False,254.08620329721222,41,False,IN_SYNC,True
2024-01-02 18:30:00,eu-west-1,60.93651512355764,165.67858424458885,325,0,99.99855733469214,283,0,False,498.2821966447407,10,False,IN_SYNC,True
2024-01-02 18:30:00,ap-southeast-1,113.44947094785,50.98136486698814,659,0,99.9986254658402,229,0,False,323.1470046795349,29,False,LAGGING,True
2024-01-02 18:45:00,us-east-1,5.591041916928887,130.22544690385504,831,0,99.99925639678722,161,0,False,145.8234377409634,15,True,IN_SYNC,True
2024-01-02 18:45:00,us-west-2,22.37035368056016,51.238341648337006,8,0,99.99856093171759,202,3,False,269.33540932573464,34,False,IN_SYNC,True
2024-01-02 18:45:00,eu-west-1,71.55015987577988,144.08893309494022,955,0,99.99888990052341,481,0,False,482.26316987135215,21,False,IN_SYNC,True
2024-01-02 18:45:00,ap-southeast-1,144.0028467015004,184.71336515629247,95,0,99.99976513162639,335,0,False,494.89099723614515,14,False,LAGGING,True
2024-01-02 19:00:00,us-east-1,5.384770154931515,54.820440930936385,583,0,99.99956895406532,181,3,False,389.5182583831994,38,True,IN_SYNC,False
2024-01-02 19:00:00,us-west-2,21.744376877710696,86.84285406700684,246,0,99.99845235815894,178,0,False,247.60306896740488,14,False,IN_SYNC,False
2024-01-02 19:00:00,eu-west-1,62.588079072945376,94.91448927014476,886,0,99.99928184315662,319,0,False,457.2931609140015,12,False,IN_SYNC,False
2024-01-02 19:00:00,ap-southeast-1,111.23838721471786,52.734993892135726,107,0,99.99855827018455,100,2,False,451.7423411261462,46,False,LAGGING,False
2024-01-02 19:15:00,us-east-1,4.608625997552867,42.439964673525395,878,0,99.99910396811259,332,3,False,385.3682926910275,20,True,IN_SYNC,False
2024-01-02 19:15:00,us-west-2,17.76171102218499,37.48447577664119,439,0,99.99958387130658,364,2,False,187.68699566523637,20,False,IN_SYNC,False
2024-01-02 19:15:00,eu-west-1,67.12673877527857,24.447159015699647,214,0,99.9984120269926,434,3,False,325.4063511638604,27,False,IN_SYNC,False
2024-01-02 19:15:00,ap-southeast-1,112.31775033549984,83.45105979388627,612,0,99.99976822804864,492,1,False,355.09600367434723,30,False,LAGGING,False
2024-01-02 19:30:00,us-east-1,7.039723683749929,82.0250937097494,947,0,99.99902105326562,296,2,False,171.94666320324367,35,True,IN_SYNC,False
2024-01-02 19:30:00,us-west-2,18.914620551840716,85.58818725312048,420,0,99.99979816717217,125,3,False,165.13312055048414,21,False,IN_SYNC,False
2024-01-02 19:30:00,eu-west-1,61.25397636331854,99.3917079832728,510,0,99.99908276884922,378,3,False,252.72065604212662,48,False,IN_SYNC,False
2024-01-02 19:30:00,ap-southeast-1,115.48969328561842,23.49458316714746,465,0,99.99956557610152,183,1,False,101.43290637678616,17,False,LAGGING,False
2024-01-02 19:45:00,us-east-1,6.207873660731302,28.30041175692643,236,0,99.99856524705253,283,3,False,387.2626770142589,44,True,IN_SYNC,False
2024-01-02 19:45:00,us-west-2,15.99318267610846,42.41916817760432,468,0,99.99961597257281,322,1,False,396.2128635102965,36,False,IN_SYNC,False
2024-01-02 19:45:00,eu-west-1,47.618171204905735,31.550390771402547,984,0,99.99917732678144,433,0,False,330.02811391923035,10,False,IN_SYNC,False
2024-01-02 19:45:00,ap-southeast-1,115.35843005685493,85.68753065889393,547,0,99.99948802543592,122,3,False,267.8984296460715,32,False,LAGGING,False
2024-01-02 20:00:00,us-east-1,6.2810426413213305,52.683198276629696,616,0,99.99881258424213,190,1,False,436.3633655862402,24,True,IN_SYNC,False
2024-01-02 20:00:00,us-west-2,19.533204952543525,26.145207513982783,481,0,99.99995274325815,427,2,False,285.4891655293949,26,False,IN_SYNC,False
2024-01-02 20:00:00,eu-west-1,52.00800995054856,89.16649390333733,578,0,99.9982251786338,109,1,False,256.8361830113856,26,False,IN_SYNC,False
2024-01-02 20:00:00,ap-southeast-1,97.02605467333655,38.83855350822956,239,0,99.99883189676524,392,3,False,217.36846239879452,19,False,IN_SYNC,False
2024-01-02 20:15:00,us-east-1,5.698241596806661,94.80326377251495,6,0,99.99922991492123,266,2,False,143.16502496137753,13,True,IN_SYNC,False
2024-01-02 20:15:00,us-west-2,15.188111476767839,62.87728829715657,642,0,99.99896793097786,231,1,False,171.9693560493452,25,False,IN_SYNC,False
2024-01-02 20:15:00,eu-west-1,61.34414339208901,71.52566535294972,7,0,99.9991051124222,187,0,False,379.1180414132823,33,False,IN_SYNC,False
2024-01-02 20:15:00,ap-southeast-1,81.82820128502541,53.30446724487692,546,0,99.99892833764795,204,1,False,345.6435684712435,41,False,IN_SYNC,False
2024-01-02 20:30:00,us-east-1,7.4213820896190255,59.94250194424184,705,0,99.99807467320406,212,1,False,354.5656231109117,17,True,IN_SYNC,False
2024-01-02 20:30:00,us-west-2,13.320199112239548,31.740135340200013,549,0,99.99841570409399,320,0,False,145.88211635298018,19,False,IN_SYNC,False
2024-01-02 20:30:00,eu-west-1,58.871300351315355,50.86699293541342,14,0,99.99912758727334,440,0,False,493.49192430697684,31,False,IN_SYNC,False
2024-01-02 20:30:00,ap-southeast-1,108.5511424903006,91.64908681895614,831,0,99.99983645521061,199,2,False,267.41597114072323,33,False,LAGGING,False
2024-01-02 20:45:00,us-east-1,4.056453416943732,45.69942824250268,6,0,99.9993560340188,143,2,False,174.89056953284108,45,True,IN_SYNC,False
2024-01-02 20:45:00,us-west-2,22.481397408855457,48.78571118494123,409,0,99.99978849511223,251,3,False,265.14419618038824,17,False,IN_SYNC,False
2024-01-02 20:45:00,eu-west-1,72.86480064285531,50.07206885407086,831,0,99.99825172718933,262,1,False,283.1002747078637,50,False,IN_SYNC,False
2024-01-02 20:45:00,ap-southeast-1,95.4020493223132,53.3611201152229,110,0,99.99864919367415,368,3,False,295.09349736775823,22,False,IN_SYNC,False
2024-01-02 21:00:00,us-east-1,6.091030184718615,92.3139688138567,56,0,99.9981339696346,330,0,False,107.68343333118709,21,True,IN_SYNC,False
2024-01-02 21:00:00,us-west-2,15.00894735382821,45.34843507088473,445,0,99.99974018342819,226,3,False,107.98114678428247,24,False,IN_SYNC,False
2024-01-02 21:00:00,eu-west-1,70.83441190222428,94.38167685559145,503,0,99.99973211944268,141,2,False,473.803831702029,41,False,IN_SYNC,False
2024-01-02 21:00:00,ap-southeast-1,138.0993935544914,27.097558497510263,417,0,99.9998473409791,374,3,False,328.4366701185776,16,False,LAGGING,False
2024-01-02 21:15:00,us-east-1,4.266064982931609,45.83438256336117,39,0,99.99836340797654,376,1,False,463.36010630869373,34,True,IN_SYNC,False
2024-01-02 21:15:00,us-west-2,15.547997338162716,85.45550107030428,390,0,99.99996620080914,382,1,False,389.51815236655875,32,False,IN_SYNC,False
2024-01-02 21:15:00,eu-west-1,41.822987612564646,33.37392243148048,334,0,99.99983212030227,238,1,False,411.6579042226936,42,False,IN_SYNC,False
2024-01-02 21:15:00,ap-southeast-1,113.39033365981552,30.41843507253306,563,0,99.99838949815847,344,0,False,336.1128404201949,35,False,LAGGING,False
2024-01-02 21:30:00,us-east-1,4.674735474554674,72.88583938015947,321,0,99.99811131547898,350,1,False,471.54450862987676,22,True,IN_SYNC,False
2024-01-02 21:30:00,us-west-2,16.291128497022328,97.47085782501232,860,0,99.99822791760735,122,3,False,353.8902492998072,23,False,IN_SYNC,False
2024-01-02 21:30:00,eu-west-1,56.624989920328986,35.34628165885164,630,0,99.99852938629773,383,1,False,138.77083189849495,32,False,IN_SYNC,False
2024-01-02 21:30:00,ap-southeast-1,147.04232694446026,42.35121529751831,560,0,99.99818305946263,160,0,False,435.9969130204126,42,False,LAGGING,False
2024-01-02 21:45:00,us-east-1,6.73020904220754,96.93054107361952,209,0,99.99876356542724,467,1,False,224.05222644611092,47,True,IN_SYNC,False
2024-01-02 21:45:00,us-west-2,14.736515555164733,39.92683851777474,60,0,99.99870120523578,156,2,False,479.03139683022994,37,False,IN_SYNC,False
2024-01-02 21:45:00,eu-west-1,56.57531984825926,86.32006900805261,347,0,99.99930371486862,283,2,False,314.14738771125644,15,False,IN_SYNC,False
2024-01-02 21:45:00,ap-southeast-1,114.13858480602536,39.81124568216618,932,0,99.99957749165007,450,3,False,351.0393164444522,31,False,LAGGING,False
2024-01-02 22:00:00,us-east-1,6.750958099724627,98.45679966389064,707,0,99.998236625172,139,0,False,445.9197632025119,23,True,IN_SYNC,False
2024-01-02 22:00:00,us-west-2,21.607857159944867,74.72542311523567,42,0,99.99937583666701,112,3,False,489.1097670997217,44,False,IN_SYNC,False
2024-01-02 22:00:00,eu-west-1,69.79422114058403,52.24977161726627,864,0,99.99822683416664,246,3,False,355.8231170836746,33,False,IN_SYNC,False
2024-01-02 22:00:00,ap-southeast-1,131.73524723632076,38.401488073838564,49,0,99.99904492295708,470,1,False,439.28209044938893,29,False,LAGGING,False
2024-01-02 22:15:00,us-east-1,5.5258097627674365,98.36916514589637,709,0,99.99816708927754,335,1,False,489.7432064437988,19,True,IN_SYNC,False
2024-01-02 22:15:00,us-west-2,18.781909211596016,90.13354537572627,908,0,99.99986035794078,284,0,False,245.19558791046472,13,False,IN_SYNC,False
2024-01-02 22:15:00,eu-west-1,49.9747606520383,98.35980779077387,389,0,99.99991987965245,299,0,False,479.19284841966186,11,False,IN_SYNC,False
2024-01-02 22:15:00,ap-southeast-1,85.82787025833026,89.42780206780681,427,0,99.99815102656699,162,2,False,116.62866736882043,39,False,IN_SYNC,False
2024-01-02 22:30:00,us-east-1,4.050449351289235,36.13385081851313,751,0,99.99903583727087,179,1,False,314.7280781314864,35,True,IN_SYNC,False
2024-01-02 22:30:00,us-west-2,15.976264454179102,86.91863132693341,842,0,99.99862608914574,321,3,False,258.9960218101606,30,False,IN_SYNC,False
2024-01-02 22:30:00,eu-west-1,48.677084342606776,68.29304403209034,632,0,99.99964864217486,327,2,False,117.61261851871905,44,False,IN_SYNC,False
2024-01-02 22:30:00,ap-southeast-1,112.45091251917817,78.62259984286791,791,0,99.99975817340516,225,3,False,174.00261949081215,47,False,LAGGING,False
2024-01-02 22:45:00,us-east-1,5.921475875322805,92.40986588211106,388,0,99.99964855803881,478,0,False,449.9741185560754,28,True,IN_SYNC,False
2024-01-02 22:45:00,us-west-2,21.181902293467424,79.74036221320382,195,0,99.99880085825521,421,0,False,289.19993613560626,27,False,IN_SYNC,False
2024-01-02 22:45:00,eu-west-1,69.25617125804237,25.69356040555987,688,0,99.99909230194099,273,3,False,220.15595322461792,44,False,IN_SYNC,False
2024-01-02 22:45:00,ap-southeast-1,112.62981760522158,77.69272054744673,224,0,99.99923636049822,439,2,False,412.5681803019547,14,False,LAGGING,False
2024-01-02 23:00:00,us-east-1,4.3800759442502,80.46449558587261,812,0,99.99815543154328,271,2,False,185.983701215184,50,True,IN_SYNC,False
2024-01-02 23:00:00,us-west-2,12.188906169351023,57.50692903839563,630,0,99.99846639501304,305,1,False,218.45807152375846,47,False,IN_SYNC,False
2024-01-02 23:00:00,eu-west-1,58.540415555142836,55.66235504495176,425,0,99.99922487655051,217,3,False,227.79929072048103,48,False,IN_SYNC,False
2024-01-02 23:00:00,ap-southeast-1,148.42087878885172,92.18322953250623,68,0,99.9994019349971,242,1,False,286.8245865101261,36,False,LAGGING,False
2024-01-02 23:15:00,us-east-1,6.393401303989306,58.442811662089895,612,0,99.99941688776542,313,1,False,397.804266237083,14,True,IN_SYNC,False
2024-01-02 23:15:00,us-west-2,12.691502533101277,27.3715002017832,603,0,99.99949885465414,359,0,False,204.66592120199692,38,False,IN_SYNC,False
2024-01-02 23:15:00,eu-west-1,55.37800181149588,20.20574673814196,546,0,99.99971001991547,391,0,False,479.03198198099483,38,False,IN_SYNC,False
2024-01-02 23:15:00,ap-southeast-1,118.21320237619722,44.84455495050262,319,0,99.99852680354392,214,1,False,489.40881179683976,43,False,LAGGING,False
2024-01-02 23:30:00,us-east-1,6.0345285455471185,69.6958590200924,673,0,99.99907753077837,499,3,False,499.03074001251537,27,True,IN_SYNC,False
2024-01-02 23:30:00,us-west-2,20.775297121130343,95.30793025868081,701,0,99.99986857190973,394,0,False,176.49265130237194,47,False,IN_SYNC,False
2024-01-02 23:30:00,eu-west-1,62.632308439318706,82.69966386217516,348,0,99.9985961732734,385,1,False,134.31161117639482,44,False,IN_SYNC,False
2024-01-02 23:30:00,ap-southeast-1,144.5604148852793,78.87463814830019,312,0,99.99975209300068,337,0,False,254.12029066346628,41,False,LAGGING,False
2024-01-02 23:45:00,us-east-1,5.038828657896895,42.79647979926111,577,0,99.99927314950575,491,0,False,421.27170484608206,39,True,IN_SYNC,False
2024-01-02 23:45:00,us-west-2,14.721761359842658,59.740709303910606,910,0,99.99813681946974,348,1,False,429.57753496570024,18,False,IN_SYNC,False
2024-01-02 23:45:00,eu-west-1,56.73389091434182,28.601575277658277,53,0,99.99888194573937,176,3,False,162.4772179810094,34,False,IN_SYNC,False
2024-01-02 23:45:00,ap-southeast-1,124.24926863502024,58.93909990321675,115,0,99.99806336209573,302,0,False,358.65709490616683,33,False,LAGGING,False
2024-01-03 00:00:00,us-east-1,6.618868862095764,29.580093239071978,487,0,99.99917054710438,442,2,False,310.8684046865533,49,True,IN_SYNC,False
2024-01-03 00:00:00,us-west-2,21.22557070748126,81.86209154771757,712,0,99.99881565687518,410,1,False,367.0202682043084,17,False,IN_SYNC,False
2024-01-03 00:00:00,eu-west-1,69.07907166350724,40.041132455237346,355,0,99.99891194993474,445,3,False,345.74147891332416,12,False,IN_SYNC,False
2024-01-03 00:00:00,ap-southeast-1,93.22531463954368,67.59637410352623,180,0,99.99891289074326,170,3,False,192.9745744879827,42,False,IN_SYNC,False
2024-01-03 00:15:00,us-east-1,7.253928239311915,58.899221005457335,637,0,99.99958343665607,288,2,False,422.1807168101647,50,True,IN_SYNC,False
2024-01-03 00:15:00,us-west-2,17.177768967370913,27.717993943086316,601,0,99.99903270707313,121,1,False,481.1792201066817,50,False,IN_SYNC,False
2024-01-03 00:15:00,eu-west-1,60.76151027437234,36.8053144163303,181,0,99.99913499394184,124,3,False,450.8257203514488,18,False,IN_SYNC,False
2024-01-03 00:15:00,ap-southeast-1,101.04501332730862,20.442626255220972,842,0,99.99870153505975,130,1,False,145.78676078684242,35,False,LAGGING,False
2024-01-03 00:30:00,us-east-1,4.273750268162405,55.43031693664531,689,0,99.99980971249435,385,0,False,174.05855105711115,19,True,IN_SYNC,False
2024-01-03 00:30:00,us-west-2,20.982819154797355,90.4641268703478,984,0,99.99828541894135,267,3,False,414.96263754808064,12,False,IN_SYNC,False
2024-01-03 00:30:00,eu-west-1,53.143554399147405,66.03221211104686,447,0,99.99802712113319,344,0,False,340.80353478364304,49,False,IN_SYNC,False
2024-01-03 00:30:00,ap-southeast-1,120.1670560579259,54.8757180725258,792,0,99.99872066331766,456,0,False,311.5663810184982,17,False,LAGGING,False
2024-01-03 00:45:00,us-east-1,6.289343724295189,62.05747957881297,925,0,99.99856229467315,318,3,False,379.64705273572287,13,True,IN_SYNC,False
2024-01-03 00:45:00,us-west-2,21.000107209442913,63.3529144654759,340,0,99.9992410643561,430,1,False,165.57356818072122,19,False,IN_SYNC,False
2024-01-03 00:45:00,eu-west-1,57.80810076312911,98.97917847337888,466,0,99.99905689403458,360,2,False,416.35380183810173,33,False,IN_SYNC,False
2024-01-03 00:45:00,ap-southeast-1,140.13677565332455,33.911157355256094,133,0,99.99927798494944,381,0,False,298.64863749818517,48,False,LAGGING,False
2024-01-03 01:00:00,us-east-1,5.389667041834436,67.39397532975022,234,0,99.99906543834892,155,3,False,242.3333307506358,10,True,IN_SYNC,False
2024-01-03 01:00:00,us-west-2,21.91779621177411,42.19981378982557,669,0,99.99836192169911,214,1,False,305.7260715828937,30,False,IN_SYNC,False
2024-01-03 01:00:00,eu-west-1,55.6403855982788,72.45873488996588,344,0,99.9987600545642,239,0,False,378.27977784224186,18,False,IN_SYNC,False
2024-01-03 01:00:00,ap-southeast-1,135.87250368874075,75.41142050905351,673,0,99.99801010668749,409,1,False,177.23186993349697,43,False,LAGGING,False
2024-01-03 01:15:00,us-east-1,7.262315020313,22.568017080149776,317,0,99.99889595710253,160,0,False,408.9144801856929,44,True,IN_SYNC,False
2024-01-03 01:15:00,us-west-2,16.96670539201052,88.05576442000282,604,0,99.99896955082397,313,3,False,159.37955573269585,14,False,IN_SYNC,False
2024-01-03 01:15:00,eu-west-1,68.72782701799385,64.31805480820285,944,0,99.99825769294745,311,1,False,360.5844540772399,49,False,IN_SYNC,False
2024-01-03 01:15:00,ap-southeast-1,87.40260639627094,67.32976028880746,636,0,99.99896305192182,283,0,False,413.37045056281005,44,False,IN_SYNC,False
2024-01-03 01:30:00,us-east-1,7.415777328640418,28.348740368325885,38,0,99.99860576075383,347,3,False,101.21494424471126,48,True,IN_SYNC,False
2024-01-03 01:30:00,us-west-2,19.97588768900783,25.80638830895981,602,0,99.99829954973178,210,1,False,191.91517777987227,50,False,IN_SYNC,False
2024-01-03 01:30:00,eu-west-1,62.41738852234744,46.18618138683238,674,0,99.99926314857848,154,0,False,460.7022450884749,49,False,IN_SYNC,False
2024-01-03 01:30:00,ap-southeast-1,136.48090303218936,55.32876118462798,617,0,99.99868621034699,288,3,False,264.2747637820198,17,False,LAGGING,False
2024-01-03 01:45:00,us-east-1,5.096771351117479,41.31421829811538,729,0,99.99888092484187,154,1,False,466.32141858363184,38,True,IN_SYNC,False
2024-01-03 01:45:00,us-west-2,21.366245594846006,76.78419906456995,801,0,99.99839162626782,460,3,False,161.7689146700302,29,False,IN_SYNC,False
2024-01-03 01:45:00,eu-west-1,71.6201383402381,74.92357692103184,686,0,99.998542075762,326,0,False,154.417835286485,40,False,IN_SYNC,False
2024-01-03 01:45:00,ap-southeast-1,138.43285883892761,32.64797285379142,806,0,99.9991676900456,242,1,False,302.75166161840946,20,False,LAGGING,False
2024-01-03 02:00:00,us-east-1,4.191141510717144,23.49088589725966,564,0,99.99837154138582,368,0,False,225.32762388263882,48,True,IN_SYNC,False
2024-01-03 02:00:00,us-west-2,20.507395035324183,68.88023339242494,192,0,99.9993850761298,304,0,False,485.74192384064713,46,False,IN_SYNC,False
2024-01-03 02:00:00,eu-west-1,67.79187521266124,57.447758156974594,233,0,99.9991505587485,290,1,False,213.67029879220917,37,False,IN_SYNC,False
2024-01-03 02:00:00,ap-southeast-1,82.5654561151007,46.26121699428065,503,0,99.99947720105827,273,0,False,357.2762765122414,49,False,IN_SYNC,False
2024-01-03 02:15:00,us-east-1,4.340888995340548,27.93097655426464,490,0,99.9981617829203,349,1,False,378.18196641096296,18,True,IN_SYNC,False
2024-01-03 02:15:00,us-west-2,21.089038837399556,38.55110273989026,682,0,99.99962797924815,439,3,False,110.6937008552837,21,False,IN_SYNC,False
2024-01-03 02:15:00,eu-west-1,51.17646097627366,45.27080076583023,15,0,99.99913848370558,406,2,False,379.40168523278805,16,False,IN_SYNC,False
2024-01-03 02:15:00,ap-southeast-1,143.26482945848426,88.06805366067078,439,0,99.99927133282686,282,1,False,455.8806084293044,39,False,LAGGING,False
2024-01-03 02:30:00,us-east-1,4.485727807805126,30.979416656189713,749,0,99.99996096956477,268,0,False,194.32251255680723,37,True,IN_SYNC,False
2024-01-03 02:30:00,us-west-2,18.529909816886672,88.30129552840927,11,0,99.99990769626854,394,1,False,147.5699352264232,27,False,IN_SYNC,False
2024-01-03 02:30:00,eu-west-1,70.95510343761616,53.82093795966419,121,0,99.9984345023318,407,1,False,125.89284415745703,36,False,IN_SYNC,False
2024-01-03 02:30:00,ap-southeast-1,97.68922380981068,92.36466777677512,287,0,99.99853991683699,458,3,False,209.3872664522729,23,False,IN_SYNC,False
2024-01-03 02:45:00,us-east-1,6.3973704471798065,66.4723666564511,421,0,99.99830436392159,383,2,False,194.93477924289408,50,True,IN_SYNC,False
2024-01-03 02:45:00,us-west-2,16.294995526547204,47.18235327430361,923,0,99.99993639523348,432,2,False,490.97669159280724,27,False,IN_SYNC,False
2024-01-03 02:45:00,eu-west-1,55.15856080785109,59.91529082315758,419,0,99.99845504675618,195,0,False,312.7680018661141,37,False,IN_SYNC,False
2024-01-03 02:45:00,ap-southeast-1,80.205216331457,87.475906377199,967,0,99.99813208274733,405,2,False,217.3861853066207,24,False,IN_SYNC,False
2024-01-03 03:00:00,us-east-1,5.477050870157905,35.633775278586945,308,0,99.99837805257384,440,1,False,189.39683183865822,48,True,IN_SYNC,False
2024-01-03 03:00:00,us-west-2,22.091869540951127,21.204197270432026,793,0,99.99823340772555,337,1,False,306.2531527913325,23,False,IN_SYNC,False
2024-01-03 03:00:00,eu-west-1,58.16276273389405,27.326036885662432,561,0,99.99970711098028,230,1,False,282.55112657966976,27,False,IN_SYNC,False
2024-01-03 03:00:00,ap-southeast-1,147.800801051739,45.50863292675519,292,0,99.99800185705928,452,1,False,156.1678672153695,14,False,LAGGING,False
2024-01-03 03:15:00,us-east-1,4.655859567618982,48.941800147884706,308,0,99.99886796452449,486,2,False,396.6173668862052,35,True,IN_SYNC,False
2024-01-03 03:15:00,us-west-2,21.739887029515376,65.95018174846298,52,0,99.99956609635325,245,1,False,220.64183805506582,37,False,IN_SYNC,False
2024-01-03 03:15:00,eu-west-1,51.272764505869915,85.26004198785752,836,0,99.99812301726615,182,3,False,422.4007022387778,23,False,IN_SYNC,False
2024-01-03 03:15:00,ap-southeast-1,140.74893178608528,22.64477229929561,959,0,99.99918480184049,312,0,False,468.6946295632929,49,False,LAGGING,False
2024-01-03 03:30:00,us-east-1,5.700496939202351,94.28566262702014,118,0,99.99977866469371,171,2,False,465.30629530962983,49,True,IN_SYNC,False
2024-01-03 03:30:00,us-west-2,17.683049747202674,44.33852344154215,124,0,99.99880071216987,413,3,False,120.4074729295797,37,False,IN_SYNC,False
2024-01-03 03:30:00,eu-west-1,59.52728894844472,85.43261882030043,707,0,99.99952532180572,412,2,False,412.4857190208126,26,False,IN_SYNC,False
2024-01-03 03:30:00,ap-southeast-1,83.57679511212434,84.65721086502595,239,0,99.9983266090475,372,2,False,172.13516900884463,42,False,IN_SYNC,False
2024-01-03 03:45:00,us-east-1,4.714845230172103,41.79549807842379,967,0,99.9983788511059,384,2,False,169.09872921355304,12,True,IN_SYNC,False
2024-01-03 03:45:00,us-west-2,22.40006064474055,29.742952311662307,792,0,99.99931697122715,228,2,False,482.40423646989393,29,False,IN_SYNC,False
2024-01-03 03:45:00,eu-west-1,63.43106047407693,51.29173340753866,191,0,99.99834497773566,393,1,False,185.86699289384586,21,False,IN_SYNC,False
2024-01-03 03:45:00,ap-southeast-1,96.70026399956093,60.649938139580726,605,0,99.99918320636885,125,1,False,350.2258690166876,17,False,IN_SYNC,False
2024-01-03 04:00:00,us-east-1,6.236640870100887,62.24174468095053,855,0,99.99806280215687,235,2,False,161.45131145346596,49,True,IN_SYNC,False
2024-01-03 04:00:00,us-west-2,17.582138702640833,83.47390535829857,519,0,99.99933323767904,361,3,False,201.31702355898074,30,False,IN_SYNC,False
2024-01-03 04:00:00,eu-west-1,41.353617343738165,33.760631787531,61,0,99.99883722536443,173,1,False,478.5180333500321,38,False,IN_SYNC,False
2024-01-03 04:00:00,ap-southeast-1,144.0178865365399,71.26843129829851,523,0,99.99801315457148,325,2,False,456.4962004562363,14,False,LAGGING,False
2024-01-03 04:15:00,us-east-1,4.0285691276477005,38.328917231173364,813,0,99.9990231340841,348,2,False,313.88961407054364,22,True,IN_SYNC,False
2024-01-03 04:15:00,us-west-2,15.21001445276685,87.0067833852194,424,0,99.99943207622837,409,0,False,460.5273383030375,49,False,IN_SYNC,False
2024-01-03 04:15:00,eu-west-1,62.13785753997806,84.68440351044481,653,0,99.99873844147633,161,3,False,222.15098658394663,18,False,IN_SYNC,False
2024-01-03 04:15:00,ap-southeast-1,94.9516033587713,88.57377433306497,463,0,99.99915047355319,185,1,False,168.07726004329436,17,False,IN_SYNC,False
2024-01-03 04:30:00,us-east-1,6.678743496949298,41.92602339666975,363,0,99.99925117165752,491,3,False,499.52634300360955,48,True,IN_SYNC,False
2024-01-03 04:30:00,us-west-2,21.838638863316884,88.05666613933755,507,0,99.99814518556786,400,0,False,268.3974642717121,29,False,IN_SYNC,False
2024-01-03 04:30:00,eu-west-1,54.81401756419938,63.00304399150797,587,0,99.99964099635984,294,3,False,274.8978809482109,25,False,IN_SYNC,False
2024-01-03 04:30:00,ap-southeast-1,119.97352877934189,49.08484349453863,710,0,99.99905530575005,163,3,False,116.1165560770947,30,False,LAGGING,False
2024-01-03 04:45:00,us-east-1,4.27475615791763,35.360330978041326,566,0,99.99981112660059,315,3,False,207.0702313955405,43,True,IN_SYNC,False
2024-01-03 04:45:00,us-west-2,17.52409629242453,83.33027175356999,478,0,99.99896129478348,493,2,False,486.66600311104605,22,False,IN_SYNC,False
2024-01-03 04:45:00,eu-west-1,72.75147114050392,94.84814578749956,188,0,99.99947945791705,483,3,False,298.71031749647557,35,False,IN_SYNC,False
2024-01-03 04:45:00,ap-southeast-1,148.49411656354854,20.522092563603394,808,0,99.99922965425434,210,3,False,194.61373284323963,35,False,LAGGING,False
2024-01-03 05:00:00,us-east-1,4.413365942117519,84.9657265687118,555,0,99.9997716221711,323,2,False,318.41734791847534,26,True,IN_SYNC,False
2024-01-03 05:00:00,us-west-2,14.96282073800874,48.747998366988426,390,0,99.99898978332222,156,0,False,185.4881931030917,29,False,IN_SYNC,False
2024-01-03 05:00:00,eu-west-1,51.975094121137325,79.38558124080703,924,0,99.99850801860842,407,0,False,310.395915737447,43,False,IN_SYNC,False
2024-01-03 05:00:00,ap-southeast-1,122.28915941068057,37.0293139648023,720,0,99.99909686828939,328,0,False,354.3518029054638,13,False,LAGGING,False
2024-01-03 05:15:00,us-east-1,5.096004801335264,84.90367542046529,687,0,99.99856602281017,451,1,False,373.3686532486021,10,True,IN_SYNC,False
2024-01-03 05:15:00,us-west-2,15.394121663530157,39.5303931991769,988,0,99.99995332021241,129,0,False,288.5754937437349,23,False,IN_SYNC,False
2024-01-03 05:15:00,eu-west-1,41.05350271855141,41.842367765087545,691,0,99.99874397707565,227,1,False,197.82080817605862,25,False,IN_SYNC,False
2024-01-03 05:15:00,ap-southeast-1,107.93123817034625,48.92027677591475,329,0,99.99954245019582,407,0,False,426.4557246471897,13,False,LAGGING,False
2024-01-03 05:30:00,us-east-1,7.047266881169776,89.4730139683758,924,0,99.99911049971303,397,0,False,279.2201492768469,40,True,IN_SYNC,False
2024-01-03 05:30:00,us-west-2,15.804032638953538,88.01328105776201,503,0,99.99824266144861,388,2,False,355.8601494583103,34,False,IN_SYNC,False
2024-01-03 05:30:00,eu-west-1,44.11854098767945,50.19817511058433,572,0,99.9984603824623,422,3,False,296.7358979778718,43,False,IN_SYNC,False
2024-01-03 05:30:00,ap-southeast-1,96.17803489875125,21.064191929529308,894,0,99.9980107075948,110,2,False,119.00556009079222,14,False,IN_SYNC,False
2024-01-03 05:45:00,us-east-1,4.59908590998035,21.41676272314364,265,0,99.99899589451157,320,0,False,357.3177167932558,15,True,IN_SYNC,False
2024-01-03 05:45:00,us-west-2,16.40255891249515,55.748638305566175,317,0,99.99862636727048,122,0,False,366.3088601538108,26,False,IN_SYNC,False
2024-01-03 05:45:00,eu-west-1,61.78187485506695,88.64922604651163,668,0,99.99824964857086,170,2,False,243.2316627994636,18,False,IN_SYNC,False
2024-01-03 05:45:00,ap-southeast-1,145.95045403780443,73.94857352793139,981,0,99.99918362403193,300,1,False,395.83345009753674,26,False,LAGGING,False
2024-01-03 06:00:00,us-east-1,4.962649875306459,67.45705362146809,548,0,99.99936479872976,336,0,False,194.55089934974924,25,True,IN_SYNC,False
2024-01-03 06:00:00,us-west-2,13.789240167237624,33.04824127907777,990,0,99.99882383540957,434,1,False,180.33712407394185,10,False,IN_SYNC,False
2024-01-03 06:00:00,eu-west-1,55.51323184891584,33.97513194220976,598,0,99.99887258565008,408,3,False,277.18140622255555,35,False,IN_SYNC,False
2024-01-03 06:00:00,ap-southeast-1,82.20024451666043,92.1115778954484,348,0,99.99936517338928,414,2,False,378.844681592698,21,False,IN_SYNC,False
2024-01-03 06:15:00,us-east-1,5.73926364199872,26.12991454680973,374,0,99.9982279872437,475,1,False,248.1227255410469,28,True,IN_SYNC,False
2024-01-03 06:15:00,us-west-2,16.789519649685726,94.16149481158244,567,0,99.99959264152805,269,2,False,429.3063650826709,41,False,IN_SYNC,False
2024-01-03 06:15:00,eu-west-1,43.79446940171935,59.22922454464474,360,0,99.99968492195977,156,3,False,402.18291440936935,20,False,IN_SYNC,False
2024-01-03 06:15:00,ap-southeast-1,117.42532041754798,41.10308951769589,949,0,99.99879652620929,174,0,False,354.6315706695059,20,False,LAGGING,False
2024-01-03 06:30:00,us-east-1,5.966184319588629,72.31147286870072,548,0,99.9993886525841,158,1,False,461.4801187777446,41,True,IN_SYNC,False
2024-01-03 06:30:00,us-west-2,12.190267565764481,25.567138160765246,630,0,99.99845762437428,225,1,False,107.02167054310272,14,False,IN_SYNC,False
2024-01-03 06:30:00,eu-west-1,60.40375945039024,75.91996233629649,330,0,99.99842631208236,155,3,False,346.4461555039337,11,False,IN_SYNC,False
2024-01-03 06:30:00,ap-southeast-1,124.11196532727493,47.851448815868665,102,0,99.9980587633465,248,2,False,371.21823767151557,32,False,LAGGING,False
2024-01-03 06:45:00,us-east-1,7.03888997818072,33.05364292910566,144,0,99.9983594127073,408,0,False,369.7530830326175,16,True,IN_SYNC,False
2024-01-03 06:45:00,us-west-2,16.292994603674007,35.22011657425024,384,0,99.99903680450025,161,3,False,169.63417596007207,25,False,IN_SYNC,False
2024-01-03 06:45:00,eu-west-1,52.862710263505484,28.97233060781481,73,0,99.9990337018142,458,0,False,164.24579517800603,47,False,IN_SYNC,False
2024-01-03 06:45:00,ap-southeast-1,84.36793181793615,66.55377398833507,988,0,99.99873065225721,199,2,False,209.22503652811798,17,False,IN_SYNC,False
2024-01-03 07:00:00,us-east-1,5.716242901649229,96.78641736067709,552,0,99.99926853811509,212,3,False,496.7187008252216,50,True,IN_SYNC,False
2024-01-03 07:00:00,us-west-2,17.961605008478514,75.55329112840246,189,0,99.99898677274771,273,1,False,387.3846222141765,43,False,IN_SYNC,False
2024-01-03 07:00:00,eu-west-1,44.043102896484676,73.5040647753457,326,0,99.99901941926008,183,2,False,320.7670474068608,34,False,IN_SYNC,False
2024-01-03 07:00:00,ap-southeast-1,109.96334200041078,56.83800050595873,373,0,99.99972610936899,206,1,False,489.2862097273682,22,False,LAGGING,False
2024-01-03 07:15:00,us-east-1,4.835121455169239,66.10544667682558,477,0,99.99964258009749,347,2,False,495.38662079574016,35,True,IN_SYNC,False
2024-01-03 07:15:00,us-west-2,18.004362313655374,81.24287821556483,734,0,99.99820151914197,467,3,False,123.32666132142016,34,False,IN_SYNC,False
2024-01-03 07:15:00,eu-west-1,71.11716779055075,65.80994198127502,472,0,99.99879079601548,423,0,False,388.9207597740991,10,False,IN_SYNC,False
2024-01-03 07:15:00,ap-southeast-1,108.57641601331518,98.29471167704828,268,0,99.9982948935016,461,3,False,382.89651235627616,24,False,LAGGING,False
2024-01-03 07:30:00,us-east-1,6.260314524110519,88.5469397138792,363,0,99.99839466118874,358,2,False,292.73621247231296,24,True,IN_SYNC,False
2024-01-03 07:30:00,us-west-2,18.115286213599383,43.872517049476755,155,0,99.99881201779984,442,2,False,417.9408064306084,37,False,IN_SYNC,False
2024-01-03 07:30:00,eu-west-1,42.879795071613344,90.70835281976082,683,0,99.99984459094111,358,3,False,117.34603915029487,20,False,IN_SYNC,False
2024-01-03 07:30:00,ap-southeast-1,82.36110248563274,41.64957311317322,645,0,99.99850365621434,266,1,False,300.41960491461896,19,False,IN_SYNC,False
2024-01-03 07:45:00,us-east-1,6.276771914439918,47.51232382966081,206,0,99.99912759592773,349,0,False,264.6435725642831,17,True,IN_SYNC,False
2024-01-03 07:45:00,us-west-2,17.991015019640443,62.580871554425954,910,0,99.99841201154481,161,0,False,416.043762953628,41,False,IN_SYNC,False
2024-01-03 07:45:00,eu-west-1,60.29814996407502,85.48875685337192,691,0,99.99988397026273,160,3,False,171.98942614871032,31,False,IN_SYNC,False
2024-01-03 07:45:00,ap-southeast-1,121.36694309358415,52.37353516923865,487,0,99.9980883858328,311,2,False,270.8058021476179,50,False,LAGGING,False
2024-01-03 08:00:00,us-east-1,4.1186838861057335,40.12677464744534,175,0,99.99842554236645,106,1,False,275.827057487679,38,True,IN_SYNC,False
2024-01-03 08:00:00,us-west-2,14.239295782849979,69.29381748890549,455,0,99.9991186497387,392,0,False,327.20789649138885,18,False,IN_SYNC,False
2024-01-03 08:00:00,eu-west-1,67.64938434879947,23.63534386981079,20,0,99.99898043672918,314,3,False,347.2983556090976,31,False,IN_SYNC,False
2024-01-03 08:00:00,ap-southeast-1,92.176403500004,96.47798273752305,310,0,99.9980641341101,181,3,False,355.53901839088644,33,False,IN_SYNC,False
2024-01-03 08:15:00,us-east-1,5.698919091396012,51.03799935784883,967,0,99.99854178222095,117,1,False,405.03309215934576,44,True,IN_SYNC,False
2024-01-03 08:15:00,us-west-2,18.03312818410328,76.11460530824029,111,0,99.99957522369581,462,3,False,213.6486462334538,18,False,IN_SYNC,False
2024-01-03 08:15:00,eu-west-1,48.69429297063569,95.65809019380744,519,0,99.99842500479997,220,1,False,370.35211113685176,17,False,IN_SYNC,False
2024-01-03 08:15:00,ap-southeast-1,109.80483920808636,91.60176037499338,523,0,99.99816870506935,429,0,False,492.40214163448184,45,False,LAGGING,False
2024-01-03 08:30:00,us-east-1,7.029262333295101,21.0480260590019,871,0,99.99909412530442,388,3,False,280.8528879883231,16,True,IN_SYNC,False
2024-01-03 08:30:00,us-west-2,18.73698204848358,34.79183018439842,633,0,99.99925916755603,226,2,False,452.3644936309282,31,False,IN_SYNC,False
2024-01-03 08:30:00,eu-west-1,72.33047950065912,69.07766751993216,915,0,99.99996566416681,381,2,False,398.11324709430295,26,False,IN_SYNC,False
2024-01-03 08:30:00,ap-southeast-1,91.19659626689625,41.27858083038554,594,0,99.99901995646209,238,2,False,335.08956727459895,39,False,IN_SYNC,False
2024-01-03 08:45:00,us-east-1,4.4633285297291145,56.74937729880365,542,0,99.99894078078583,286,1,False,176.17757406975386,13,True,IN_SYNC,False
2024-01-03 08:45:00,us-west-2,16.16383727956632,61.686701988205535,887,0,99.9996707883388,349,1,False,459.3410285702795,37,False,IN_SYNC,False
2024-01-03 08:45:00,eu-west-1,73.69088509178296,36.828587490265356,581,0,99.9987061833141,251,1,False,260.9267044704237,45,False,IN_SYNC,False
2024-01-03 08:45:00,ap-southeast-1,146.51709181901248,53.126581065887216,482,0,99.99917477364362,385,1,False,459.7844922047431,43,False,LAGGING,False
2024-01-03 09:00:00,us-east-1,6.529668269501817,192.43839388759545,196,0,99.9980999881456,126,1,False,454.0374145902414,14,True,IN_SYNC,True
2024-01-03 09:00:00,us-west-2,22.096735553823322,180.67064189992416,411,0,99.99996035978883,344,1,False,398.74492285435286,15,False,IN_SYNC,True
2024-01-03 09:00:00,eu-west-1,62.1066736556936,100.22693832850138,230,0,99.9997206220611,371,0,False,378.8165718671497,40,False,IN_SYNC,True
2024-01-03 09:00:00,ap-southeast-1,96.4139821751274,104.08988315777817,230,0,99.99958262487512,136,3,False,401.87309009211293,23,False,IN_SYNC,True
2024-01-03 09:15:00,us-east-1,5.210470041088909,169.78848831291543,595,0,99.99858979444527,170,2,False,292.63409973631155,13,True,IN_SYNC,True
2024-01-03 09:15:00,us-west-2,19.942852067848833,192.96812051100375,521,0,99.99825432413485,390,1,False,317.29348496361683,34,False,IN_SYNC,True
2024-01-03 09:15:00,eu-west-1,62.29941077725959,53.17411883498105,377,0,99.99989806317522,444,2,False,321.5290062079147,12,False,IN_SYNC,True
2024-01-03 09:15:00,ap-southeast-1,115.58907776977094,92.95363530248648,723,0,99.9999021348507,324,2,False,441.0529490694839,16,False,LAGGING,True
2024-01-03 09:30:00,us-east-1,5.40153619424945,58.20312188498507,667,0,99.99856769248844,484,2,False,127.19881301241931,44,True,IN_SYNC,True
2024-01-03 09:30:00,us-west-2,21.59979288531686,136.69642196904212,799,0,99.99958118402034,121,1,False,166.8402155488117,46,False,IN_SYNC,True
2024-01-03 09:30:00,eu-west-1,70.2076705546054,134.68880060558433,675,0,99.99891530972847,499,0,False,465.04678991810647,18,False,IN_SYNC,True
2024-01-03 09:30:00,ap-southeast-1,103.93848878514294,138.13120153857452,87,0,99.99865000865019,325,3,False,251.13973602854983,34,False,LAGGING,True
2024-01-03 09:45:00,us-east-1,5.967955186494436,155.00045440665423,292,0,99.9990315791786,414,2,False,204.26634537464963,27,True,IN_SYNC,True
2024-01-03 09:45:00,us-west-2,18.880695664385843,178.74723930364405,454,0,99.99966873201194,458,1,False,360.8962432348238,47,False,IN_SYNC,True
2024-01-03 09:45:00,eu-west-1,70.68994541327214,78.67183750709692,643,0,99.99926666165723,195,0,False,302.21811785246643,45,False,IN_SYNC,True
2024-01-03 09:45:00,ap-southeast-1,87.06329306256742,175.71824596866605,588,0,99.99897506676092,361,3,False,324.4673124954345,42,False,IN_SYNC,True
2024-01-03 10:00:00,us-east-1,6.76765009135237,130.51684836427097,802,0,99.99867310528636,410,0,False,273.5471740062618,47,True,IN_SYNC,True
2024-01-03 10:00:00,us-west-2,14.826060377256487,146.2786857039818,105,0,99.99950466763237,262,1,False,126.4012280001626,19,False,IN_SYNC,True
2024-01-03 10:00:00,eu-west-1,61.34646740254218,81.9953714835101,945,0,99.99872615307196,437,0,False,378.56966042589926,17,False,IN_SYNC,True
2024-01-03 10:00:00,ap-southeast-1,86.80612444063078,109.34691278054737,85,0,99.99902321129079,349,0,False,444.5239311353261,41,False,IN_SYNC,True
2024-01-03 10:15:00,us-east-1,5.806130405316066,129.45047375522267,418,0,99.99807451135837,438,2,False,158.18961905766537,32,True,IN_SYNC,True
2024-01-03 10:15:00,us-west-2,21.32674981000883,108.98557478601069,577,0,99.99946917981687,198,3,False,470.2792645760904,41,False,IN_SYNC,True
2024-01-03 10:15:00,eu-west-1,57.24128393036909,78.32185973335947,197,0,99.99924266805827,461,3,False,342.27826398592657,21,False,IN_SYNC,True
2024-01-03 10:15:00,ap-southeast-1,127.04096083233438,169.6769132339357,214,0,99.99831995555215,312,1,False,190.33933748408555,14,False,LAGGING,True
2024-01-03 10:30:00,us-east-1,6.191978507422849,84.81886812076806,167,0,99.99814172722405,394,2,False,189.39163909026493,32,True,IN_SYNC,True
2024-01-03 10:30:00,us-west-2,18.256250919227426,195.46629931890232,977,0,99.99982756933417,318,3,False,482.9920448348187,47,False,IN_SYNC,True
2024-01-03 10:30:00,eu-west-1,61.092770692137236,130.48430091982118,879,0,99.99971513034619,467,0,False,326.4505843964663,21,False,IN_SYNC,True
2024-01-03 10:30:00,ap-southeast-1,129.72671903604447,109.96515370305791,704,0,99.99984745573224,498,0,False,258.2685361682096,48,False,LAGGING,True
2024-01-03 10:45:00,us-east-1,4.944464757533955,130.4708710355609,881,0,99.99964151504122,465,3,False,326.87772744700385,11,True,IN_SYNC,True
2024-01-03 10:45:00,us-west-2,16.40885966948246,100.75447563606835,487,0,99.99967222089344,154,3,False,426.6363171145622,12,False,IN_SYNC,True
2024-01-03 10:45:00,eu-west-1,61.96493072097713,127.39166183828952,534,0,99.99801762083672,174,3,False,308.77886015345473,13,False,IN_SYNC,True
2024-01-03 10:45:00,ap-southeast-1,139.525443826384,175.02026371972613,889,0,99.99861470236175,413,1,False,372.36629322966763,36,False,LAGGING,True
2024-01-03 11:00:00,us-east-1,4.246924875209716,93.6014384269747,376,0,99.9983198203094,450,0,False,447.92165038162904,48,True,IN_SYNC,True
2024-01-03 11:00:00,us-west-2,19.75189484503753,126.98583021683322,732,0,99.99903266095308,131,1,False,100.96212754515163,43,False,IN_SYNC,True
2024-01-03 11:00:00,eu-west-1,60.07735829292902,104.00709348423966,930,0,99.99850533240678,356,2,False,251.50316053130553,36,False,IN_SYNC,True
2024-01-03 11:00:00,ap-southeast-1,136.47467823983462,53.449445210014886,980,0,99.99882727805443,408,2,False,394.5115783303803,44,False,LAGGING,True
2024-01-03 11:15:00,us-east-1,6.497122828841523,70.8976081004009,268,0,99.99895751079569,128,3,False,412.43833390597047,19,True,IN_SYNC,True
2024-01-03 11:15:00,us-west-2,15.0879496653032,193.13871059172743,786,0,99.99814190746349,224,2,False,124.91187011093379,49,False,IN_SYNC,True
2024-01-03 11:15:00,eu-west-1,44.48135102583601,143.39544829189305,436,0,99.99875737385187,457,1,False,232.21303162889478,14,False,IN_SYNC,True
2024-01-03 11:15:00,ap-southeast-1,128.65416288729145,134.62927057853392,292,0,99.99934468879299,406,0,False,154.82333824391566,21,False,LAGGING,True
2024-01-03 11:30:00,us-east-1,4.484919784817208,72.72453175681527,49,0,99.99920498992462,407,1,False,120.77941141445696,21,True,IN_SYNC,True
2024-01-03 11:30:00,us-west-2,17.894089798171077,160.48656579627703,81,0,99.99969456279536,404,2,False,255.71301029677835,40,False,IN_SYNC,True
2024-01-03 11:30:00,eu-west-1,62.19953500847259,197.87017360934934,315,0,99.99802957883368,382,0,False,422.90569925343834,33,False,IN_SYNC,True
2024-01-03 11:30:00,ap-southeast-1,122.03972471343691,135.2167419885487,801,0,99.99889935984133,444,0,False,199.01833723955255,14,False,LAGGING,True
2024-01-03 11:45:00,us-east-1,4.308101384665702,80.7468394382102,857,0,99.99972219865738,346,1,False,485.2635395836902,19,True,IN_SYNC,True
2024-01-03 11:45:00,us-west-2,20.989048390475865,108.58386205203126,854,0,99.99819258609398,259,1,False,430.33718983865,42,False,IN_SYNC,True
2024-01-03 11:45:00,eu-west-1,48.95427572037304,116.6373864638374,326,0,99.99989553298454,338,2,False,206.78836213384608,45,False,IN_SYNC,True
2024-01-03 11:45:00,ap-southeast-1,81.45028754516962,150.20293962847018,741,0,99.99964767336665,106,2,False,177.4686703571606,39,False,IN_SYNC,True
2024-01-03 12:00:00,us-east-1,7.46193926250632,53.93625411512933,467,0,99.99811107691518,459,3,False,432.48513515299226,10,True,IN_SYNC,True
2024-01-03 12:00:00,us-west-2,12.311120685403491,118.6032110180218,64,0,99.99921776754681,410,1,False,200.08069667029497,41,False,IN_SYNC,True
2024-01-03 12:00:00,eu-west-1,42.924999712851495,77.73059116398053,242,0,99.99958763133569,384,3,False,435.74612919963255,31,False,IN_SYNC,True
2024-01-03 12:00:00,ap-southeast-1,86.42268006041047,121.87676883683035,717,0,99.99856597605806,275,0,False,179.53589931353224,39,False,IN_SYNC,True
2024-01-03 12:15:00,us-east-1,6.019721368114334,60.81202076855328,327,0,99.99997493128099,400,0,False,340.973464303626,38,True,IN_SYNC,True
2024-01-03 12:15:00,us-west-2,19.013754900983958,137.41534738475488,932,0,99.99908837283766,171,3,False,353.9336911206584,36,False,IN_SYNC,True
2024-01-03 12:15:00,eu-west-1,45.341178554213954,118.88332579217872,642,0,99.99829566842868,355,0,False,223.12848062421432,12,False,IN_SYNC,True
2024-01-03 12:15:00,ap-southeast-1,108.06148033713508,79.86006794247429,444,0,99.99932020006823,400,0,False,453.8262249844698,12,False,LAGGING,True
2024-01-03 12:30:00,us-east-1,6.0500343684344475,91.55830561218147,207,0,99.99878953043432,386,2,False,388.63529556332605,25,True,IN_SYNC,True
2024-01-03 12:30:00,us-west-2,18.382854702447343,194.19510751366388,794,0,99.99838843679605,202,3,False,125.19516116640501,14,False,IN_SYNC,True
2024-01-03 12:30:00,eu-west-1,71.87742761617375,139.36915057961787,216,0,99.99986909973569,445,0,False,490.9943674021683,15,False,IN_SYNC,True
2024-01-03 12:30:00,ap-southeast-1,113.12043758236199,160.68622463995962,377,0,99.9999015240366,457,3,False,131.44825314590963,11,False,LAGGING,True
2024-01-03 12:45:00,us-east-1,4.342164645420086,96.89584006830059,651,0,99.99810363156992,461,0,False,386.2497582638243,30,True,IN_SYNC,True
2024-01-03 12:45:00,us-west-2,16.522196238947558,86.9746006074104,769,0,99.99919356876244,309,3,False,107.40371065734782,15,False,IN_SYNC,True
2024-01-03 12:45:00,eu-west-1,49.67854645466138,75.90387788444568,531,0,99.99944709154514,251,3,False,262.93304203575155,35,False,IN_SYNC,True
2024-01-03 12:45:00,ap-southeast-1,145.7080813707953,62.762123107370336,486,0,99.99948816901177,195,0,False,247.45214448049873,38,False,LAGGING,True
2024-01-03 13:00:00,us-east-1,4.839400856468389,151.60099568696836,92,0,99.99817765551833,435,1,False,170.19555662398776,35,True,IN_SYNC,True
2024-01-03 13:00:00,us-west-2,12.985865638939408,116.81086614866379,476,0,99.99836329877381,318,3,False,155.35160600975232,31,False,IN_SYNC,True
2024-01-03 13:00:00,eu-west-1,53.79891050051231,144.85165661763295,162,0,99.99973971700474,402,2,False,400.81345056862546,41,False,IN_SYNC,True
2024-01-03 13:00:00,ap-southeast-1,119.56432818034313,87.0406886270832,291,0,99.99974952369229,178,0,False,236.85335826970305,50,False,LAGGING,True
2024-01-03 13:15:00,us-east-1,5.381715618145306,87.9263351812289,741,0,99.99896361706116,315,1,False,169.53613089055966,26,True,IN_SYNC,True
2024-01-03 13:15:00,us-west-2,13.604921609905706,85.86564968746927,36,0,99.9988007049305,421,1,False,305.76478157812477,31,False,IN_SYNC,True
2024-01-03 13:15:00,eu-west-1,55.47136161336121,167.94980949001123,208,0,99.99816714496254,401,1,False,128.0051140154487,23,False,IN_SYNC,True
2024-01-03 13:15:00,ap-southeast-1,116.96038548539076,105.63520332782457,465,0,99.99961784089241,290,2,False,285.4589385745178,22,False,LAGGING,True
2024-01-03 13:30:00,us-east-1,6.156813271574984,156.14084085520068,126,0,99.99977195242982,278,3,False,286.3213115438853,10,True,IN_SYNC,True
2024-01-03 13:30:00,us-west-2,17.763452251453717,96.79727616539054,703,0,99.99805862489468,188,1,False,212.90664112068362,28,False,IN_SYNC,True
2024-01-03 13:30:00,eu-west-1,66.58563219330985,91.32523275591281,980,0,99.99883785201403,256,1,False,312.0378895989054,29,False,IN_SYNC,True
2024-01-03 13:30:00,ap-southeast-1,86.5606797267359,180.48777368602694,947,0,99.99892231254134,173,2,False,372.84119162635113,39,False,IN_SYNC,True
2024-01-03 13:45:00,us-east-1,5.803101460407738,131.19538458305004,314,0,99.99926475754582,459,0,False,200.75011778256223,33,True,IN_SYNC,True
2024-01-03 13:45:00,us-west-2,18.244835699621067,175.83411027701294,233,0,99.99831085540242,494,2,False,113.75920884532876,27,False,IN_SYNC,True
2024-01-03 13:45:00,eu-west-1,71.93131165972895,149.86362270842164,687,0,99.99905208211068,271,1,False,286.82274180256127,10,False,IN_SYNC,True
2024-01-03 13:45:00,ap-southeast-1,86.32561209001963,122.07421610451749,261,0,99.9992062781484,219,1,False,358.3011863253481,46,False,IN_SYNC,True
2024-01-03 14:00:00,us-east-1,5.841195427636903,158.6229737485933,559,0,99.99927032436797,433,1,False,257.8906612690106,23,True,IN_SYNC,True
2024-01-03 14:00:00,us-west-2,17.411017205405674,88.81375042173696,966,0,99.99976542854968,272,1,False,389.69744616636797,38,False,IN_SYNC,True
2024-01-03 14:00:00,eu-west-1,69.75634674510917,198.01097264560133,632,0,99.99821478259818,284,3,False,170.99175668940867,37,False,IN_SYNC,True
2024-01-03 14:00:00,ap-southeast-1,90.83912329224239,147.4497773634119,756,0,99.99946660577278,373,0,False,150.07401072638785,35,False,IN_SYNC,True
2024-01-03 14:15:00,us-east-1,5.840716486371285,181.56537190351744,653,0,99.99837292743834,428,2,False,410.20132338355154,19,True,IN_SYNC,True
2024-01-03 14:15:00,us-west-2,18.475963297427278,120.00489295943257,986,0,99.99977455679944,497,3,False,103.33821846899802,33,False,IN_SYNC,True
2024-01-03 14:15:00,eu-west-1,40.10868862183769,90.50911335229408,869,0,99.999543269926,189,0,False,183.833130861009,19,False,IN_SYNC,True
2024-01-03 14:15:00,ap-southeast-1,103.45583350997276,74.74359984177526,928,0,99.99807125038193,145,0,False,416.2969956269333,49,False,LAGGING,True
2024-01-03 14:30:00,us-east-1,6.402451423666844,169.74743909778246,673,0,99.99875580593225,219,2,False,284.1721457412649,19,True,IN_SYNC,True
2024-01-03 14:30:00,us-west-2,13.785430723407982,197.1026230078775,506,0,99.9997757313174,246,1,False,168.6986919697539,23,False,IN_SYNC,True
2024-01-03 14:30:00,eu-west-1,62.96231303016895,124.0539819280929,708,0,99.99872722541078,349,1,False,399.1880483702431,34,False,IN_SYNC,True
2024-01-03 14:30:00,ap-southeast-1,129.02943914567408,93.25841803525331,167,0,99.99828288321247,408,1,False,460.74315022050183,47,False,LAGGING,True
2024-01-03 14:45:00,us-east-1,4.3762783327976,54.96046954599684,459,0,99.99927960132376,341,0,False,264.1423317819982,25,True,IN_SYNC,True
2024-01-03 14:45:00,us-west-2,12.934450696296333,137.25196842113633,469,0,99.99989119373856,253,1,False,295.1040829191263,41,False,IN_SYNC,True
2024-01-03 14:45:00,eu-west-1,71.69723098202763,138.8089727826843,532,0,99.99959612860495,443,3,False,254.2376918079504,20,False,IN_SYNC,True
2024-01-03 14:45:00,ap-southeast-1,143.7603434972396,170.38557304922747,200,0,99.99812270758353,495,2,False,183.44901383901626,19,False,LAGGING,True
2024-01-03 15:00:00,us-east-1,4.116886767027653,174.4942430679635,73,0,99.99867207137251,495,0,False,225.0249906813022,26,True,IN_SYNC,True
2024-01-03 15:00:00,us-west-2,17.887591775247472,149.79617777213593,646,0,99.9988742661751,490,0,False,259.99054320484834,41,False,IN_SYNC,True
2024-01-03 15:00:00,eu-west-1,50.29476260020702,57.868867668419334,291,0,99.99807171932825,167,1,False,485.23676736691584,34,False,IN_SYNC,True
2024-01-03 15:00:00,ap-southeast-1,81.82988202838304,177.80324398352343,4,0,99.99870899457285,431,3,False,213.45999177809335,21,False,IN_SYNC,True
2024-01-03 15:15:00,us-east-1,4.313751383339851,167.74558035254051,138,0,99.99876411482147,442,1,False,484.1850913755229,38,True,IN_SYNC,True
2024-01-03 15:15:00,us-west-2,21.24807703831159,199.8390200172955,881,0,99.99968180329942,312,0,False,411.1026483532501,14,False,IN_SYNC,True
2024-01-03 15:15:00,eu-west-1,68.22106043790328,101.00877727643498,397,0,99.99911395473767,150,2,False,427.0925072180171,15,False,IN_SYNC,True
2024-01-03 15:15:00,ap-southeast-1,119.8268535966534,117.40903588779967,485,0,99.99886439241249,308,2,False,326.1896696873137,37,False,LAGGING,True
2024-01-03 15:30:00,us-east-1,7.424280464654906,55.71022347060266,992,0,99.99801944063262,313,0,False,383.65840624849994,46,True,IN_SYNC,True
2024-01-03 15:30:00,us-west-2,15.673057030841822,61.114472337015286,480,0,99.99906649942905,449,2,False,333.41819299258896,11,False,IN_SYNC,True
2024-01-03 15:30:00,eu-west-1,66.97636128999214,126.11081803855853,473,0,99.99879844735148,262,2,False,187.40430493183294,21,False,IN_SYNC,True
2024-01-03 15:30:00,ap-southeast-1,123.49772039575026,106.62546224604176,645,0,99.99839548915382,484,2,False,361.13933341698583,18,False,LAGGING,True
2024-01-03 15:45:00,us-east-1,5.950011114927481,174.8003453110182,306,0,99.99836628903626,378,2,False,139.691985200491,10,True,IN_SYNC,True
2024-01-03 15:45:00,us-west-2,21.251638385771557,187.652445368652,283,0,99.99872682541675,439,3,False,191.10283649252705,25,False,IN_SYNC,True
2024-01-03 15:45:00,eu-west-1,45.77544063163995,140.8701608804075,487,0,99.99924020138434,477,3,False,162.9121194595694,37,False,IN_SYNC,True
2024-01-03 15:45:00,ap-southeast-1,145.72492579439788,114.45073901587428,328,0,99.9987146924792,381,1,False,254.77903924312497,21,False,LAGGING,True
2024-01-03 16:00:00,us-east-1,6.295739206557976,160.6604907726176,361,0,99.99842116496983,490,1,False,114.71868820104328,28,True,IN_SYNC,True
2024-01-03 16:00:00,us-west-2,18.312509156899154,84.32809009380965,548,0,99.99864539447692,197,3,False,310.45354127154087,46,False,IN_SYNC,True
2024-01-03 16:00:00,eu-west-1,57.59575367394153,172.7179061567938,999,0,99.99970950889936,138,2,False,228.8339112381299,39,False,IN_SYNC,True
2024-01-03 16:00:00,ap-southeast-1,126.27340921667647,190.5447767509219,87,0,99.9992130367809,231,3,False,490.6574842436619,45,False,LAGGING,True
2024-01-03 16:15:00,us-east-1,4.551043881088099,148.20585872906233,423,0,99.99884952810537,459,0,False,225.8670468148847,23,True,IN_SYNC,True
2024-01-03 16:15:00,us-west-2,19.702092946862845,144.4852723677214,656,0,99.9991340205904,202,2,False,415.8331288166448,28,False,IN_SYNC,True
2024-01-03 16:15:00,eu-west-1,63.45377308565173,106.46437972327956,180,0,99.99875064708014,440,1,False,376.3830521359802,24,False,IN_SYNC,True
2024-01-03 16:15:00,ap-southeast-1,138.3113008908005,125.09868584632487,727,0,99.99895904529434,349,3,False,174.8762017273769,48,False,LAGGING,True
2024-01-03 16:30:00,us-east-1,6.893632957095514,118.77250345489182,71,0,99.9988625184203,324,0,False,218.766949688646,29,True,IN_SYNC,True
2024-01-03 16:30:00,us-west-2,21.023359184029005,163.35988076072053,590,0,99.99947219835043,433,2,False,227.35610084361656,48,False,IN_SYNC,True
2024-01-03 16:30:00,eu-west-1,60.10719817160633,185.88188388402276,871,0,99.99824883708597,499,1,False,254.32384706913348,17,False,IN_SYNC,True
2024-01-03 16:30:00,ap-southeast-1,102.09106640133388,182.33982851863743,56,0,99.99871310867923,473,1,False,126.39554211965046,30,False,LAGGING,True
2024-01-03 16:45:00,us-east-1,4.537684400798589,136.68089219477417,623,0,99.99895054752128,184,2,False,244.36241350171167,39,True,IN_SYNC,True
2024-01-03 16:45:00,us-west-2,17.543482011575986,138.7261875478903,216,0,99.99935741581133,313,0,False,465.90535284388875,49,False,IN_SYNC,True
2024-01-03 16:45:00,eu-west-1,65.75896724311238,135.42773259706416,103,0,99.9987531341248,296,0,False,278.9750664670412,49,False,IN_SYNC,True
2024-01-03 16:45:00,ap-southeast-1,121.87126810617825,133.41581613599436,756,0,99.99947137244249,133,2,False,465.81416108643714,22,False,LAGGING,True
2024-01-03 17:00:00,us-east-1,7.142162531598196,53.261911633890776,110,0,99.99841532804813,293,1,False,142.71588434240442,28,True,IN_SYNC,True
2024-01-03 17:00:00,us-west-2,15.816085538123874,98.29831213342055,704,0,99.99815876448342,479,2,False,325.674514541682,19,False,IN_SYNC,True
2024-01-03 17:00:00,eu-west-1,63.37370123801704,96.595555419593,532,0,99.99936100487764,312,1,False,358.62452402823044,37,False,IN_SYNC,True
2024-01-03 17:00:00,ap-southeast-1,105.24397129604802,161.0716621765223,669,0,99.99942832392958,412,3,False,195.5159594187474,24,False,LAGGING,True
2024-01-03 17:15:00,us-east-1,5.992533592399793,184.32902793143367,45,0,99.99921164984737,482,0,False,158.84961097115792,13,True,IN_SYNC,True
2024-01-03 17:15:00,us-west-2,18.928317796956808,83.58302172768649,205,0,99.99886206663817,380,2,False,181.95233915210522,36,False,IN_SYNC,True
2024-01-03 17:15:00,eu-west-1,50.036641927827354,147.47859841170452,934,0,99.99972499274882,364,2,False,142.32752154802716,45,False,IN_SYNC,True
2024-01-03 17:15:00,ap-southeast-1,143.94931192653928,129.32986377671682,486,0,99.99895233458605,491,2,False,309.97885337376,17,False,LAGGING,True
2024-01-03 17:30:00,us-east-1,4.368057445564037,70.71325678486355,744,0,99.99878374451903,311,0,False,177.54867102269316,25,True,IN_SYNC,True
2024-01-03 17:30:00,us-west-2,17.241899136272377,129.9835398970098,494,0,99.99856052184222,299,2,False,103.63852084861031,21,False,IN_SYNC,True
2024-01-03 17:30:00,eu-west-1,60.60774120362646,83.30507274378871,944,0,99.9981184478027,433,2,False,190.84376976296397,28,False,IN_SYNC,True
2024-01-03 17:30:00,ap-southeast-1,122.51893768352424,113.11041354780131,773,0,99.99955537087682,417,2,False,260.317046270143,18,False,LAGGING,True
2024-01-03 17:45:00,us-east-1,4.711638039632059,81.1011487422678,699,0,99.9986516084771,337,3,False,310.3095968131062,20,True,IN_SYNC,True
2024-01-03 17:45:00,us-west-2,14.036446405831313,82.88362711574393,42,0,99.99827105258822,380,0,False,279.1346601744034,28,False,IN_SYNC,True
2024-01-03 17:45:00,eu-west-1,52.13784053017494,83.59219456094056,564,0,99.99959645786168,347,2,False,497.28035894679317,49,False,IN_SYNC,True
2024-01-03 17:45:00,ap-southeast-1,100.36560943730031,159.6028584209235,611,0,99.99845505165682,452,0,False,112.93952624302062,44,False,LAGGING,True
2024-01-03 18:00:00,us-east-1,6.213203258112646,136.46776173405414,468,0,99.99909908763985,278,0,False,337.85108920402206,38,True,IN_SYNC,True
2024-01-03 18:00:00,us-west-2,20.722529575098378,76.16280406498883,381,0,99.99865787724725,329,0,False,468.03487162758546,36,False,IN_SYNC,True
2024-01-03 18:00:00,eu-west-1,55.71354098852681,142.6229531088553,398,0,99.99835009901017,422,1,False,161.77977899155738,29,False,IN_SYNC,True
2024-01-03 18:00:00,ap-southeast-1,137.93297770023915,147.53405568422727,595,0,99.99921818028857,342,0,False,134.46332150443175,33,False,LAGGING,True
2024-01-03 18:15:00,us-east-1,5.233835010111302,154.6234752779141,214,0,99.99963209808051,437,0,False,345.22440730951826,44,True,IN_SYNC,True
2024-01-03 18:15:00,us-west-2,16.94433979283253,131.1354689080888,102,0,99.99970048557407,357,3,False,353.6723272749082,38,False,IN_SYNC,True
2024-01-03 18:15:00,eu-west-1,44.10475179670907,69.7079437293136,497,0,99.99843817161037,292,1,False,422.6929028466148,10,False,IN_SYNC,True
2024-01-03 18:15:00,ap-southeast-1,141.2163350389937,109.7319170865831,818,0,99.99842162998674,362,2,False,437.9411011078881,33,False,LAGGING,True
2024-01-03 18:30:00,us-east-1,5.852295586795044,81.17973420793653,205,0,99.99822882578138,276,2,False,193.85990550931686,29,True,IN_SYNC,True
2024-01-03 18:30:00,us-west-2,19.46494017075994,167.0755005634614,728,0,99.99816554095624,436,1,False,102.23286920335455,30,False,IN_SYNC,True
2024-01-03 18:30:00,eu-west-1,73.46957653333735,65.67082733811958,463,0,99.99998943407401,374,3,False,371.0081116836129,14,False,IN_SYNC,True
2024-01-03 18:30:00,ap-southeast-1,104.65821146262098,57.02545744117573,670,0,99.99996210310421,153,2,False,462.5179673556035,47,False,LAGGING,True
2024-01-03 18:45:00,us-east-1,5.247510576829595,74.74767897085815,13,0,99.99876180873059,500,3,False,292.09371591351874,30,True,IN_SYNC,True
2024-01-03 18:45:00,us-west-2,16.583973110516528,190.14537716916476,266,0,99.99873648481072,120,2,False,352.6023311254538,43,False,IN_SYNC,True
2024-01-03 18:45:00,eu-west-1,47.8276822803306,162.1501058548605,737,0,99.99874757719404,263,2,False,494.38279556935436,30,False,IN_SYNC,True
2024-01-03 18:45:00,ap-southeast-1,147.36170536485596,149.39069739130457,106,0,99.99872331356158,454,2,False,301.19948014872745,45,False,LAGGING,True
2024-01-03 19:00:00,us-east-1,5.69406259516531,30.34507884219188,156,0,99.99922421768524,105,3,False,324.6248784583143,33,True,IN_SYNC,False
2024-01-03 19:00:00,us-west-2,12.860488939437488,27.39489529055256,24,0,99.99899766824073,292,1,False,288.6756270541281,28,False,IN_SYNC,False
2024-01-03 19:00:00,eu-west-1,45.21901532196438,84.05635809831898,858,0,99.99975748719912,494,0,False,430.8377824259501,11,False,IN_SYNC,False
2024-01-03 19:00:00,ap-southeast-1,98.21147246718587,76.90154298854945,200,0,99.99833564211174,380,0,False,373.70273722533994,12,False,IN_SYNC,False
2024-01-03 19:15:00,us-east-1,5.152631878953756,31.526853099089394,796,0,99.9998070202693,364,2,False,279.3559328011477,39,True,IN_SYNC,False
2024-01-03 19:15:00,us-west-2,17.75700089847042,76.06207911188619,337,0,99.9996576620526,270,0,False,155.5225817748734,31,False,IN_SYNC,False
2024-01-03 19:15:00,eu-west-1,73.91084904324815,84.1302630605985,674,0,99.99913742527993,244,2,False,421.8078858877549,34,False,IN_SYNC,False
2024-01-03 19:15:00,ap-southeast-1,127.81752668965021,78.11889785137055,807,0,99.99852295460126,276,3,False,135.2432482851493,36,False,LAGGING,False
2024-01-03 19:30:00,us-east-1,4.439047448652046,27.660899944317777,689,0,99.99845112161809,286,2,False,356.72689916133794,16,True,IN_SYNC,False
2024-01-03 19:30:00,us-west-2,19.46075126849827,91.5377684569219,520,0,99.99916325259235,206,2,False,241.1805701924576,27,False,IN_SYNC,False
2024-01-03 19:30:00,eu-west-1,71.16488044691074,35.30369004546267,153,0,99.99967126577425,435,0,False,340.8154494435752,49,False,IN_SYNC,False
2024-01-03 19:30:00,ap-southeast-1,122.50718588983088,63.221075757644776,344,0,99.99837831352134,136,1,False,222.5693640158059,42,False,LAGGING,False
2024-01-03 19:45:00,us-east-1,4.368275210746021,81.92378709771984,461,0,99.99841227443078,298,0,False,358.7560374311292,10,True,IN_SYNC,False
2024-01-03 19:45:00,us-west-2,19.814575882302133,52.854681193349904,319,0,99.99854946620194,241,2,False,365.97209752057404,24,False,IN_SYNC,False
2024-01-03 19:45:00,eu-west-1,72.91581288622197,29.855161639665653,167,0,99.99974499547261,208,2,False,269.69492678356454,48,False,IN_SYNC,False
2024-01-03 19:45:00,ap-southeast-1,128.8181730781585,30.076579842341104,165,0,99.99938756774344,343,2,False,326.7088647838565,12,False,LAGGING,False
2024-01-03 20:00:00,us-east-1,4.168628212590557,40.65360237434811,79,0,99.99877442699712,451,3,False,378.9159267823574,18,True,IN_SYNC,False
2024-01-03 20:00:00,us-west-2,20.12815433273189,93.67791225136361,472,0,99.99918799171378,285,0,False,288.6387746819777,29,False,IN_SYNC,False
2024-01-03 20:00:00,eu-west-1,56.53371096004043,77.3047169074205,341,0,99.99930908003282,395,3,False,126.8937698324497,23,False,IN_SYNC,False
2024-01-03 20:00:00,ap-southeast-1,108.72419084189264,88.2461900433054,35,0,99.99923862772657,201,2,False,480.2825781048382,14,False,LAGGING,False
2024-01-03 20:15:00,us-east-1,6.928900625040625,79.86193854040866,711,0,99.9989491324053,292,1,False,377.73874159715496,48,True,IN_SYNC,False
2024-01-03 20:15:00,us-west-2,13.506983250020092,43.274752139782215,538,0,99.998690170365,466,1,False,138.61317947592892,35,False,IN_SYNC,False
2024-01-03 20:15:00,eu-west-1,57.98241022796415,97.33367814830119,963,0,99.99927027592429,180,3,False,203.03304169296962,16,False,IN_SYNC,False
2024-01-03 20:15:00,ap-southeast-1,126.1833451184974,50.27358332934146,780,0,99.99865134527593,128,0,False,493.4653928998244,40,False,LAGGING,False
2024-01-03 20:30:00,us-east-1,5.284616939187576,84.75825821247675,626,0,99.9994824042487,236,2,False,434.8767145433898,37,True,IN_SYNC,False
2024-01-03 20:30:00,us-west-2,22.18101105589981,41.30458360139579,412,0,99.9996504401273,187,3,False,124.15964781360071,32,False,IN_SYNC,False
2024-01-03 20:30:00,eu-west-1,41.80421274667274,23.864185439749768,544,0,99.99954420420843,135,1,False,314.88046181396356,36,False,IN_SYNC,False
2024-01-03 20:30:00,ap-southeast-1,86.71646431871336,30.225987845738604,436,0,99.99884434673625,295,3,False,217.5906705420074,47,False,IN_SYNC,False
2024-01-03 20:45:00,us-east-1,4.73331962950509,22.172026166861933,141,0,99.99883904331556,283,3,False,301.8067273407311,41,True,IN_SYNC,False
2024-01-03 20:45:00,us-west-2,18.754628059088905,92.3330110659778,845,0,99.9996199059303,486,1,False,326.1506537402811,20,False,IN_SYNC,False
2024-01-03 20:45:00,eu-west-1,41.62926176590464,37.00460698772089,281,0,99.99990328850105,160,0,False,382.22555408935636,15,False,IN_SYNC,False
2024-01-03 20:45:00,ap-southeast-1,89.56976144858275,50.249162801170016,686,0,99.99838536549824,276,1,False,327.3337199877046,11,False,IN_SYNC,False
2024-01-03 21:00:00,us-east-1,4.826032819872632,22.82845068337845,846,0,99.99890951898239,286,3,False,106.30320280727909,22,True,IN_SYNC,False
2024-01-03 21:00:00,us-west-2,21.544388872276787,67.27326835891756,474,0,99.99963286481476,313,0,False,397.33286743944996,30,False,IN_SYNC,False
2024-01-03 21:00:00,eu-west-1,70.3313129297504,90.63428917371277,292,0,99.99811553990348,168,2,False,403.8745338332726,22,False,IN_SYNC,False
2024-01-03 21:00:00,ap-southeast-1,123.04838954353406,37.80107778239416,507,0,99.99912034901938,135,1,False,431.86212257914144,28,False,LAGGING,False
2024-01-03 21:15:00,us-east-1,4.022246589179396,50.64387646298557,52,0,99.9994485336534,246,0,False,475.7728031633428,18,True,IN_SYNC,False
2024-01-03 21:15:00,us-west-2,17.019966806201353,96.54994167784449,29,0,99.999926997768,191,2,False,156.90357793442217,50,False,IN_SYNC,False
2024-01-03 21:15:00,eu-west-1,64.95600331513296,33.76258662774835,522,0,99.99912058772472,123,3,False,100.13908851935955,16,False,IN_SYNC,False
2024-01-03 21:15:00,ap-southeast-1,117.44550758464185,70.5226721318403,640,0,99.99878636000058,304,3,False,360.96033787321437,12,False,LAGGING,False
2024-01-03 21:30:00,us-east-1,5.381805025970894,56.145361401883356,884,0,99.9994491111943,131,0,False,100.87608698434272,10,True,IN_SYNC,False
2024-01-03 21:30:00,us-west-2,15.69268928390038,70.05779050946325,972,0,99.99963792620046,335,2,False,322.0212102877588,13,False,IN_SYNC,False
2024-01-03 21:30:00,eu-west-1,42.687116195425844,32.81886499430111,408,0,99.99843850720016,258,1,False,147.1373456880959,32,False,IN_SYNC,False
2024-01-03 21:30:00,ap-southeast-1,127.8217079606763,23.330810280532734,12,0,99.99972917921893,114,3,False,238.55345287642194,10,False,LAGGING,False
2024-01-03 21:45:00,us-east-1,6.874093621641839,90.95678917655606,851,0,99.99854888894673,118,3,False,402.91491424630317,39,True,IN_SYNC,False
2024-01-03 21:45:00,us-west-2,21.46078810008574,67.36738705218099,631,0,99.99867444960623,371,3,False,116.43118468858589,45,False,IN_SYNC,False
2024-01-03 21:45:00,eu-west-1,43.874357870465595,68.13101239093943,775,0,99.99890373167938,422,2,False,264.6894489094277,50,False,IN_SYNC,False
2024-01-03 21:45:00,ap-southeast-1,103.33648060528051,74.32083991896215,485,0,99.99801308646833,251,1,False,163.39833067996148,29,False,LAGGING,False
2024-01-03 22:00:00,us-east-1,5.491228305814348,93.91896858542567,963,0,99.99835589167716,241,2,False,221.45802922004492,46,True,IN_SYNC,False
2024-01-03 22:00:00,us-west-2,21.800414571192306,45.97853841528078,778,0,99.99871325443314,267,1,False,258.98358514845063,29,False,IN_SYNC,False
2024-01-03 22:00:00,eu-west-1,63.979648172009476,92.82291592540096,103,0,99.99882442987804,367,3,False,478.9118967625436,15,False,IN_SYNC,False
2024-01-03 22:00:00,ap-southeast-1,126.04568479388894,81.68433790808662,465,0,99.99813756035596,423,1,False,171.76848526873692,28,False,LAGGING,False
2024-01-03 22:15:00,us-east-1,5.217238350942326,83.93889156737197,455,0,99.99870527758071,368,1,False,317.4759858305488,15,True,IN_SYNC,False
2024-01-03 22:15:00,us-west-2,13.271089603400863,43.25324958337697,887,0,99.99837138599194,346,2,False,351.09327388805036,13,False,IN_SYNC,False
2024-01-03 22:15:00,eu-west-1,55.31232730214243,89.3787286056973,908,0,99.99878393548907,199,0,False,359.42631254100667,38,False,IN_SYNC,False
2024-01-03 22:15:00,ap-southeast-1,110.16591270367802,89.91733081971509,224,0,99.99817123798773,120,2,False,223.17175732581762,10,False,LAGGING,False
2024-01-03 22:30:00,us-east-1,4.7880301861598715,27.068414029743295,218,0,99.99807297324882,288,2,False,118.18109044408317,46,True,IN_SYNC,False
2024-01-03 22:30:00,us-west-2,15.992506291282313,62.4426760914675,426,0,99.99892237497394,254,3,False,323.78642044441307,17,False,IN_SYNC,False
2024-01-03 22:30:00,eu-west-1,47.00780714530083,55.438195567647114,778,0,99.99817094375376,377,2,False,272.83048010540455,15,False,IN_SYNC,False
2024-01-03 22:30:00,ap-southeast-1,101.05897179513781,98.21986281845554,906,0,99.99868229517958,285,0,False,265.2012703071247,46,False,LAGGING,False
2024-01-03 22:45:00,us-east-1,5.685029164570981,60.7121803389795,331,0,99.99861698104543,456,1,False,185.96209395056977,36,True,IN_SYNC,False
2024-01-03 22:45:00,us-west-2,13.415611123129402,81.88755725881909,80,0,99.99957524842249,105,0,False,137.2973672049212,29,False,IN_SYNC,False
2024-01-03 22:45:00,eu-west-1,73.09793507838684,49.20543429414438,35,0,99.99894204228973,418,2,False,287.9165633370544,32,False,IN_SYNC,False
2024-01-03 22:45:00,ap-southeast-1,92.2704247510207,21.799394499371978,938,0,99.99933663144665,323,1,False,154.2013284805455,23,False,IN_SYNC,False
2024-01-03 23:00:00,us-east-1,5.390741354124472,71.39266939291387,125,0,99.99816981090072,222,0,False,375.54155809122494,24,True,IN_SYNC,False
2024-01-03 23:00:00,us-west-2,14.207891333406328,91.92572472460795,789,0,99.99962377002595,478,0,False,355.9266004452697,46,False,IN_SYNC,False
2024-01-03 23:00:00,eu-west-1,67.71249793888786,74.45675135862568,675,0,99.99986296297303,230,1,False,356.3124831120238,26,False,IN_SYNC,False
2024-01-03 23:00:00,ap-southeast-1,131.09059774045946,50.49302771274468,853,0,99.99976536969235,106,3,False,285.1405029893511,41,False,LAGGING,False
2024-01-03 23:15:00,us-east-1,5.010988977169275,80.47516762922339,7,0,99.99811758061252,306,3,False,112.71586251104404,14,True,IN_SYNC,False
2024-01-03 23:15:00,us-west-2,14.764092043118685,20.523673302082052,988,0,99.99932058061856,340,3,False,327.4220873340983,11,False,IN_SYNC,False
2024-01-03 23:15:00,eu-west-1,51.42837397912774,43.84828293111143,652,0,99.99878185298608,182,2,False,353.11115332707965,42,False,IN_SYNC,False
2024-01-03 23:15:00,ap-southeast-1,87.11327795260081,76.81741336949776,430,0,99.99912733379723,489,0,False,333.29434698953514,40,False,IN_SYNC,False
2024-01-03 23:30:00,us-east-1,4.098266905141682,37.89062130086574,932,0,99.99890305495158,363,2,False,383.7594838091975,18,True,IN_SYNC,False
2024-01-03 23:30:00,us-west-2,17.591098604314972,70.24634374513974,382,0,99.99839681137324,156,3,False,379.65416579166276,12,False,IN_SYNC,False
2024-01-03 23:30:00,eu-west-1,69.17124799318448,76.55010673295047,324,0,99.99848896002125,253,1,False,433.2600609717468,16,False,IN_SYNC,False
2024-01-03 23:30:00,ap-southeast-1,134.46131940221315,23.43061921426349,550,0,99.99885221100797,500,2,False,329.9613585478954,17,False,LAGGING,False
2024-01-03 23:45:00,us-east-1,7.107939760284625,67.65754482014182,594,0,99.99925496480057,301,0,False,127.44838953827302,23,True,IN_SYNC,False
2024-01-03 23:45:00,us-west-2,20.108137237291114,98.6444811039499,952,0,99.99885793865924,256,1,False,227.8267897465782,21,False,IN_SYNC,False
2024-01-03 23:45:00,eu-west-1,41.12042840617303,89.97436039041001,182,0,99.99978640729198,120,2,False,170.8538835334759,47,False,IN_SYNC,False
2024-01-03 23:45:00,ap-southeast-1,122.60828426454333,66.38946453773033,213,0,99.99890411218446,214,0,False,170.70479510112384,41,False,LAGGING,False
2024-01-04 00:00:00,us-east-1,6.661107360838673,49.0737326157382,364,0,99.99845284359809,169,3,False,485.27868041053125,26,True,IN_SYNC,False
2024-01-04 00:00:00,us-west-2,22.364146370469253,59.45576014792567,994,0,99.99970293692907,158,2,False,366.4424498175044,43,False,IN_SYNC,False
2024-01-04 00:00:00,eu-west-1,54.60578001381782,36.04086608592054,706,0,99.99964891537975,235,1,False,463.4544056833913,37,False,IN_SYNC,False
2024-01-04 00:00:00,ap-southeast-1,113.6569884910169,83.60991132307396,118,0,99.99891466237864,368,3,False,392.65431961607413,15,False,LAGGING,False
2024-01-04 00:15:00,us-east-1,5.4310799186402425,32.177307904163186,166,0,99.99909861159443,244,0,False,345.09392456254886,26,True,IN_SYNC,False
2024-01-04 00:15:00,us-west-2,14.712474228858067,50.470293600217815,787,0,99.99839876958501,235,1,False,412.3805334121056,23,False,IN_SYNC,False
2024-01-04 00:15:00,eu-west-1,47.11602826326251,45.477631858196105,752,0,99.99874514632351,148,0,False,480.4076275749004,12,False,IN_SYNC,False
2024-01-04 00:15:00,ap-southeast-1,139.03495699379073,71.0574839164504,496,0,99.99934605468547,112,3,False,455.35053037220325,21,False,LAGGING,False
2024-01-04 00:30:00,us-east-1,7.252939162053689,58.72317573082533,341,0,99.99905471783067,402,0,False,148.51868795870806,10,True,IN_SYNC,False
2024-01-04 00:30:00,us-west-2,19.55202890673504,78.92264871998825,450,0,99.99805066878545,422,2,False,411.5433113576576,11,False,IN_SYNC,False
2024-01-04 00:30:00,eu-west-1,72.2538155611971,79.01143986065861,5,0,99.99865684696957,143,3,False,265.74520542915934,12,False,IN_SYNC,False
2024-01-04 00:30:00,ap-southeast-1,99.06373574077814,79.92034688255909,29,0,99.99915616493641,285,1,False,334.85698205406874,22,False,IN_SYNC,False
2024-01-04 00:45:00,us-east-1,7.397916534753357,84.81815246147575,67,0,99.99833408335537,380,3,False,256.3441056618647,50,True,IN_SYNC,False
2024-01-04 00:45:00,us-west-2,16.700474163434002,37.81893766704036,165,0,99.99918407955097,415,1,False,237.16029245155323,22,False,IN_SYNC,False
2024-01-04 00:45:00,eu-west-1,69.97046994771749,36.15347897272397,616,0,99.99877245430383,151,1,False,485.9951509862542,34,False,IN_SYNC,False
2024-01-04 00:45:00,ap-southeast-1,147.66477257278606,25.75324440077641,321,0,99.99884059345099,214,1,False,476.08412668022766,28,False,LAGGING,False
2024-01-04 01:00:00,us-east-1,5.087957402228501,98.44850556468639,701,0,99.99823872224923,206,3,False,274.09076188074124,13,True,IN_SYNC,False
2024-01-04 01:00:00,us-west-2,20.33745362265931,53.52408692718443,101,0,99.99894125429323,399,3,False,446.5395036623232,43,False,IN_SYNC,False
2024-01-04 01:00:00,eu-west-1,64.4345682271407,48.33364239161932,50,0,99.99856415970703,278,2,False,259.50968264106103,15,False,IN_SYNC,False
2024-01-04 01:00:00,ap-southeast-1,83.85598898797822,71.10844926227861,457,0,99.99880317679025,391,3,False,404.232333443582,41,False,IN_SYNC,False
2024-01-04 01:15:00,us-east-1,6.768962409251236,85.70935529513892,759,0,99.99837645818383,320,3,False,422.63829340862526,37,True,IN_SYNC,False
2024-01-04 01:15:00,us-west-2,18.181469569892915,97.91321593454097,985,0,99.99851061237811,475,0,False,450.7575547660763,50,False,IN_SYNC,False
2024-01-04 01:15:00,eu-west-1,65.22123946400737,96.46828240619095,284,0,99.99802346801499,106,1,False,372.39745585090066,28,False,IN_SYNC,False
2024-01-04 01:15:00,ap-southeast-1,105.00214676290112,48.545760289729,879,0,99.99962974939102,321,1,False,430.30082609200304,47,False,LAGGING,False
2024-01-04 01:30:00,us-east-1,7.20993469098135,22.132530990008448,119,0,99.99905418829155,120,2,False,120.96083909251595,43,True,IN_SYNC,False
2024-01-04 01:30:00,us-west-2,20.67436016750839,22.398379870401534,988,0,99.99974077697757,305,2,False,381.5231065027059,35,False,IN_SYNC,False
2024-01-04 01:30:00,eu-west-1,70.27935119497674,60.081244421461406,412,0,99.99987703282555,374,0,False,352.86401663586184,29,False,IN_SYNC,False
2024-01-04 01:30:00,ap-southeast-1,80.87390514594375,22.03595370198128,116,0,99.99882265299887,326,1,False,174.29241701527644,11,False,IN_SYNC,False
2024-01-04 01:45:00,us-east-1,7.0210894892377285,65.47950732313208,348,0,99.99844692760277,472,0,False,340.4078749549798,18,True,IN_SYNC,False
2024-01-04 01:45:00,us-west-2,14.216113806663593,75.80924433027975,24,0,99.99938607429445,366,3,False,369.3567596457238,45,False,IN_SYNC,False
2024-01-04 01:45:00,eu-west-1,59.04094331101258,31.152494753005044,204,0,99.99974506469827,198,3,False,239.61547760903045,48,False,IN_SYNC,False
2024-01-04 01:45:00,ap-southeast-1,111.88051433586288,38.140270221343485,872,0,99.99853255315072,401,0,False,159.24851264810354,38,False,LAGGING,False
2024-01-04 02:00:00,us-east-1,6.226663648484948,45.98960154200281,221,0,99.99881221878164,417,0,False,350.4892933167395,47,True,IN_SYNC,False
2024-01-04 02:00:00,us-west-2,16.61972776481839,78.77216292270381,282,0,99.99842800905614,200,1,False,342.55139826293583,28,False,IN_SYNC,False
2024-01-04 02:00:00,eu-west-1,40.86453435320283,44.83801205471789,790,0,99.998957911738,394,3,False,108.10254263305512,24,False,IN_SYNC,False
2024-01-04 02:00:00,ap-southeast-1,120.72697617636052,91.68831424013601,346,0,99.999740726548,129,2,False,252.83001038337324,11,False,LAGGING,False
2024-01-04 02:15:00,us-east-1,4.921692204182126,54.16215571193253,651,0,99.99939982777246,226,2,False,164.5034840904883,10,True,IN_SYNC,False
2024-01-04 02:15:00,us-west-2,22.0686638956634,98.81412458580711,351,0,99.9997133488044,360,1,False,192.88847552191876,22,False,IN_SYNC,False
2024-01-04 02:15:00,eu-west-1,53.935419071661705,21.073954336394152,899,0,99.99852729275351,322,2,False,151.76035166232379,38,False,IN_SYNC,False
2024-01-04 02:15:00,ap-southeast-1,137.39583914528325,97.82688932728247,280,0,99.99943204164703,192,0,False,308.17898935399865,29,False,LAGGING,False
2024-01-04 02:30:00,us-east-1,4.843732233464062,63.78983623453355,941,0,99.99917128694788,426,1,False,349.5500085525707,32,True,IN_SYNC,False
2024-01-04 02:30:00,us-west-2,17.71634978252919,38.979330027555584,86,0,99.9985432561551,456,0,False,396.7266393315442,33,False,IN_SYNC,False
2024-01-04 02:30:00,eu-west-1,56.44731348887534,60.878460191641544,508,0,99.99948349921496,340,3,False,260.79913867075254,19,False,IN_SYNC,False
2024-01-04 02:30:00,ap-southeast-1,130.12562868078462,67.32718306087787,581,0,99.99894984506705,104,0,False,251.3304004469492,11,False,LAGGING,False
2024-01-04 02:45:00,us-east-1,4.709812909089113,39.924033212656475,80,0,99.9988780511165,483,3,False,490.839447989317,29,True,IN_SYNC,False
2024-01-04 02:45:00,us-west-2,19.724556479325944,50.76376541299392,608,0,99.99880212852302,169,3,False,108.79865557591519,43,False,IN_SYNC,False
2024-01-04 02:45:00,eu-west-1,50.05778939442196,79.88581969918731,752,0,99.99833788814341,283,3,False,281.1800604727862,13,False,IN_SYNC,False
2024-01-04 02:45:00,ap-southeast-1,118.20767202745034,32.589935708979624,172,0,99.99885476182166,448,3,False,344.573199108238,23,False,LAGGING,False
2024-01-04 03:00:00,us-east-1,6.069730775637998,25.108963283835788,961,0,99.99837305021164,417,3,False,106.47340576752144,32,True,IN_SYNC,False
2024-01-04 03:00:00,us-west-2,22.173097223591366,26.799293759698138,182,0,99.99934655772535,405,1,False,325.7770670751136,44,False,IN_SYNC,False
2024-01-04 03:00:00,eu-west-1,43.93636893741787,94.83896374935314,238,0,99.99907514533896,124,1,False,212.9383149537842,40,False,IN_SYNC,False
2024-01-04 03:00:00,ap-southeast-1,137.72652020254864,73.32455207285906,68,0,99.99875764719044,336,3,False,154.50440373151685,12,False,LAGGING,False
2024-01-04 03:15:00,us-east-1,5.940226560357282,50.07738144541639,338,0,99.99800933914493,346,0,False,301.44538548028356,19,True,IN_SYNC,False
2024-01-04 03:15:00,us-west-2,20.033020091277198,57.90982242289155,147,0,99.99946942744971,187,3,False,182.67455535856945,38,False,IN_SYNC,False
2024-01-04 03:15:00,eu-west-1,54.293857696824986,24.222815888790983,590,0,99.99999681630582,140,0,False,241.43436341530577,38,False,IN_SYNC,False
2024-01-04 03:15:00,ap-southeast-1,117.55499693236425,28.328131360179984,369,0,99.99922274685609,475,1,False,310.10140476643244,15,False,LAGGING,False
2024-01-04 03:30:00,us-east-1,5.80346528609836,22.159415400821896,975,0,99.99903306125239,451,0,False,491.6187592762541,29,True,IN_SYNC,False
2024-01-04 03:30:00,us-west-2,22.350693471253486,66.43255017267127,354,0,99.99976550176565,485,0,False,403.61889517644755,46,False,IN_SYNC,False
2024-01-04 03:30:00,eu-west-1,70.05614597861273,65.9703311287339,279,0,99.99991265094222,347,0,False,417.2986234782658,26,False,IN_SYNC,False
2024-01-04 03:30:00,ap-southeast-1,90.01822797923377,20.65438185755979,212,0,99.99965565190308,464,0,False,123.8385147078163,39,False,IN_SYNC,False
2024-01-04 03:45:00,us-east-1,4.772146523410974,45.95160164544354,656,0,99.99889665775983,437,3,False,448.6515436273211,16,True,IN_SYNC,False
2024-01-04 03:45:00,us-west-2,19.604058937436914,66.10996550754555,40,0,99.99816578219318,202,1,False,299.32814870882873,18,False,IN_SYNC,False
2024-01-04 03:45:00,eu-west-1,73.92755948756529,42.56243307698278,263,0,99.9995060430203,295,0,False,115.36559019480718,16,False,IN_SYNC,False
2024-01-04 03:45:00,ap-southeast-1,101.63496746631759,49.7717729928702,144,0,99.99806886177477,266,2,False,102.32999782717292,39,False,LAGGING,False
2024-01-04 04:00:00,us-east-1,4.92698641360369,62.345417662839964,31,0,99.9993526966965,295,2,False,215.7797829709274,28,True,IN_SYNC,False
2024-01-04 04:00:00,us-west-2,20.32124411855572,71.00577720833682,122,0,99.99954013511525,464,2,False,366.0641559693868,31,False,IN_SYNC,False
2024-01-04 04:00:00,eu-west-1,61.72587921385699,39.03324650542064,656,0,99.99864303318749,374,2,False,193.59939009708722,26,False,IN_SYNC,False
2024-01-04 04:00:00,ap-southeast-1,135.13004647856488,24.840342595590972,391,0,99.99868835256855,472,3,False,484.6544409894797,25,False,LAGGING,False
2024-01-04 04:15:00,us-east-1,4.9100085822886985,25.25784758876774,46,0,99.99975692655521,217,1,False,257.08897674834884,14,True,IN_SYNC,False
2024-01-04 04:15:00,us-west-2,17.27287802824027,91.4381055964839,409,0,99.99987640185319,383,0,False,370.89057338548946,18,False,IN_SYNC,False
2024-01-04 04:15:00,eu-west-1,56.40660957249701,56.710055571552616,343,0,99.9982386153265,347,3,False,157.51372002168938,18,False,IN_SYNC,False
2024-01-04 04:15:00,ap-southeast-1,116.5951153687713,88.00378777752492,636,0,99.99900504706044,220,3,False,155.52073740994157,18,False,LAGGING,False
2024-01-04 04:30:00,us-east-1,5.3531649312850496,53.7811823437288,712,0,99.99949859643817,320,2,False,368.67151944621776,36,True,IN_SYNC,False
2024-01-04 04:30:00,us-west-2,12.12758443209699,34.901963563984935,101,0,99.99854019062238,491,0,False,438.38860005459554,13,False,IN_SYNC,False
2024-01-04 04:30:00,eu-west-1,44.886175212670985,25.205214343936664,576,0,99.99961185375416,109,1,False,439.9747797284067,48,False,IN_SYNC,False
2024-01-04 04:30:00,ap-southeast-1,141.6873896282231,45.59996808313272,11,0,99.99946091428964,266,2,False,461.6035291299502,39,False,LAGGING,False
2024-01-04 04:45:00,us-east-1,4.09608992233626,81.57572853144276,505,0,99.99848311288413,134,0,False,481.8377802408151,49,True,IN_SYNC,False
2024-01-04 04:45:00,us-west-2,19.014253120620456,66.95859310798707,648,0,99.99928216539479,160,2,False,368.79570517170373,24,False,IN_SYNC,False
2024-01-04 04:45:00,eu-west-1,71.64375253513684,93.40311722235404,348,0,99.99959684683644,218,3,False,413.91840259229554,16,False,IN_SYNC,False
2024-01-04 04:45:00,ap-southeast-1,113.75457204880996,92.37924553932754,722,0,99.99870008506706,497,0,False,157.4456208200334,37,False,LAGGING,False
2024-01-04 05:00:00,us-east-1,6.803834401161101,92.87298862524669,994,0,99.99943834048847,253,0,False,223.01917309357452,30,True,IN_SYNC,False
2024-01-04 05:00:00,us-west-2,20.268661303269432,48.54792047166883,84,0,99.99876987424719,281,2,False,144.64028181715412,23,False,IN_SYNC,False
2024-01-04 05:00:00,eu-west-1,55.12931107240093,74.9530902291981,218,0,99.99859666968159,270,2,False,309.517263850272,15,False,IN_SYNC,False
2024-01-04 05:00:00,ap-southeast-1,136.56346939750455,33.43941677776607,240,0,99.99964819344507,295,0,False,459.0438600362291,13,False,LAGGING,False
2024-01-04 05:15:00,us-east-1,4.595034616174871,76.34322687755389,550,0,99.99808524012356,311,2,False,161.9961834530162,49,True,IN_SYNC,False
2024-01-04 05:15:00,us-west-2,21.17335823397173,61.94907026974025,485,0,99.9991035082419,348,3,False,361.3313590671525,25,False,IN_SYNC,False
2024-01-04 05:15:00,eu-west-1,70.15591012214252,53.14837642492964,84,0,99.99928597326917,372,2,False,139.26000654438604,17,False,IN_SYNC,False
2024-01-04 05:15:00,ap-southeast-1,117.00116649608931,50.65617241289626,720,0,99.99922448588671,488,1,False,353.9462347415675,40,False,LAGGING,False
2024-01-04 05:30:00,us-east-1,5.276053144780831,83.44313052780888,10,0,99.99811678611022,235,1,False,424.1385176506975,23,True,IN_SYNC,False
2024-01-04 05:30:00,us-west-2,22.018142492601292,57.24074520686987,245,0,99.99902751132102,481,1,False,248.1311279186468,31,False,IN_SYNC,False
2024-01-04 05:30:00,eu-west-1,47.3424833718839,30.639567953518245,441,0,99.99981902360406,456,3,False,399.8516199931838,39,False,IN_SYNC,False
2024-01-04 05:30:00,ap-southeast-1,149.1608997323602,28.14594143631549,373,0,99.99975239951723,342,1,False,349.3612257540546,47,False,LAGGING,False
2024-01-04 05:45:00,us-east-1,6.721482068028715,78.20512079273857,875,0,99.99887479480894,146,1,False,350.13642305848794,11,True,IN_SYNC,False
2024-01-04 05:45:00,us-west-2,17.776302024385448,89.64245574920137,164,0,99.99946251444456,210,3,False,335.5649901131653,50,False,IN_SYNC,False
2024-01-04 05:45:00,eu-west-1,72.19788722822099,46.7489907895136,541,0,99.99834101738472,346,3,False,168.6790999317224,40,False,IN_SYNC,False
2024-01-04 05:45:00,ap-southeast-1,142.39555051746186,91.32176221789356,16,0,99.99870912482459,412,0,False,265.3760286361271,45,False,LAGGING,False
2024-01-04 06:00:00,us-east-1,6.340219982243184,73.53935755860022,245,0,99.99938458445298,417,0,False,432.2695163479712,49,True,IN_SYNC,False
2024-01-04 06:00:00,us-west-2,19.161000138708037,84.11449471538538,502,0,99.99894056444504,166,1,False,423.284909800685,31,False,IN_SYNC,False
2024-01-04 06:00:00,eu-west-1,47.07429076798399,46.95382147648515,727,0,99.9989878343395,282,1,False,408.52230328346326,26,False,IN_SYNC,False
2024-01-04 06:00:00,ap-southeast-1,146.02577054472388,68.14118082797195,442,0,99.99985064073893,176,1,False,385.4992154221283,21,False,LAGGING,False
2024-01-04 06:15:00,us-east-1,7.104796938648795,48.24330159275093,373,0,99.99980267599037,160,0,False,282.98517217259143,22,True,IN_SYNC,False
2024-01-04 06:15:00,us-west-2,20.5049567872716,30.14955986992306,143,0,99.99873741750228,414,3,False,424.00646366951077,38,False,IN_SYNC,False
2024-01-04 06:15:00,eu-west-1,72.52437354432601,62.83485099076372,971,0,99.99859490607376,237,2,False,468.6074900285215,33,False,IN_SYNC,False
2024-01-04 06:15:00,ap-southeast-1,134.70908522665468,79.156505573118,322,0,99.99900219478951,165,2,False,392.0782043845125,42,False,LAGGING,False
2024-01-04 06:30:00,us-east-1,4.917732181268145,42.40130544866381,492,0,99.99906364498969,285,3,False,436.14658952282105,16,True,IN_SYNC,False
2024-01-04 06:30:00,us-west-2,16.9428043637754,62.91873031641415,638,0,99.9988524305381,285,1,False,434.10452336474356,15,False,IN_SYNC,False
2024-01-04 06:30:00,eu-west-1,40.761875196567395,28.887306325893718,415,0,99.9984398209803,209,0,False,456.2939404846311,49,False,IN_SYNC,False
2024-01-04 06:30:00,ap-southeast-1,83.23366177497834,27.687691222520215,611,0,99.99981794195934,174,3,False,215.11666269145633,15,False,IN_SYNC,False
2024-01-04 06:45:00,us-east-1,4.060543407972167,61.655116451413285,156,0,99.99804717294498,383,2,False,445.09858466184374,25,True,IN_SYNC,False
2024-01-04 06:45:00,us-west-2,19.399698000346394,73.16633178646269,236,0,99.99894457167709,387,1,False,149.25324708597634,38,False,IN_SYNC,False
2024-01-04 06:45:00,eu-west-1,67.95288888270615,23.412512026904324,870,0,99.99921472518241,484,0,False,148.35583583402175,22,False,IN_SYNC,False
2024-01-04 06:45:00,ap-southeast-1,129.99323321799758,69.95304637054122,192,0,99.99837986168372,183,1,False,103.30226701203568,25,False,LAGGING,False
2024-01-04 07:00:00,us-east-1,4.760322202680484,99.32005222439517,257,0,99.9990363623822,458,1,False,187.76234587903602,22,True,IN_SYNC,False
2024-01-04 07:00:00,us-west-2,14.067902852695862,54.47720822506392,356,0,99.99874913554554,229,0,False,363.7539537422799,29,False,IN_SYNC,False
2024-01-04 07:00:00,eu-west-1,54.66645089654206,56.58198316945157,2,0,99.99853557228866,413,1,False,438.7045745175069,46,False,IN_SYNC,False
2024-01-04 07:00:00,ap-southeast-1,117.2429903202695,85.16612929037069,717,0,99.99948302011181,245,2,False,346.2336133719332,28,False,LAGGING,False
2024-01-04 07:15:00,us-east-1,5.461902145695333,79.05495645446823,475,0,99.99901824738014,428,3,False,374.1133861733954,50,True,IN_SYNC,False
2024-01-04 07:15:00,us-west-2,20.95108715824636,34.63088819425731,598,0,99.99845024906017,343,2,False,406.3650483092325,45,False,IN_SYNC,False
2024-01-04 07:15:00,eu-west-1,46.13018087012606,31.85343841606203,813,0,99.99934245470504,470,0,False,305.5756493938856,16,False,IN_SYNC,False
2024-01-04 07:15:00,ap-southeast-1,85.51667991155007,28.877675970123306,423,0,99.99979864084382,421,1,False,440.57558287366663,20,False,IN_SYNC,False
2024-01-04 07:30:00,us-east-1,4.450721960129115,88.6677464690868,183,0,99.99878220009646,120,2,False,187.48090933519342,47,True,IN_SYNC,False
2024-01-04 07:30:00,us-west-2,22.248737346902953,50.63685437067184,503,0,99.99947039964454,342,2,False,352.09503114750964,41,False,IN_SYNC,False
2024-01-04 07:30:00,eu-west-1,53.30519621435192,82.02428047127981,860,0,99.99923956421526,242,2,False,444.96202958236256,32,False,IN_SYNC,False
2024-01-04 07:30:00,ap-southeast-1,88.75596950410282,64.30024168842183,117,0,99.99909407370532,161,0,False,265.2451997306332,39,False,IN_SYNC,False
2024-01-04 07:45:00,us-east-1,5.4990325940998765,21.390132668851223,698,0,99.99904727457533,134,2,False,293.0644608182149,24,True,IN_SYNC,False
2024-01-04 07:45:00,us-west-2,21.060409160956542,34.04080173311401,102,0,99.99982574677466,206,2,False,445.2141490932604,31,False,IN_SYNC,False
2024-01-04 07:45:00,eu-west-1,45.75457088237629,36.6523479361812,264,0,99.99848347251917,236,3,False,189.17227845183345,22,False,IN_SYNC,False
2024-01-04 07:45:00,ap-southeast-1,147.90313009366346,75.12872716491654,828,0,99.99841447587116,281,0,False,181.42481400505432,22,False,LAGGING,False
2024-01-04 08:00:00,us-east-1,7.036459023944851,85.78628861542208,652,0,99.99953531469475,205,1,False,457.4155732732005,10,True,IN_SYNC,False
2024-01-04 08:00:00,us-west-2,19.704322310629752,89.31347288767532,171,0,99.99889217292736,415,1,False,469.90276514962954,47,False,IN_SYNC,False
2024-01-04 08:00:00,eu-west-1,51.10689091552981,73.6786297656927,436,0,99.99821031434217,253,0,False,411.89793728783684,38,False,IN_SYNC,False
2024-01-04 08:00:00,ap-southeast-1,114.53983631011214,36.1784915119961,653,0,99.99845420972235,255,2,False,340.42138722412824,25,False,LAGGING,False
2024-01-04 08:15:00,us-east-1,6.446226076306695,51.685511848532926,38,0,99.99884787589141,284,2,False,333.74113779493314,43,True,IN_SYNC,False
2024-01-04 08:15:00,us-west-2,14.295791356973906,61.01148421753581,77,0,99.99992417159673,351,3,False,365.39779830500277,35,False,IN_SYNC,False
2024-01-04 08:15:00,eu-west-1,44.16880970665314,84.8092880056027,947,0,99.9994846779492,141,0,False,232.65876314747035,21,False,IN_SYNC,False
2024-01-04 08:15:00,ap-southeast-1,86.63606844954217,89.69151674099987,581,0,99.99819601684582,122,1,False,259.8186070392644,46,False,IN_SYNC,False
2024-01-04 08:30:00,us-east-1,5.098996899770719,56.36446999706594,526,0,99.99920093942441,349,1,False,260.9608381021454,43,True,IN_SYNC,False
2024-01-04 08:30:00,us-west-2,14.764639334579305,50.53607371632927,439,0,99.99980778006493,116,0,False,342.43893477647214,49,False,IN_SYNC,False
2024-01-04 08:30:00,eu-west-1,68.62009890834733,77.78329789685361,490,0,99.99821341761933,497,3,False,457.52298286405903,29,False,IN_SYNC,False
2024-01-04 08:30:00,ap-southeast-1,130.07321096592125,44.15576133996047,200,0,99.99950061590305,450,2,False,483.037207131569,13,False,LAGGING,False
2024-01-04 08:45:00,us-east-1,5.338178714661136,38.04959660103946,801,0,99.99814033610332,107,0,False,450.90995828455857,32,True,IN_SYNC,False
2024-01-04 08:45:00,us-west-2,15.852572752186811,49.05240620785479,532,0,99.99958800428567,244,0,False,147.94849423355697,44,False,IN_SYNC,False
2024-01-04 08:45:00,eu-west-1,69.5342470639448,21.98168718824153,107,0,99.99961361409055,174,3,False,322.05244922523497,12,False,IN_SYNC,False
2024-01-04 08:45:00,ap-southeast-1,117.18557929813178,20.887012526267988,593,0,99.9993147342178,204,3,False,313.76070329270766,20,False,LAGGING,False
2024-01-04 09:00:00,us-east-1,6.866060572114476,117.08116508054069,870,0,99.99893017452834,190,0,False,289.2228149439658,21,True,IN_SYNC,True
2024-01-04 09:00:00,us-west-2,20.05471997774853,171.1930289300175,619,0,99.99897740501027,125,3,False,434.46612155120863,33,False,IN_SYNC,True
2024-01-04 09:00:00,eu-west-1,52.41065669820999,99.77485264691401,150,0,99.99978804397247,296,0,False,177.1932353224812,38,False,IN_SYNC,True
2024-01-04 09:00:00,ap-southeast-1,111.82884523507724,98.01419407238129,738,0,99.99816581383055,450,3,False,361.0309929272594,17,False,LAGGING,True
2024-01-04 09:15:00,us-east-1,6.622121870536473,185.39326356800515,433,0,99.99977062811834,188,2,False,223.41230048119053,22,True,IN_SYNC,True
2024-01-04 09:15:00,us-west-2,18.44282997055309,110.11906891307684,826,0,99.99983674719016,403,2,False,244.5125867789466,26,False,IN_SYNC,True
2024-01-04 09:15:00,eu-west-1,63.28026129098059,195.1081183732416,404,0,99.999043261173,258,0,False,193.05332425418692,34,False,IN_SYNC,True
2024-01-04 09:15:00,ap-southeast-1,145.95671025766893,55.13148298529612,601,0,99.99897729168912,337,2,False,103.45099248262687,15,False,LAGGING,True
2024-01-04 09:30:00,us-east-1,7.376071123400418,137.9556532954886,541,0,99.99845021050487,184,1,False,167.28185408967244,21,True,IN_SYNC,True
2024-01-04 09:30:00,us-west-2,13.055599124461999,76.34893070962745,218,0,99.99922970527484,452,0,False,245.8751771731405,15,False,IN_SYNC,True
2024-01-04 09:30:00,eu-west-1,68.668892088728,104.84028504319238,223,0,99.99987772738282,483,0,False,350.27420905993176,35,False,IN_SYNC,True
2024-01-04 09:30:00,ap-southeast-1,137.73436645805285,69.95499118056925,209,0,99.99974192284503,261,1,False,344.4361645811994,24,False,LAGGING,True
2024-01-04 09:45:00,us-east-1,7.136652548060951,127.06259096555571,115,0,99.99981301319573,473,1,False,279.9055478015799,22,True,IN_SYNC,True
2024-01-04 09:45:00,us-west-2,16.75597623295612,102.13574684385577,424,0,99.99891404561491,179,0,False,223.6120603201263,25,False,IN_SYNC,True
2024-01-04 09:45:00,eu-west-1,62.76393310147823,162.40492293085907,454,0,99.99807297132863,391,0,False,438.52357660696424,24,False,IN_SYNC,True
2024-01-04 09:45:00,ap-southeast-1,82.34830984362677,152.8328571450158,219,0,99.99924670171319,433,1,False,492.2635805930283,49,False,IN_SYNC,True
2024-01-04 10:00:00,us-east-1,5.945649692691543,145.56276891294993,916,0,99.99829417426989,408,2,False,379.9072988573158,44,True,IN_SYNC,True
2024-01-04 10:00:00,us-west-2,18.279434559329697,174.28951353694555,317,0,99.99838299454477,500,3,False,345.6620076273851,37,False,IN_SYNC,True
2024-01-04 10:00:00,eu-west-1,50.17575934690923,182.877945490901,404,0,99.99847230691864,495,1,False,405.7353689104629,36,False,IN_SYNC,True
2024-01-04 10:00:00,ap-southeast-1,145.10923814565297,55.94110061147199,512,0,99.9992119669194,144,1,False,468.8074249966435,37,False,LAGGING,True
2024-01-04 10:15:00,us-east-1,7.205757673220008,104.70712742988849,637,0,99.99967252867917,366,1,False,480.2726447239439,21,True,IN_SYNC,True
2024-01-04 10:15:00,us-west-2,13.9488083437773,51.0338850544933,784,0,99.99911493668998,239,1,False,293.8317236293003,35,False,IN_SYNC,True
2024-01-04 10:15:00,eu-west-1,48.658340591951834,182.01939435181328,462,0,99.99809311539067,349,2,False,239.70994447152444,15,False,IN_SYNC,True
2024-01-04 10:15:00,ap-southeast-1,107.55180973014791,106.00653212734122,24,0,99.99878479431322,218,1,False,334.12202304389376,41,False,LAGGING,True
2024-01-04 10:30:00,us-east-1,6.127980725837149,84.18283051326563,413,0,99.99825194048833,493,1,False,478.0249745053297,47,True,IN_SYNC,True
2024-01-04 10:30:00,us-west-2,12.873591390278122,183.17282289999525,768,0,99.99889229891967,457,2,False,355.6030043310432,39,False,IN_SYNC,True
2024-01-04 10:30:00,eu-west-1,61.919536306260966,158.50462049664253,908,0,99.998208365399,347,1,False,131.51556455499085,16,False,IN_SYNC,True
2024-01-04 10:30:00,ap-southeast-1,121.8842149153354,60.156680963088704,978,0,99.99809169079398,454,3,False,235.5974489927267,35,False,LAGGING,True
2024-01-04 10:45:00,us-east-1,5.667141874773205,122.02771591467206,418,0,99.99832880436331,388,0,False,256.38446900649706,33,True,IN_SYNC,True
2024-01-04 10:45:00,us-west-2,21.22616359253605,183.04420748922743,712,0,99.999209956796,373,2,False,490.25447091945557,18,False,IN_SYNC,True
2024-01-04 10:45:00,eu-west-1,63.573357564972554,78.9689168183985,288,0,99.99862438721553,108,2,False,462.4467569362932,42,False,IN_SYNC,True
2024-01-04 10:45:00,ap-southeast-1,148.2821424566309,94.04757178197303,563,0,99.99972343199252,230,0,False,316.2717394954317,32,False,LAGGING,True
2024-01-04 11:00:00,us-east-1,6.063917582317392,64.63659193087346,128,0,99.99820874600603,373,1,False,319.50790533623206,10,True,IN_SYNC,True
2024-01-04 11:00:00,us-west-2,14.159251350924727,111.76020610705194,161,0,99.99934417978744,400,1,False,264.1936512584963,47,False,IN_SYNC,True
2024-01-04 11:00:00,eu-west-1,62.26290558737683,64.70729454129523,623,0,99.99890229162382,249,2,False,486.2762235024761,41,False,IN_SYNC,True
2024-01-04 11:00:00,ap-southeast-1,138.58195916267027,185.58646783859356,130,0,99.99800824518644,381,2,False,406.40994998386424,31,False,LAGGING,True
2024-01-04 11:15:00,us-east-1,5.871913255754009,126.7844729482197,377,0,99.99942415921069,372,1,False,361.64248829023995,35,True,IN_SYNC,True
2024-01-04 11:15:00,us-west-2,20.926178240186577,135.88081386768127,87,0,99.99923699955268,217,1,False,204.27754109521152,48,False,IN_SYNC,True
2024-01-04 11:15:00,eu-west-1,67.55753424915135,106.28278980937621,595,0,99.99838650452294,101,2,False,139.15248951638796,40,False,IN_SYNC,True
2024-01-04 11:15:00,ap-southeast-1,126.22127780133141,195.32671151132905,543,0,99.99844665441687,236,1,False,477.27855685274113,15,False,LAGGING,True
2024-01-04 11:30:00,us-east-1,4.800937602535825,106.12829160462388,473,0,99.99918449712996,482,3,False,256.23569623952545,20,True,IN_SYNC,True
2024-01-04 11:30:00,us-west-2,13.805486391718427,197.3299584566712,999,0,99.99991266858561,154,0,False,267.49378700960153,36,False,IN_SYNC,True
2024-01-04 11:30:00,eu-west-1,41.88518546757636,91.83664299311681,77,0,99.99986868821435,151,2,False,360.3201889262455,31,False,IN_SYNC,True
2024-01-04 11:30:00,ap-southeast-1,112.6304935172867,178.4941515322283,774,0,99.99812251433951,146,1,False,126.42914076288977,21,False,LAGGING,True
2024-01-04 11:45:00,us-east-1,7.414612525436608,150.27295379507632,141,0,99.99803380413208,161,1,False,285.66647734430245,50,True,IN_SYNC,True
2024-01-04 11:45:00,us-west-2,13.303429172670809,149.12228065484197,742,0,99.99985100167294,136,2,False,126.19402203533126,31,False,IN_SYNC,True
2024-01-04 11:45:00,eu-west-1,46.14609503643207,186.87977101103357,151,0,99.99869762548929,285,3,False,435.7841335203106,35,False,IN_SYNC,True
2024-01-04 11:45:00,ap-southeast-1,127.94971690625454,104.9027009835145,326,0,99.99904627604064,461,3,False,255.39493696347634,31,False,LAGGING,True
2024-01-04 12:00:00,us-east-1,5.10483455528184,161.33032257191354,290,0,99.99986211029011,211,3,False,442.4367304173455,32,True,IN_SYNC,True
2024-01-04 12:00:00,us-west-2,19.80895453406777,82.11956013636993,892,0,99.99889798119425,325,2,False,176.0349937577143,45,False,IN_SYNC,True
2024-01-04 12:00:00,eu-west-1,57.76538669768285,88.56701663138651,826,0,99.9980993252464,107,1,False,431.0000978793013,43,False,IN_SYNC,True
2024-01-04 12:00:00,ap-southeast-1,131.05930558927793,144.87492695411333,266,0,99.99972263112709,419,2,False,180.98142547018142,11,False,LAGGING,True
2024-01-04 12:15:00,us-east-1,4.526818069917165,158.1247688039374,376,0,99.9989193728731,454,1,False,480.521934721965,35,True,IN_SYNC,True
2024-01-04 12:15:00,us-west-2,15.182628874988357,133.64057770084366,556,0,99.99889098015838,416,0,False,367.23537787008496,27,False,IN_SYNC,True
2024-01-04 12:15:00,eu-west-1,48.5462294111127,178.45614133818663,927,0,99.99937648203722,195,1,False,477.6106194369582,10,False,IN_SYNC,True
2024-01-04 12:15:00,ap-southeast-1,138.28493806006583,114.84443846149045,186,0,99.99854974432454,479,3,False,482.5782996422969,15,False,LAGGING,True
2024-01-04 12:30:00,us-east-1,6.4107515492568234,85.98286455058613,515,0,99.99916385305629,348,2,False,296.5393077603675,26,True,IN_SYNC,True
2024-01-04 12:30:00,us-west-2,13.643583297244668,78.69230939649523,253,0,99.99832600017923,333,0,False,228.62166308439424,45,False,IN_SYNC,True
2024-01-04 12:30:00,eu-west-1,72.94634686374283,106.88183965875592,863,0,99.99886883747007,404,1,False,248.07831909402753,34,False,IN_SYNC,True
2024-01-04 12:30:00,ap-southeast-1,126.19383641898172,157.24943137867365,964,0,99.99952757488354,399,3,False,210.17525247490914,33,False,LAGGING,True
2024-01-04 12:45:00,us-east-1,6.971925226178401,188.71753056453642,216,0,99.99843603776176,112,2,False,147.9328027823342,33,True,IN_SYNC,True
2024-01-04 12:45:00,us-west-2,12.738054578000964,56.73907363494929,675,0,99.99931702010761,243,2,False,472.7449821574415,25,False,IN_SYNC,True
2024-01-04 12:45:00,eu-west-1,60.10430646580812,58.4334698033404,158,0,99.99976253834605,147,1,False,410.00494116269135,39,False,IN_SYNC,True
2024-01-04 12:45:00,ap-southeast-1,104.70074249214292,159.46351835481656,943,0,99.99809378365583,139,3,False,274.6618161192532,48,False,LAGGING,True
2024-01-04 13:00:00,us-east-1,4.814446194076739,69.13046997765765,393,0,99.99806289645268,321,2,False,325.1886108792427,42,True,IN_SYNC,True
2024-01-04 13:00:00,us-west-2,19.70265593932535,191.86932584757915,154,0,99.99922775567414,359,1,False,121.43057937974677,34,False,IN_SYNC,True
2024-01-04 13:00:00,eu-west-1,41.62262725019913,106.47319791136215,994,0,99.99845136912491,346,2,False,129.0302037298877,39,False,IN_SYNC,True
2024-01-04 13:00:00,ap-southeast-1,117.62013011430264,167.75761424023023,415,0,99.99800592145591,249,3,False,185.5346796487245,24,False,LAGGING,True
2024-01-04 13:15:00,us-east-1,5.8986978128388134,125.34241967883327,862,0,99.9989834926912,413,3,False,254.4006291618781,38,True,IN_SYNC,True
2024-01-04 13:15:00,us-west-2,12.569724064712723,165.6488664467892,108,0,99.99884535907344,315,3,False,110.7500445476691,47,False,IN_SYNC,True
2024-01-04 13:15:00,eu-west-1,57.77627306551106,114.4361962676743,77,0,99.99852326887184,222,3,False,159.38538368977797,41,False,IN_SYNC,True
2024-01-04 13:15:00,ap-southeast-1,139.68722041456437,193.41941431373652,406,0,99.99986196825276,229,3,False,191.88568337492285,29,False,LAGGING,True
2024-01-04 13:30:00,us-east-1,5.389900314451115,89.35084688518978,349,0,99.99861743055368,406,2,False,305.19889261830974,24,True,IN_SYNC,True
2024-01-04 13:30:00,us-west-2,16.269497954704033,139.5788294029013,713,0,99.99904170620847,108,2,False,118.26728079474292,29,False,IN_SYNC,True
2024-01-04 13:30:00,eu-west-1,51.23481890746425,187.07352353464336,285,0,99.99983160340553,106,1,False,433.54167928285267,27,False,IN_SYNC,True
2024-01-04 13:30:00,ap-southeast-1,125.6085524579089,146.97588520813133,117,0,99.99929616230217,277,3,False,423.68718660205246,44,False,LAGGING,True
2024-01-04 13:45:00,us-east-1,5.527221625050426,165.4028087493088,276,0,99.99958097583612,321,1,False,119.6372193935475,13,True,IN_SYNC,True
2024-01-04 13:45:00,us-west-2,18.621457359681727,192.04091667868417,1000,0,99.9991366333872,113,2,False,215.2651005040691,31,False,IN_SYNC,True
2024-01-04 13:45:00,eu-west-1,46.00770567860567,129.9734454977887,466,0,99.9990470483127,152,2,False,354.6523812925874,46,False,IN_SYNC,True
2024-01-04 13:45:00,ap-southeast-1,105.753815678746,160.07561021655846,692,0,99.99840878663807,211,1,False,320.43762115856407,17,False,LAGGING,True
2024-01-04 14:00:00,us-east-1,6.543394967286139,178.48720744637941,848,0,99.99809759517774,123,3,False,393.929159999434,27,True,IN_SYNC,True
2024-01-04 14:00:00,us-west-2,21.28758918461299,190.41902677101538,144,0,99.9987068590126,227,2,False,324.7190829648238,38,False,IN_SYNC,True
2024-01-04 14:00:00,eu-west-1,65.62083952831637,140.42368730412971,241,0,99.99927899839993,154,1,False,377.1034322002363,26,False,IN_SYNC,True
2024-01-04 14:00:00,ap-southeast-1,90.97511039303598,194.21387173587635,123,0,99.99895925146559,383,0,False,335.9460420824256,45,False,IN_SYNC,True
2024-01-04 14:15:00,us-east-1,5.386291215359966,86.08007269627518,866,0,99.9993208935691,173,3,False,295.7219462342473,13,True,IN_SYNC,True
2024-01-04 14:15:00,us-west-2,14.49410711910897,120.89546369712973,965,0,99.99859306091456,344,3,False,337.2758102864344,15,False,IN_SYNC,True
2024-01-04 14:15:00,eu-west-1,56.56724717243533,181.40592867077683,820,0,99.99954444792795,138,0,False,139.0227513148502,25,False,IN_SYNC,True
2024-01-04 14:15:00,ap-southeast-1,91.65770229598412,51.70253165035575,261,0,99.99927251986071,160,3,False,108.86593406177153,15,False,IN_SYNC,True
2024-01-04 14:30:00,us-east-1,4.706591050795708,83.68128927608103,777,0,99.99983398803309,379,3,False,184.37110338073467,38,True,IN_SYNC,True
2024-01-04 14:30:00,us-west-2,13.500462008567439,113.34470632568272,601,0,99.99975024704014,263,3,False,145.810120231001,21,False,IN_SYNC,True
2024-01-04 14:30:00,eu-west-1,63.985385942297924,89.2930181412795,654,0,99.99950365155914,357,2,False,351.178565940559,17,False,IN_SYNC,True
2024-01-04 14:30:00,ap-southeast-1,94.00063518026327,116.37230256769723,575,0,99.99928384246766,459,0,False,368.0340664554367,33,False,IN_SYNC,True
2024-01-04 14:45:00,us-east-1,5.764649349512428,175.40527273519257,153,0,99.99824501848099,421,2,False,492.5890026946163,36,True,IN_SYNC,True
2024-01-04 14:45:00,us-west-2,16.617058649783715,158.387210138728,579,0,99.99939748199292,343,1,False,443.3985728178432,50,False,IN_SYNC,True
2024-01-04 14:45:00,eu-west-1,42.48787622568375,54.714416802721814,204,0,99.9993924495275,210,0,False,243.34978749946296,10,False,IN_SYNC,True
2024-01-04 14:45:00,ap-southeast-1,97.95068132358257,147.35781148982431,48,0,99.9991055153328,493,2,False,198.8312087435934,48,False,IN_SYNC,True
2024-01-04 15:00:00,us-east-1,4.238020335003335,59.407256504898385,485,0,99.99814671220932,404,1,False,216.85459089647483,34,True,IN_SYNC,True
2024-01-04 15:00:00,us-west-2,18.477544882096282,151.25671263074884,67,0,99.99891515840292,445,2,False,199.24435782074272,36,False,IN_SYNC,True
2024-01-04 15:00:00,eu-west-1,62.48591363680851,65.42989710734922,993,0,99.99877740764396,254,1,False,366.85196336654633,24,False,IN_SYNC,True
2024-01-04 15:00:00,ap-southeast-1,118.16100863095416,132.00405774631787,31,0,99.99897262870766,453,2,False,276.32094694602915,21,False,LAGGING,True
2024-01-04 15:15:00,us-east-1,6.186852905663195,163.78908308104565,25,0,99.99895302302173,236,2,False,194.70777543679793,39,True,IN_SYNC,True
2024-01-04 15:15:00,us-west-2,17.033659552844878,173.44878762699616,991,0,99.99993733604126,369,1,False,451.73641730362186,39,False,IN_SYNC,True
2024-01-04 15:15:00,eu-west-1,57.36087032727477,198.65657124007382,321,0,99.9981564920403,290,0,False,289.20893190163224,41,False,IN_SYNC,True
2024-01-04 15:15:00,ap-southeast-1,114.31454960080112,55.99608779180822,702,0,99.99800312941522,269,1,False,132.91247579672068,20,False,LAGGING,True
2024-01-04 15:30:00,us-east-1,5.767802302162922,163.4104160401268,230,0,99.99825732987217,272,0,False,474.0697449541708,42,True,IN_SYNC,True
2024-01-04 15:30:00,us-west-2,15.821698619180836,80.36063100250351,45,0,99.99863319781458,455,3,False,495.3534612070917,24,False,IN_SYNC,True
2024-01-04 15:30:00,eu-west-1,70.42218444397183,160.00189555068556,203,0,99.99916760126933,446,0,False,281.0298153020858,49,False,IN_SYNC,True
2024-01-04 15:30:00,ap-southeast-1,99.54289239544903,173.54574573081211,405,0,99.99920877351201,317,2,False,308.7993958911759,26,False,IN_SYNC,True
2024-01-04 15:45:00,us-east-1,6.219105769065026,115.32545464695241,470,0,99.9992470868509,217,3,False,293.8366796267904,19,True,IN_SYNC,True
2024-01-04 15:45:00,us-west-2,21.844755842362492,163.05119149147055,179,0,99.99826935892297,348,2,False,281.95351416829203,22,False,IN_SYNC,True
2024-01-04 15:45:00,eu-west-1,46.35455185513299,57.85468716635671,319,0,99.99903801669718,345,3,False,122.3897992501712,45,False,IN_SYNC,True
2024-01-04 15:45:00,ap-southeast-1,90.3886685347747,150.99185774482086,408,0,99.99932851488333,317,3,False,129.22638477925275,46,False,IN_SYNC,True
2024-01-04 16:00:00,us-east-1,4.436379213952313,160.0572103973492,185,0,99.99829885635215,188,1,False,273.3264429189697,15,True,IN_SYNC,True
2024-01-04 16:00:00,us-west-2,13.371272659570831,64.32092035712598,530,0,99.99828040684645,197,1,False,264.1193028775192,11,False,IN_SYNC,True
2024-01-04 16:00:00,eu-west-1,61.84769277883979,124.51507602600378,289,0,99.99838243199203,160,2,False,197.3125122866505,49,False,IN_SYNC,True
2024-01-04 16:00:00,ap-southeast-1,133.6404046736237,139.08182788187904,818,0,99.99844923748896,183,3,False,326.371469918648,34,False,LAGGING,True
2024-01-04 16:15:00,us-east-1,4.279905928272686,87.29721243097129,138,0,99.99920846342079,329,3,False,454.1412700146566,18,True,IN_SYNC,True
2024-01-04 16:15:00,us-west-2,13.798439040229923,182.66078390568282,609,0,99.9995783436234,375,2,False,204.38867341492366,32,False,IN_SYNC,True
2024-01-04 16:15:00,eu-west-1,72.98831939986891,106.03401379232876,534,0,99.99839636363649,440,3,False,179.58291933473842,50,False,IN_SYNC,True
2024-01-04 16:15:00,ap-southeast-1,81.05650325777438,55.15697277458036,104,0,99.99880597615393,422,2,False,151.78750328371956,27,False,IN_SYNC,True
2024-01-04 16:30:00,us-east-1,7.345463569969937,66.37160610432116,484,0,99.99925916347381,276,3,False,294.9479804561598,28,True,IN_SYNC,True
2024-01-04 16:30:00,us-west-2,22.42492610725555,90.9461791275576,234,0,99.99855912551514,425,0,False,492.55574727845294,21,False,IN_SYNC,True
2024-01-04 16:30:00,eu-west-1,61.66511103521884,145.5830042489494,673,0,99.99853434563117,377,1,False,105.29927512369514,22,False,IN_SYNC,True
2024-01-04 16:30:00,ap-southeast-1,84.84585927390043,127.26863156845938,50,0,99.99965863994852,286,1,False,293.3852774365359,24,False,IN_SYNC,True
2024-01-04 16:45:00,us-east-1,5.9562674224725125,87.23465221816193,437,0,99.99983752586942,262,1,False,379.26666850664583,21,True,IN_SYNC,True
2024-01-04 16:45:00,us-west-2,17.782438499505894,187.73092331925042,0,0,99.99927501323648,271,2,False,277.80134445489364,43,False,IN_SYNC,True
2024-01-04 16:45:00,eu-west-1,62.89842947120415,96.2980777883224,896,0,99.99881880630369,217,0,False,281.3001839409171,16,False,IN_SYNC,True
2024-01-04 16:45:00,ap-southeast-1,100.33106130164443,97.74715320975443,609,0,99.99940933383552,499,2,False,258.79005265234514,28,False,LAGGING,True
2024-01-04 17:00:00,us-east-1,6.1287606662510274,63.635172783029944,261,0,99.99844675715622,287,1,False,141.65518132721778,37,True,IN_SYNC,True
2024-01-04 17:00:00,us-west-2,17.918025854619962,119.68770572392498,383,0,99.99957920582247,176,1,False,423.60426363387114,37,False,IN_SYNC,True
2024-01-04 17:00:00,eu-west-1,63.254227981540865,62.32936469792233,276,0,99.99884799749498,458,0,False,340.30471837956566,41,False,IN_SYNC,True
2024-01-04 17:00:00,ap-southeast-1,96.83765085262543,93.06585974844526,692,0,99.99994250404133,422,3,False,263.5447162568712,13,False,IN_SYNC,True
2024-01-04 17:15:00,us-east-1,5.344681555867414,84.08294821465358,117,0,99.99971219059685,450,3,False,407.0037524129138,43,True,IN_SYNC,True
2024-01-04 17:15:00,us-west-2,22.05482957489164,172.19399315213042,834,0,99.99933987565002,328,0,False,469.43690540862957,47,False,IN_SYNC,True
2024-01-04 17:15:00,eu-west-1,65.39669696169838,55.786705601975065,358,0,99.99839812905255,403,2,False,333.6953672249732,26,False,IN_SYNC,True
2024-01-04 17:15:00,ap-southeast-1,119.5706277840063,50.057664466972604,649,0,99.99916833529505,194,0,False,318.34885284001984,17,False,LAGGING,True
2024-01-04 17:30:00,us-east-1,4.726928585399736,92.66156814249672,806,0,99.99826662960652,469,1,False,256.2212106205513,33,True,IN_SYNC,True
2024-01-04 17:30:00,us-west-2,14.343277416559879,173.48506306523683,414,0,99.99969690410968,139,2,False,254.43765528550833,27,False,IN_SYNC,True
2024-01-04 17:30:00,eu-west-1,42.85742465453629,61.55048587301728,596,0,99.9994954321226,392,0,False,340.6761623280877,17,False,IN_SYNC,True
2024-01-04 17:30:00,ap-southeast-1,128.84996348566932,171.1418809768298,592,0,99.99922591704836,292,3,False,310.76485574896935,50,False,LAGGING,True
2024-01-04 17:45:00,us-east-1,7.428456239232622,144.40048617814574,78,0,99.99866501918927,270,2,False,257.6845916406539,17,True,IN_SYNC,True
2024-01-04 17:45:00,us-west-2,14.99997776472264,63.563969432630316,929,0,99.9990167632137,276,0,False,234.75009946202613,38,False,IN_SYNC,True
2024-01-04 17:45:00,eu-west-1,42.980092202476264,89.52952397031575,491,0,99.99960319824815,357,0,False,315.7325532637378,47,False,IN_SYNC,True
2024-01-04 17:45:00,ap-southeast-1,92.16331441278601,77.39870794924501,936,0,99.99938347205389,254,0,False,217.62180798168532,36,False,IN_SYNC,True
2024-01-04 18:00:00,us-east-1,4.5249415414170775,90.31910343005814,201,0,99.99852832913075,497,0,False,144.64579947378624,26,True,IN_SYNC,True
2024-01-04 18:00:00,us-west-2,12.410514964947026,54.76578849659123,44,0,99.99895236562698,222,1,False,302.0847566272838,21,False,IN_SYNC,True
2024-01-04 18:00:00,eu-west-1,70.76294065143733,123.6026976623816,391,0,99.99808442033147,107,2,False,304.28462040206387,42,False,IN_SYNC,True
2024-01-04 18:00:00,ap-southeast-1,123.23935621450899,158.90539093854727,370,0,99.99886894840242,478,3,False,369.7588757507282,10,False,LAGGING,True
2024-01-04 18:15:00,us-east-1,4.685920997798258,150.1866966395616,604,0,99.99868087046599,489,2,False,462.0570790545659,30,True,IN_SYNC,True
2024-01-04 18:15:00,us-west-2,17.54798023056313,188.38190651011092,966,0,99.99880910204904,500,0,False,381.23840720982474,37,False,IN_SYNC,True
2024-01-04 18:15:00,eu-west-1,53.90533782680674,71.87028991937262,224,0,99.99817553042924,338,3,False,310.38963373737346,38,False,IN_SYNC,True
2024-01-04 18:15:00,ap-southeast-1,127.10258870874742,118.79829934444376,256,0,99.9991183330524,224,3,False,374.426071816872,26,False,LAGGING,True
2024-01-04 18:30:00,us-east-1,5.70554627876125,100.49980043440016,309,0,99.9994169150874,102,0,False,188.26910794357477,44,True,IN_SYNC,True
2024-01-04 18:30:00,us-west-2,18.271301662494555,108.78119141338792,606,0,99.99967282145653,205,1,False,485.02372799769995,11,False,IN_SYNC,True
2024-01-04 18:30:00,eu-west-1,59.1256723869197,130.13167472602288,846,0,99.99820172146542,171,0,False,308.7431302121362,44,False,IN_SYNC,True
2024-01-04 18:30:00,ap-southeast-1,146.57307678899133,168.47806795585518,824,0,99.99956817676926,242,3,False,336.14857657376365,32,False,LAGGING,True
2024-01-04 18:45:00,us-east-1,7.093499914978484,190.95783461307113,772,0,99.99906752700271,252,2,False,117.17834392919627,17,True,IN_SYNC,True
2024-01-04 18:45:00,us-west-2,16.53806145688989,114.66908684052997,604,0,99.99885826334834,358,0,False,294.2171124470175,21,False,IN_SYNC,True
2024-01-04 18:45:00,eu-west-1,67.06935202839206,133.02705848182404,138,0,99.99925738711748,142,0,False,165.84827929218844,10,False,IN_SYNC,True
2024-01-04 18:45:00,ap-southeast-1,135.16532075005912,87.85078399804135,818,0,99.99864729743413,478,1,False,103.36093789074465,45,False,LAGGING,True
2024-01-04 19:00:00,us-east-1,4.432742332982879,31.0114383577054,782,0,99.99978662111226,106,2,False,322.3687901264941,15,True,IN_SYNC,False
2024-01-04 19:00:00,us-west-2,17.13748641123381,33.78340378491427,438,0,99.99873393248097,323,0,False,166.36350123830613,40,False,IN_SYNC,False
2024-01-04 19:00:00,eu-west-1,52.72373292615581,66.3173024880237,818,0,99.99857167492884,323,0,False,150.977050307711,30,False,IN_SYNC,False
2024-01-04 19:00:00,ap-southeast-1,117.35097164938999,96.79791534442705,6,0,99.99894719610454,329,1,False,288.94302753008935,21,False,LAGGING,False
2024-01-04 19:15:00,us-east-1,6.009989112548601,73.06580674147374,506,0,99.9984085574036,356,2,False,282.70581734861406,15,True,IN_SYNC,False
2024-01-04 19:15:00,us-west-2,16.32839521897752,62.50281252265086,635,0,99.99937545250042,327,0,False,144.27971560961646,49,False,IN_SYNC,False
2024-01-04 19:15:00,eu-west-1,43.12601456922004,34.97209975425862,927,0,99.9995324405563,135,0,False,261.2219975852243,24,False,IN_SYNC,False
2024-01-04 19:15:00,ap-southeast-1,117.57774093054194,37.0985240800469,759,0,99.99858303291782,147,2,False,224.43989815640992,34,False,LAGGING,False
2024-01-04 19:30:00,us-east-1,5.459677615528151,98.86785959417344,509,0,99.99947009634175,343,1,False,312.25843565084904,17,True,IN_SYNC,False
2024-01-04 19:30:00,us-west-2,17.905017838668257,35.563062928159034,773,0,99.9982465665248,115,1,False,457.59899270434744,29,False,IN_SYNC,False
2024-01-04 19:30:00,eu-west-1,56.26341945530135,21.31510433681325,874,0,99.99894630388938,423,0,False,262.5049259636095,46,False,IN_SYNC,False
2024-01-04 19:30:00,ap-southeast-1,133.3019241832361,43.45144125447378,806,0,99.99967445983013,265,1,False,188.5956798295525,32,False,LAGGING,False
2024-01-04 19:45:00,us-east-1,4.690779339270044,62.28115040131506,85,0,99.99910989751052,363,0,False,128.1992646969528,33,True,IN_SYNC,False
2024-01-04 19:45:00,us-west-2,13.73222294692496,38.45916591475192,600,0,99.99945293966492,400,3,False,136.43904093112013,47,False,IN_SYNC,False
2024-01-04 19:45:00,eu-west-1,74.32300032813062,28.181764535533603,458,0,99.99953940520004,262,2,False,103.48321784230339,12,False,IN_SYNC,False
2024-01-04 19:45:00,ap-southeast-1,86.54459390304366,94.86219530461165,824,0,99.99998490752583,239,1,False,227.15578715386363,15,False,IN_SYNC,False
2024-01-04 20:00:00,us-east-1,4.0045369524876575,33.37058789966112,944,0,99.9994605928997,427,1,False,332.79886407027266,13,True,IN_SYNC,False
2024-01-04 20:00:00,us-west-2,17.893868755278064,98.19958422458592,358,0,99.99883533313347,361,0,False,486.7593307615921,35,False,IN_SYNC,False
2024-01-04 20:00:00,eu-west-1,44.46784988478567,64.0356505469161,609,0,99.99956643505814,253,3,False,204.62547665733072,34,False,IN_SYNC,False
2024-01-04 20:00:00,ap-southeast-1,104.86101507781012,44.7764950319468,780,0,99.99934211479193,277,3,False,188.65144255523597,45,False,LAGGING,False
2024-01-04 20:15:00,us-east-1,5.0437634625764485,28.001688169789034,766,0,99.99962548519798,185,1,False,190.77450811164533,33,True,IN_SYNC,False
2024-01-04 20:15:00,us-west-2,22.265802838080308,34.6037032733269,995,0,99.99898229614223,497,2,False,248.38260166092692,48,False,IN_SYNC,False
2024-01-04 20:15:00,eu-west-1,63.541649799554776,88.63286683420628,328,0,99.99809501911213,421,2,False,124.98582791729524,26,False,IN_SYNC,False
2024-01-04 20:15:00,ap-southeast-1,83.44148848223408,84.37039479884956,200,0,99.99824470393858,258,2,False,333.6145657318028,12,False,IN_SYNC,False
2024-01-04 20:30:00,us-east-1,4.587220012812864,76.12903088224131,486,0,99.99813168513195,352,3,False,285.283528477849,13,True,IN_SYNC,False
2024-01-04 20:30:00,us-west-2,16.96726592275887,35.800988680486924,985,0,99.99967185784801,473,1,False,410.7080157911051,21,False,IN_SYNC,False
2024-01-04 20:30:00,eu-west-1,48.23190362557356,30.86996311262279,300,0,99.99926930286237,175,3,False,233.17277082194695,25,False,IN_SYNC,False
2024-01-04 20:30:00,ap-southeast-1,145.45347938826305,94.64552248883474,967,0,99.99887132892381,461,3,False,232.55207093144315,24,False,LAGGING,False
2024-01-04 20:45:00,us-east-1,6.556496242929341,50.033828846342786,331,0,99.99907514647691,190,2,False,394.51693104075474,19,True,IN_SYNC,False
2024-01-04 20:45:00,us-west-2,16.784528734547518,40.25611783167028,433,0,99.99918465969499,396,2,False,327.0486494186358,42,False,IN_SYNC,False
2024-01-04 20:45:00,eu-west-1,43.995064724584964,27.49547634243057,228,0,99.99914842755823,122,0,False,170.40159394868235,43,False,IN_SYNC,False
2024-01-04 20:45:00,ap-southeast-1,141.6711313078974,20.573716719742514,600,0,99.99858827970203,238,1,False,124.50430263975937,23,False,LAGGING,False
2024-01-04 21:00:00,us-east-1,4.694261417679466,64.46103693456237,828,0,99.99923262931556,493,3,False,396.5095933027118,18,True,IN_SYNC,False
2024-01-04 21:00:00,us-west-2,16.558598441664998,76.87183375616915,364,0,99.99938180374295,467,3,False,165.9290785545434,35,False,IN_SYNC,False
2024-01-04 21:00:00,eu-west-1,69.39659975588378,34.418686116475996,937,0,99.99899509995912,270,0,False,299.9755263738676,27,False,IN_SYNC,False
2024-01-04 21:00:00,ap-southeast-1,140.35909559768658,92.56501701668944,692,0,99.99811398100867,391,2,False,158.45159100693405,21,False,LAGGING,False
2024-01-04 21:15:00,us-east-1,6.374204308608359,35.94470234879617,327,0,99.99827114661996,457,3,False,111.13340917881334,29,True,IN_SYNC,False
2024-01-04 21:15:00,us-west-2,12.68336977261883,58.965667357363316,535,0,99.99935095553096,339,0,False,447.1784212455117,23,False,IN_SYNC,False
2024-01-04 21:15:00,eu-west-1,64.69057751217984,60.43241338042053,187,0,99.9987134128882,146,0,False,400.03529599018634,38,False,IN_SYNC,False
2024-01-04 21:15:00,ap-southeast-1,137.53972431257995,84.68026410612393,137,0,99.99832890668837,226,3,False,394.4789240365877,33,False,LAGGING,False
2024-01-04 21:30:00,us-east-1,5.535220466604955,22.482523105801384,396,0,99.99994462777579,425,0,False,369.7533429170305,12,True,IN_SYNC,False
2024-01-04 21:30:00,us-west-2,14.67296527486949,66.60789191898192,832,0,99.9985521173221,497,3,False,102.68714987788647,21,False,IN_SYNC,False
2024-01-04 21:30:00,eu-west-1,62.656048027625566,90.89443683258219,650,0,99.99943226931939,458,2,False,306.8335061877929,29,False,IN_SYNC,False
2024-01-04 21:30:00,ap-southeast-1,100.83476389221273,59.189027053522366,356,0,99.99914025645624,425,0,False,294.06204265305195,44,False,LAGGING,False
2024-01-04 21:45:00,us-east-1,4.876510251018601,24.739399667075634,74,0,99.99837118181694,493,3,False,422.1319986611834,24,True,IN_SYNC,False
2024-01-04 21:45:00,us-west-2,16.046498823127816,91.33899313788038,251,0,99.99919531299193,410,0,False,228.75704985567333,44,False,IN_SYNC,False
2024-01-04 21:45:00,eu-west-1,64.10862387647322,49.25251201843697,675,0,99.999548469192,293,2,False,124.91860588826822,39,False,IN_SYNC,False
2024-01-04 21:45:00,ap-southeast-1,130.7986867812203,50.80111773100686,1000,0,99.99974332263673,331,1,False,418.5973413460306,37,False,LAGGING,False
2024-01-04 22:00:00,us-east-1,4.077955705033858,76.28549928004806,45,0,99.99860739567849,275,2,False,214.86049629536274,15,True,IN_SYNC,False
2024-01-04 22:00:00,us-west-2,21.589795126657922,62.24431854114052,137,0,99.99892495252145,317,1,False,145.76284043161945,17,False,IN_SYNC,False
2024-01-04 22:00:00,eu-west-1,58.485277616034104,89.78675745922006,792,0,99.99806569553533,164,2,False,477.0338922411225,43,False,IN_SYNC,False
2024-01-04 22:00:00,ap-southeast-1,119.72905872978421,36.7432818585811,963,0,99.99894675464337,427,3,False,369.29824311261285,48,False,LAGGING,False
2024-01-04 22:15:00,us-east-1,5.36780570827872,79.4398263767259,143,0,99.99996234217396,310,0,False,396.3722966724132,25,True,IN_SYNC,False
2024-01-04 22:15:00,us-west-2,17.42657498071549,78.28234579057488,784,0,99.99990435351421,154,0,False,473.93079532511274,45,False,IN_SYNC,False
2024-01-04 22:15:00,eu-west-1,62.6269229801272,89.64453404417948,615,0,99.9990585431131,196,2,False,424.892550656751,39,False,IN_SYNC,False
2024-01-04 22:15:00,ap-southeast-1,140.31099190488084,27.743300288848296,730,0,99.99971039152139,425,3,False,116.31122099579474,43,False,LAGGING,False
2024-01-04 22:30:00,us-east-1,4.720947934565832,46.572378351020454,789,0,99.99871370248928,460,1,False,446.77179140523094,17,True,IN_SYNC,False
2024-01-04 22:30:00,us-west-2,12.779252403460793,51.70487224949602,675,0,99.9996190868644,348,1,False,342.7693030364795,39,False,IN_SYNC,False
2024-01-04 22:30:00,eu-west-1,48.10153053274191,75.12164703901679,133,0,99.99938881910401,151,2,False,270.2551554529348,40,False,IN_SYNC,False
2024-01-04 22:30:00,ap-southeast-1,82.14306771923954,82.87469967864969,765,0,99.99887773853993,370,1,False,472.65169824361976,45,False,IN_SYNC,False
2024-01-04 22:45:00,us-east-1,6.2483470016782405,55.42245305523522,979,0,99.99844246711686,453,1,False,145.78110829081035,27,True,IN_SYNC,False
2024-01-04 22:45:00,us-west-2,15.250245098372021,73.38969597107742,314,0,99.99882699448948,111,2,False,356.0059795556821,13,False,IN_SYNC,False
2024-01-04 22:45:00,eu-west-1,42.57387827986238,25.38934436409585,773,0,99.99937445286928,456,0,False,130.63520569215171,17,False,IN_SYNC,False
2024-01-04 22:45:00,ap-southeast-1,102.465964729756,75.20168214381312,536,0,99.99847781668394,121,3,False,273.3178015679682,21,False,LAGGING,False
2024-01-04 23:00:00,us-east-1,5.452430331771243,72.16082610702239,533,0,99.998931150253,310,2,False,406.7166493577041,39,True,IN_SYNC,False
2024-01-04 23:00:00,us-west-2,21.59791251231067,65.33107671176148,989,0,99.99819990509647,174,3,False,458.1246771725078,12,False,IN_SYNC,False
2024-01-04 23:00:00,eu-west-1,74.83089766750754,51.252114796553066,946,0,99.99849599391752,290,2,False,364.29788018367816,32,False,IN_SYNC,False
2024-01-04 23:00:00,ap-southeast-1,124.71612577072644,97.55517579680946,194,0,99.99847988191617,143,0,False,345.4835563366304,33,False,LAGGING,False
2024-01-04 23:15:00,us-east-1,7.35133588003124,98.43341029646523,977,0,99.9991813560437,397,0,False,241.0896512399975,17,True,IN_SYNC,False
2024-01-04 23:15:00,us-west-2,12.517292828571865,48.99596919191815,285,0,99.99929773004705,132,2,False,294.36962497061506,24,False,IN_SYNC,False
2024-01-04 23:15:00,eu-west-1,66.14766259805029,95.79985482963166,624,0,99.99956049331372,124,2,False,292.0163950305264,38,False,IN_SYNC,False
2024-01-04 23:15:00,ap-southeast-1,95.04429203008768,55.12337870183054,30,0,99.9996535965041,156,3,False,275.0100391323497,48,False,IN_SYNC,False
2024-01-04 23:30:00,us-east-1,6.123650070836549,91.36445940251188,841,0,99.99805668334271,106,2,False,205.50808903250572,28,True,IN_SYNC,False
2024-01-04 23:30:00,us-west-2,18.350141548049113,81.60336232563387,375,0,99.99907685750959,247,2,False,218.48625288011286,32,False,IN_SYNC,False
2024-01-04 23:30:00,eu-west-1,72.07107475180688,41.98869633494907,896,0,99.99852325131289,259,1,False,416.0413119133466,12,False,IN_SYNC,False
2024-01-04 23:30:00,ap-southeast-1,131.4821346471598,86.60769368956105,253,0,99.99955918339539,487,0,False,171.69631845670818,25,False,LAGGING,False
2024-01-04 23:45:00,us-east-1,6.253681316991169,70.46235342255514,115,0,99.99861454841728,125,0,False,498.0333346737763,11,True,IN_SYNC,False
2024-01-04 23:45:00,us-west-2,18.250532064926904,45.18321872906574,375,0,99.99815657302862,278,0,False,424.14008253437527,44,False,IN_SYNC,False
2024-01-04 23:45:00,eu-west-1,46.76738691330449,66.02018807900812,896,0,99.99895624038257,392,0,False,497.27328900880264,17,False,IN_SYNC,False
2024-01-04 23:45:00,ap-southeast-1,106.37778318991175,50.96695289714511,675,0,99.99989234316172,157,0,False,370.2938517137725,39,False,LAGGING,False
2024-01-05 00:00:00,us-east-1,5.1136542795349875,70.76212502155424,815,0,99.99923536782909,114,1,False,384.81116191387326,40,True,IN_SYNC,False
2024-01-05 00:00:00,us-west-2,16.484167664580255,44.457939527063395,655,0,99.99977536331461,441,1,False,172.61108694081622,10,False,IN_SYNC,False
2024-01-05 00:00:00,eu-west-1,57.90007887763714,55.71649616986519,87,0,99.99928989384252,298,3,False,311.9534405995123,46,False,IN_SYNC,False
2024-01-05 00:00:00,ap-southeast-1,136.45562634795678,67.37951741372123,212,0,99.99935618702213,304,2,False,414.4068003121896,43,False,LAGGING,False
2024-01-05 00:15:00,us-east-1,4.859043318639192,53.539016075979276,222,0,99.99837931078298,293,1,False,347.2321744141478,10,True,IN_SYNC,False
2024-01-05 00:15:00,us-west-2,17.293875835177882,80.07492499614003,12,0,99.99826112053219,152,2,False,106.00788494100955,32,False,IN_SYNC,False
2024-01-05 00:15:00,eu-west-1,45.25097920750374,91.75350366999994,183,0,99.99841727506295,239,0,False,297.2855120094638,14,False,IN_SYNC,False
2024-01-05 00:15:00,ap-southeast-1,124.71498148452392,45.14041685635402,531,0,99.99845620120487,458,3,False,460.2094311718833,13,False,LAGGING,False
2024-01-05 00:30:00,us-east-1,5.42558998570242,69.1127982882748,180,0,99.99867176337229,443,3,False,130.0272971408067,50,True,IN_SYNC,False
2024-01-05 00:30:00,us-west-2,14.08855835170681,22.29115271768979,671,0,99.99812831699336,386,3,False,346.5060607448452,42,False,IN_SYNC,False
2024-01-05 00:30:00,eu-west-1,71.44081754981377,80.34551062305283,396,0,99.99994774679776,497,2,False,424.2268566800196,32,False,IN_SYNC,False
2024-01-05 00:30:00,ap-southeast-1,81.57546927939421,83.9862368006051,751,0,99.99964219431655,147,3,False,287.1715058619734,14,False,IN_SYNC,False
2024-01-05 00:45:00,us-east-1,5.401814127770522,96.51679832253002,518,0,99.99994172488825,227,1,False,453.816621644215,13,True,IN_SYNC,False
2024-01-05 00:45:00,us-west-2,13.111783209136158,48.6322376735132,899,0,99.99836812464953,436,3,False,180.30770456813792,16,False,IN_SYNC,False
2024-01-05 00:45:00,eu-west-1,55.10734238160262,81.80019590011574,254,0,99.99904787064548,424,3,False,347.5587361041461,44,False,IN_SYNC,False
2024-01-05 00:45:00,ap-southeast-1,100.77854434114815,52.43265531671304,343,0,99.99979712518848,226,2,False,253.60976465828378,41,False,LAGGING,False
2024-01-05 01:00:00,us-east-1,4.62116671383262,99.42814317803942,979,0,99.99861291441108,202,0,False,374.95537061974426,40,True,IN_SYNC,False
2024-01-05 01:00:00,us-west-2,16.0049664452999,85.19138735441618,656,0,99.99913619502901,195,3,False,380.1522750650996,46,False,IN_SYNC,False
2024-01-05 01:00:00,eu-west-1,52.75110303559983,34.57760855068432,70,0,99.99864742834144,283,0,False,277.9942646476575,45,False,IN_SYNC,False
2024-01-05 01:00:00,ap-southeast-1,96.11651046665021,47.895289224607694,534,0,99.99955098931162,160,3,False,340.47251407213366,10,False,IN_SYNC,False
2024-01-05 01:15:00,us-east-1,6.44682837500191,60.58476536000669,882,0,99.99878777181908,148,0,False,395.48973743671627,20,True,IN_SYNC,False
2024-01-05 01:15:00,us-west-2,14.322441320778397,63.30820792758678,508,0,99.99804146379245,167,0,False,482.2493037326216,32,False,IN_SYNC,False
2024-01-05 01:15:00,eu-west-1,65.73913524639181,22.090853312779863,469,0,99.99803995920736,363,0,False,144.09122790732548,32,False,IN_SYNC,False
2024-01-05 01:15:00,ap-southeast-1,117.355732275107,91.15924180164707,194,0,99.99920288525261,220,0,False,418.2650552988017,30,False,LAGGING,False
2024-01-05 01:30:00,us-east-1,7.011897144509039,53.520576691904594,262,0,99.99845094688675,265,0,False,312.4864960073235,23,True,IN_SYNC,False
2024-01-05 01:30:00,us-west-2,14.277527915670591,55.768771125623914,894,0,99.99985131729647,310,2,False,244.367188066101,31,False,IN_SYNC,False
2024-01-05 01:30:00,eu-west-1,45.85395375803667,87.34036468921832,135,0,99.99964244508803,494,0,False,199.56125228719893,43,False,IN_SYNC,False
2024-01-05 01:30:00,ap-southeast-1,136.86304999365117,39.65573466239354,533,0,99.99945375865579,148,0,False,270.13059185368724,38,False,LAGGING,False
2024-01-05 01:45:00,us-east-1,6.569066130567074,44.31720849887537,856,0,99.99815963610003,499,0,False,475.85576798632354,44,True,IN_SYNC,False
2024-01-05 01:45:00,us-west-2,20.7371380782018,90.63246261764108,522,0,99.99849801845976,258,0,False,368.84877129237464,21,False,IN_SYNC,False
2024-01-05 01:45:00,eu-west-1,46.078333799615265,54.10554771204485,195,0,99.9998075088659,252,2,False,145.602576655801,43,False,IN_SYNC,False
2024-01-05 01:45:00,ap-southeast-1,145.82889504236286,54.03397347535466,794,0,99.99959144134061,348,2,False,272.28046964135865,15,False,LAGGING,False
2024-01-05 02:00:00,us-east-1,6.559883062066545,61.70629249897378,123,0,99.99897831468512,399,3,False,265.6180124292378,14,True,IN_SYNC,False
2024-01-05 02:00:00,us-west-2,15.086571911125246,66.02382625270849,728,0,99.99864186595003,259,3,False,483.88837819253376,21,False,IN_SYNC,False
2024-01-05 02:00:00,eu-west-1,50.50072513614319,34.60665759746054,284,0,99.99913205011212,107,1,False,426.95924364506715,35,False,IN_SYNC,False
2024-01-05 02:00:00,ap-southeast-1,82.93379512847497,20.816162420073006,494,0,99.99822962865186,283,0,False,242.43452293420015,26,False,IN_SYNC,False
2024-01-05 02:15:00,us-east-1,4.819639182031928,35.70170731907882,904,0,99.99880836460402,133,1,False,144.38846805655348,31,True,IN_SYNC,False
2024-01-05 02:15:00,us-west-2,21.688757774259404,37.397787066529474,888,0,99.99869315495354,455,3,False,481.11412377207597,43,False,IN_SYNC,False
2024-01-05 02:15:00,eu-west-1,61.15193239680299,27.459740353728932,459,0,99.99804271597347,243,0,False,405.5057630235007,13,False,IN_SYNC,False
2024-01-05 02:15:00,ap-southeast-1,113.31900922013615,47.76410077600086,174,0,99.99802750048133,383,2,False,328.74536219974016,21,False,LAGGING,False
2024-01-05 02:30:00,us-east-1,5.334747585691982,23.28424289672604,445,0,99.99906865344784,114,1,False,425.00918657723497,20,True,IN_SYNC,False
2024-01-05 02:30:00,us-west-2,19.93216941251734,20.03575267264976,735,0,99.99999430381307,495,1,False,187.28632283444782,28,False,IN_SYNC,False
2024-01-05 02:30:00,eu-west-1,55.66907679170651,23.47792865230531,130,0,99.9995274201325,196,1,False,360.0768255762921,25,False,IN_SYNC,False
2024-01-05 02:30:00,ap-southeast-1,94.44068690089568,48.66125595980271,593,0,99.99907146267218,500,1,False,136.32257423709703,31,False,IN_SYNC,False
2024-01-05 02:45:00,us-east-1,4.690607734780501,92.8113410303449,143,0,99.998970273405,242,1,False,201.73452461064375,12,True,IN_SYNC,False
2024-01-05 02:45:00,us-west-2,18.71992777021931,21.25127461370793,863,0,99.99900886716333,132,1,False,463.32432576737574,25,False,IN_SYNC,False
2024-01-05 02:45:00,eu-west-1,69.33335978955763,98.3387679459371,879,0,99.99942350019059,128,3,False,353.59043558064445,22,False,IN_SYNC,False
2024-01-05 02:45:00,ap-southeast-1,126.52073922516496,20.57553872486323,242,0,99.99879186700888,480,1,False,434.0323595307732,23,False,LAGGING,False
2024-01-05 03:00:00,us-east-1,6.5229069287680925,59.87487660717591,327,0,99.99893690518984,441,1,False,130.7844551739679,43,True,IN_SYNC,False
2024-01-05 03:00:00,us-west-2,17.62668490031397,83.0347648881015,749,0,99.9983420551222,463,2,False,220.45950319433487,23,False,IN_SYNC,False
2024-01-05 03:00:00,eu-west-1,62.43458513698087,65.53560539119921,707,0,99.99866100797949,314,0,False,183.88821020967652,22,False,IN_SYNC,False
2024-01-05 03:00:00,ap-southeast-1,139.07829019321701,74.54417584788125,101,0,99.99914769023192,155,2,False,348.5833503055767,33,False,LAGGING,False
2024-01-05 03:15:00,us-east-1,5.764581599345671,52.48720883158741,427,0,99.9990589841442,473,3,False,437.6695241527929,50,True,IN_SYNC,False
2024-01-05 03:15:00,us-west-2,18.414910928814415,22.331491021587144,891,0,99.99829900164899,208,3,False,147.59704240707026,39,False,IN_SYNC,False
2024-01-05 03:15:00,eu-west-1,66.06320543366255,59.60592809643404,136,0,99.99853455941059,434,0,False,324.63770470608154,24,False,IN_SYNC,False
2024-01-05 03:15:00,ap-southeast-1,89.08030292631449,79.58548793997001,732,0,99.99956923468258,280,3,False,165.77833328654714,49,False,IN_SYNC,False
2024-01-05 03:30:00,us-east-1,6.423928518364087,68.75231109947993,842,0,99.99957058801826,297,3,False,417.0762104513248,13,True,IN_SYNC,False
2024-01-05 03:30:00,us-west-2,14.407184179595545,62.26217701585015,478,0,99.9991043736685,248,0,False,246.16820185084686,23,False,IN_SYNC,False
2024-01-05 03:30:00,eu-west-1,46.62387118485166,38.17468061283189,519,0,99.99980842706488,114,1,False,148.7464890079631,32,False,IN_SYNC,False
2024-01-05 03:30:00,ap-southeast-1,143.8617596047156,42.737032795969284,788,0,99.99956097622032,305,3,False,424.8538050228247,18,False,LAGGING,False
2024-01-05 03:45:00,us-east-1,5.4756529096566755,62.91650628249221,301,0,99.9992982539405,314,1,False,204.293815102843,42,True,IN_SYNC,False
2024-01-05 03:45:00,us-west-2,17.56458210297903,89.00178786000531,706,0,99.99838752099627,173,2,False,209.90077791905128,12,False,IN_SYNC,False
2024-01-05 03:45:00,eu-west-1,67.77063777656345,62.28650009063256,115,0,99.99954940044482,363,0,False,160.9888412005267,31,False,IN_SYNC,False
2024-01-05 03:45:00,ap-southeast-1,134.5669133431993,50.088947347185304,141,0,99.99880085256859,320,1,False,385.9074010093448,23,False,LAGGING,False
2024-01-05 04:00:00,us-east-1,7.1097638447655935,43.747002880965866,384,0,99.99828879249135,125,3,False,421.51980687666503,41,True,IN_SYNC,False
2024-01-05 04:00:00,us-west-2,15.267499172166598,74.20271037531722,614,0,99.99847059496769,478,1,False,487.930925827806,34,False,IN_SYNC,False
2024-01-05 04:00:00,eu-west-1,50.40666740235048,44.833848261346645,668,0,99.9996266985824,282,2,False,294.6170561439726,28,False,IN_SYNC,False
2024-01-05 04:00:00,ap-southeast-1,143.46432899469787,53.7566604430646,724,0,99.99903724119503,148,0,False,418.91816402370614,15,False,LAGGING,False
2024-01-05 04:15:00,us-east-1,6.617049441772286,37.025325823428545,817,0,99.99897154509823,161,2,False,218.00888424668915,32,True,IN_SYNC,False
2024-01-05 04:15:00,us-west-2,18.80738678584284,34.75572417963783,392,0,99.9999920816912,390,2,False,353.55345051536074,21,False,IN_SYNC,False
2024-01-05 04:15:00,eu-west-1,60.39692819636997,91.00856289047418,863,0,99.99833679846138,403,1,False,141.48861286862618,40,False,IN_SYNC,False
2024-01-05 04:15:00,ap-southeast-1,131.57726895746072,41.57394004733523,814,0,99.99805368105847,409,1,False,360.6671780258399,50,False,LAGGING,False
2024-01-05 04:30:00,us-east-1,7.209376450752474,43.376247214652494,818,0,99.9990458453268,370,0,False,228.60282213941727,12,True,IN_SYNC,False
2024-01-05 04:30:00,us-west-2,14.560321614726998,37.896874840208824,562,0,99.99827870060908,190,3,False,153.37340467453726,16,False,IN_SYNC,False
2024-01-05 04:30:00,eu-west-1,41.446831077499816,36.74213873873203,532,0,99.99887732702409,111,2,False,234.03418318059587,33,False,IN_SYNC,False
2024-01-05 04:30:00,ap-southeast-1,135.39097565649888,45.68398244258084,564,0,99.99984813082804,268,3,False,451.0603327398096,41,False,LAGGING,False
2024-01-05 04:45:00,us-east-1,6.931729092582561,85.66029113584476,359,0,99.99907756505071,346,0,False,463.8600624875247,35,True,IN_SYNC,False
2024-01-05 04:45:00,us-west-2,16.203194632716176,69.02914622565818,196,0,99.999328340067,223,0,False,312.6992262313374,29,False,IN_SYNC,False
2024-01-05 04:45:00,eu-west-1,40.373361035083505,51.05375501732824,468,0,99.99945205731953,475,3,False,295.2347103587995,48,False,IN_SYNC,False
2024-01-05 04:45:00,ap-southeast-1,122.46292188732228,37.01262748882246,411,0,99.99864637145131,396,1,False,129.4413664904693,45,False,LAGGING,False
2024-01-05 05:00:00,us-east-1,6.7140664901620495,85.14183621684693,959,0,99.99815926674424,427,0,False,360.0058887145955,32,True,IN_SYNC,False
2024-01-05 05:00:00,us-west-2,12.526578424606917,93.16295871018323,872,0,99.99888616052066,487,0,False,270.57923371507377,34,False,IN_SYNC,False
2024-01-05 05:00:00,eu-west-1,62.068077780730434,65.28274962255594,390,0,99.99847093696779,150,1,False,117.39765917957716,22,False,IN_SYNC,False
2024-01-05 05:00:00,ap-southeast-1,88.03255203858265,72.62549649020315,880,0,99.9991355026445,327,3,False,413.8248020407736,10,False,IN_SYNC,False
2024-01-05 05:15:00,us-east-1,7.462923288666499,93.97499923010207,669,0,99.99810735653638,368,0,False,369.66154140663696,38,True,IN_SYNC,False
2024-01-05 05:15:00,us-west-2,22.275335070102216,47.410184362331655,392,0,99.99830436771046,497,2,False,474.91811990397343,49,False,IN_SYNC,False
2024-01-05 05:15:00,eu-west-1,45.2547593622241,62.74062767382144,341,0,99.99914354494112,191,0,False,276.4698362298733,45,False,IN_SYNC,False
2024-01-05 05:15:00,ap-southeast-1,84.51155088600302,24.48730299715459,609,0,99.99978487498916,415,3,False,336.3780011950258,40,False,IN_SYNC,False
2024-01-05 05:30:00,us-east-1,4.674841516482484,26.367556998784806,809,0,99.99883714871999,499,2,False,428.5666961575041,16,True,IN_SYNC,False
2024-01-05 05:30:00,us-west-2,21.644422894023435,96.39328760344529,622,0,99.99947141358852,304,0,False,103.59085441509248,44,False,IN_SYNC,False
2024-01-05 05:30:00,eu-west-1,64.09748288338197,88.44249821676156,70,0,99.99853867011336,379,0,False,157.9405187134073,27,False,IN_SYNC,False
2024-01-05 05:30:00,ap-southeast-1,93.52436216852178,60.712867855800916,492,0,99.99882427060513,350,0,False,480.0541490143139,42,False,IN_SYNC,False
2024-01-05 05:45:00,us-east-1,4.252785939265392,81.58403674192317,534,0,99.99937397847167,314,2,False,379.10857348421996,44,True,IN_SYNC,False
2024-01-05 05:45:00,us-west-2,17.24742726350174,55.79240280531426,557,0,99.99818752622582,436,3,False,459.3206104018161,22,False,IN_SYNC,False
2024-01-05 05:45:00,eu-west-1,71.49468298903265,89.20553970913932,113,0,99.99981048544835,439,0,False,134.22348869593827,45,False,IN_SYNC,False
2024-01-05 05:45:00,ap-southeast-1,98.56372629624298,24.82152258590734,44,0,99.99999291718132,384,3,False,133.81466225114048,36,False,IN_SYNC,False
2024-01-05 06:00:00,us-east-1,5.094562765770504,58.969987590340025,606,0,99.99932980793376,356,2,False,261.2697644749177,46,True,IN_SYNC,False
2024-01-05 06:00:00,us-west-2,17.998862162669127,66.79279146778023,562,0,99.99978167936577,402,0,False,104.47058974458284,49,False,IN_SYNC,False
2024-01-05 06:00:00,eu-west-1,47.823724968889294,52.88319186844643,130,0,99.9982080720762,490,0,False,382.0446788242723,10,False,IN_SYNC,False
2024-01-05 06:00:00,ap-southeast-1,125.93878786528072,78.86386639699619,168,0,99.99950583569256,468,2,False,165.57918845576313,38,False,LAGGING,False
2024-01-05 06:15:00,us-east-1,5.430902561214841,47.29526042591033,144,0,99.99902720168191,399,2,False,169.41425661952155,14,True,IN_SYNC,False
2024-01-05 06:15:00,us-west-2,16.04666849359659,62.849195638600186,731,0,99.99818169502974,176,2,False,499.9125350261236,39,False,IN_SYNC,False
2024-01-05 06:15:00,eu-west-1,58.327891772522214,73.52020170004856,624,0,99.99838950980161,406,0,False,234.1727101420479,28,False,IN_SYNC,False
2024-01-05 06:15:00,ap-southeast-1,145.49313910758866,43.283272891903636,436,0,99.9987725885953,402,0,False,485.0870036556904,44,False,LAGGING,False
2024-01-05 06:30:00,us-east-1,4.986442261709449,95.24745660468635,132,0,99.9988353722101,370,3,False,152.9738420146004,28,True,IN_SYNC,False
2024-01-05 06:30:00,us-west-2,18.404487284183883,93.90267931174786,421,0,99.99854986364325,283,2,False,482.2505543837623,34,False,IN_SYNC,False
2024-01-05 06:30:00,eu-west-1,51.16374697862992,58.28057447264824,771,0,99.99806715347943,174,1,False,117.84317914127777,28,False,IN_SYNC,False
2024-01-05 06:30:00,ap-southeast-1,135.7309701516383,88.28702602294614,270,0,99.99995280253216,481,0,False,233.0412945601645,30,False,LAGGING,False
2024-01-05 06:45:00,us-east-1,5.72900658068161,70.14380860769474,401,0,99.99822335588293,105,0,False,292.6509347627564,18,True,IN_SYNC,False
2024-01-05 06:45:00,us-west-2,13.164048355063757,56.77999018277036,26,0,99.99978403996646,484,0,False,372.0423715555242,43,False,IN_SYNC,False
2024-01-05 06:45:00,eu-west-1,42.15317480390342,45.97475206668087,965,0,99.99951905697267,339,2,False,358.6069610767527,30,False,IN_SYNC,False
2024-01-05 06:45:00,ap-southeast-1,108.87877069492204,90.59544803479395,604,0,99.99842204811394,181,2,False,243.01870185481,14,False,LAGGING,False
2024-01-05 07:00:00,us-east-1,6.095472123413579,41.190576937924,115,0,99.99953913748784,387,1,False,210.58366418430884,50,True,IN_SYNC,False
2024-01-05 07:00:00,us-west-2,15.720164906579315,41.548813231183495,518,0,99.9999036310139,462,2,False,323.30256640671377,41,False,IN_SYNC,False
2024-01-05 07:00:00,eu-west-1,69.12740110069971,63.77815343687261,347,0,99.9999773113542,250,2,False,267.12999055236844,17,False,IN_SYNC,False
2024-01-05 07:00:00,ap-southeast-1,104.83654967671248,54.93333371998381,85,0,99.99863686477929,147,1,False,201.3350070400464,17,False,LAGGING,False
2024-01-05 07:15:00,us-east-1,6.9991120288141655,86.56542725947662,437,0,99.99902104599786,409,1,False,233.88931568832982,36,True,IN_SYNC,False
2024-01-05 07:15:00,us-west-2,21.13872188998068,61.22597215239884,720,0,99.99839929749308,438,1,False,400.92617349628495,48,False,IN_SYNC,False
2024-01-05 07:15:00,eu-west-1,71.15280295794572,83.47198054697725,37,0,99.99835001883604,382,1,False,422.55942933179733,23,False,IN_SYNC,False
2024-01-05 07:15:00,ap-southeast-1,116.5829755856573,50.971182569107356,520,0,99.99865529875528,436,1,False,380.3512650891136,15,False,LAGGING,False
2024-01-05 07:30:00,us-east-1,4.910029026280575,70.15929779911421,586,0,99.99887604311073,193,2,False,125.36701709644854,39,True,IN_SYNC,False
2024-01-05 07:30:00,us-west-2,17.856487781630232,24.74341684248353,538,0,99.99820883943825,120,1,False,292.87977439322304,23,False,IN_SYNC,False
2024-01-05 07:30:00,eu-west-1,57.23678551280699,65.90924331508961,852,0,99.99887785522779,106,0,False,118.38630550665181,47,False,IN_SYNC,False
2024-01-05 07:30:00,ap-southeast-1,89.95716534535315,80.45938436298397,687,0,99.99814597380976,146,2,False,410.62169131172755,29,False,IN_SYNC,False
2024-01-05 07:45:00,us-east-1,5.765719042639201,94.50467150216488,853,0,99.99871904018323,244,3,False,321.8189958751639,21,True,IN_SYNC,False
2024-01-05 07:45:00,us-west-2,20.626682578192366,89.8505477652488,607,0,99.99892780503713,378,0,False,390.2376667756746,40,False,IN_SYNC,False
2024-01-05 07:45:00,eu-west-1,61.48250113984937,90.91357396594287,680,0,99.99895321935418,438,3,False,269.5544478108612,23,False,IN_SYNC,False
2024-01-05 07:45:00,ap-southeast-1,123.04317109121187,58.910398734170656,753,0,99.99947544437487,292,3,False,468.7829235871974,26,False,LAGGING,False
2024-01-05 08:00:00,us-east-1,6.249923378150223,66.28552622527894,326,0,99.9995405506688,181,3,False,408.8513100456408,45,True,IN_SYNC,False
2024-01-05 08:00:00,us-west-2,12.97076744792169,70.3110227900635,332,0,99.99890894954844,415,1,False,412.3879573808483,17,False,IN_SYNC,False
2024-01-05 08:00:00,eu-west-1,56.64205741196062,75.8613294166412,594,0,99.99957201956798,281,0,False,494.2458914979218,33,False,IN_SYNC,False
2024-01-05 08:00:00,ap-southeast-1,103.29436359832185,41.35166577779094,980,0,99.99888069630313,105,1,False,144.37060526675964,40,False,LAGGING,False
2024-01-05 08:15:00,us-east-1,5.239836132282376,92.75589735067287,474,0,99.99975444311252,365,2,False,426.18547079695327,26,True,IN_SYNC,False
2024-01-05 08:15:00,us-west-2,18.144954875336015,85.8555031312231,879,0,99.99859508699795,298,3,False,427.2784672291833,41,False,IN_SYNC,False
2024-01-05 08:15:00,eu-west-1,60.05144372122375,41.008327861542256,349,0,99.99928780798592,114,2,False,346.16832389247656,25,False,IN_SYNC,False
2024-01-05 08:15:00,ap-southeast-1,145.6413545261413,99.08275436392115,153,0,99.99898502210416,486,3,False,136.63186620913962,43,False,LAGGING,False
2024-01-05 08:30:00,us-east-1,4.033647990579023,55.724698796212564,691,0,99.99811973664622,443,1,False,285.4879974606283,44,True,IN_SYNC,False
2024-01-05 08:30:00,us-west-2,20.392034580270693,44.14985232048281,275,0,99.99919593965355,355,1,False,122.00339423498775,11,False,IN_SYNC,False
2024-01-05 08:30:00,eu-west-1,59.23080486722336,42.16411721101728,513,0,99.99876870089376,228,0,False,138.27279512445,40,False,IN_SYNC,False
2024-01-05 08:30:00,ap-southeast-1,141.58964993183454,78.85887240315967,82,0,99.99814911749127,270,0,False,313.77291262372546,39,False,LAGGING,False
2024-01-05 08:45:00,us-east-1,4.444930281008882,66.70179701937002,185,0,99.99960636748678,476,2,False,277.3842501190414,37,True,IN_SYNC,False
2024-01-05 08:45:00,us-west-2,20.507002563607635,86.46812601675317,248,0,99.99898754689602,362,0,False,266.112725229174,13,False,IN_SYNC,False
2024-01-05 08:45:00,eu-west-1,53.31717797703068,24.648750262327674,20,0,99.99939247183407,401,1,False,239.1566835001132,22,False,IN_SYNC,False
2024-01-05 08:45:00,ap-southeast-1,90.20135368443945,97.06055985093403,898,0,99.9989957512954,334,3,False,412.1836710083117,17,False,IN_SYNC,False
2024-01-05 09:00:00,us-east-1,5.017966407714284,145.77388240141943,672,0,99.99902200559971,309,0,False,286.77285090736905,46,True,IN_SYNC,True
2024-01-05 09:00:00,us-west-2,20.967404084605857,116.32035811392373,713,0,99.99959567772139,312,2,False,353.793842290749,10,False,IN_SYNC,True
2024-01-05 09:00:00,eu-west-1,52.55876759723106,114.1114873055901,672,0,99.9996390593574,397,2,False,460.0377320029008,49,False,IN_SYNC,True
2024-01-05 09:00:00,ap-southeast-1,118.3579343099806,147.2641493203863,142,0,99.99802576231014,249,2,False,371.3155579751609,25,False,LAGGING,True
2024-01-05 09:15:00,us-east-1,6.392844764593503,65.84765825011756,72,0,99.99925276528609,206,2,False,232.96110559936545,33,True,IN_SYNC,True
2024-01-05 09:15:00,us-west-2,19.35250660745019,65.4131714511776,528,0,99.99992400476994,159,2,False,240.17741461173378,40,False,IN_SYNC,True
2024-01-05 09:15:00,eu-west-1,72.52588852020072,129.9932643906254,818,0,99.99948306846133,136,1,False,377.5167027483817,12,False,IN_SYNC,True
2024-01-05 09:15:00,ap-southeast-1,122.81104542567607,184.31046174866958,920,0,99.99828064952663,381,3,False,102.9670222211152,29,False,LAGGING,True
2024-01-05 09:30:00,us-east-1,6.759023223831083,111.75470233515037,344,0,99.9992094269435,318,2,False,198.0299496505134,28,True,IN_SYNC,True
2024-01-05 09:30:00,us-west-2,20.4059942882812,95.77356287714845,632,0,99.99884168928749,231,0,False,323.2855053891001,11,False,IN_SYNC,True
2024-01-05 09:30:00,eu-west-1,61.28323759145589,67.10188729492086,589,0,99.99830502206008,306,3,False,163.42112849109998,45,False,IN_SYNC,True
2024-01-05 09:30:00,ap-southeast-1,146.2396145827436,168.45328473552152,661,0,99.99960394005015,269,3,False,460.3546622686836,16,False,LAGGING,True
2024-01-05 09:45:00,us-east-1,7.05153159983791,193.47625789157138,475,0,99.99959887574141,462,0,False,453.24337940119403,47,True,IN_SYNC,True
2024-01-05 09:45:00,us-west-2,13.663323724890565,143.06584338341528,521,0,99.99903275659487,123,0,False,324.01704608593036,22,False,IN_SYNC,True
2024-01-05 09:45:00,eu-west-1,51.1282083024436,156.05982066118375,37,0,99.99861680603418,230,2,False,493.83051250087095,44,False,IN_SYNC,True
2024-01-05 09:45:00,ap-southeast-1,135.2801581600321,141.38221892970114,95,0,99.9992072306325,202,0,False,257.4411075042611,23,False,LAGGING,True
2024-01-05 10:00:00,us-east-1,4.6971976561282,182.81567529241931,573,0,99.99802073411824,454,0,False,283.21649535370034,36,True,IN_SYNC,True
2024-01-05 10:00:00,us-west-2,16.477928268751228,88.41953539232554,45,0,99.99901237281915,262,3,False,449.60104826260493,47,False,IN_SYNC,True
2024-01-05 10:00:00,eu-west-1,59.83085716935579,118.69661227374586,944,0,99.99828888297655,305,3,False,125.54423659519415,46,False,IN_SYNC,True
2024-01-05 10:00:00,ap-southeast-1,128.62640644275746,102.64466494732613,408,0,99.99838035458184,460,0,False,395.37189627734347,11,False,LAGGING,True
2024-01-05 10:15:00,us-east-1,4.384176387209922,188.38630800284037,78,0,99.99801762257306,320,2,False,106.47469507488512,12,True,IN_SYNC,True
2024-01-05 10:15:00,us-west-2,16.77578527629498,60.25532328054269,571,0,99.99829123844982,387,3,False,125.5801728184252,15,False,IN_SYNC,True
2024-01-05 10:15:00,eu-west-1,54.0921263535609,197.32452412811003,269,0,99.99900066779902,307,3,False,147.40331392788124,20,False,IN_SYNC,True
2024-01-05 10:15:00,ap-southeast-1,146.7127798971968,170.54505087567856,633,0,99.99938457137351,404,1,False,481.03970065577664,44,False,LAGGING,True
2024-01-05 10:30:00,us-east-1,5.893445011375103,72.36603295125728,511,0,99.99956924946116,311,2,False,466.17749769447096,21,True,IN_SYNC,True
2024-01-05 10:30:00,us-west-2,21.095218714928016,92.54800003465132,637,0,99.99821816752889,262,1,False,462.6784634565864,29,False,IN_SYNC,True
2024-01-05 10:30:00,eu-west-1,73.44593820591952,51.5197794675258,8,0,99.99978604348149,233,1,False,487.0936987406382,27,False,IN_SYNC,True
2024-01-05 10:30:00,ap-southeast-1,121.89742906394629,87.43810938109232,287,0,99.99919608102238,428,0,False,349.5564573994635,40,False,LAGGING,True
2024-01-05 10:45:00,us-east-1,5.691327463470377,151.4688102222645,104,0,99.9987222924907,464,3,False,486.3564768441232,19,True,IN_SYNC,True
2024-01-05 10:45:00,us-west-2,14.057126879871616,165.60600056564095,399,0,99.9984221973964,262,0,False,389.07422611294805,26,False,IN_SYNC,True
2024-01-05 10:45:00,eu-west-1,55.87440709308584,156.1984949279274,835,0,99.99860435685167,190,2,False,154.49242325582318,32,False,IN_SYNC,True
2024-01-05 10:45:00,ap-southeast-1,106.14358120512097,81.22194632098373,469,0,99.99884836328236,413,3,False,126.5450214306048,12,False,LAGGING,True
2024-01-05 11:00:00,us-east-1,6.741017615867216,145.90845244586944,14,0,99.99841828502645,107,0,False,288.7654087481245,27,True,IN_SYNC,True
2024-01-05 11:00:00,us-west-2,18.678121109123907,73.80646544862249,114,0,99.99838677564951,114,2,False,406.8189496659322,44,False,IN_SYNC,True
2024-01-05 11:00:00,eu-west-1,55.43297517344568,82.03371244243114,471,0,99.99822685418141,256,1,False,145.08126617360531,50,False,IN_SYNC,True
2024-01-05 11:00:00,ap-southeast-1,127.34281412849558,106.66463048416512,920,0,99.99909526433689,177,2,False,159.5938158874762,21,False,LAGGING,True
2024-01-05 11:15:00,us-east-1,7.145666516786574,187.62340955278333,990,0,99.999807700479,321,1,False,446.42387664971477,33,True,IN_SYNC,True
2024-01-05 11:15:00,us-west-2,17.42781150475977,63.93841663168004,808,0,99.9985631740164,311,0,False,135.61512914051542,24,False,IN_SYNC,True
2024-01-05 11:15:00,eu-west-1,71.20900165373921,177.4132602456956,282,0,99.9991874457218,226,3,False,280.0901926608743,32,False,IN_SYNC,True
2024-01-05 11:15:00,ap-southeast-1,129.20957270273757,195.1658906975961,107,0,99.9990664009954,249,3,False,102.60885370601112,12,False,LAGGING,True
2024-01-05 11:30:00,us-east-1,6.333863478312377,153.11327954299304,425,0,99.99980122637305,465,3,False,442.0516128751961,17,True,IN_SYNC,True
2024-01-05 11:30:00,us-west-2,19.929621840130583,170.63613908941363,843,0,99.99946048164209,165,0,False,263.69443072641513,31,False,IN_SYNC,True
2024-01-05 11:30:00,eu-west-1,45.79348114424106,155.78503783021347,755,0,99.99840696347158,258,2,False,267.94453880178116,22,False,IN_SYNC,True
2024-01-05 11:30:00,ap-southeast-1,136.22308959137658,136.96179837967188,94,0,99.99819617439431,363,3,False,163.26958011124026,10,False,LAGGING,True
2024-01-05 11:45:00,us-east-1,6.126774172683913,173.67033414616776,621,0,99.99921254138532,426,0,False,278.5030408170097,39,True,IN_SYNC,True
2024-01-05 11:45:00,us-west-2,18.778030713201797,117.5875623477664,278,0,99.99823846949876,424,3,False,494.31626943677,38,False,IN_SYNC,True
2024-01-05 11:45:00,eu-west-1,49.488102226790744,86.3526556169702,47,0,99.99903749869547,311,0,False,489.6212515717624,26,False,IN_SYNC,True
2024-01-05 11:45:00,ap-southeast-1,147.72717188690348,71.66401734025807,78,0,99.99861700356745,220,0,False,433.6317575746988,17,False,LAGGING,True
2024-01-05 12:00:00,us-east-1,7.497142116947106,75.60956729766525,673,0,99.99903517303993,304,3,False,189.77502277276903,29,True,IN_SYNC,True
2024-01-05 12:00:00,us-west-2,15.50917961224751,67.06744498575534,861,0,99.99905078622837,161,3,False,353.0734956899206,16,False,IN_SYNC,True
2024-01-05 12:00:00,eu-west-1,50.09383063716412,129.08972016687622,34,0,99.99804126160022,208,1,False,435.3587220002005,19,False,IN_SYNC,True
2024-01-05 12:00:00,ap-southeast-1,89.81483963599757,193.43154978231755,614,0,99.9990052539562,405,0,False,333.69711181298896,41,False,IN_SYNC,True
2024-01-05 12:15:00,us-east-1,6.725340913361075,165.33209070241872,684,0,99.99950064471496,367,0,False,217.01946528361313,20,True,IN_SYNC,True
2024-01-05 12:15:00,us-west-2,22.19139193477271,133.84239682507447,755,0,99.99846156255553,385,3,False,316.49314845828076,31,False,IN_SYNC,True
2024-01-05 12:15:00,eu-west-1,62.49716997071013,70.48906640540791,308,0,99.99892410008454,221,1,False,170.04020640123161,35,False,IN_SYNC,True
2024-01-05 12:15:00,ap-southeast-1,121.99381624699444,182.42428455671785,12,0,99.99984695402773,258,2,False,468.4583480471217,30,False,LAGGING,True
2024-01-05 12:30:00,us-east-1,6.283048570706818,81.18039871618326,167,0,99.99843668174893,300,0,False,137.61138069345577,24,True,IN_SYNC,True
2024-01-05 12:30:00,us-west-2,15.308332377145106,115.90547361443585,606,0,99.99807277139512,482,2,False,227.09427999083232,40,False,IN_SYNC,True
2024-01-05 12:30:00,eu-west-1,58.83500451676043,173.49620305583295,10,0,99.99984405579985,179,0,False,263.3435597888032,17,False,IN_SYNC,True
2024-01-05 12:30:00,ap-southeast-1,91.71839605858841,60.61402866734274,869,0,99.99953641164862,113,3,False,363.7114333618126,30,False,IN_SYNC,True
2024-01-05 12:45:00,us-east-1,5.96850920043955,91.28621640950425,24,0,99.99958007350908,118,2,False,156.3712467438707,18,True,IN_SYNC,True
2024-01-05 12:45:00,us-west-2,14.015121448122011,157.1801219452701,315,0,99.99956622944539,210,2,False,180.42009029143816,30,False,IN_SYNC,True
2024-01-05 12:45:00,eu-west-1,65.45850923773095,189.16067009434877,657,0,99.99912079783587,340,2,False,240.2024601744276,32,False,IN_SYNC,True
2024-01-05 12:45:00,ap-southeast-1,103.92428798817413,117.12191697263003,660,0,99.99956391602018,191,1,False,459.4227321915033,18,False,LAGGING,True
2024-01-05 13:00:00,us-east-1,6.621570948531143,57.55114649567713,365,0,99.99850366777675,215,2,False,276.7900183957426,15,True,IN_SYNC,True
2024-01-05 13:00:00,us-west-2,21.28633410338922,158.7268647557104,48,0,99.99979184319734,124,2,False,291.085150127049,40,False,IN_SYNC,True
2024-01-05 13:00:00,eu-west-1,40.95001398384748,89.99444390793161,600,0,99.99857957317762,482,1,False,223.2864669295077,47,False,IN_SYNC,True
2024-01-05 13:00:00,ap-southeast-1,111.2980442654222,100.7746639321343,12,0,99.99993875653807,300,1,False,349.64223420818564,39,False,LAGGING,True
2024-01-05 13:15:00,us-east-1,6.372548024844145,129.62861351498773,265,0,99.99800035533939,197,3,False,445.40355139652905,11,True,IN_SYNC,True
2024-01-05 13:15:00,us-west-2,18.06552221361358,57.76409250339743,60,0,99.99959837227722,242,0,False,253.63879516969573,23,False,IN_SYNC,True
2024-01-05 13:15:00,eu-west-1,69.55036092243598,118.34803148820386,748,0,99.99821529975664,258,1,False,306.7348192438502,49,False,IN_SYNC,True
2024-01-05 13:15:00,ap-southeast-1,124.80612315048589,126.15876599524941,214,0,99.99900085339009,379,1,False,277.6272563040703,48,False,LAGGING,True
2024-01-05 13:30:00,us-east-1,5.842922106828804,169.52086156976011,589,0,99.99807131252619,285,2,False,394.2215273605469,14,True,IN_SYNC,True
2024-01-05 13:30:00,us-west-2,17.170597864368386,150.93032966368085,374,0,99.99868221228392,247,2,False,384.16261528828204,11,False,IN_SYNC,True
2024-01-05 13:30:00,eu-west-1,69.30566502956552,110.05010415413851,677,0,99.9986000501453,220,0,False,190.63858940692865,43,False,IN_SYNC,True
2024-01-05 13:30:00,ap-southeast-1,90.16668636142906,89.75596995848663,99,0,99.99856768799091,405,0,False,461.6329429980921,38,False,IN_SYNC,True
2024-01-05 13:45:00,us-east-1,4.127806832474929,143.2418040526859,532,0,99.99946890691976,153,2,False,395.9453066283897,44,True,IN_SYNC,True
2024-01-05 13:45:00,us-west-2,21.453997113193886,150.83644378886555,570,0,99.99875833989934,309,2,False,378.33219294655424,43,False,IN_SYNC,True
2024-01-05 13:45:00,eu-west-1,51.90761455512405,195.6544303781582,545,0,99.99884002341928,363,0,False,117.33358447122804,27,False,IN_SYNC,True
2024-01-05 13:45:00,ap-southeast-1,129.5957113118217,119.84972935583562,882,0,99.99830493075987,426,2,False,344.07243499494194,18,False,LAGGING,True
2024-01-05 14:00:00,us-east-1,4.787293289592766,97.91172770535704,162,0,99.99979852274606,197,3,False,222.94304051859552,21,True,IN_SYNC,True
2024-01-05 14:00:00,us-west-2,20.220328200742482,183.91851476698517,229,0,99.99826896316084,185,1,False,268.4793974193095,21,False,IN_SYNC,True
2024-01-05 14:00:00,eu-west-1,47.57030069870174,161.69867075276565,671,0,99.99952343103614,497,2,False,454.9801916624781,30,False,IN_SYNC,True
2024-01-05 14:00:00,ap-southeast-1,85.88532622031812,53.89634755899909,209,0,99.99838913288812,304,1,False,246.94448775662238,29,False,IN_SYNC,True
2024-01-05 14:15:00,us-east-1,6.520037394409743,191.56426181957104,612,0,99.9999363324292,123,1,False,396.8504793474195,32,True,IN_SYNC,True
2024-01-05 14:15:00,us-west-2,12.802365880584661,151.05384416082777,73,0,99.99928346027396,204,2,False,311.7446955453329,17,False,IN_SYNC,True
2024-01-05 14:15:00,eu-west-1,58.750847871686375,115.20405204668833,280,0,99.99914263625348,417,0,False,283.17080829055703,45,False,IN_SYNC,True
2024-01-05 14:15:00,ap-southeast-1,81.00991051079315,72.49737122248919,524,0,99.99993935694765,351,3,False,473.0890662468775,19,False,IN_SYNC,True
2024-01-05 14:30:00,us-east-1,4.874586359445964,147.21242693382328,577,0,99.99859974139561,199,1,False,289.80461384294443,14,True,IN_SYNC,True
2024-01-05 14:30:00,us-west-2,18.70045944574942,182.72459158573508,727,0,99.99995228627166,220,0,False,176.50872741841263,18,False,IN_SYNC,True
2024-01-05 14:30:00,eu-west-1,56.19981001590435,51.769172236820985,423,0,99.99818117742265,234,3,False,247.39324260695417,48,False,IN_SYNC,True
2024-01-05 14:30:00,ap-southeast-1,121.58400885474565,110.9776672339396,872,0,99.99898099001184,458,0,False,177.80161350241377,37,False,LAGGING,True
2024-01-05 14:45:00,us-east-1,6.578841160706715,94.67729506086695,598,0,99.99916703792275,331,2,False,335.225557775408,38,True,IN_SYNC,True
2024-01-05 14:45:00,us-west-2,16.100562923414333,109.33630700593937,984,0,99.99804766444082,475,0,False,119.01522560237198,33,False,IN_SYNC,True
2024-01-05 14:45:00,eu-west-1,50.1796562819811,58.24502530148681,181,0,99.99852999827326,459,3,False,464.9007762022122,25,False,IN_SYNC,True
2024-01-05 14:45:00,ap-southeast-1,148.16456179559353,164.09902549045958,771,0,99.99937058287387,219,0,False,241.54666237573772,50,False,LAGGING,True
2024-01-05 15:00:00,us-east-1,5.506443930512895,178.90040066834652,145,0,99.99909380193374,212,2,False,216.29617316612837,45,True,IN_SYNC,True
2024-01-05 15:00:00,us-west-2,22.076013505854547,151.25493772209407,278,0,99.99849729808102,173,0,False,279.4591827169784,43,False,IN_SYNC,True
2024-01-05 15:00:00,eu-west-1,73.06341133102855,179.31647510999142,386,0,99.9999450749336,419,1,False,225.23872966302446,50,False,IN_SYNC,True
2024-01-05 15:00:00,ap-southeast-1,118.66556012446235,184.71982538995627,445,0,99.99941905222379,214,0,False,375.59218948103734,32,False,LAGGING,True
2024-01-05 15:15:00,us-east-1,4.624572227711495,141.84295216853047,110,0,99.99956492743264,480,2,False,379.56181341589104,25,True,IN_SYNC,True
2024-01-05 15:15:00,us-west-2,21.23191602491281,86.89822271497007,893,0,99.99904144382973,112,3,False,428.9343172146574,16,False,IN_SYNC,True
2024-01-05 15:15:00,eu-west-1,40.77143816336582,178.0796342534338,712,0,99.99969279275659,249,0,False,339.22040223611486,18,False,IN_SYNC,True
2024-01-05 15:15:00,ap-southeast-1,85.6194113495976,168.63450841166807,349,0,99.99964226778431,181,2,False,416.2648049276336,40,False,IN_SYNC,True
2024-01-05 15:30:00,us-east-1,5.32322145971161,71.76597719584484,271,0,99.9988856043543,133,3,False,441.42369071639035,20,True,IN_SYNC,True
2024-01-05 15:30:00,us-west-2,12.143559481636219,109.08080642713037,781,0,99.99990587842882,202,1,False,134.6891809168763,39,False,IN_SYNC,True
2024-01-05 15:30:00,eu-west-1,58.813775291081186,52.36469835496179,720,0,99.99935728214645,207,1,False,186.74153186332222,37,False,IN_SYNC,True
2024-01-05 15:30:00,ap-southeast-1,94.95893830959251,126.39627945007362,752,0,99.99803921450382,116,3,False,391.08640455437535,43,False,IN_SYNC,True
2024-01-05 15:45:00,us-east-1,5.0061174105764135,161.6734106935998,260,0,99.9995522991524,405,2,False,294.2374756716432,15,True,IN_SYNC,True
2024-01-05 15:45:00,us-west-2,19.075861257570924,146.44645112349755,223,0,99.99887717244368,411,2,False,333.16462366214967,26,False,IN_SYNC,True
2024-01-05 15:45:00,eu-west-1,40.030405107977714,67.00424355566898,515,0,99.99816026175512,120,3,False,441.0139438268208,28,False,IN_SYNC,True
2024-01-05 15:45:00,ap-southeast-1,95.13008941067966,174.4789057032807,324,0,99.99911331897731,222,2,False,393.1283103850133,49,False,IN_SYNC,True
2024-01-05 16:00:00,us-east-1,4.324655181116567,81.6827118033671,595,0,99.99925408554712,399,2,False,113.52741094388831,11,True,IN_SYNC,True
2024-01-05 16:00:00,us-west-2,19.025849440023748,149.90200754309325,320,0,99.99984939154147,401,3,False,167.31686044888733,14,False,IN_SYNC,True
2024-01-05 16:00:00,eu-west-1,70.5296460547905,131.86408123903334,670,0,99.9992907324877,145,0,False,123.9504012025769,42,False,IN_SYNC,True
2024-01-05 16:00:00,ap-southeast-1,107.37939935266856,170.95303918749755,618,0,99.99864272257406,445,2,False,490.8093558398185,28,False,LAGGING,True
2024-01-05 16:15:00,us-east-1,7.109560037349011,99.61702965293824,583,0,99.99942924818016,264,0,False,156.01609776676287,25,True,IN_SYNC,True
2024-01-05 16:15:00,us-west-2,15.89928905517951,139.47178504140254,54,0,99.99894260514286,410,2,False,162.06234831135697,20,False,IN_SYNC,True
2024-01-05 16:15:00,eu-west-1,73.73968674330992,118.69338116574555,245,0,99.99998870830231,359,2,False,184.25479149762805,45,False,IN_SYNC,True
2024-01-05 16:15:00,ap-southeast-1,144.12705657534497,65.08910254618336,649,0,99.99967263928471,471,3,False,354.276961107348,24,False,LAGGING,True
2024-01-05 16:30:00,us-east-1,6.804037391872422,166.36349412045737,911,0,99.99806326788959,150,1,False,375.97755763947583,28,True,IN_SYNC,True
2024-01-05 16:30:00,us-west-2,22.016600216659548,113.80616844167253,195,0,99.99864278611858,481,1,False,334.3776734501495,26,False,IN_SYNC,True
2024-01-05 16:30:00,eu-west-1,48.14027337532265,73.36146398918825,749,0,99.99927079814226,235,0,False,215.73681091831577,43,False,IN_SYNC,True
2024-01-05 16:30:00,ap-southeast-1,129.37259404910318,176.78107070967565,50,0,99.99887875683018,118,2,False,292.704390289256,35,False,LAGGING,True
2024-01-05 16:45:00,us-east-1,7.223065700822224,150.16788626448664,680,0,99.99998719839901,169,1,False,383.31454715728313,34,True,IN_SYNC,True
2024-01-05 16:45:00,us-west-2,19.76956670659415,125.84705325712197,919,0,99.99978010803936,445,2,False,249.97255157704865,46,False,IN_SYNC,True
2024-01-05 16:45:00,eu-west-1,43.377890013429784,116.69677948450871,578,0,99.99804179515229,299,3,False,267.8253328088571,31,False,IN_SYNC,True
2024-01-05 16:45:00,ap-southeast-1,115.8055316741849,183.31887058572812,132,0,99.99842151654335,391,0,False,282.0999497636673,39,False,LAGGING,True
2024-01-05 17:00:00,us-east-1,7.045145288845831,158.9241449657435,312,0,99.9985140010078,458,3,False,311.9838773784082,27,True,IN_SYNC,True
2024-01-05 17:00:00,us-west-2,12.823617274507086,179.74917868660137,403,0,99.99880041003922,432,2,False,464.22797749180324,29,False,IN_SYNC,True
2024-01-05 17:00:00,eu-west-1,65.88064248723057,156.97981791347627,322,0,99.99843459209042,130,0,False,145.8103895619905,25,False,IN_SYNC,True
2024-01-05 17:00:00,ap-southeast-1,142.16980705639907,119.6311321979093,170,0,99.99867189322434,497,2,False,353.2594204409568,34,False,LAGGING,True
2024-01-05 17:15:00,us-east-1,4.571667387763016,190.8492795456495,967,0,99.9996389074801,476,1,False,447.2844018873725,16,True,IN_SYNC,True
2024-01-05 17:15:00,us-west-2,15.554016491510746,78.22795138879185,465,0,99.99917349644913,344,1,False,227.0774194958819,33,False,IN_SYNC,True
2024-01-05 17:15:00,eu-west-1,41.265972939456745,161.63134686117706,262,0,99.99884189858521,160,1,False,305.13046975301626,46,False,IN_SYNC,True
2024-01-05 17:15:00,ap-southeast-1,118.97869289501419,162.34866005342957,746,0,99.99836106034664,239,3,False,240.83848586439345,25,False,LAGGING,True
2024-01-05 17:30:00,us-east-1,5.028550165651501,138.00745548005898,570,0,99.99999386086414,288,1,False,228.5211730073338,32,True,IN_SYNC,True
2024-01-05 17:30:00,us-west-2,13.9508971932409,145.04924535265616,392,0,99.99847282885467,475,1,False,283.4089621315745,40,False,IN_SYNC,True
2024-01-05 17:30:00,eu-west-1,40.34508151422012,152.38036216659316,569,0,99.9985846121826,323,0,False,465.4698546166339,35,False,IN_SYNC,True
2024-01-05 17:30:00,ap-southeast-1,97.58541337444731,181.8033917937868,934,0,99.9986814341554,201,0,False,463.5072561869459,20,False,IN_SYNC,True
2024-01-05 17:45:00,us-east-1,5.9354250075667325,157.84484305077422,207,0,99.99876299364593,125,1,False,221.39429373272637,43,True,IN_SYNC,True
2024-01-05 17:45:00,us-west-2,18.851110628366797,117.18784897235739,893,0,99.99883775501625,337,1,False,399.987747489824,28,False,IN_SYNC,True
2024-01-05 17:45:00,eu-west-1,74.85163760808211,158.21571166514047,912,0,99.99879302409785,189,3,False,176.95537205990433,24,False,IN_SYNC,True
2024-01-05 17:45:00,ap-southeast-1,95.97625431006792,160.9177635986344,476,0,99.99981898634331,475,0,False,323.88018728858833,38,False,IN_SYNC,True
2024-01-05 18:00:00,us-east-1,4.770665472401169,139.06935459937972,88,0,99.99867537370761,225,2,False,489.3934999038478,27,True,IN_SYNC,True
2024-01-05 18:00:00,us-west-2,15.358256984508005,67.67532064658644,120,0,99.99878370493506,118,0,False,428.6775855841111,14,False,IN_SYNC,True
2024-01-05 18:00:00,eu-west-1,60.91033139782546,159.69312863990913,358,0,99.9983584774472,261,3,False,333.9123628335093,36,False,IN_SYNC,True
2024-01-05 18:00:00,ap-southeast-1,124.97847588502866,158.55291619311816,544,0,99.99930698026743,275,3,False,334.75845926143995,50,False,LAGGING,True
2024-01-05 18:15:00,us-east-1,4.279410205278786,126.45654551490605,941,0,99.9994605496001,292,1,False,263.63299462078834,10,True,IN_SYNC,True
2024-01-05 18:15:00,us-west-2,17.69521790530294,175.2205858943766,715,0,99.99920642291447,102,3,False,340.30858069578153,15,False,IN_SYNC,True
2024-01-05 18:15:00,eu-west-1,57.07039217954106,149.22662540158245,668,0,99.99876702675513,237,1,False,442.5833410908316,48,False,IN_SYNC,True
2024-01-05 18:15:00,ap-southeast-1,109.0859021672751,72.82531240398926,387,0,99.99841917790454,460,1,False,117.26881413730737,40,False,LAGGING,True
2024-01-05 18:30:00,us-east-1,5.682549929751999,164.33755228124483,701,0,99.99980467237714,287,1,False,138.7876288531865,47,True,IN_SYNC,True
2024-01-05 18:30:00,us-west-2,22.266838050427772,76.50127391196716,74,0,99.99813576277556,424,2,False,471.5736486048988,24,False,IN_SYNC,True
2024-01-05 18:30:00,eu-west-1,66.06297610446244,186.45258093487334,668,0,99.99908148331521,324,1,False,221.83031871993097,16,False,IN_SYNC,True
2024-01-05 18:30:00,ap-southeast-1,99.65695661212216,54.04213890754628,957,0,99.99858628062624,365,1,False,318.15980958746786,20,False,IN_SYNC,True
2024-01-05 18:45:00,us-east-1,5.091245496272077,162.54108248776996,510,0,99.99857512435729,114,2,False,486.16281171568465,26,True,IN_SYNC,True
2024-01-05 18:45:00,us-west-2,15.420436120206798,172.80989657638236,98,0,99.99807140483885,130,0,False,310.72244502800197,39,False,IN_SYNC,True
2024-01-05 18:45:00,eu-west-1,46.067183888679544,164.0329896683287,125,0,99.9996006860054,499,3,False,130.03707254966352,12,False,IN_SYNC,True
2024-01-05 18:45:00,ap-southeast-1,81.60041708858692,50.10212130563031,534,0,99.99830321354682,500,2,False,477.4470806447114,35,False,IN_SYNC,True
2024-01-05 19:00:00,us-east-1,5.733537882652718,50.18039868391567,363,0,99.9989155993493,409,3,False,431.0267901289463,47,True,IN_SYNC,False
2024-01-05 19:00:00,us-west-2,20.473991992902793,74.73933673101484,610,0,99.99978514536404,421,3,False,330.2531212918165,25,False,IN_SYNC,False
2024-01-05 19:00:00,eu-west-1,48.18071044738588,46.6530835202229,575,0,99.99950487978259,366,3,False,421.8966668340724,18,False,IN_SYNC,False
2024-01-05 19:00:00,ap-southeast-1,91.46099809366792,78.94790024847316,436,0,99.99978232014537,460,1,False,359.50619731298656,15,False,IN_SYNC,False
2024-01-05 19:15:00,us-east-1,6.71042039571875,34.40495294469435,860,0,99.99821246542461,205,2,False,365.99210124226494,35,True,IN_SYNC,False
2024-01-05 19:15:00,us-west-2,17.06468657567163,20.410309800846935,632,0,99.99866325998596,138,0,False,249.35022971001004,47,False,IN_SYNC,False
2024-01-05 19:15:00,eu-west-1,63.85088246067564,60.01906674066427,257,0,99.99869321173374,414,1,False,477.15773102020916,36,False,IN_SYNC,False
2024-01-05 19:15:00,ap-southeast-1,100.44041575137233,80.76307256668099,520,0,99.99807167681298,102,2,False,155.227340534082,32,False,LAGGING,False
2024-01-05 19:30:00,us-east-1,4.081150045583957,76.47889091254665,306,0,99.99961599126688,338,0,False,331.4603922925204,45,True,IN_SYNC,False
2024-01-05 19:30:00,us-west-2,13.190430904727416,65.39437466206168,369,0,99.99954024748561,113,0,False,190.91663432054918,22,False,IN_SYNC,False
2024-01-05 19:30:00,eu-west-1,59.442013161579155,94.20421070755042,342,0,99.99865088302086,357,1,False,441.50923383565146,21,False,IN_SYNC,False
2024-01-05 19:30:00,ap-southeast-1,130.5977331566277,79.66146163817778,253,0,99.99998393515268,310,1,False,256.74346444915443,41,False,LAGGING,False
2024-01-05 19:45:00,us-east-1,4.19509613472259,60.549692990299576,961,0,99.99930634388456,363,0,False,451.60414413126404,25,True,IN_SYNC,False
2024-01-05 19:45:00,us-west-2,20.110158281951623,30.077147888233256,137,0,99.99806783473092,135,1,False,183.65508310804404,11,False,IN_SYNC,False
2024-01-05 19:45:00,eu-west-1,61.16389428672042,58.59393179902015,898,0,99.99994546410295,180,2,False,145.7691154158357,50,False,IN_SYNC,False
2024-01-05 19:45:00,ap-southeast-1,121.76028263956957,52.77048471083497,396,0,99.99851193956188,447,3,False,471.91731402282653,42,False,LAGGING,False
2024-01-05 20:00:00,us-east-1,6.918296222454712,30.898588472424695,841,0,99.99800252639346,214,2,False,263.8001105921196,48,True,IN_SYNC,False
2024-01-05 20:00:00,us-west-2,21.233639286308343,86.15594554195397,700,0,99.9995921067194,254,1,False,465.0146820277399,25,False,IN_SYNC,False
2024-01-05 20:00:00,eu-west-1,72.87946319519867,26.233803579161687,525,0,99.99808888700151,358,1,False,472.8397733621148,50,False,IN_SYNC,False
2024-01-05 20:00:00,ap-southeast-1,134.586664731009,55.67979606421184,561,0,99.9989512381669,488,2,False,483.18006052146336,17,False,LAGGING,False
2024-01-05 20:15:00,us-east-1,7.444543986739792,75.91449202579629,337,0,99.99954075793136,492,3,False,188.53937027535312,45,True,IN_SYNC,False
2024-01-05 20:15:00,us-west-2,18.684057659679706,31.120759430224226,350,0,99.99980767603209,130,3,False,371.44152031474135,20,False,IN_SYNC,False
2024-01-05 20:15:00,eu-west-1,63.03122912395638,80.00197475526059,764,0,99.99964943120528,459,2,False,442.74524945557664,32,False,IN_SYNC,False
2024-01-05 20:15:00,ap-southeast-1,135.65836443043403,40.51956003090624,339,0,99.99943290593828,418,0,False,132.90484017961992,20,False,LAGGING,False
2024-01-05 20:30:00,us-east-1,4.920295841910543,67.82491422776495,868,0,99.99926137518216,252,2,False,355.7625124201287,29,True,IN_SYNC,False
2024-01-05 20:30:00,us-west-2,12.224128030491743,24.693960793606617,89,0,99.99821369276337,447,3,False,111.07676802562048,21,False,IN_SYNC,False
2024-01-05 20:30:00,eu-west-1,53.809838811543486,62.46377507215233,852,0,99.99881015924966,132,0,False,422.4187925749542,14,False,IN_SYNC,False
2024-01-05 20:30:00,ap-southeast-1,113.45261093497064,97.74089857124086,298,0,99.99845697065331,444,1,False,414.2002376582826,44,False,LAGGING,False
2024-01-05 20:45:00,us-east-1,5.346405224343745,61.69886350200164,71,0,99.9983740387864,273,0,False,456.36123637473725,31,True,IN_SYNC,False
2024-01-05 20:45:00,us-west-2,20.94001283040543,59.40875204981574,166,0,99.9989950370143,257,2,False,135.05421081923896,44,False,IN_SYNC,False
2024-01-05 20:45:00,eu-west-1,46.98136002929464,54.706020093418246,625,0,99.99831779819276,438,1,False,379.0077020046083,23,False,IN_SYNC,False
2024-01-05 20:45:00,ap-southeast-1,82.471451770485,41.88630573240138,380,0,99.99919924854579,235,1,False,386.6125560752966,31,False,IN_SYNC,False
2024-01-05 21:00:00,us-east-1,6.3988697152432135,78.44051250927004,50,0,99.99834972826908,109,0,False,174.18439678115163,16,True,IN_SYNC,False
2024-01-05 21:00:00,us-west-2,21.947593847128633,47.03141401677543,721,0,99.99972585735803,481,2,False,258.0218198739349,23,False,IN_SYNC,False
2024-01-05 21:00:00,eu-west-1,74.68180978426703,24.269518745007304,233,0,99.99941041746865,297,3,False,112.35585564307486,23,False,IN_SYNC,False
2024-01-05 21:00:00,ap-southeast-1,143.76232505096445,22.87837341000447,644,1,99.99942345256736,252,3,False,472.3271188811298,33,False,LAGGING,False
2024-01-05 21:15:00,us-east-1,6.7207783868016415,71.38994242848142,570,0,99.99963502514879,105,2,False,360.3903853241952,15,True,IN_SYNC,False
2024-01-05 21:15:00,us-west-2,16.496258264130866,80.126385298455,676,0,99.99851722778916,202,1,False,182.29797243975975,41,False,IN_SYNC,False
2024-01-05 21:15:00,eu-west-1,70.02563144183874,52.316492007322125,219,0,99.99994485605346,465,3,False,281.2634984382308,35,False,IN_SYNC,False
2024-01-05 21:15:00,ap-southeast-1,97.91135087512826,87.946500887074,791,0,99.99967041831819,235,0,False,296.0291194364522,44,False,IN_SYNC,False
2024-01-05 21:30:00,us-east-1,4.581199749167515,66.95793892790978,597,0,99.99805988542138,318,1,False,277.8632945126127,18,True,IN_SYNC,False
2024-01-05 21:30:00,us-west-2,21.480989398395167,42.383411466923604,689,0,99.99839147127052,224,3,False,164.53570488344957,15,False,IN_SYNC,False
2024-01-05 21:30:00,eu-west-1,44.004064454544356,21.70976410910456,34,0,99.99997928224722,452,3,False,250.39835241963826,38,False,IN_SYNC,False
2024-01-05 21:30:00,ap-southeast-1,99.11191687040152,62.637278133127694,974,0,99.99842268710537,183,0,False,342.7105317345676,29,False,IN_SYNC,False
2024-01-05 21:45:00,us-east-1,5.88746832939213,75.2402777319941,575,0,99.99975552071392,413,0,False,408.38444064212894,20,True,IN_SYNC,False
2024-01-05 21:45:00,us-west-2,19.149469782743285,65.09909704831765,667,0,99.99800899529625,499,0,False,288.7086551730554,50,False,IN_SYNC,False
2024-01-05 21:45:00,eu-west-1,54.78273616225826,78.65600407372112,480,0,99.99973110865629,425,3,False,120.41707150468461,16,False,IN_SYNC,False
2024-01-05 21:45:00,ap-southeast-1,93.92708726059134,66.6017628545041,933,0,99.99882968248968,350,0,False,197.1475195948156,33,False,IN_SYNC,False
2024-01-05 22:00:00,us-east-1,7.444565429723999,43.43561134594843,443,0,99.99830991411119,181,1,False,402.4271723021128,29,True,IN_SYNC,False
2024-01-05 22:00:00,us-west-2,15.564680644107387,47.28252316155001,262,0,99.99923646373493,346,1,False,401.7277314319781,47,False,IN_SYNC,False
2024-01-05 22:00:00,eu-west-1,62.35200907130917,98.74612167028107,224,0,99.99907840673896,468,2,False,198.84900220835763,47,False,IN_SYNC,False
2024-01-05 22:00:00,ap-southeast-1,122.38984764251488,58.02995609327649,113,0,99.99917825532903,478,3,False,284.7072335030827,10,False,LAGGING,False
2024-01-05 22:15:00,us-east-1,7.193890519898652,35.10571838101828,670,0,99.99827987485884,460,0,False,368.4131452569244,17,True,IN_SYNC,False
2024-01-05 22:15:00,us-west-2,18.056123502440492,85.62699769994862,745,0,99.99952087081344,405,1,False,395.384845095271,15,False,IN_SYNC,False
2024-01-05 22:15:00,eu-west-1,62.839113539063376,21.327886780923997,545,0,99.99963178587323,235,3,False,274.0244585135515,20,False,IN_SYNC,False
2024-01-05 22:15:00,ap-southeast-1,104.14328661340484,51.5793485330185,364,0,99.99911842192348,361,1,False,256.33758418843536,41,False,LAGGING,False
2024-01-05 22:30:00,us-east-1,6.667214677852957,85.98293286694435,82,0,99.99824324784362,249,3,False,156.57267247922948,24,True,IN_SYNC,False
2024-01-05 22:30:00,us-west-2,17.002961744422173,95.47434161388065,966,0,99.99802551946718,119,1,False,292.6128153835557,21,False,IN_SYNC,False
2024-01-05 22:30:00,eu-west-1,45.469987488661026,20.964238721446733,271,0,99.99804677352964,424,3,False,336.0015110705674,34,False,IN_SYNC,False
2024-01-05 22:30:00,ap-southeast-1,101.15468125831897,78.68050291318569,682,0,99.99873551173042,209,0,False,273.8190326881108,44,False,LAGGING,False
2024-01-05 22:45:00,us-east-1,6.997832946922484,55.449285391000814,419,0,99.99872468005174,387,3,False,386.02328151622083,21,True,IN_SYNC,False
2024-01-05 22:45:00,us-west-2,18.73265790345893,21.423365756020214,831,0,99.99873723317245,242,3,False,252.1567458410216,31,False,IN_SYNC,False
2024-01-05 22:45:00,eu-west-1,70.954178070258,55.556040958167685,224,0,99.99920093177367,400,2,False,336.25997410640275,30,False,IN_SYNC,False
2024-01-05 22:45:00,ap-southeast-1,107.92062230069719,89.95295772531922,338,0,99.99911448994872,176,2,False,257.67850431088027,23,False,LAGGING,False
2024-01-05 23:00:00,us-east-1,7.169974908665566,71.79192499892682,514,0,99.99801971504687,332,1,False,394.62462414673473,33,True,IN_SYNC,False
2024-01-05 23:00:00,us-west-2,17.051996272241,36.44040775203066,243,0,99.99848941576485,307,3,False,406.52983783788613,23,False,IN_SYNC,False
2024-01-05 23:00:00,eu-west-1,70.76663095414395,92.84716774340826,833,0,99.99929310991834,366,2,False,449.26473396629297,18,False,IN_SYNC,False
2024-01-05 23:00:00,ap-southeast-1,123.66265832974359,71.20319705987859,978,0,99.99884445831384,474,0,False,256.5687441040004,47,False,LAGGING,False
2024-01-05 23:15:00,us-east-1,5.076366562802109,72.04424443844019,85,0,99.99967843388389,287,2,False,395.1761229582529,29,True,IN_SYNC,False
2024-01-05 23:15:00,us-west-2,14.844447770250646,57.65869247801529,443,0,99.99845100130354,145,3,False,256.379472998889,28,False,IN_SYNC,False
2024-01-05 23:15:00,eu-west-1,53.0929957068042,94.09156043262611,749,0,99.99904876687609,155,1,False,131.8471106933668,44,False,IN_SYNC,False
2024-01-05 23:15:00,ap-southeast-1,88.78620011965914,23.410304409333726,254,0,99.99828789641691,168,3,False,232.82316587757668,28,False,IN_SYNC,False
2024-01-05 23:30:00,us-east-1,4.0879743505577055,60.39042123747183,47,0,99.99923273966687,435,3,False,220.99627713178546,27,True,IN_SYNC,False
2024-01-05 23:30:00,us-west-2,13.04153580670502,81.91239467191991,87,0,99.99902288234219,208,2,False,353.9537433768566,46,False,IN_SYNC,False
2024-01-05 23:30:00,eu-west-1,50.77023704080058,39.168457963869976,641,0,99.99904091788542,321,1,False,312.4594484295674,40,False,IN_SYNC,False
2024-01-05 23:30:00,ap-southeast-1,86.19695574906898,31.895099689303066,216,0,99.99969914361331,336,1,False,488.18015013559966,39,False,IN_SYNC,False
2024-01-05 23:45:00,us-east-1,4.614457782266274,84.65255223243923,964,0,99.998138526717,398,0,False,242.31872917431102,27,True,IN_SYNC,False
2024-01-05 23:45:00,us-west-2,13.62566089419378,54.27681979777767,139,0,99.99889476689117,239,2,False,318.28269838096344,29,False,IN_SYNC,False
2024-01-05 23:45:00,eu-west-1,56.216502373058006,89.26505205479097,906,0,99.99827509190844,320,2,False,176.02360681628872,35,False,IN_SYNC,False
2024-01-05 23:45:00,ap-southeast-1,146.6170483975708,98.23206726269886,249,0,99.99811679059819,349,1,False,300.483840034382,29,False,LAGGING,False
2024-01-06 00:00:00,us-east-1,5.313833220846169,69.3463190560789,437,0,99.99974505981204,191,0,False,328.31266779697376,36,True,IN_SYNC,False
2024-01-06 00:00:00,us-west-2,14.492697189542668,87.58392470128808,838,0,99.99905271256584,232,1,False,409.13191033819743,37,False,IN_SYNC,False
2024-01-06 00:00:00,eu-west-1,61.80616188967441,95.43395410203757,651,0,99.99917249743983,476,2,False,354.1531595634329,39,False,IN_SYNC,False
2024-01-06 00:00:00,ap-southeast-1,124.39819571234435,55.131321543435746,790,0,99.99900276224818,291,3,False,275.86956716426107,50,False,LAGGING,False
2024-01-06 00:15:00,us-east-1,4.326780578002465,99.03414003966766,215,0,99.99885318854474,229,3,False,418.8814794746635,29,True,IN_SYNC,False
2024-01-06 00:15:00,us-west-2,21.637288476685004,68.70739616194449,999,0,99.99988992603967,272,3,False,254.1549088915163,36,False,IN_SYNC,False
2024-01-06 00:15:00,eu-west-1,43.79432629418876,82.32106779499469,567,0,99.99852468334447,376,3,False,114.298830328964,29,False,IN_SYNC,False
2024-01-06 00:15:00,ap-southeast-1,84.30221623664916,76.10999464210212,366,0,99.99952687349827,472,0,False,173.71667674684042,27,False,IN_SYNC,False
2024-01-06 00:30:00,us-east-1,5.178531418853264,99.29678897655008,828,0,99.99948263115606,445,2,False,459.3445921668698,23,True,IN_SYNC,False
2024-01-06 00:30:00,us-west-2,19.25353944488187,20.026484932408586,755,0,99.99864832669181,235,1,False,483.8653726619377,19,False,IN_SYNC,False
2024-01-06 00:30:00,eu-west-1,60.51958708577023,94.07387118546707,946,0,99.99932531536793,437,1,False,279.1106412345382,50,False,IN_SYNC,False
2024-01-06 00:30:00,ap-southeast-1,96.06470239315374,21.697832161570236,607,0,99.99994166438488,468,1,False,443.4930124011561,38,False,IN_SYNC,False
2024-01-06 00:45:00,us-east-1,6.3235593309095,23.12952383014549,481,0,99.99968243469363,351,1,False,213.58483822984687,33,True,IN_SYNC,False
2024-01-06 00:45:00,us-west-2,12.423419024137177,45.2986944893059,122,0,99.99847689383003,317,0,False,400.8625827107819,37,False,IN_SYNC,False
2024-01-06 00:45:00,eu-west-1,42.222314919469255,20.590824006816817,865,0,99.99993009907561,338,2,False,428.5219140051692,49,False,IN_SYNC,False
2024-01-06 00:45:00,ap-southeast-1,131.90933285545603,34.22138905241375,163,0,99.99923783372832,209,3,False,401.3401826026207,28,False,LAGGING,False
2024-01-06 01:00:00,us-east-1,4.891775423933144,22.51437430965887,855,0,99.99933482475826,187,3,False,231.65357659422295,19,True,IN_SYNC,False
2024-01-06 01:00:00,us-west-2,20.831653420468278,59.39641134361881,765,0,99.99878019420805,354,1,False,199.31955860564915,21,False,IN_SYNC,False
2024-01-06 01:00:00,eu-west-1,57.19577205768422,66.57371991334337,131,0,99.99919048547778,246,0,False,373.77533187515337,20,False,IN_SYNC,False
2024-01-06 01:00:00,ap-southeast-1,129.56987744355916,76.55006800524114,236,0,99.99983433530214,320,0,False,346.118421520163,21,False,LAGGING,False
2024-01-06 01:15:00,us-east-1,5.275659962431757,47.490480166155365,135,0,99.99998912039962,298,1,False,477.8370921672217,22,True,IN_SYNC,False
2024-01-06 01:15:00,us-west-2,22.21740989113142,29.024016065456138,174,0,99.99971525769153,257,0,False,409.25756562082876,20,False,IN_SYNC,False
2024-01-06 01:15:00,eu-west-1,66.4746413922882,41.32551155242615,504,0,99.99862703995537,180,2,False,290.8653676732104,49,False,IN_SYNC,False
2024-01-06 01:15:00,ap-southeast-1,135.23114741838648,27.507875721455672,330,0,99.99963684772433,132,1,False,423.35459283285866,49,False,LAGGING,False
2024-01-06 01:30:00,us-east-1,6.775499273146435,31.364159672887588,38,0,99.99926614024551,428,0,False,197.61735761884455,34,True,IN_SYNC,False
2024-01-06 01:30:00,us-west-2,20.73725745689789,75.39390650395701,467,0,99.99867301392908,209,2,False,229.37102297126194,31,False,IN_SYNC,False
2024-01-06 01:30:00,eu-west-1,51.10840589306959,90.03981428980056,813,0,99.99990797294836,164,3,False,375.2096575178804,21,False,IN_SYNC,False
2024-01-06 01:30:00,ap-southeast-1,124.26276962228644,85.57986282303635,74,0,99.9985171373003,259,0,False,166.7539297683207,28,False,LAGGING,False
2024-01-06 01:45:00,us-east-1,4.3855777610440505,78.79631739836647,749,0,99.9985626325118,205,0,False,465.7976710403323,19,True,IN_SYNC,False
2024-01-06 01:45:00,us-west-2,14.393033800900369,27.246704437295488,654,0,99.99979872243695,410,0,False,398.27695460953527,49,False,IN_SYNC,False
2024-01-06 01:45:00,eu-west-1,68.49249721971711,84.17744150877695,261,0,99.9987393527984,232,1,False,303.3877008395612,23,False,IN_SYNC,False
2024-01-06 01:45:00,ap-southeast-1,89.9155403865763,95.61871072320108,755,0,99.99925404243913,112,3,False,361.335647125765,15,False,IN_SYNC,False
2024-01-06 02:00:00,us-east-1,4.025076257799451,56.93817889376241,529,0,99.99915195471651,322,0,False,314.27547823104743,46,True,IN_SYNC,False
2024-01-06 02:00:00,us-west-2,14.687988234719988,71.25664630626972,664,0,99.99941842521004,326,1,False,488.76251871605683,37,False,IN_SYNC,False
2024-01-06 02:00:00,eu-west-1,63.95489325096629,72.93324627608885,940,0,99.99939347894058,162,1,False,459.7702164979105,38,False,IN_SYNC,False
2024-01-06 02:00:00,ap-southeast-1,115.13730488665321,86.75203508027462,186,0,99.99948124692204,164,1,False,347.33656191510465,16,False,LAGGING,False
2024-01-06 02:15:00,us-east-1,4.806185466644103,60.546296630051735,658,0,99.99872904595918,437,2,False,228.21309789084881,20,True,IN_SYNC,False
2024-01-06 02:15:00,us-west-2,19.000046079578443,47.92272191181507,476,0,99.99880375033528,308,0,False,365.11168897389643,31,False,IN_SYNC,False
2024-01-06 02:15:00,eu-west-1,66.25226713416295,80.05104419661978,65,0,99.9994239803718,244,0,False,497.8550385334467,38,False,IN_SYNC,False
2024-01-06 02:15:00,ap-southeast-1,84.60486191633059,60.394982615562434,536,0,99.99988440057801,305,2,False,237.9400205868977,49,False,IN_SYNC,False
2024-01-06 02:30:00,us-east-1,5.186252456218622,34.211017953579265,758,0,99.99912541592403,287,2,False,189.13083286588832,38,True,IN_SYNC,False
2024-01-06 02:30:00,us-west-2,14.48276940146338,57.82503954901743,999,0,99.99859501551313,393,0,False,359.37115399443275,50,False,IN_SYNC,False
2024-01-06 02:30:00,eu-west-1,73.87935038709344,74.18382575512793,924,0,99.99865742468478,333,2,False,274.8061047220856,31,False,IN_SYNC,False
2024-01-06 02:30:00,ap-southeast-1,94.83326328815316,63.88971575014688,472,0,99.99807704156375,150,0,False,305.3039356296805,20,False,IN_SYNC,False
2024-01-06 02:45:00,us-east-1,6.375637159601794,30.70974056635145,411,0,99.99846732741814,165,0,False,115.80903738794217,26,True,IN_SYNC,False
2024-01-06 02:45:00,us-west-2,16.12815334269935,41.810310017762255,527,0,99.99859762940639,131,3,False,321.5660274220594,30,False,IN_SYNC,False
2024-01-06 02:45:00,eu-west-1,43.87353731486964,75.18121412973453,355,0,99.99855257623446,438,3,False,321.1300451955681,33,False,IN_SYNC,False
2024-01-06 02:45:00,ap-southeast-1,88.86037911554514,65.12529818767138,704,0,99.9983218361515,341,3,False,149.90698563077297,33,False,IN_SYNC,False
2024-01-06 03:00:00,us-east-1,6.767087407893655,24.1341743079741,158,0,99.99958915794967,192,3,False,283.16595486702386,40,True,IN_SYNC,False
2024-01-06 03:00:00,us-west-2,19.955448886046426,72.14977766201272,123,0,99.99812479640244,351,0,False,227.86075753828243,50,False,IN_SYNC,False
2024-01-06 03:00:00,eu-west-1,70.78948507870287,66.9630043087293,1000,0,99.99877469279386,179,0,False,230.9748392536863,31,False,IN_SYNC,False
2024-01-06 03:00:00,ap-southeast-1,116.77979122592548,35.58819915998033,730,0,99.99972328516618,244,3,False,417.65932982147126,14,False,LAGGING,False
2024-01-06 03:15:00,us-east-1,4.364035251125466,49.67258173410749,407,0,99.99930652612738,403,0,False,494.1889345996766,26,True,IN_SYNC,False
2024-01-06 03:15:00,us-west-2,18.25634463242958,94.9821418890662,498,0,99.99962889668029,480,2,False,384.4300873678523,33,False,IN_SYNC,False
2024-01-06 03:15:00,eu-west-1,58.91841875137991,66.96291009090027,266,0,99.99992605204716,389,1,False,362.4465258357513,16,False,IN_SYNC,False
2024-01-06 03:15:00,ap-southeast-1,125.98213425961808,37.8171212012073,538,0,99.99877897179512,138,0,False,280.8232119325772,49,False,LAGGING,False
2024-01-06 03:30:00,us-east-1,5.035368331832485,51.32128179040049,329,0,99.99899706466643,492,0,False,184.62600369234406,35,True,IN_SYNC,False
2024-01-06 03:30:00,us-west-2,19.702554147481585,22.617062235169165,77,0,99.99813270757168,209,3,False,324.9964857745681,26,False,IN_SYNC,False
2024-01-06 03:30:00,eu-west-1,70.24532955863836,83.37321945217623,765,0,99.99828606791283,233,0,False,363.5977949126004,28,False,IN_SYNC,False
2024-01-06 03:30:00,ap-southeast-1,82.96451017460892,22.47679164877401,570,0,99.99805941833216,262,3,False,455.3296301604227,36,False,IN_SYNC,False
2024-01-06 03:45:00,us-east-1,6.622446127276488,60.79904604726147,928,0,99.99809560368524,263,2,False,335.6335106221821,16,True,IN_SYNC,False
2024-01-06 03:45:00,us-west-2,16.692625670042315,32.736721940282564,29,0,99.99845028793568,208,1,False,364.7342060420529,11,False,IN_SYNC,False
2024-01-06 03:45:00,eu-west-1,65.07472468724667,52.821218467622614,783,0,99.99823601193916,170,2,False,468.88657369649064,42,False,IN_SYNC,False
2024-01-06 03:45:00,ap-southeast-1,81.94714999783777,46.910872369313594,859,0,99.99976452324601,431,3,False,400.2266200295728,26,False,IN_SYNC,False
2024-01-06 04:00:00,us-east-1,5.102408551402798,52.33339719296639,850,0,99.99976639324608,211,2,False,171.99495303571743,30,True,IN_SYNC,False
2024-01-06 04:00:00,us-west-2,12.012830679579684,27.07096489031173,281,0,99.99984118351203,459,3,False,483.19448039420297,44,False,IN_SYNC,False
2024-01-06 04:00:00,eu-west-1,66.25838654375015,21.462691268543182,811,0,99.99931294120226,227,0,False,368.4969687683638,13,False,IN_SYNC,False
2024-01-06 04:00:00,ap-southeast-1,142.06890468322672,96.90765701861419,105,0,99.99864997147824,106,2,False,493.6685957656216,25,False,LAGGING,False
2024-01-06 04:15:00,us-east-1,6.804115290139984,84.47859612873786,492,0,99.99909345043811,411,1,False,219.80694582946447,16,True,IN_SYNC,False
2024-01-06 04:15:00,us-west-2,19.099198969619444,70.63972113381016,542,0,99.99892531158301,203,0,False,293.857622573157,33,False,IN_SYNC,False
2024-01-06 04:15:00,eu-west-1,42.429403114212,69.1374101625668,657,0,99.9994049976886,140,0,False,299.4828601013503,27,False,IN_SYNC,False
2024-01-06 04:15:00,ap-southeast-1,85.29698825700288,42.80613696958411,56,0,99.99916581681356,185,2,False,336.561695523308,32,False,IN_SYNC,False
2024-01-06 04:30:00,us-east-1,7.335248082977901,65.65503444955603,964,0,99.99853151119564,327,2,False,419.87997547697114,40,True,IN_SYNC,False
2024-01-06 04:30:00,us-west-2,22.0215442962743,81.13262250553937,867,0,99.99919537045524,398,1,False,257.2983464604635,44,False,IN_SYNC,False
2024-01-06 04:30:00,eu-west-1,59.629147664280104,20.482198535683132,967,0,99.99826336666915,148,1,False,159.63189996851202,24,False,IN_SYNC,False
2024-01-06 04:30:00,ap-southeast-1,146.75319407693786,85.06623067524723,608,0,99.9987481042665,151,3,False,256.55087605072583,35,False,LAGGING,False
2024-01-06 04:45:00,us-east-1,7.384884095847594,41.812906274321655,337,0,99.99847789423832,486,2,False,285.6213870603456,17,True,IN_SYNC,False
2024-01-06 04:45:00,us-west-2,14.574497726171954,96.20117025620343,303,0,99.99864309017987,152,2,False,339.6370314796897,31,False,IN_SYNC,False
2024-01-06 04:45:00,eu-west-1,63.27788146971612,74.89446860649298,458,0,99.9996760390145,165,1,False,154.16580900269065,34,False,IN_SYNC,False
2024-01-06 04:45:00,ap-southeast-1,108.89066533695646,45.20862711635263,747,0,99.99937530363383,162,1,False,331.5071778090305,41,False,LAGGING,False
2024-01-06 05:00:00,us-east-1,6.458275703880602,36.82651263534832,980,0,99.99823567466733,323,1,False,182.268072894117,36,True,IN_SYNC,False
2024-01-06 05:00:00,us-west-2,15.866606441745287,32.515072359901836,993,0,99.99877471220235,299,3,False,255.22032765022803,10,False,IN_SYNC,False
2024-01-06 05:00:00,eu-west-1,69.35069832286999,66.05659706643249,987,0,99.99899613530731,227,1,False,377.9110200029187,39,False,IN_SYNC,False
2024-01-06 05:00:00,ap-southeast-1,125.13759362163964,73.28261238697701,32,0,99.99969635949532,411,3,False,189.22050843267013,38,False,LAGGING,False
2024-01-06 05:15:00,us-east-1,6.81979707855573,96.27486562504134,987,0,99.99842087419918,303,0,False,396.7286031315526,23,True,IN_SYNC,False
2024-01-06 05:15:00,us-west-2,13.235036581495903,70.80876121608156,447,0,99.99951363138564,219,0,False,469.12425083316407,29,False,IN_SYNC,False
2024-01-06 05:15:00,eu-west-1,51.53749644208061,68.08179225297226,163,0,99.99872385238518,141,0,False,127.60629521492376,23,False,IN_SYNC,False
2024-01-06 05:15:00,ap-southeast-1,129.2680063114282,32.42189696459821,15,0,99.99964585920611,107,0,False,172.35498126780033,49,False,LAGGING,False
2024-01-06 05:30:00,us-east-1,6.485538487267176,75.39569187202471,963,0,99.99970975672831,486,3,False,338.1757005730593,25,True,IN_SYNC,False
2024-01-06 05:30:00,us-west-2,14.411831090892392,38.28030691775892,279,0,99.99979024158354,111,3,False,239.24830935098336,15,False,IN_SYNC,False
2024-01-06 05:30:00,eu-west-1,70.56942249715334,95.47440812152178,339,0,99.99812331367431,325,0,False,298.54827705317416,18,False,IN_SYNC,False
2024-01-06 05:30:00,ap-southeast-1,105.15059971556595,30.33043660488957,687,0,99.99955351213279,364,0,False,417.6827934732024,22,False,LAGGING,False
2024-01-06 05:45:00,us-east-1,7.41943088937334,30.021609845747825,425,0,99.99868166766126,378,3,False,409.08946730813227,39,True,IN_SYNC,False
2024-01-06 05:45:00,us-west-2,20.940521159295336,82.22645326876429,283,0,99.9984260023527,477,3,False,413.9002167678737,30,False,IN_SYNC,False
2024-01-06 05:45:00,eu-west-1,69.68223682862826,65.50997531581089,45,0,99.99999109620883,266,2,False,391.8687785460164,35,False,IN_SYNC,False
2024-01-06 05:45:00,ap-southeast-1,86.13856598340085,37.96701021362024,397,0,99.99868910199739,196,1,False,143.44910721028432,45,False,IN_SYNC,False
2024-01-06 06:00:00,us-east-1,7.339743131184803,36.298945512138445,558,0,99.99830465921775,446,3,False,185.03876184175766,32,True,IN_SYNC,False
2024-01-06 06:00:00,us-west-2,15.005076558721482,98.13272438925065,940,0,99.99957918970105,430,0,False,228.03681240738803,30,False,IN_SYNC,False
2024-01-06 06:00:00,eu-west-1,72.41693550561483,28.897462301277457,111,0,99.99967042199964,405,1,False,322.7328588246651,12,False,IN_SYNC,False
2024-01-06 06:00:00,ap-southeast-1,105.75302337101104,24.630867110504493,254,0,99.99812477692082,331,3,False,482.1283770709444,18,False,LAGGING,False
2024-01-06 06:15:00,us-east-1,4.613115942408628,45.06083324919679,310,0,99.99815332682518,276,2,False,138.93518649888387,33,True,IN_SYNC,False
2024-01-06 06:15:00,us-west-2,20.697210357948777,68.09637098083942,783,0,99.99801417479686,150,2,False,157.2070921655298,10,False,IN_SYNC,False
2024-01-06 06:15:00,eu-west-1,69.17384809300353,69.88381280228866,654,0,99.99973865675376,333,0,False,440.90304121810516,23,False,IN_SYNC,False
2024-01-06 06:15:00,ap-southeast-1,133.31376746742654,25.536540577565496,673,0,99.99805348566703,485,2,False,426.05323961014216,18,False,LAGGING,False
2024-01-06 06:30:00,us-east-1,5.441694819214372,65.3188830640709,208,0,99.99821393578738,434,3,False,147.6408881509422,21,True,IN_SYNC,False
2024-01-06 06:30:00,us-west-2,17.047114208076103,36.89785724111469,74,0,99.99934256460621,167,3,False,292.1230259412505,30,False,IN_SYNC,False
2024-01-06 06:30:00,eu-west-1,50.42648307833427,27.677540341887948,309,0,99.9984281420684,473,0,False,284.19819323072034,18,False,IN_SYNC,False
2024-01-06 06:30:00,ap-southeast-1,133.82793563211783,52.830250363953354,638,0,99.99898639274657,362,3,True,224.11121361652025,17,False,LAGGING,False
2024-01-06 06:45:00,us-east-1,5.831102338744596,72.829549782171,128,0,99.99888489962383,264,0,False,420.74075610231205,35,True,IN_SYNC,False
2024-01-06 06:45:00,us-west-2,14.22148695638845,28.83003557041688,906,0,99.99839560898644,197,3,False,468.3586024785636,41,False,IN_SYNC,False
2024-01-06 06:45:00,eu-west-1,56.668677808335374,37.6128136603418,647,0,99.99986524369206,393,1,False,171.4277516824198,44,False,IN_SYNC,False
2024-01-06 06:45:00,ap-southeast-1,119.98692240454059,23.593213356070617,760,0,99.99996746535393,394,2,False,227.5446078037212,41,False,LAGGING,False
2024-01-06 07:00:00,us-east-1,6.172054849761512,49.300538704951755,114,0,99.99978572452814,339,1,False,290.90073251353454,26,True,IN_SYNC,False
2024-01-06 07:00:00,us-west-2,12.325834601841782,90.09831406079368,484,0,99.99922326380543,249,2,False,276.5362184924935,25,False,IN_SYNC,False
2024-01-06 07:00:00,eu-west-1,61.97037007851096,20.1861176534827,735,0,99.99971683323345,258,3,False,357.3535600838187,45,False,IN_SYNC,False
2024-01-06 07:00:00,ap-southeast-1,149.3287931299419,54.789256658211585,171,0,99.99943064198695,411,2,False,162.32341672262712,24,False,LAGGING,False
2024-01-06 07:15:00,us-east-1,5.798981654826582,88.8191153773137,67,0,99.99806577248592,131,1,False,229.84808089789502,11,True,IN_SYNC,False
2024-01-06 07:15:00,us-west-2,17.57485412660801,82.35162660154711,826,0,99.99972680553104,269,0,False,204.11822660705707,40,False,IN_SYNC,False
2024-01-06 07:15:00,eu-west-1,52.44440728193529,57.67048622482503,830,0,99.9998376143458,427,2,False,441.7807725670424,36,False,IN_SYNC,False
2024-01-06 07:15:00,ap-southeast-1,105.1628349433584,66.94541979718875,133,0,99.99903886966968,344,0,False,174.57365243975357,29,False,LAGGING,False
2024-01-06 07:30:00,us-east-1,5.826473262394488,75.38753604239199,131,0,99.99970788990262,263,3,False,276.1609586385232,39,True,IN_SYNC,False
2024-01-06 07:30:00,us-west-2,13.306118106571352,64.49006019900271,56,0,99.99983162687604,374,3,False,278.4809850249229,41,False,IN_SYNC,False
2024-01-06 07:30:00,eu-west-1,67.41675152868564,35.934884481727025,60,0,99.99862478036127,367,2,False,481.8867355045666,37,False,IN_SYNC,False
2024-01-06 07:30:00,ap-southeast-1,115.67342914615378,26.984285648337405,288,0,99.99867584177404,122,2,False,363.43186912372096,41,False,LAGGING,False
2024-01-06 07:45:00,us-east-1,5.047961774741178,82.12839043769247,551,0,99.9998936057497,239,1,False,401.8108006728363,44,True,IN_SYNC,False
2024-01-06 07:45:00,us-west-2,15.805565758941164,29.277911305045166,23,0,99.9997054139869,370,3,False,277.43555832798995,49,False,IN_SYNC,False
2024-01-06 07:45:00,eu-west-1,67.69464446806745,63.25219646164029,486,0,99.99947070635814,451,1,False,435.01521585582753,34,False,IN_SYNC,False
2024-01-06 07:45:00,ap-southeast-1,141.8093214533777,72.82212622003371,385,0,99.99881760483034,149,3,False,463.0531135863065,42,False,LAGGING,False
2024-01-06 08:00:00,us-east-1,5.743859717814099,66.76039676563724,353,0,99.99895405924308,461,1,False,307.18953520707953,29,True,IN_SYNC,False
2024-01-06 08:00:00,us-west-2,21.88775940624684,96.65726103618827,223,0,99.99841345761071,307,3,False,265.7691293243744,14,False,IN_SYNC,False
2024-01-06 08:00:00,eu-west-1,67.16970317230368,88.28152724954714,238,0,99.99803449530928,351,2,False,247.85287928644726,15,False,IN_SYNC,False
2024-01-06 08:00:00,ap-southeast-1,82.82154173207263,61.77037329526829,246,0,99.99937209227502,295,0,False,165.18674452086054,24,False,IN_SYNC,False
2024-01-06 08:15:00,us-east-1,6.845855264115572,61.47577353840221,332,0,99.99922588333952,498,0,False,323.8981542555748,27,True,IN_SYNC,False
2024-01-06 08:15:00,us-west-2,14.434318238801094,50.49562754508677,709,0,99.99897517541405,130,2,False,232.42600860932833,12,False,IN_SYNC,False
2024-01-06 08:15:00,eu-west-1,48.4855041059769,82.08466906706852,224,0,99.99825155176443,196,1,False,164.84208860713446,39,False,IN_SYNC,False
2024-01-06 08:15:00,ap-southeast-1,108.81688012482327,61.19089633856972,300,0,99.99819031294071,162,2,False,123.61554829305126,33,False,LAGGING,False
2024-01-06 08:30:00,us-east-1,5.288644291390328,31.051368355986906,280,0,99.99988040950511,195,2,False,301.91367411995134,32,True,IN_SYNC,False
2024-01-06 08:30:00,us-west-2,22.41486085723245,87.541937153276,960,0,99.99836984966912,111,0,False,407.45202494755176,37,False,IN_SYNC,False
2024-01-06 08:30:00,eu-west-1,71.33340371602412,76.06375091231774,151,0,99.9989600441061,176,1,False,153.02417554279452,11,False,IN_SYNC,False
2024-01-06 08:30:00,ap-southeast-1,124.90807062948734,85.27794991653256,593,0,99.9993579301583,111,1,False,442.54219905767997,19,False,LAGGING,False
2024-01-06 08:45:00,us-east-1,4.803391713770436,35.326106383273256,521,0,99.99971039611273,106,0,False,228.50572403012288,17,True,IN_SYNC,False
2024-01-06 08:45:00,us-west-2,19.970382303300113,35.13894719892895,187,0,99.99971780270654,379,0,False,153.65667622218564,39,False,IN_SYNC,False
2024-01-06 08:45:00,eu-west-1,58.084268268186754,96.97477253685715,982,0,99.99805475116997,225,2,False,267.80877756610994,43,False,IN_SYNC,False
2024-01-06 08:45:00,ap-southeast-1,122.45217463962537,73.31750494005337,38,0,99.9989384570712,386,2,False,285.0231099910612,49,False,LAGGING,False
2024-01-06 09:00:00,us-east-1,5.305084744929753,65.24886396253898,503,0,99.99925961448211,409,0,False,331.2643649085039,17,True,IN_SYNC,False
2024-01-06 09:00:00,us-west-2,16.65232109767949,35.55228685643881,730,0,99.99802283594778,451,3,False,389.87279354649047,16,False,IN_SYNC,False
2024-01-06 09:00:00,eu-west-1,55.720436253187145,97.80564820814374,103,0,99.99934120194294,414,3,False,310.239062345703,18,False,IN_SYNC,False
2024-01-06 09:00:00,ap-southeast-1,84.23710734950612,52.88056202272742,309,0,99.99853042288811,312,3,False,159.84786835188504,28,False,IN_SYNC,False
2024-01-06 09:15:00,us-east-1,4.188395521951016,73.78047619947833,402,0,99.99901789061877,460,0,False,489.91375575605974,42,True,IN_SYNC,False
2024-01-06 09:15:00,us-west-2,20.609366986165544,51.381194632401275,368,0,99.99842279145037,377,1,False,466.2109817124642,45,False,IN_SYNC,False
2024-01-06 09:15:00,eu-west-1,58.30035189752082,83.05232435076726,341,0,99.99983762361943,500,1,False,306.0480186785136,27,False,IN_SYNC,False
2024-01-06 09:15:00,ap-southeast-1,136.08781624891338,44.43169545847717,993,0,99.99811429788204,233,0,False,280.5819397576792,12,False,LAGGING,False
2024-01-06 09:30:00,us-east-1,7.199648213646164,74.29599926288846,990,0,99.9982675517321,195,2,False,166.13760381915978,16,True,IN_SYNC,False
2024-01-06 09:30:00,us-west-2,14.124851252708597,97.04635783431739,962,0,99.99822771618581,196,2,False,473.43485788545615,27,False,IN_SYNC,False
2024-01-06 09:30:00,eu-west-1,48.780909497124604,50.44922474931546,465,0,99.99814629935766,209,3,False,148.88338013911292,47,False,IN_SYNC,False
2024-01-06 09:30:00,ap-southeast-1,113.62860932385202,70.42920819449147,428,0,99.99922399381371,456,1,False,101.04929339768964,40,False,LAGGING,False
2024-01-06 09:45:00,us-east-1,5.91029050406783,24.92894217705171,861,0,99.99991046457619,426,3,False,488.7297865846958,14,True,IN_SYNC,False
2024-01-06 09:45:00,us-west-2,13.933503384008533,42.37428180033504,483,0,99.99892542860397,269,2,False,276.5787123702483,10,False,IN_SYNC,False
2024-01-06 09:45:00,eu-west-1,44.99152523550818,99.79456081701319,373,0,99.99950220798532,319,2,False,153.4424429356823,49,False,IN_SYNC,False
2024-01-06 09:45:00,ap-southeast-1,147.32122576380564,87.60065579627194,828,0,99.99911418393737,436,1,False,216.53442070334145,42,False,LAGGING,False
2024-01-06 10:00:00,us-east-1,4.11113687052414,38.93173008732533,543,0,99.99931915604037,116,1,False,454.6700142109923,29,True,IN_SYNC,False
2024-01-06 10:00:00,us-west-2,20.466552286729495,66.65033895611441,950,0,99.99984784719487,297,0,False,226.80997855391954,38,False,IN_SYNC,False
2024-01-06 10:00:00,eu-west-1,58.00677749148595,54.414293190613236,15,0,99.99992051591937,252,0,False,262.5654607433818,48,False,IN_SYNC,False
2024-01-06 10:00:00,ap-southeast-1,131.11973952300798,24.826657488506704,567,0,99.99876742070535,131,1,False,247.5972567203649,25,False,LAGGING,False
2024-01-06 10:15:00,us-east-1,6.470368008567252,71.05706003121689,44,0,99.99808306520437,349,0,False,141.60909858048143,40,True,IN_SYNC,False
2024-01-06 10:15:00,us-west-2,18.100909214894866,62.021171166778785,121,0,99.99802290681752,345,0,False,358.12622543503267,40,False,IN_SYNC,False
2024-01-06 10:15:00,eu-west-1,62.95920549000237,20.4603207337807,906,0,99.99921046663573,198,3,False,384.1012912960221,18,False,IN_SYNC,False
2024-01-06 10:15:00,ap-southeast-1,118.25585953734378,88.5767763181091,821,0,99.99898469729969,265,0,False,289.4967638958655,29,False,LAGGING,False
2024-01-06 10:30:00,us-east-1,4.07646552807011,92.64921117767317,21,0,99.9995756950778,379,3,False,101.9547168798693,35,True,IN_SYNC,False
2024-01-06 10:30:00,us-west-2,18.054374619922385,94.40402060513003,383,0,99.9998235295006,460,0,False,254.45804707224005,28,False,IN_SYNC,False
2024-01-06 10:30:00,eu-west-1,64.08387487992127,58.74680758598868,776,0,99.99951579870731,275,1,False,448.0987559840722,15,False,IN_SYNC,False
2024-01-06 10:30:00,ap-southeast-1,110.51795412056649,36.672577344689195,243,0,99.99815641294585,402,2,False,416.9718377092022,15,False,LAGGING,False
2024-01-06 10:45:00,us-east-1,7.233006028551241,46.55621454914297,539,0,99.99873330799504,170,3,False,257.60972586158914,25,True,IN_SYNC,False
2024-01-06 10:45:00,us-west-2,22.392432031309006,28.855587447330855,509,0,99.9980531122134,421,1,False,242.9561355150895,23,False,IN_SYNC,False
2024-01-06 10:45:00,eu-west-1,55.70446277804224,45.240088495593646,29,0,99.99880895286495,133,0,False,174.8280408696105,27,False,IN_SYNC,False
2024-01-06 10:45:00,ap-southeast-1,137.66705736760142,57.00765871964707,909,0,99.9990911009287,139,0,False,487.0059506731917,45,False,LAGGING,False
2024-01-06 11:00:00,us-east-1,4.237028443318557,33.72370112055727,289,0,99.9993706394081,155,3,False,175.8053930794154,50,True,IN_SYNC,False
2024-01-06 11:00:00,us-west-2,15.190823330896839,32.15529787275923,770,0,99.9990945221007,334,3,False,222.9405645572755,18,False,IN_SYNC,False
2024-01-06 11:00:00,eu-west-1,46.96515090311376,43.72196968010186,939,0,99.99969109848321,200,2,False,271.92071404071544,44,False,IN_SYNC,False
2024-01-06 11:00:00,ap-southeast-1,123.94533457536825,88.23934583727224,695,0,99.99941929495289,350,2,False,324.1338191355884,22,False,LAGGING,False
2024-01-06 11:15:00,us-east-1,6.967491319566945,67.27017256340872,277,0,99.99843170843162,274,0,False,286.4097858412364,12,True,IN_SYNC,False
2024-01-06 11:15:00,us-west-2,19.153036367398055,41.74500008603089,254,0,99.99813494986181,360,1,False,224.81329909285486,13,False,IN_SYNC,False
2024-01-06 11:15:00,eu-west-1,48.357437413630244,88.54235189349133,195,0,99.99938777760522,357,0,False,199.03760109938435,15,False,IN_SYNC,False
2024-01-06 11:15:00,ap-southeast-1,95.71225111708654,35.24465611795446,992,0,99.99874803217935,445,0,False,265.739904785403,49,False,IN_SYNC,False
2024-01-06 11:30:00,us-east-1,4.461694834968156,41.65250336630774,787,0,99.99926394469668,225,2,False,464.69319427477785,16,True,IN_SYNC,False
2024-01-06 11:30:00,us-west-2,14.188393864206475,59.791089529175146,302,0,99.99977539649814,113,0,False,262.47898003285655,48,False,IN_SYNC,False
2024-01-06 11:30:00,eu-west-1,53.125390850107,60.62963309584887,161,0,99.99968043459785,151,3,False,295.9476795035116,46,False,IN_SYNC,False
2024-01-06 11:30:00,ap-southeast-1,109.47169445054392,88.62089231854037,553,0,99.99839377433827,359,2,False,475.5712730030272,26,False,LAGGING,False
2024-01-06 11:45:00,us-east-1,4.0744539361869645,44.946154819197275,489,0,99.99825174366804,213,2,False,363.02245083719987,13,True,IN_SYNC,False
2024-01-06 11:45:00,us-west-2,20.27995398031439,96.96974554265427,605,0,99.99850867943972,489,1,False,149.6284530665488,15,False,IN_SYNC,False
2024-01-06 11:45:00,eu-west-1,67.88339737902976,48.51161438674513,502,0,99.99827421955621,491,3,False,253.37682254557987,27,False,IN_SYNC,False
2024-01-06 11:45:00,ap-southeast-1,111.19026800601407,73.0047716467466,810,0,99.99994747685852,442,2,False,264.3218094745008,10,False,LAGGING,False
2024-01-06 12:00:00,us-east-1,5.0602876387212365,26.003654847262645,589,0,99.99903254228256,403,3,False,131.31384372083164,26,True,IN_SYNC,False
2024-01-06 12:00:00,us-west-2,19.9322383880151,89.86300208500873,735,0,99.99916758395992,208,1,False,184.40533113312907,18,False,IN_SYNC,False
2024-01-06 12:00:00,eu-west-1,73.067143154431,93.83814972439862,488,0,99.9991542284344,117,3,False,386.1147212120181,42,False,IN_SYNC,False
2024-01-06 12:00:00,ap-southeast-1,115.25672490434961,31.51942173985514,268,0,99.99879025895412,228,2,False,154.79447020151053,22,False,LAGGING,False
2024-01-06 12:15:00,us-east-1,5.5507130637879865,74.61510017662022,683,0,99.99861849480078,184,3,False,112.75282063705436,18,True,IN_SYNC,False
2024-01-06 12:15:00,us-west-2,17.728376985577775,66.88913381763454,423,0,99.99825557265848,453,3,False,478.47765725066085,18,False,IN_SYNC,False
2024-01-06 12:15:00,eu-west-1,59.20997458636352,94.28982539725321,157,0,99.99925529916493,342,0,False,116.3672502547671,22,False,IN_SYNC,False
2024-01-06 12:15:00,ap-southeast-1,136.04261838852156,31.517754373107756,852,0,99.99981754137224,366,0,False,298.0943152693021,21,False,LAGGING,False
2024-01-06 12:30:00,us-east-1,4.461089830371049,94.06290722425649,175,0,99.99874723857442,108,2,False,419.8215296542103,48,True,IN_SYNC,False
2024-01-06 12:30:00,us-west-2,20.63475938152434,74.0776591084659,953,0,99.99912654077274,237,1,False,149.26829991996345,28,False,IN_SYNC,False
2024-01-06 12:30:00,eu-west-1,70.15505259401739,38.154468707936275,780,0,99.99946599462233,286,3,False,280.12679111904004,43,False,IN_SYNC,False
2024-01-06 12:30:00,ap-southeast-1,98.19718261936048,48.148225385292385,367,0,99.99929665687957,331,1,False,131.14578319108125,30,False,IN_SYNC,False
2024-01-06 12:45:00,us-east-1,5.982488789992741,50.332728038944204,631,0,99.99952571238676,438,1,False,457.0195819341285,32,True,IN_SYNC,False
2024-01-06 12:45:00,us-west-2,16.23422053202132,70.07739064161305,851,0,99.99986730109477,486,0,False,186.26106762468737,12,False,IN_SYNC,False
2024-01-06 12:45:00,eu-west-1,68.82677893622628,29.809051692167152,825,0,99.99820496543934,176,2,False,227.65580933683248,22,False,IN_SYNC,False
2024-01-06 12:45:00,ap-southeast-1,127.8319599137432,96.73725969539619,433,0,99.9995580427416,260,0,False,401.99018668610165,49,False,LAGGING,False
2024-01-06 13:00:00,us-east-1,5.42115894822693,40.80334641753773,149,0,99.9986510125317,400,1,False,193.24993399356504,44,True,IN_SYNC,False
2024-01-06 13:00:00,us-west-2,20.113104926723008,58.138940706833424,538,0,99.99918107356507,444,1,False,348.80829280216267,28,False,IN_SYNC,False
2024-01-06 13:00:00,eu-west-1,45.116589765012904,79.49447085496848,992,0,99.99877515470007,309,0,False,115.89168751914008,33,False,IN_SYNC,False
2024-01-06 13:00:00,ap-southeast-1,87.46714686743184,35.54294520033806,380,0,99.99983138548697,161,3,False,300.78218032313623,13,False,IN_SYNC,False
2024-01-06 13:15:00,us-east-1,7.218866794060279,34.09434457056089,624,0,99.99919410132033,279,0,False,368.70150981848445,49,True,IN_SYNC,False
2024-01-06 13:15:00,us-west-2,15.869274642069104,24.084673823762834,127,0,99.99909211173218,208,2,False,251.22038017314682,17,False,IN_SYNC,False
2024-01-06 13:15:00,eu-west-1,56.35151450919371,21.9519511967082,695,0,99.99863006020632,316,2,False,133.2888174066477,12,False,IN_SYNC,False
2024-01-06 13:15:00,ap-southeast-1,147.5929082906236,60.25996098537421,699,0,99.99818171059174,258,1,False,472.849633074919,32,False,LAGGING,False
2024-01-06 13:30:00,us-east-1,4.197587261818959,24.403545798500037,774,0,99.99999816680462,384,2,False,257.62417991381113,45,True,IN_SYNC,False
2024-01-06 13:30:00,us-west-2,14.881204508356673,74.88083153559236,562,0,99.99902604318613,432,0,False,173.38709653105812,17,False,IN_SYNC,False
2024-01-06 13:30:00,eu-west-1,69.30353730014065,89.39140616159408,305,0,99.9982651037837,166,2,False,313.6564225041823,13,False,IN_SYNC,False
2024-01-06 13:30:00,ap-southeast-1,110.87583252670532,21.81956593038756,144,0,99.99815106066382,242,2,False,171.41249217298963,22,False,LAGGING,False
2024-01-06 13:45:00,us-east-1,6.618179647627628,67.61015837897718,392,0,99.99944434616424,224,1,False,111.60711883639883,12,True,IN_SYNC,False
2024-01-06 13:45:00,us-west-2,13.309090523478769,64.89317873742901,845,0,99.99913729085016,135,1,False,262.00628337942624,39,False,IN_SYNC,False
2024-01-06 13:45:00,eu-west-1,57.60953773873083,59.32534228715858,981,0,99.99925365881208,404,3,False,209.41297677304408,32,False,IN_SYNC,False
2024-01-06 13:45:00,ap-southeast-1,119.75931310576016,52.73702408689609,1,0,99.99846146323291,445,0,False,177.00408690490667,36,False,LAGGING,False
2024-01-06 14:00:00,us-east-1,4.609872923515591,51.490848347666045,474,0,99.9997739245715,312,1,False,469.8413522537781,12,True,IN_SYNC,False
2024-01-06 14:00:00,us-west-2,20.698609783004535,63.68920572408864,468,0,99.9982402298452,479,1,False,471.1911208955865,46,False,IN_SYNC,False
2024-01-06 14:00:00,eu-west-1,66.05024707578367,98.7209212284909,992,0,99.99848237882401,485,3,False,177.9368161386975,34,False,IN_SYNC,False
2024-01-06 14:00:00,ap-southeast-1,97.59382142995014,77.81446260413988,930,0,99.9995596962807,269,1,False,174.77641742885837,43,False,IN_SYNC,False
2024-01-06 14:15:00,us-east-1,7.270393716354109,84.02694186627868,662,0,99.9989707911014,215,0,False,277.06332736658106,19,True,IN_SYNC,False
2024-01-06 14:15:00,us-west-2,20.708508725932194,89.3533844655325,0,0,99.99814109926758,438,2,False,305.30427461688976,44,False,IN_SYNC,False
2024-01-06 14:15:00,eu-west-1,51.137460663425614,50.84921901265518,631,0,99.9984400277195,471,3,False,161.96736790103262,25,False,IN_SYNC,False
2024-01-06 14:15:00,ap-southeast-1,96.84917504374336,39.24053123096716,858,0,99.99977858505494,393,1,False,486.7995180315395,41,False,IN_SYNC,False
2024-01-06 14:30:00,us-east-1,4.120727060345675,22.959695736037258,599,0,99.99982392485893,433,1,False,469.70940960889067,50,True,IN_SYNC,False
2024-01-06 14:30:00,us-west-2,12.640963513666941,60.55346705566282,962,0,99.99894988967515,252,1,False,329.6231935768572,15,False,IN_SYNC,False
2024-01-06 14:30:00,eu-west-1,45.02798806038535,66.2084884482197,451,0,99.99957371883426,136,2,False,488.8103371470788,10,False,IN_SYNC,False
2024-01-06 14:30:00,ap-southeast-1,89.8300407570749,20.4954352538213,244,0,99.9986350296288,403,2,False,110.88053673696999,23,False,IN_SYNC,False
2024-01-06 14:45:00,us-east-1,5.062909063000292,24.632912579053105,636,0,99.99947057737208,431,3,False,203.3984472142903,29,True,IN_SYNC,False
2024-01-06 14:45:00,us-west-2,15.109440203077384,78.93092924182193,309,0,99.99880871579491,467,0,False,195.76463306479877,49,False,IN_SYNC,False
2024-01-06 14:45:00,eu-west-1,70.6419925380241,26.622832059358153,217,0,99.99849277458867,309,2,False,392.5479220751737,29,False,IN_SYNC,False
2024-01-06 14:45:00,ap-southeast-1,88.89724271507247,86.17816662475273,856,0,99.99917038580378,172,3,False,111.24958202329687,48,False,IN_SYNC,False
2024-01-06 15:00:00,us-east-1,5.9232402444417325,46.58931875064071,654,0,99.99950644234774,415,1,False,142.05655338405347,38,True,IN_SYNC,False
2024-01-06 15:00:00,us-west-2,20.005322576788803,52.35394692342452,963,0,99.99911172244641,413,0,False,398.5084933250159,22,False,IN_SYNC,False
2024-01-06 15:00:00,eu-west-1,54.60301089284732,97.83753708917104,389,0,99.99972678069987,421,1,False,125.41594995698158,29,False,IN_SYNC,False
2024-01-06 15:00:00,ap-southeast-1,101.06553673640062,96.22447405876221,358,0,99.99993373893392,462,2,False,187.62329619180503,15,False,LAGGING,False
2024-01-06 15:15:00,us-east-1,5.585085853825369,56.94328293829159,765,0,99.99969736041692,453,1,False,238.40116015235577,12,True,IN_SYNC,False
2024-01-06 15:15:00,us-west-2,20.000094943821086,73.51920116476585,374,0,99.99985384208341,496,0,False,214.3760518697498,26,False,IN_SYNC,False
2024-01-06 15:15:00,eu-west-1,45.234026059496365,66.2005458898925,746,0,99.99861392042521,195,3,False,289.3356941052612,36,False,IN_SYNC,False
2024-01-06 15:15:00,ap-southeast-1,121.29992016563651,77.80464846272318,753,0,99.99807166966848,125,2,False,282.862335926265,28,False,LAGGING,False
2024-01-06 15:30:00,us-east-1,6.7418289391741615,22.783254267311726,390,0,99.99900584047614,270,3,False,326.5983025606869,50,True,IN_SYNC,False
2024-01-06 15:30:00,us-west-2,12.575392193660482,87.70968290508397,953,0,99.99908397111439,140,2,False,154.89534421864542,27,False,IN_SYNC,False
2024-01-06 15:30:00,eu-west-1,69.98782601864383,72.9569854671602,874,0,99.99936728341117,219,3,False,254.95922065701748,32,False,IN_SYNC,False
2024-01-06 15:30:00,ap-southeast-1,80.09986112695574,74.32114420219554,468,0,99.9996725525483,171,1,False,476.56019165356133,45,False,IN_SYNC,False
2024-01-06 15:45:00,us-east-1,5.03325841101006,27.429582412370266,739,0,99.99991608093363,415,1,False,225.44195625311227,29,True,IN_SYNC,False
2024-01-06 15:45:00,us-west-2,15.717719780322145,20.72080002741665,849,0,99.99876995566363,206,0,False,390.26643036305825,18,False,IN_SYNC,False
2024-01-06 15:45:00,eu-west-1,72.23054675763775,23.84335197775277,5,0,99.99921853651195,359,2,False,387.3628189872081,49,False,IN_SYNC,False
2024-01-06 15:45:00,ap-southeast-1,149.91838554191457,72.18870415156607,519,0,99.99919531103978,432,0,False,220.07636997810926,32,False,LAGGING,False
2024-01-06 16:00:00,us-east-1,5.81277534915338,86.89747178844084,4,0,99.99892744287816,243,1,False,191.76934727035623,16,True,IN_SYNC,False
2024-01-06 16:00:00,us-west-2,16.595751633129947,87.32842764663795,870,0,99.99867131004825,251,3,False,328.30394221765255,18,False,IN_SYNC,False
2024-01-06 16:00:00,eu-west-1,71.65144918660596,38.79930271664168,388,0,99.99859833013602,329,3,False,467.3800095714589,48,False,IN_SYNC,False
2024-01-06 16:00:00,ap-southeast-1,84.4487404884514,97.52116915389695,390,0,99.999193428162,281,0,False,163.86136756101286,26,False,IN_SYNC,False
2024-01-06 16:15:00,us-east-1,6.876711110941677,66.73117419385905,66,0,99.99955581612276,232,2,False,126.38545514871286,10,True,IN_SYNC,False
2024-01-06 16:15:00,us-west-2,20.343720118227644,45.41651594432644,296,0,99.9993451883331,189,0,False,207.54140687733735,36,False,IN_SYNC,False
2024-01-06 16:15:00,eu-west-1,46.66385652832329,74.38417025671083,55,0,99.9991411415732,421,3,False,497.12951283911224,48,False,IN_SYNC,False
2024-01-06 16:15:00,ap-southeast-1,149.15758811608072,97.27327708425152,118,0,99.99895384956514,453,0,False,464.4329943681591,23,False,LAGGING,False
2024-01-06 16:30:00,us-east-1,5.565187020124296,94.78536797270914,240,0,99.99998196325234,175,3,False,407.5654921818473,31,True,IN_SYNC,False
2024-01-06 16:30:00,us-west-2,17.10777701552025,49.7229262709806,338,0,99.99941445051513,282,1,False,238.97340792394823,47,False,IN_SYNC,False
2024-01-06 16:30:00,eu-west-1,74.0550962056663,80.26705348411994,854,0,99.99979079458308,102,3,False,166.71491362713124,45,False,IN_SYNC,False
2024-01-06 16:30:00,ap-southeast-1,85.56226691406674,78.63500306512839,745,0,99.9990145849819,281,2,False,294.9811411754347,34,False,IN_SYNC,False
2024-01-06 16:45:00,us-east-1,4.842275045443062,53.822742251158466,498,0,99.99926809134888,265,0,False,339.9639870417095,36,True,IN_SYNC,False
2024-01-06 16:45:00,us-west-2,17.84606869083374,63.66915898758567,339,0,99.99944440480559,139,2,False,460.03644699577364,44,False,IN_SYNC,False
2024-01-06 16:45:00,eu-west-1,63.819340607569266,81.40637352664243,750,0,99.99934213760302,318,2,False,309.3627531918088,30,False,IN_SYNC,False
2024-01-06 16:45:00,ap-southeast-1,129.8780314556483,57.95585063605847,659,0,99.99856144243553,249,0,False,107.18492064335545,29,False,LAGGING,False
2024-01-06 17:00:00,us-east-1,5.272944171549998,63.686385000438946,144,0,99.99973002727236,226,1,False,227.45006957998004,39,True,IN_SYNC,False
2024-01-06 17:00:00,us-west-2,12.069719660075938,39.86907841173092,862,0,99.99894565851099,334,0,False,210.96527339156327,45,False,IN_SYNC,False
2024-01-06 17:00:00,eu-west-1,42.85732975009019,86.53144043192644,293,0,99.99841183583612,468,2,False,425.3894247705135,26,False,IN_SYNC,False
2024-01-06 17:00:00,ap-southeast-1,84.15151599239897,36.84405194477154,326,0,99.99843793652101,419,3,False,490.4896249289982,21,False,IN_SYNC,False
2024-01-06 17:15:00,us-east-1,5.810249540369272,60.34905541981064,290,0,99.99800010943912,124,0,False,477.0796009998489,33,True,IN_SYNC,False
2024-01-06 17:15:00,us-west-2,16.712118812946674,87.58730323308143,844,0,99.9988784382912,374,2,False,361.1725298887266,24,False,IN_SYNC,False
2024-01-06 17:15:00,eu-west-1,53.032484409777624,59.21072184484516,100,0,99.99854348857167,372,1,False,148.77355037246934,11,False,IN_SYNC,False
2024-01-06 17:15:00,ap-southeast-1,112.88252067341638,68.55685549509299,398,0,99.99887375462295,450,2,False,283.328057435631,47,False,LAGGING,False
2024-01-06 17:30:00,us-east-1,5.326285548593528,87.69282160963027,822,0,99.99899714864425,192,3,False,359.9801030934597,20,True,IN_SYNC,False
2024-01-06 17:30:00,us-west-2,20.418888727122717,44.73000908562693,151,0,99.99992169533786,453,3,False,196.8790986507992,36,False,IN_SYNC,False
2024-01-06 17:30:00,eu-west-1,64.4845995613489,86.71476121281091,385,0,99.99901254451227,112,0,False,391.1398642779708,16,False,IN_SYNC,False
2024-01-06 17:30:00,ap-southeast-1,91.98282364056993,77.74310422010157,983,0,99.99856170075186,400,3,False,253.9984973716805,17,False,IN_SYNC,False
2024-01-06 17:45:00,us-east-1,4.4581865281148305,97.5123342549701,328,0,99.99928205323751,184,3,False,276.27057436182065,41,True,IN_SYNC,False
2024-01-06 17:45:00,us-west-2,16.819914130162626,43.65578132473323,703,0,99.99869331275305,287,2,False,207.97652707016698,45,False,IN_SYNC,False
2024-01-06 17:45:00,eu-west-1,42.61973966917911,78.6878067927023,58,0,99.99934681539968,173,1,False,211.20188886681717,34,False,IN_SYNC,False
2024-01-06 17:45:00,ap-southeast-1,117.60011319093866,99.66031113025656,91,0,99.99864895008562,226,3,False,491.76563980638133,26,False,LAGGING,False
2024-01-06 18:00:00,us-east-1,4.54608970309444,68.58458713527114,189,0,99.99953602140762,206,0,False,362.64924046078517,30,True,IN_SYNC,False
2024-01-06 18:00:00,us-west-2,21.416861180804567,60.44660332912265,897,0,99.9988635080881,413,0,False,460.44687114219835,35,False,IN_SYNC,False
2024-01-06 18:00:00,eu-west-1,42.63961409828989,74.86341018672235,630,0,99.99929421262824,422,3,False,157.55669241356327,20,False,IN_SYNC,False
2024-01-06 18:00:00,ap-southeast-1,105.67039409053925,81.02986287950978,988,0,99.9985172730832,100,2,False,200.08745297809185,40,False,LAGGING,False
2024-01-06 18:15:00,us-east-1,6.114692523972478,30.24105537149375,204,0,99.99856413996169,300,2,False,417.6663824569675,16,True,IN_SYNC,False
2024-01-06 18:15:00,us-west-2,16.336720658269446,23.316069875265928,44,0,99.99892438851995,421,0,False,456.53657583336525,50,False,IN_SYNC,False
2024-01-06 18:15:00,eu-west-1,69.3245908590584,55.73265561220552,135,0,99.99974110635755,448,2,False,392.3703073601758,30,False,IN_SYNC,False
2024-01-06 18:15:00,ap-southeast-1,120.18813892778286,24.85632913103334,474,0,99.99990298536738,290,1,False,444.23607359420845,38,False,LAGGING,False
2024-01-06 18:30:00,us-east-1,4.911933628606605,59.50038109488042,572,0,99.99900734429605,252,1,False,380.28650420501896,30,True,IN_SYNC,False
2024-01-06 18:30:00,us-west-2,17.592390860885246,20.126589429942392,362,0,99.99884918232502,246,3,False,344.89546170886604,30,False,IN_SYNC,False
2024-01-06 18:30:00,eu-west-1,56.63048274322809,56.56537409618481,721,0,99.99853639719915,497,1,False,338.2103818542949,26,False,IN_SYNC,False
2024-01-06 18:30:00,ap-southeast-1,140.98857890828168,65.82588223285283,495,0,99.99973013863412,497,1,False,104.29132801417755,48,False,LAGGING,False
2024-01-06 18:45:00,us-east-1,7.080991638072724,83.58385079518823,539,0,99.99981989610174,149,3,False,246.90090780788307,13,True,IN_SYNC,False
2024-01-06 18:45:00,us-west-2,16.0494380975126,41.836502780211674,553,0,99.99966391502524,159,0,False,212.29858387944188,21,False,IN_SYNC,False
2024-01-06 18:45:00,eu-west-1,74.80882112712013,56.398300432648384,152,0,99.99914981837757,418,1,False,483.48131373197873,33,False,IN_SYNC,False
2024-01-06 18:45:00,ap-southeast-1,136.53475633505911,55.08148289274647,329,0,99.99991883911248,203,1,False,486.44147645025356,35,False,LAGGING,False
2024-01-06 19:00:00,us-east-1,6.6208160988449,53.787591203296756,740,0,99.99944825069814,307,1,False,414.3452774905418,28,True,IN_SYNC,False
2024-01-06 19:00:00,us-west-2,16.68034496282606,44.949796375529225,567,0,99.99841058986283,307,2,False,143.1059500307014,29,False,IN_SYNC,False
2024-01-06 19:00:00,eu-west-1,71.4736140719551,60.08646776445815,818,0,99.9993147890786,412,2,False,274.71050087843514,42,False,IN_SYNC,False
2024-01-06 19:00:00,ap-southeast-1,97.19923592714727,73.84248783940004,809,0,99.99873878332525,401,3,False,214.7405175830915,46,False,IN_SYNC,False
2024-01-06 19:15:00,us-east-1,6.202238667795399,43.270537823536806,65,0,99.99901365933253,253,0,False,348.09591503173374,24,True,IN_SYNC,False
2024-01-06 19:15:00,us-west-2,18.05780101501463,32.46205010745563,316,0,99.99989955301982,113,3,False,182.0592613137313,25,False,IN_SYNC,False
2024-01-06 19:15:00,eu-west-1,72.36670636796188,86.70637229788845,897,0,99.99958712387208,115,1,False,436.375659388655,43,False,IN_SYNC,False
2024-01-06 19:15:00,ap-southeast-1,139.51608573244917,87.7325791236862,15,0,99.99995880226484,354,1,False,460.0422212561751,29,False,LAGGING,False
2024-01-06 19:30:00,us-east-1,6.554744036950102,80.28261340081892,958,0,99.99873997061354,319,3,False,488.57266950254814,12,True,IN_SYNC,False
2024-01-06 19:30:00,us-west-2,12.572021881568107,40.743758469659554,540,0,99.9985745267259,408,1,False,223.33497473085157,39,False,IN_SYNC,False
2024-01-06 19:30:00,eu-west-1,49.87239302411923,31.081960980402812,74,0,99.99979596828305,275,0,False,209.90760141237536,33,False,IN_SYNC,False
2024-01-06 19:30:00,ap-southeast-1,130.52849612786596,25.896317512360927,700,0,99.99969890414779,472,1,False,161.4037556610973,43,False,LAGGING,False
2024-01-06 19:45:00,us-east-1,5.083232353390313,57.129538030269885,161,0,99.99889505092037,228,2,False,368.8452873437277,23,True,IN_SYNC,False
2024-01-06 19:45:00,us-west-2,15.193276059617624,95.26592136511121,543,0,99.99817194914807,142,3,False,336.89504779957525,10,False,IN_SYNC,False
2024-01-06 19:45:00,eu-west-1,61.7654933279605,79.4953702792481,826,0,99.99956749354708,351,2,False,347.8279720575555,46,False,IN_SYNC,False
2024-01-06 19:45:00,ap-southeast-1,141.9556548261664,42.025373318706485,113,0,99.99937586984471,391,1,False,320.82397118487245,25,False,LAGGING,False
2024-01-06 20:00:00,us-east-1,4.0637198110075,74.64416434584881,198,0,99.99863799870299,440,2,False,431.20035497523486,13,True,IN_SYNC,False
2024-01-06 20:00:00,us-west-2,16.335936006091853,31.502465563701456,785,0,99.99801679520421,287,2,False,119.48000263902668,24,False,IN_SYNC,False
2024-01-06 20:00:00,eu-west-1,69.46270822092413,37.33409613115326,55,0,99.99997039479871,325,0,False,159.63985713587445,34,False,IN_SYNC,False
2024-01-06 20:00:00,ap-southeast-1,136.6095805408538,61.03244008554438,311,0,99.9987008762744,413,1,False,467.6542315821657,45,False,LAGGING,False
2024-01-06 20:15:00,us-east-1,7.488915993977452,24.402899180927093,70,0,99.998822773783,285,1,False,474.5528066821098,22,True,IN_SYNC,False
2024-01-06 20:15:00,us-west-2,15.122241784187338,70.49780454825122,892,0,99.99933068395237,240,3,False,313.6677200674553,28,False,IN_SYNC,False
2024-01-06 20:15:00,eu-west-1,47.15602437319545,55.6643165867611,567,0,99.99890743287649,242,2,False,127.15879623540052,47,False,IN_SYNC,False
2024-01-06 20:15:00,ap-southeast-1,119.17408193435155,59.58363440037269,634,0,99.99827302727118,465,1,False,496.3392057428445,13,False,LAGGING,False
2024-01-06 20:30:00,us-east-1,5.178974923691162,46.67205122630698,308,0,99.99802801164347,434,1,False,355.9715276003633,14,True,IN_SYNC,False
2024-01-06 20:30:00,us-west-2,15.293047960942513,31.65884831095471,614,0,99.99996170963571,490,0,False,272.9812653369935,28,False,IN_SYNC,False
2024-01-06 20:30:00,eu-west-1,41.52026868376126,40.93822735239875,625,0,99.99941508894193,246,2,False,407.6785682945774,13,False,IN_SYNC,False
2024-01-06 20:30:00,ap-southeast-1,88.00368726079849,85.06433149243053,277,0,99.99889110824473,197,1,False,145.7680673056479,32,False,IN_SYNC,False
2024-01-06 20:45:00,us-east-1,4.22124275029817,60.78353202485988,544,0,99.9986387737073,440,1,False,369.67847227289235,25,True,IN_SYNC,False
2024-01-06 20:45:00,us-west-2,18.455536517780644,87.63346090107304,221,0,99.9985590312283,108,3,False,297.4984277187201,26,False,IN_SYNC,False
2024-01-06 20:45:00,eu-west-1,54.11170231226872,63.99255179223524,684,0,99.99922313112111,350,0,False,386.596987790101,28,False,IN_SYNC,False
2024-01-06 20:45:00,ap-southeast-1,98.7479885064713,65.3524919955868,680,0,99.9988181241474,206,0,False,465.1460379167904,44,False,IN_SYNC,False
2024-01-06 21:00:00,us-east-1,4.343292595610772,67.79377044742465,358,0,99.9980624016883,134,2,False,396.6255427289158,12,True,IN_SYNC,False
2024-01-06 21:00:00,us-west-2,20.29992978089705,74.49858850475707,123,0,99.9989908183587,237,1,False,139.67789073078222,34,False,IN_SYNC,False
2024-01-06 21:00:00,eu-west-1,48.42547981774567,70.79532957033415,932,0,99.99926496846203,354,0,False,385.08229496547176,44,False,IN_SYNC,False
2024-01-06 21:00:00,ap-southeast-1,124.39196771148957,49.47897762521655,32,0,99.99818170091989,255,3,False,162.30371940936544,17,False,LAGGING,False
2024-01-06 21:15:00,us-east-1,6.737234253008824,35.75306420801561,797,0,99.99927519518344,122,1,False,482.48773356023446,14,True,IN_SYNC,False
2024-01-06 21:15:00,us-west-2,16.02027682400879,34.35918961424855,284,0,99.99849931319545,214,2,False,319.1537882244272,32,False,IN_SYNC,False
2024-01-06 21:15:00,eu-west-1,62.38621966776593,37.42323554670145,847,0,99.99814364198156,160,0,False,421.87616095609985,29,False,IN_SYNC,False
2024-01-06 21:15:00,ap-southeast-1,98.30641465698493,62.88080793050191,274,0,99.99965065772697,167,0,False,421.4467516400039,22,False,IN_SYNC,False
2024-01-06 21:30:00,us-east-1,6.347955138656789,59.368654139491596,858,0,99.99820342158732,331,3,False,263.2114856541582,37,True,IN_SYNC,False
2024-01-06 21:30:00,us-west-2,15.604957214925744,25.619350024174537,967,0,99.99808149863651,139,0,False,316.1854218566019,11,False,IN_SYNC,False
2024-01-06 21:30:00,eu-west-1,70.26959820311531,29.65685247773706,369,0,99.99902650108753,297,3,False,163.63227892134086,34,False,IN_SYNC,False
2024-01-06 21:30:00,ap-southeast-1,81.97258169251475,70.30347324950175,579,0,99.99937778245402,378,0,False,158.3976647807513,31,False,IN_SYNC,False
2024-01-06 21:45:00,us-east-1,4.811465143856751,31.387793607082788,945,0,99.99880506021861,309,0,False,377.0598896024384,36,True,IN_SYNC,False
2024-01-06 21:45:00,us-west-2,15.93104253377774,21.538265745190508,804,0,99.99964647015037,199,2,False,448.80282090818014,37,False,IN_SYNC,False
2024-01-06 21:45:00,eu-west-1,65.72297798288469,99.63630566685227,481,0,99.99976250319614,337,0,False,242.17072009294108,32,False,IN_SYNC,False
2024-01-06 21:45:00,ap-southeast-1,146.63947192442177,41.87053969515265,626,0,99.99918152314577,400,1,False,168.95531566518122,44,False,LAGGING,False
2024-01-06 22:00:00,us-east-1,4.84811046244105,51.4487071151063,847,0,99.99944975491027,145,3,False,347.6024628222729,12,True,IN_SYNC,False
2024-01-06 22:00:00,us-west-2,19.905394028046423,60.2608070504138,250,0,99.9994130309999,431,1,False,392.8446991473684,27,False,IN_SYNC,False
2024-01-06 22:00:00,eu-west-1,52.67925717301044,52.87489014234921,206,0,99.99875594528498,138,0,False,453.5873667155693,37,False,IN_SYNC,False
2024-01-06 22:00:00,ap-southeast-1,114.69638786331176,53.41300135291044,769,0,99.99830186996232,498,3,False,187.54623588483923,49,False,LAGGING,False
2024-01-06 22:15:00,us-east-1,5.0044540802257895,67.16306745499543,799,0,99.99862170777966,298,3,False,388.98870116535824,23,True,IN_SYNC,False
2024-01-06 22:15:00,us-west-2,13.799390234261844,70.63609784297627,147,0,99.99806098818684,270,0,False,491.52411258651,39,False,IN_SYNC,False
2024-01-06 22:15:00,eu-west-1,51.01105668026451,40.25447976466158,203,0,99.99947138039886,414,1,False,428.57158053524637,30,False,IN_SYNC,False
2024-01-06 22:15:00,ap-southeast-1,123.32931468104047,27.16494663129702,935,0,99.9986472156059,360,3,False,289.41464386201136,20,False,LAGGING,False
2024-01-06 22:30:00,us-east-1,6.07318494776044,97.729572766166,780,0,99.99909873000344,164,1,False,433.83397249712215,32,True,IN_SYNC,False
2024-01-06 22:30:00,us-west-2,18.86610399863586,49.543845216658866,305,0,99.99909660824157,464,3,False,214.51165810141532,46,False,IN_SYNC,False
2024-01-06 22:30:00,eu-west-1,54.43177241805228,76.04872453155971,246,0,99.99846396687987,140,3,False,408.09513903835364,25,False,IN_SYNC,False
2024-01-06 22:30:00,ap-southeast-1,81.74437277432239,28.015734763477134,528,0,99.99823389321091,208,2,False,290.446954475224,24,False,IN_SYNC,False
2024-01-06 22:45:00,us-east-1,4.503931736667859,50.16174873555261,88,0,99.99800633828097,395,1,False,457.27220954710003,25,True,IN_SYNC,False
2024-01-06 22:45:00,us-west-2,18.535356920275458,23.09514837188429,869,0,99.99972427621192,134,3,False,404.0104939900172,13,False,IN_SYNC,False
2024-01-06 22:45:00,eu-west-1,68.38479051816154,39.65871184480821,425,0,99.99804874065826,379,2,False,271.3366595751768,24,False,IN_SYNC,False
2024-01-06 22:45:00,ap-southeast-1,91.62231595634637,87.46702638001716,15,0,99.9999687590115,361,1,False,145.79351683456298,13,False,IN_SYNC,False
2024-01-06 23:00:00,us-east-1,7.356008593741096,50.081924022925904,480,0,99.99871481503334,318,3,False,481.43191582221266,12,True,IN_SYNC,False
2024-01-06 23:00:00,us-west-2,17.98802612576591,33.152665907397406,319,0,99.99946085552875,348,0,False,203.6001441243076,16,False,IN_SYNC,False
2024-01-06 23:00:00,eu-west-1,56.447847323193145,98.7930093910296,483,0,99.99918778027015,284,1,False,363.95492377359983,50,False,IN_SYNC,False
2024-01-06 23:00:00,ap-southeast-1,117.81584679928694,26.608298542964157,599,0,99.99973034904116,483,3,False,329.547708130944,26,False,LAGGING,False
2024-01-06 23:15:00,us-east-1,6.179439012494203,66.8961155818916,274,0,99.99913937108751,113,0,False,441.9007597281226,15,True,IN_SYNC,False
2024-01-06 23:15:00,us-west-2,22.30327440821996,96.7711069614973,454,0,99.99982961299057,225,1,False,478.80301910572985,33,False,IN_SYNC,False
2024-01-06 23:15:00,eu-west-1,52.24940351143168,46.48480847647824,287,0,99.99855462637149,422,3,False,264.8904747575647,18,False,IN_SYNC,False
2024-01-06 23:15:00,ap-southeast-1,84.9573881008524,72.0894034334421,739,0,99.99923865059918,228,2,False,423.617123386656,48,False,IN_SYNC,False
2024-01-06 23:30:00,us-east-1,5.371765639424266,26.875709087725205,177,0,99.99935194690737,413,3,False,387.46012538112336,39,True,IN_SYNC,False
2024-01-06 23:30:00,us-west-2,19.622365580395574,94.5164506138761,544,0,99.9986397547135,250,1,False,191.57393317839893,45,False,IN_SYNC,False
2024-01-06 23:30:00,eu-west-1,73.68813112562171,60.89876944619607,790,0,99.99970032318066,486,1,False,481.57558823227487,44,False,IN_SYNC,False
2024-01-06 23:30:00,ap-southeast-1,134.02339487004295,61.91787716491363,842,0,99.99854512439555,145,3,False,153.18605650301546,40,False,LAGGING,False
2024-01-06 23:45:00,us-east-1,7.136293004059054,83.53847862099656,759,0,99.99898210360396,175,0,False,411.6646587554569,47,True,IN_SYNC,False
2024-01-06 23:45:00,us-west-2,13.06439466385867,32.45333747739305,62,0,99.99957553659047,299,2,False,468.38337060999123,45,False,IN_SYNC,False
2024-01-06 23:45:00,eu-west-1,42.65678356272259,22.38557674100455,900,0,99.99941615279388,302,1,False,203.51184678641079,13,False,IN_SYNC,False
2024-01-06 23:45:00,ap-southeast-1,97.98538642727199,66.32205651765602,682,0,99.99942924149613,316,3,False,297.2673329798922,50,False,IN_SYNC,False
2024-01-07 00:00:00,us-east-1,6.0515041247038965,25.738068544955148,64,0,99.99924894391691,392,1,False,174.22725328391695,35,True,IN_SYNC,False
2024-01-07 00:00:00,us-west-2,19.139541952994477,47.76325987593993,485,0,99.99910017784288,329,3,False,273.8667162352271,44,False,IN_SYNC,False
2024-01-07 00:00:00,eu-west-1,64.67637592035277,72.84284165578809,711,0,99.99940419252925,163,1,False,480.5241027492549,48,False,IN_SYNC,False
2024-01-07 00:00:00,ap-southeast-1,123.60124043359993,59.92811701453349,88,0,99.99800406469242,411,1,False,159.4579645838558,47,False,LAGGING,False
